epoch,global_step,batch_index,tokens,loss,compute_seconds,tokens_per_second,cuda_async_pool_peak_bytes
0,1,0,128,5.43915796,0.12749577,1003.95488,3008656476
0,2,1,128,5.00076294,0.137292793,932.314051,3008656476
0,3,2,128,4.34454679,0.163202964,784.299481,3008656476
0,4,3,128,4.79599142,0.132722902,964.41532,3008656476
0,5,4,128,4.44248581,0.13149128,973.448582,3008656476
0,6,5,128,4.99375248,0.131543791,973.05999,3008656476
0,7,6,128,4.59340477,0.132078862,969.11798,3008656476
0,8,7,128,4.96323061,0.13177849,971.326959,3008656476
0,9,8,128,4.84429359,0.13236748,967.004887,3008656476
0,10,9,128,4.57569408,0.13301251,962.315499,3008656476
0,11,10,128,4.39704561,0.160328614,798.360298,3008656476
0,12,11,128,4.63181162,0.133771454,956.855863,3008656476
0,13,12,128,4.24151421,0.134156016,954.113008,3008656476
0,14,13,128,3.98146915,0.136268467,939.322228,3008656476
0,15,14,128,3.99715233,0.137417552,931.467619,3008656476
0,16,15,128,4.19975233,0.145419149,880.214201,3008656476
0,17,16,128,4.55867672,0.145464563,879.939398,3008656476
0,18,17,128,4.38493109,0.15076183,849.021268,3008656476
0,19,18,128,4.39918518,0.146678067,872.659441,3008656476
0,20,19,128,4.73864555,0.13412723,954.317777,3008656476
0,21,20,128,4.19664001,0.133111953,961.596589,3008656476
0,22,21,128,4.6340332,0.132921518,962.974257,3008656476
0,23,22,128,4.1523571,0.133801808,956.638792,3008656476
0,24,23,128,3.3073535,0.132590205,965.380512,3008656476
0,25,24,128,3.57968044,0.132017458,969.568737,3008656476
0,26,25,128,4.14143324,0.158032792,809.95848,3008656476
0,27,26,128,4.20305061,0.131685065,972.016075,3008656476
0,28,27,128,4.36923599,0.131589393,972.722779,3008656476
0,29,28,128,3.966959,0.13226651,967.743082,3008656476
0,30,29,128,4.22679234,0.133207555,960.906459,3008656476
0,31,30,128,3.86086154,0.130717987,979.207246,3008656476
0,32,31,128,4.20387316,0.129972591,984.823023,3008656476
0,33,32,128,4.41986704,0.129915223,985.257902,3008656476
0,34,33,128,4.29765987,0.159802672,800.987858,3008656476
0,35,34,128,4.13908672,0.129895561,985.407038,3008656476
0,36,35,128,4.17726612,0.12942169,989.015056,3008656476
0,37,36,128,4.19488287,0.12906513,991.747345,3008656476
0,38,37,128,3.72449231,0.128842805,993.458657,3008656476
0,39,38,128,3.64183688,0.130931188,977.612759,3008656476
0,40,39,128,3.35647845,0.128341381,997.340055,3008656476
0,41,40,128,3.87401319,0.129982552,984.747553,3008656476
0,42,41,128,3.90683126,0.154493671,828.512904,3008656476
0,43,42,128,4.12300491,0.129333885,989.6865,3008656476
0,44,43,128,4.18619013,0.129602242,987.637235,3008656476
0,45,44,128,4.46710491,0.129105768,991.435177,3008656476
0,46,45,128,4.29300451,0.129137866,991.18875,3008656476
0,47,46,128,3.5848248,0.129085451,991.591221,3008656476
0,48,47,128,4.05081797,0.129970373,984.83983,3008656476
0,49,48,128,3.62775564,0.129416414,989.055376,3008656476
0,50,49,128,3.86509371,0.151861423,842.873703,3008656476
0,51,50,128,3.35279536,0.130375543,981.779228,3008656476
0,52,51,128,4.35791111,0.129179472,990.869509,3008656476
0,53,52,128,3.18749404,0.129879061,985.532225,3008656476
0,54,53,128,4.0629611,0.129921062,985.213621,3008656476
0,55,54,128,3.22062945,0.129336559,989.666039,3008656476
0,56,55,128,3.76337099,0.128891502,993.083314,3008656476
0,57,56,128,4.63558054,0.12136872,1054.63747,3008656476
0,58,57,128,3.90297866,0.140805412,909.055967,3008656476
0,59,58,128,3.77745128,0.129190146,990.787641,3008656476
0,60,59,128,3.93004155,0.129376176,989.362988,3008656476
0,61,60,128,3.62606096,0.130030926,984.381208,3008656476
0,62,61,128,4.56552362,0.129037233,991.961754,3008656476
0,63,62,128,3.55707979,0.129450369,988.795945,3008656476
0,64,63,128,4.63309145,0.128800332,993.786258,3008656476
0,65,64,128,3.24546361,0.129474264,988.613459,3008656476
0,66,65,128,4.04458809,0.146243419,875.25306,3008656476
0,67,66,128,3.92308164,0.128413077,996.783217,3008656476
0,68,67,128,4.67148733,0.128780365,993.940342,3008656476
0,69,68,128,4.87260437,0.129467881,988.6622,3008656476
0,70,69,128,3.96806407,0.130218497,982.963273,3008656476
0,71,70,128,4.47426844,0.129739331,986.593649,3008656476
0,72,71,128,4.37247276,0.129898847,985.38211,3008656476
0,73,72,128,4.31247091,0.130822915,978.421861,3008656476
0,74,73,128,3.87561774,0.147821801,865.907458,3008656476
0,75,74,128,3.76513147,0.130289347,982.428748,3008656476
0,76,75,128,3.67306328,0.129889966,985.449484,3008656476
0,77,76,128,4.68714666,0.130202835,983.081513,3008656476
0,78,77,128,4.41445017,0.130969767,977.32479,3008656476
0,79,78,128,3.9499855,0.130827438,978.388035,3008656476
0,80,79,128,3.93627048,0.131214774,975.499908,3008656476
0,81,80,128,4.4794836,0.14333317,893.024273,3008656476
0,82,81,128,4.26651716,0.141712614,903.236461,3008656476
0,83,82,128,4.27713203,0.129961469,984.907304,3008656476
0,84,83,128,4.43416595,0.130934955,977.584634,3008656476
0,85,84,128,3.68505812,0.131150216,975.980093,3008656476
0,86,85,128,3.61192536,0.131227399,975.406058,3008656476
0,87,86,128,3.69346619,0.132294355,967.539393,3008656476
0,88,87,128,3.43116093,0.132071943,969.168751,3008656476
0,89,88,128,3.48084068,0.146206172,875.476037,3008656476
0,90,89,128,4.04640484,0.145170856,881.719675,3008656476
0,91,90,128,3.52184248,0.133615967,957.969342,3008656476
0,92,91,128,3.86810327,0.132804998,963.819148,3008656476
0,93,92,128,4.29543495,0.139384973,918.31994,3008656476
0,94,93,128,3.62650537,0.133392645,959.573146,3008656476
0,95,94,128,3.5133729,0.132841942,963.551105,3008656476
0,96,95,128,4.01368618,0.132163246,968.499215,3008656476
0,97,96,128,3.57009888,0.145283235,881.03765,3008656476
0,98,97,128,4.05473566,0.138384873,924.956588,3008656476
0,99,98,128,4.19861221,0.132887892,963.217928,3008656476
0,100,99,128,3.93012977,0.132221007,968.076124,3008656476
0,101,100,128,4.04057217,0.131736488,971.636651,3008656476
0,102,101,128,3.62515759,0.132439078,966.482113,3008656476
0,103,102,128,3.89090085,0.131642652,972.329242,3008656476
0,104,103,128,4.11264467,0.131127766,976.147188,3008656476
0,105,104,128,3.30454803,0.159790386,801.049445,3008656476
0,106,105,128,4.12735128,0.130616697,979.966596,3008656476
0,107,106,128,3.78588295,0.128553017,995.698141,3008656476
0,108,107,128,3.70503306,0.129691052,986.96092,3008656476
0,109,108,128,4.0949297,0.12847486,996.303868,3008656476
0,110,109,128,3.06504464,0.129016756,992.119194,3008656476
0,111,110,128,3.72895908,0.128477545,996.283047,3008656476
0,112,111,128,3.67814684,0.12816114,998.742677,3008656476
0,113,112,128,4.22019339,0.155839914,821.355689,3008656476
0,114,113,128,4.82979488,0.12990434,985.340444,3008656476
0,115,114,128,4.5353713,0.128983724,992.37327,3008656476
0,116,115,128,4.79050589,0.129099879,991.480403,3008656476
0,117,116,128,3.73389077,0.128639087,995.031938,3008656476
0,118,117,128,4.2086587,0.12907914,991.639703,3008656476
0,119,118,128,3.95077467,0.129807065,986.078839,3008656476
0,120,119,128,4.18990946,0.129310134,989.868281,3008656476
0,121,120,128,4.31086159,0.156426731,818.274467,3008656476
0,122,121,128,3.96978641,0.129148008,991.110912,3008656476
0,123,122,128,3.2371316,0.129237998,990.420789,3008656476
0,124,123,128,3.47821379,0.130226544,982.902533,3008656476
0,125,124,128,3.55378437,0.131256716,975.188195,3008656476
0,126,125,128,3.39826226,0.129642725,987.32883,3008656476
0,127,126,128,3.29633403,0.129108605,991.413392,3008656476
0,128,127,128,4.38684511,0.129945347,985.029499,3008656476
0,129,128,128,4.35102081,0.159553246,802.240025,3008656476
0,130,129,128,4.24799681,0.129486766,988.518008,3008656476
0,131,130,128,4.40196466,0.130259664,982.652619,3008656476
0,132,131,128,3.82041359,0.128820784,993.628482,3008656476
0,133,132,128,3.4354744,0.129273792,990.146557,3008656476
0,134,133,128,3.87263846,0.129176938,990.888946,3008656476
0,135,134,128,4.38434076,0.129283902,990.069127,3008656476
0,136,135,128,3.84109306,0.130158841,983.413797,3008656476
0,137,136,128,3.5178175,0.159945835,800.270917,3008656476
0,138,137,128,3.44228077,0.13122147,975.45013,3008656476
0,139,138,128,2.93694258,0.131952231,970.048017,3008656476
0,140,139,128,3.4606812,0.132652878,964.92441,3008656476
0,141,140,128,2.78445101,0.132435635,966.50724,3008656476
0,142,141,128,2.61169243,0.1327052,964.543967,3008656476
0,143,142,128,3.48569369,0.133848539,956.304798,3008656476
0,144,143,128,3.10768938,0.147332295,868.784403,3008656476
0,145,144,128,2.37862349,0.145434627,880.120523,3008656476
0,146,145,128,2.11422968,0.137211048,932.869487,3008656476
0,147,146,128,3.35886526,0.133791314,956.713827,3008656476
0,148,147,128,4.39976883,0.134792009,949.611189,3008656476
0,149,148,128,4.48019505,0.139231867,919.329768,3008656476
0,150,149,128,3.37913489,0.136273587,939.286936,3008656476
0,151,150,128,2.77292848,0.144257211,887.303998,3008656476
0,152,151,128,2.05576038,0.168872641,757.967657,3008656476
0,153,152,128,3.03544521,0.139110255,920.133458,3008656476
0,154,153,128,3.9587791,0.14408401,888.370611,3008656476
0,155,154,128,2.98382139,0.136298076,939.118172,3008656476
0,156,155,128,4.15579033,0.132691985,964.640027,3008656476
0,157,156,128,4.6638217,0.133562856,958.350277,3008656476
0,158,157,128,4.30519295,0.13122643,975.413261,3008656476
0,159,158,128,3.89749885,0.14132582,905.708525,3008656476
0,160,159,128,3.54003215,0.145010935,882.692054,3008656476
0,161,160,128,4.153234,0.130779656,978.745502,3008656476
0,162,161,128,3.89207029,0.13168393,972.024453,3008656476
0,163,162,128,3.2795949,0.131319522,974.721793,3008656476
0,164,163,128,4.25324917,0.131921604,970.273224,3008656476
0,165,164,128,4.32582664,0.130075606,984.04308,3008656476
0,166,165,128,3.69530654,0.130213295,983.002542,3008656476
0,167,166,128,3.98294473,0.144110128,888.209606,3008656476
0,168,167,128,3.67048287,0.143678017,890.880892,3008656476
0,169,168,128,3.51812983,0.128199297,998.445413,3008656476
0,170,169,128,3.81667423,0.128317011,997.52947,3008656476
0,171,170,128,3.68875813,0.127989559,1000.08158,3008656476
0,172,171,128,3.4027462,0.129118104,991.340455,3008656476
0,173,172,128,3.74136519,0.127635861,1002.85295,3008656476
0,174,173,128,3.46721148,0.12871104,994.475688,3008656476
0,175,174,128,3.19637585,0.142029372,901.222037,3008656476
0,176,175,128,3.77966142,0.143596763,891.384996,3008656476
0,177,176,128,3.07529569,0.128510628,996.02657,3008656476
0,178,177,128,4.16839123,0.128452951,996.473798,3008656476
0,179,178,128,3.16129899,0.128906777,992.965637,3008656476
0,180,179,128,4.36295033,0.129294335,989.989237,3008656476
0,181,180,128,3.76251793,0.129734085,986.633544,3008656476
0,182,181,128,3.76198149,0.129613323,987.5528,3008656476
0,183,182,128,4.46892929,0.144021172,888.758217,3008656476
0,184,183,128,2.83481646,0.143662841,890.975002,3008656476
0,185,184,128,3.04275131,0.12960822,987.591682,3008656476
0,186,185,128,4.01676083,0.130047695,984.254277,3008656476
0,187,186,128,3.37433767,0.129544557,988.077021,3008656476
0,188,187,128,3.04257703,0.130853371,978.194135,3008656476
0,189,188,128,3.89484215,0.130125905,983.662707,3008656476
0,190,189,128,3.69280052,0.129835889,985.859927,3008656476
0,191,190,128,3.68927789,0.142657844,897.251749,3008656476
0,192,191,128,3.1505475,0.141162579,906.75589,3008656476
0,193,192,128,2.96355557,0.128976968,992.425252,3008656476
0,194,193,128,3.76940441,0.129144376,991.138786,3008656476
0,195,194,128,3.45545673,0.129077753,991.650358,3008656476
0,196,195,128,4.36990118,0.129017221,992.115618,3008656476
0,197,196,128,3.85266757,0.129717425,986.76026,3008656476
0,198,197,128,3.58606887,0.128249907,998.051406,3008656476
0,199,198,128,3.61634493,0.142419672,898.752245,3008656476
0,200,199,128,4.34068775,0.144753465,884.26208,3008656476
0,201,200,128,4.08237219,0.131886366,970.532466,3008656476
0,202,201,128,3.61539316,0.132183258,968.352588,3008656476
0,203,202,128,4.52739048,0.132358562,967.070041,3008656476
0,204,203,128,4.15386057,0.131451271,973.744864,3008656476
0,205,204,128,3.42233276,0.131702084,971.890468,3008656476
0,206,205,128,3.97012663,0.132400813,966.761435,3008656476
0,207,206,128,3.10253,0.146064389,876.325851,3008656476
0,208,207,128,3.39582658,0.140452568,911.339692,3008656476
0,209,208,128,3.29585767,0.139413486,918.132124,3008656476
0,210,209,128,3.22269082,0.132584639,965.421039,3008656476
0,211,210,128,3.00717282,0.139190998,919.5997,3008656476
0,212,211,128,3.82654166,0.134257507,953.391753,3008656476
0,213,212,128,3.81363297,0.132426381,966.574779,3008656476
0,214,213,128,3.45482588,0.133866443,956.176896,3008656476
0,215,214,128,2.70026159,0.16402449,780.371273,3008656476
0,216,215,128,2.87700534,0.131259685,975.166137,3008656476
0,217,216,128,4.21993494,0.13286513,963.382943,3008656476
0,218,217,128,3.48943567,0.132164794,968.487871,3008656476
0,219,218,128,3.24935079,0.13091122,977.761876,3008656476
0,220,219,128,3.9771874,0.131300612,974.862174,3008656476
0,221,220,128,3.11714363,0.130637791,979.808362,3008656476
0,222,221,128,3.03405786,0.142882249,895.842562,3008656476
0,223,222,128,3.50176668,0.13961008,916.839243,3008656476
0,224,223,128,3.00611758,0.132085319,969.070605,3008656476
0,225,224,128,3.47338319,0.132851326,963.483044,3008656476
0,226,225,128,3.30639958,0.130788256,978.681144,3008656476
0,227,226,128,3.43291354,0.192904893,663.539416,3008656476
0,228,227,128,3.91056395,0.12845631,996.447742,3008656476
0,229,228,128,3.65272069,0.129433513,988.924715,3008656476
0,230,229,128,3.56078911,0.143235743,893.631696,3008656476
0,231,230,128,3.91366887,0.133855071,956.258131,3008656476
0,232,231,128,4.00786114,0.128545022,995.760069,3008656476
0,233,232,128,3.65784764,0.127670555,1002.58043,3008656476
0,234,233,128,3.91374636,0.127984218,1000.12331,3008656476
0,235,234,128,3.87880421,0.129701973,986.877817,3008656476
0,236,235,128,3.13354206,0.128234581,998.170688,3008656476
0,237,236,128,3.95838547,0.128925956,992.817924,3008656476
0,238,237,128,3.1879456,0.141396438,905.256185,3008656476
0,239,238,128,3.64021301,0.139049794,920.533546,3008656476
0,240,239,128,4.03126717,0.12876435,994.063963,3008656476
0,241,240,128,3.76650476,0.127991122,1000.06936,3008656476
0,242,241,128,3.52732873,0.128237839,998.145329,3008656476
0,243,242,128,3.57894039,0.129694431,986.935206,3008656476
0,244,243,128,3.95153904,0.128884924,993.133999,3008656476
0,245,244,128,4.09765196,0.13020073,983.097407,3008656476
0,246,245,128,3.27317977,0.141948337,901.736524,3008656476
0,247,246,128,3.82526016,0.138291332,925.582234,3008656476
0,248,247,128,3.82216096,0.129325695,989.749176,3008656476
0,249,248,128,3.91610694,0.128761608,994.085131,3008656476
0,250,249,128,2.33504534,0.130232082,982.860736,3008656476
0,251,250,128,3.28427458,0.130247757,982.742451,3008656476
0,252,251,128,4.10932636,0.130553055,980.444311,3008656476
0,253,252,128,3.8471086,0.129841329,985.818622,3008656476
0,254,253,128,3.65380836,0.149501275,856.179989,3008656476
0,255,254,128,3.9106791,0.132206768,968.180388,3008656476
0,256,255,128,3.7568953,0.130039175,984.318764,3008656476
0,257,256,128,3.18049383,0.129667454,987.140536,3008656476
0,258,257,128,3.78724909,0.130272906,982.552734,3008656476
0,259,258,128,3.29893351,0.130309868,982.274036,3008656476
0,260,259,128,3.85565591,0.130390182,981.669003,3008656476
0,261,260,128,4.02433348,0.130059759,984.16298,3008656476
0,262,261,128,3.52789664,0.146845349,871.665333,3008656476
0,263,262,128,3.8982172,0.133443673,959.206211,3008656476
0,264,263,128,2.89009166,0.1292526,990.308899,3008656476
0,265,264,128,3.47224784,0.129151736,991.082303,3008656476
0,266,265,128,3.24002028,0.128963523,992.528717,3008656476
0,267,266,128,3.42084193,0.128865784,993.281506,3008656476
0,268,267,128,2.60860753,0.129056912,991.810497,3008656476
0,269,268,128,2.71698833,0.129303124,989.921945,3008656476
0,270,269,128,3.47323322,0.142633711,897.40356,3008656476
0,271,270,128,4.05154657,0.136213857,939.698815,3008656476
0,272,271,128,2.85932016,0.130120964,983.700059,3008656476
0,273,272,128,3.3444488,0.129958663,984.928569,3008656476
0,274,273,128,4.02290678,0.129113128,991.378661,3008656476
0,275,274,128,3.30884981,0.129324978,989.754663,3008656476
0,276,275,128,3.61740041,0.129203874,990.682369,3008656476
0,277,276,128,3.73798323,0.130024238,984.431841,3008656476
0,278,277,128,4.43177128,0.144732427,884.390614,3008656476
0,279,278,128,3.19269848,0.136339832,938.830554,3008656476
0,280,279,128,3.46642518,0.130000695,984.610121,3008656476
0,281,280,128,3.36883044,0.1298415,985.817323,3008656476
0,282,281,128,3.35443926,0.130415306,981.479889,3008656476
0,283,282,128,2.76423764,0.130101248,983.849133,3008656476
0,284,283,128,2.88377571,0.130361128,981.887791,3008656476
0,285,284,128,2.67355013,0.131184408,975.725713,3008656476
0,286,285,128,2.7228303,0.144454952,886.089388,3008656476
0,287,286,128,3.24615979,0.133140067,961.393538,3008656476
0,288,287,128,2.95472693,0.130352016,981.956428,3008656476
0,289,288,128,2.75398302,0.130195318,983.138272,3008656476
0,290,289,128,3.85060954,0.130460696,981.138411,3008656476
0,291,290,128,3.12669492,0.130637132,979.813305,3008656476
0,292,291,128,3.94855928,0.131329309,974.649155,3008656476
0,293,292,128,3.61754203,0.132227574,968.028045,3008656476
0,294,293,128,3.0762217,0.156271221,819.088756,3008656476
0,295,294,128,3.08807135,0.128347461,997.29281,3008656476
0,296,295,128,3.46068549,0.131904892,970.396155,3008656476
0,297,296,128,4.07434845,0.13107901,976.510274,3008656476
0,298,297,128,3.4960649,0.132267932,967.732678,3008656476
0,299,298,128,3.53017807,0.131777574,971.333711,3008656476
0,300,299,128,3.73047805,0.132133857,968.714627,3008656476
0,301,300,128,3.10438442,0.132909424,963.061882,3008656476
0,302,301,128,3.59128308,0.159373212,803.146265,3008656476
0,303,302,128,3.37503481,0.139565773,917.130305,3008656476
0,304,303,128,3.78442359,0.134253339,953.421352,3008656476
0,305,304,128,3.29906034,0.132739894,964.291865,3008656476
0,306,305,128,3.4049933,0.13331101,960.160755,3008656476
0,307,306,128,3.13546634,0.131777099,971.337212,3008656476
0,308,307,128,2.73569632,0.131756562,971.488615,3008656476
0,309,308,128,4.29158163,0.147200262,869.56367,3008656476
0,310,309,128,4.03535891,0.145879118,877.438812,3008656476
0,311,310,128,3.23803663,0.131161888,975.893241,3008656476
0,312,311,128,3.00740671,0.132796548,963.880477,3008656476
0,313,312,128,3.16900086,0.12985681,985.701096,3008656476
0,314,313,128,3.25145507,0.13043899,981.30168,3008656476
0,315,314,128,2.63307214,0.130965849,977.354028,3008656476
0,316,315,128,3.4100256,0.129883412,985.499211,3008656476
0,317,316,128,3.6986742,0.144310553,886.97602,3008656476
0,318,317,128,3.20452929,0.142391357,898.930965,3008656476
0,319,318,128,3.54034305,0.130497004,980.86543,3008656476
0,320,319,128,3.9410181,0.12865643,994.897807,3008656476
0,321,320,128,4.28937721,0.128836216,993.509465,3008656476
0,322,321,128,3.67176437,0.128801437,993.777732,3008656476
0,323,322,128,3.53109813,0.128595833,995.366623,3008656476
0,324,323,128,3.67170477,0.129649502,987.277221,3008656476
0,325,324,128,2.74833202,0.14687895,871.465925,3008656476
0,326,325,128,4.07277727,0.144169032,887.846705,3008656476
0,327,326,128,3.81245565,0.129536078,988.141697,3008656476
0,328,327,128,3.95330381,0.129141934,991.157527,3008656476
0,329,328,128,3.95095277,0.130491504,980.906772,3008656476
0,330,329,128,3.72124124,0.130185485,983.212529,3008656476
0,331,330,128,4.64163923,0.129822989,985.957888,3008656476
0,332,331,128,3.93110585,0.129643031,987.3265,3008656476
0,333,332,128,3.50486064,0.145439407,880.091597,3008656476
0,334,333,128,4.11562395,0.146256923,875.172247,3008656476
0,335,334,128,3.65945315,0.13046319,981.119655,3008656476
0,336,335,128,4.08340931,0.128710913,994.476669,3008656476
0,337,336,128,3.86638784,0.128608954,995.265073,3008656476
0,338,337,128,4.14834976,0.129487081,988.515603,3008656476
0,339,338,128,3.66879773,0.129478644,988.580016,3008656476
0,340,339,128,3.72607946,0.129320332,989.790221,3008656476
0,341,340,128,3.39133954,0.141899584,902.046337,3008656476
0,342,341,128,3.38357282,0.145308191,880.886336,3008656476
0,343,342,128,3.93854284,0.130411957,981.505093,3008656476
0,344,343,128,3.34521055,0.130680415,979.488778,3008656476
0,345,344,128,4.11621952,0.132070628,969.178401,3008656476
0,346,345,128,3.02477264,0.132490433,966.107492,3008656476
0,347,346,128,3.35259676,0.132221914,968.069484,3008656476
0,348,347,128,4.56785297,0.131459379,973.684806,3008656476
0,349,348,128,3.87496161,0.157003424,815.268844,3008656476
0,350,349,128,4.11459255,0.127802893,1001.54227,3008656476
0,351,350,128,4.05692339,0.133713578,957.270024,3008656476
0,352,351,128,3.88050771,0.134309625,953.021796,3008656476
0,353,352,128,4.82293606,0.144675303,884.739809,3008656476
0,354,353,128,4.17508602,0.144234523,887.44357,3008656476
0,355,354,128,3.28692746,0.139945242,914.643457,3008656476
0,356,355,128,3.68505812,0.15639261,818.452995,3008656476
0,357,356,128,3.95996809,0.145540492,879.48033,3008656476
0,358,357,128,3.4653399,0.132581915,965.440875,3008656476
0,359,358,128,2.42923641,0.132173289,968.425625,3008656476
0,360,359,128,3.33798862,0.131902404,970.414459,3008656476
0,361,360,128,3.28188801,0.132634207,965.060243,3008656476
0,362,361,128,3.11077952,0.131362589,974.402233,3008656476
0,363,362,128,3.26621509,0.131184925,975.721867,3008656476
0,364,363,128,3.61594748,0.145299608,880.938371,3008656476
0,365,364,128,3.82281208,0.144685605,884.676814,3008656476
0,366,365,128,3.92092204,0.13137752,974.291492,3008656476
0,367,366,128,3.78564811,0.131300011,974.866636,3008656476
0,368,367,128,3.95006633,0.130063181,984.137086,3008656476
0,369,368,128,3.13788939,0.129707867,986.832973,3008656476
0,370,369,128,3.66703415,0.129594003,987.700025,3008656476
0,371,370,128,3.55177212,0.130000793,984.609378,3008656476
0,372,371,128,3.17564988,0.139941954,914.664947,3008656476
0,373,372,128,3.59315848,0.141401484,905.22388,3008656476
0,374,373,128,4.20522833,0.12918549,990.82335,3008656476
0,375,374,128,3.87413478,0.128714575,994.448375,3008656476
0,376,375,128,3.30566931,0.129423893,988.998222,3008656476
0,377,376,128,4.29436064,0.129156582,991.045118,3008656476
0,378,377,128,2.99828506,0.129608644,987.588451,3008656476
0,379,378,128,3.6594131,0.129692513,986.949802,3008656476
0,380,379,128,2.48977566,0.14450652,885.773182,3008656476
0,381,380,128,3.22485781,0.141952527,901.709908,3008656476
0,382,381,128,2.99087477,0.129377496,989.352893,3008656476
0,383,382,128,2.57791638,0.130252198,982.708944,3008656476
0,384,383,128,2.99297547,0.129879373,985.529858,3008656476
0,385,384,128,4.49327278,0.130553747,980.439114,3008656476
0,386,385,128,4.77550697,0.129412849,989.082622,3008656476
0,387,386,128,3.38890243,0.129332043,989.700596,3008656476
0,388,387,128,2.92324519,0.144439868,886.181923,3008656476
0,389,388,128,3.71489787,0.139484451,917.665009,3008656476
0,390,389,128,4.49982166,0.129658416,987.209346,3008656476
0,391,390,128,3.90275264,0.129245419,990.363922,3008656476
0,392,391,128,4.01108074,0.130744826,979.006236,3008656476
0,393,392,128,2.92303562,0.130333539,982.095637,3008656476
0,394,393,128,4.02818012,0.129839793,985.830284,3008656476
0,395,394,128,3.44931841,0.129866545,985.627207,3008656476
0,396,395,128,3.91139531,0.146693652,872.566728,3008656476
0,397,396,128,3.49876213,0.133489472,958.877117,3008656476
0,398,397,128,4.32982111,0.129514586,988.305672,3008656476
0,399,398,128,3.74335599,0.129284808,990.062189,3008656476
0,400,399,128,4.23397493,0.129996531,984.641659,3008656476
0,401,400,128,3.82774758,0.129593851,987.701183,3008656476
0,402,401,128,3.92493796,0.129234591,990.4469,3008656476
0,403,402,128,3.56171703,0.129799602,986.135535,3008656476
0,404,403,128,3.35733414,0.147332693,868.782056,3008656476
0,405,404,128,3.51789641,0.133955006,955.54473,3008656476
0,406,405,128,3.19654894,0.12972746,986.68393,3008656476
0,407,406,128,3.3829248,0.129468499,988.65748,3008656476
0,408,407,128,2.16584682,0.130112286,983.765668,3008656476
0,409,408,128,3.01114917,0.130292926,982.401761,3008656476
0,410,409,128,4.09512568,0.130146546,983.5067,3008656476
0,411,410,128,2.56687427,0.13066107,979.633796,3008656476
0,412,411,128,3.85211945,0.145905003,877.283146,3008656476
0,413,412,128,2.8611865,0.133341351,959.942276,3008656476
0,414,413,128,3.00361466,0.129641446,987.338571,3008656476
0,415,414,128,2.95406246,0.130017519,984.482714,3008656476
0,416,415,128,4.01661396,0.130867589,978.087859,3008656476
0,417,416,128,3.46231747,0.130578586,980.252612,3008656476
0,418,417,128,2.71320009,0.131519236,973.241663,3008656476
0,419,418,128,3.20049405,0.131223646,975.433955,3008656476
0,420,419,128,2.38526034,0.157078807,814.877592,3008656476
0,421,420,128,1.936903,0.125215209,1022.24004,3008656476
0,422,421,128,3.86036921,0.130496543,980.868896,3008656476
0,423,422,128,2.95218825,0.130582251,980.2251,3008656476
0,424,423,128,3.50556183,0.131553651,972.987059,3008656476
0,425,424,128,4.11267376,0.130425157,981.405757,3008656476
0,426,425,128,4.51335239,0.131428481,973.913714,3008656476
0,427,426,128,5.00653124,0.132013117,969.600619,3008656476
0,428,427,128,3.53239179,0.161940569,790.413426,3008656476
0,429,428,128,2.28611565,0.133837959,956.380394,3008656476
0,430,429,128,2.43527317,0.133660135,957.652781,3008656476
0,431,430,128,2.55786943,0.133179426,961.109413,3008656476
0,432,431,128,2.52611923,0.132824761,963.675741,3008656476
0,433,432,128,2.91293621,0.139582548,917.020085,3008656476
0,434,433,128,2.61322641,0.143870478,889.689127,3008656476
0,435,434,128,3.56362033,0.147218481,869.456057,3008656476
0,436,435,128,4.11130762,0.144919158,883.251061,3008656476
0,437,436,128,4.44921684,0.13232831,967.291126,3008656476
0,438,437,128,2.93176436,0.131770779,971.3838,3008656476
0,439,438,128,2.66413593,0.132091196,969.027489,3008656476
0,440,439,128,3.75644135,0.131566616,972.891178,3008656476
0,441,440,128,3.45520926,0.13242906,966.555226,3008656476
0,442,441,128,3.00284648,0.130954176,977.441147,3008656476
0,443,442,128,3.05364704,0.146047251,876.428684,3008656476
0,444,443,128,3.22311115,0.145004491,882.73128,3008656476
0,445,444,128,3.05590653,0.131320507,974.714482,3008656476
0,446,445,128,3.1051898,0.129596097,987.684066,3008656476
0,447,446,128,3.23212862,0.130489527,980.921634,3008656476
0,448,447,128,4.04310369,0.129090429,991.552983,3008656476
0,449,448,128,3.68212414,0.129186544,990.815266,3008656476
0,450,449,128,3.87898827,0.129038782,991.949847,3008656476
0,451,450,128,3.45484376,0.142111999,900.698047,3008656476
0,452,451,128,4.25239038,0.142913173,895.648717,3008656476
0,453,452,128,3.83177423,0.128499475,996.113019,3008656476
0,454,453,128,3.29269266,0.128970115,992.477986,3008656476
0,455,454,128,3.85828304,0.128634088,995.070607,3008656476
0,456,455,128,4.17423391,0.129185557,990.822836,3008656476
0,457,456,128,3.9504571,0.128579635,995.492016,3008656476
0,458,457,128,4.27508068,0.128916032,992.894352,3008656476
0,459,458,128,3.80015945,0.143585269,891.456351,3008656476
0,460,459,128,2.92455602,0.143908603,889.453426,3008656476
0,461,460,128,3.93502855,0.129156761,991.043744,3008656476
0,462,461,128,4.02029514,0.129700214,986.891201,3008656476
0,463,462,128,3.78878856,0.129624311,987.469087,3008656476
0,464,463,128,3.06333137,0.128577056,995.511983,3008656476
0,465,464,128,3.02967215,0.128890588,993.090357,3008656476
0,466,465,128,3.1630621,0.129758929,986.44464,3008656476
0,467,466,128,3.04144359,0.145057119,882.411018,3008656476
0,468,467,128,3.23646784,0.139147505,919.887137,3008656476
0,469,468,128,4.39302063,0.129326985,989.739303,3008656476
0,470,469,128,4.11334324,0.129542729,988.090964,3008656476
0,471,470,128,4.05813742,0.129595345,987.689797,3008656476
0,472,471,128,3.04970884,0.129263117,990.228326,3008656476
0,473,472,128,4.40882206,0.130980625,977.243772,3008656476
0,474,473,128,3.97588992,0.12951239,988.32243,3008656476
0,475,474,128,3.47505784,0.143304091,893.205484,3008656476
0,476,475,128,2.6726923,0.137575329,930.399374,3008656476
0,477,476,128,3.58145642,0.130628857,979.875373,3008656476
0,478,477,128,3.43726897,0.130358847,981.904972,3008656476
0,479,478,128,3.90181375,0.130237037,982.823342,3008656476
0,480,479,128,4.27228117,0.12893948,992.713791,3008656476
0,481,480,128,3.73927712,0.129018403,992.106529,3008656476
0,482,481,128,3.19846845,0.129231424,990.471172,3008656476
0,483,482,128,3.0692811,0.146854044,871.613723,3008656476
0,484,483,128,3.82152319,0.133420149,959.375334,3008656476
0,485,484,128,3.93730998,0.129895553,985.407099,3008656476
0,486,485,128,3.32090425,0.129536833,988.135938,3008656476
0,487,486,128,2.7384007,0.128822004,993.619071,3008656476
0,488,487,128,3.60553074,0.129168943,990.950278,3008656476
0,489,488,128,3.16856861,0.129795412,986.167369,3008656476
0,490,489,128,4.29438543,0.12996679,984.86698,3008656476
0,491,490,128,4.40231323,0.146826087,871.779686,3008656476
0,492,491,128,4.24984264,0.132644381,964.986221,3008656476
0,493,492,128,3.83556414,0.129311469,989.858061,3008656476
0,494,493,128,4.15935946,0.130327358,982.142215,3008656476
0,495,494,128,4.03069878,0.129909303,985.3028,3008656476
0,496,495,128,3.90153503,0.130506649,980.79294,3008656476
0,497,496,128,4.11186075,0.130728093,979.131547,3008656476
0,498,497,128,4.4554553,0.131589367,972.722971,3008656476
0,499,498,128,4.35254431,0.148136306,864.069069,3008656476
0,500,499,128,3.69866157,0.128234602,998.170525,3008656476
0,501,500,128,4.33278656,0.1291328,991.227635,3008656476
0,502,501,128,4.46839523,0.130464602,981.109037,3008656476
0,503,502,128,3.46919537,0.130830701,978.363633,3008656476
0,504,503,128,4.01768398,0.131031764,976.862374,3008656476
0,505,504,128,4.16894341,0.131517456,973.254835,3008656476
0,506,505,128,4.17860126,0.13125878,975.172861,3008656476
0,507,506,128,4.37882662,0.157493946,812.729652,3008656476
0,508,507,128,3.40744877,0.126503444,1011.83016,3008656476
0,509,508,128,4.05792618,0.129819588,985.983718,3008656476
0,510,509,128,4.05393028,0.131591147,972.709813,3008656476
0,511,510,128,4.13906574,0.131491954,973.443592,3008656476
0,512,511,128,4.02027941,0.133617803,957.956179,3008656476
0,513,512,128,4.12407303,0.132187498,968.321528,3008656476
0,514,513,128,4.21892118,0.132263999,967.761454,3008656476
0,515,514,128,3.8325069,0.157286933,813.799326,3008656476
0,516,515,128,4.18080378,0.139721769,916.106351,3008656476
0,517,516,128,3.59702802,0.141306747,905.830774,3008656476
0,518,517,128,4.11908627,0.135141005,947.158858,3008656476
0,519,518,128,4.36226368,0.132298336,967.510279,3008656476
0,520,519,128,4.09498549,0.131985442,969.803927,3008656476
0,521,520,128,3.65618372,0.132544588,965.712761,3008656476
0,522,521,128,3.70001078,0.147611125,867.143313,3008656476
0,523,522,128,3.41500449,0.146036883,876.490907,3008656476
0,524,523,128,3.9407196,0.131714961,971.795452,3008656476
0,525,524,128,3.25380039,0.133005642,962.36519,3008656476
0,526,525,128,3.53708363,0.131157906,975.92287,3008656476
0,527,526,128,4.27180481,0.131402609,974.105468,3008656476
0,528,527,128,3.7724793,0.131654135,972.244434,3008656476
0,529,528,128,4.24266529,0.132049936,969.330269,3008656476
0,530,529,128,3.46971321,0.144492603,885.858496,3008656476
0,531,530,128,3.4938736,0.145629006,878.945778,3008656476
0,532,531,128,4.05756044,0.132528762,965.828082,3008656476
0,533,532,128,4.62009192,0.130000131,984.614392,3008656476
0,534,533,128,4.19214773,0.129338753,989.649251,3008656476
0,535,534,128,4.03578711,0.12971437,986.7835,3008656476
0,536,535,128,4.12656069,0.128568803,995.575886,3008656476
0,537,536,128,3.80280995,0.129353211,989.538636,3008656476
0,538,537,128,4.21330023,0.141971153,901.591607,3008656476
0,539,538,128,2.92255664,0.140167836,913.190955,3008656476
0,540,539,128,3.46439314,0.128556623,995.670211,3008656476
0,541,540,128,3.61382174,0.128445263,996.533442,3008656476
0,542,541,128,4.03806162,0.129559608,987.962236,3008656476
0,543,542,128,3.60828733,0.129468427,988.65803,3008656476
0,544,543,128,4.3173089,0.129693486,986.942397,3008656476
0,545,544,128,3.18728471,0.128711672,994.470804,3008656476
0,546,545,128,2.76960063,0.142711408,896.914982,3008656476
0,547,546,128,3.4261179,0.141738655,903.070514,3008656476
0,548,547,128,4.04203987,0.130085809,983.965899,3008656476
0,549,548,128,4.28164816,0.129271555,990.163691,3008656476
0,550,549,128,4.10969543,0.130157638,983.422886,3008656476
0,551,550,128,3.41096592,0.129540551,988.107577,3008656476
0,552,551,128,3.12636089,0.130088679,983.944191,3008656476
0,553,552,128,3.63583064,0.129220745,990.553026,3008656476
0,554,553,128,4.05281353,0.142678556,897.121499,3008656476
0,555,554,128,4.58454227,0.139835111,915.36381,3008656476
0,556,555,128,4.22734833,0.130559482,980.396047,3008656476
0,557,556,128,3.45478296,0.129523339,988.238884,3008656476
0,558,557,128,3.52956462,0.129978378,984.779176,3008656476
0,559,558,128,4.73790884,0.129339273,989.645272,3008656476
0,560,559,128,4.70779085,0.128989816,992.326402,3008656476
0,561,560,128,4.55995512,0.12945771,988.739875,3008656476
0,562,561,128,4.1023488,0.145094053,882.186398,3008656476
0,563,562,128,4.30874157,0.135527352,944.458798,3008656476
0,564,563,128,4.4952898,0.130012649,984.519591,3008656476
0,565,564,128,4.10166025,0.129091937,991.5414,3008656476
0,566,565,128,3.48911238,0.129265007,990.213848,3008656476
0,567,566,128,2.74682689,0.1293038,989.91677,3008656476
0,568,567,128,4.17775249,0.129110627,991.397865,3008656476
0,569,568,128,4.03418303,0.129574259,987.850527,3008656476
0,570,569,128,4.18155575,0.148043552,864.610436,3008656476
0,571,570,128,4.59674788,0.135718318,943.129873,3008656476
0,572,571,128,3.26723838,0.130231636,982.864102,3008656476
0,573,572,128,3.1963706,0.130352332,981.954047,3008656476
0,574,573,128,4.16861105,0.13048509,980.954989,3008656476
0,575,574,128,3.84480143,0.130680831,979.48566,3008656476
0,576,575,128,3.68100476,0.131191351,975.674075,3008656476
0,577,576,128,3.37159729,0.131930451,970.208159,3008656476
0,578,577,128,4.40195847,0.158330381,808.436127,3008656476
0,579,578,128,3.55865169,0.123294593,1038.16394,3008656476
0,580,579,128,3.78070354,0.13046529,981.103863,3008656476
0,581,580,128,3.47523928,0.129805149,986.093394,3008656476
0,582,581,128,3.77461648,0.13112832,976.143064,3008656476
0,583,582,128,3.99167323,0.131348022,974.510298,3008656476
0,584,583,128,3.75585151,0.133147943,961.336669,3008656476
0,585,584,128,3.72943306,0.134059876,954.797243,3008656476
0,586,585,128,3.32828355,0.157007376,815.248323,3008656476
0,587,586,128,4.7329998,0.132815123,963.745672,3008656476
0,588,587,128,4.06596279,0.138899931,921.526736,3008656476
0,589,588,128,3.68033457,0.143931826,889.309915,3008656476
0,590,589,128,4.53559256,0.144109616,888.212762,3008656476
0,591,590,128,4.09345198,0.134727035,950.069153,3008656476
0,592,591,128,3.89654899,0.133956444,955.534472,3008656476
0,593,592,128,3.80973029,0.146932958,871.145601,3008656476
0,594,593,128,3.62881446,0.14737321,868.543204,3008656476
0,595,594,128,3.4163487,0.144649141,884.899828,3008656476
0,596,595,128,3.49642777,0.133788059,956.737103,3008656476
0,597,596,128,3.66953444,0.1325389,965.754205,3008656476
0,598,597,128,3.54866791,0.132019319,969.555069,3008656476
0,599,598,128,3.42142105,0.133486537,958.8982,3008656476
0,600,599,128,4.06346178,0.131967366,969.936765,3008656476
0,601,600,128,3.87922263,0.146794168,871.969246,3008656476
0,602,601,128,3.53241038,0.138646687,923.209943,3008656476
0,603,602,128,4.12742853,0.131723893,971.729556,3008656476
0,604,603,128,3.03282881,0.133151342,961.312129,3008656476
0,605,604,128,4.09767962,0.132439468,966.479267,3008656476
0,606,605,128,3.01181698,0.131669968,972.127524,3008656476
0,607,606,128,3.06057358,0.131437729,973.845189,3008656476
0,608,607,128,2.84832716,0.131772165,971.373583,3008656476
0,609,608,128,3.76656914,0.1505231,850.367817,3008656476
0,610,609,128,3.2540586,0.126293161,1013.5149,3008656476
0,611,610,128,3.22859311,0.130880353,977.992472,3008656476
0,612,611,128,2.68558979,0.13240603,966.723343,3008656476
0,613,612,128,3.34806538,0.131298772,974.875835,3008656476
0,614,613,128,3.95311189,0.132537124,965.767146,3008656476
0,615,614,128,4.01310301,0.13186925,970.658436,3008656476
0,616,615,128,3.03832817,0.130330482,982.118673,3008656476
0,617,616,128,3.85662937,0.145659946,878.759079,3008656476
0,618,617,128,3.93406081,0.13040669,981.544735,3008656476
0,619,618,128,3.28899169,0.131028396,976.887483,3008656476
0,620,619,128,3.44327021,0.128733844,994.299525,3008656476
0,621,620,128,3.43911123,0.130256833,982.673976,3008656476
0,622,621,128,3.29794455,0.129097885,991.495717,3008656476
0,623,622,128,4.04774094,0.129387733,989.274617,3008656476
0,624,623,128,4.21252203,0.129583355,987.781185,3008656476
0,625,624,128,3.98534274,0.147207269,869.522279,3008656476
0,626,625,128,4.10840797,0.126289296,1013.54591,3008656476
0,627,626,128,4.01562977,0.131950667,970.059515,3008656476
0,628,627,128,2.98816824,0.130798779,978.602407,3008656476
0,629,628,128,3.83645558,0.130752705,978.947242,3008656476
0,630,629,128,4.4041419,0.129627179,987.447239,3008656476
0,631,630,128,4.23867416,0.130740138,979.041341,3008656476
0,632,631,128,3.44157171,0.129804716,986.096684,3008656476
0,633,632,128,4.80748653,0.148869506,859.813426,3008656476
0,634,633,128,4.08997154,0.126820942,1009.29703,3008656476
0,635,634,128,4.19391441,0.130895609,977.878486,3008656476
0,636,635,128,3.27188444,0.130743095,979.019198,3008656476
0,637,636,128,3.52577376,0.129231856,990.467861,3008656476
0,638,637,128,3.933707,0.130124833,983.670811,3008656476
0,639,638,128,3.7947073,0.130097945,983.874111,3008656476
0,640,639,128,4.57519436,0.129229315,990.487336,3008656476
0,641,640,128,3.93033338,0.13997044,914.4788,3008656476
0,642,641,128,4.2269845,0.13066099,979.634396,3008656476
0,643,642,128,3.40180898,0.131429203,973.908363,3008656476
0,644,643,128,3.89672375,0.131877078,970.60082,3008656476
0,645,644,128,4.22774887,0.131018961,976.957831,3008656476
0,646,645,128,4.69186211,0.13181836,971.03317,3008656476
0,647,646,128,3.6897471,0.132859401,963.424485,3008656476
0,648,647,128,3.74720645,0.14327795,893.368449,3008656476
0,649,648,128,4.07037258,0.137738741,929.295557,3008656476
0,650,649,128,3.68305564,0.125345695,1021.17588,3008656476
0,651,650,128,3.21232772,0.131870045,970.652585,3008656476
0,652,651,128,3.33438993,0.131130397,976.127602,3008656476
0,653,652,128,2.80632114,0.132064005,969.227005,3008656476
0,654,653,128,3.16028762,0.133630196,957.867337,3008656476
0,655,654,128,4.33922815,0.130654476,979.683237,3008656476
0,656,655,128,4.43791485,0.147553239,867.483499,3008656476
0,657,656,128,4.07902575,0.143654678,891.02563,3008656476
0,658,657,128,3.62256527,0.129134883,991.211647,3008656476
0,659,658,128,3.77913737,0.128946353,992.660878,3008656476
0,660,659,128,4.55343485,0.128593314,995.386121,3008656476
0,661,660,128,3.93550801,0.128956033,992.586365,3008656476
0,662,661,128,3.89948821,0.12992916,985.152217,3008656476
0,663,662,128,3.78690863,0.129233506,990.455215,3008656476
0,664,663,128,3.36292672,0.142906361,895.69141,3008656476
0,665,664,128,3.12291574,0.144531951,885.617326,3008656476
0,666,665,128,4.44667912,0.129107589,991.421194,3008656476
0,667,666,128,4.16581488,0.130039991,984.312587,3008656476
0,668,667,128,3.79751348,0.129919794,985.223237,3008656476
0,669,668,128,3.12956619,0.129194659,990.753031,3008656476
0,670,669,128,3.02861381,0.129787274,986.229205,3008656476
0,671,670,128,3.49566746,0.129158098,991.033485,3008656476
0,672,671,128,2.88602471,0.14107068,907.346587,3008656476
0,673,672,128,3.44392085,0.143883331,889.609652,3008656476
0,674,673,128,3.40939951,0.193710185,660.78095,3008656476
0,675,674,128,4.24927807,0.129407396,989.1243,3008656476
0,676,675,128,4.12704325,0.129450105,988.797962,3008656476
0,677,676,128,3.87692809,0.128994284,992.292031,3008656476
0,678,677,128,4.37044668,0.12924952,990.332498,3008656476
0,679,678,128,3.82557893,0.130078313,984.022602,3008656476
0,680,679,128,3.85733771,0.14760863,867.15797,3008656476
0,681,680,128,3.94121432,0.145568315,879.312232,3008656476
0,682,681,128,4.06599426,0.133646254,957.752246,3008656476
0,683,682,128,3.64529824,0.133756718,956.96128,3008656476
0,684,683,128,3.49807763,0.139757958,915.869134,3008656476
0,685,684,128,3.48320389,0.143841455,889.86864,3008656476
0,686,685,128,3.24686146,0.133165205,961.212052,3008656476
0,687,686,128,3.50489879,0.143018894,894.986644,3008656476
0,688,687,128,3.11484408,0.145700605,878.513854,3008656476
0,689,688,128,4.04190397,0.139328413,918.692729,3008656476
0,690,689,128,3.31258869,0.144281101,887.157078,3008656476
0,691,690,128,3.66193795,0.144236094,887.433904,3008656476
0,692,691,128,3.76588798,0.143988163,888.961963,3008656476
0,693,692,128,3.85606289,0.133211844,960.875521,3008656476
0,694,693,128,3.14865804,0.132915418,963.018451,3008656476
0,695,694,128,3.988446,0.147455385,868.059176,3008656476
0,696,695,128,3.8995893,0.142244951,899.856192,3008656476
0,697,696,128,4.30927467,0.132136855,968.692648,3008656476
0,698,697,128,4.08370733,0.135220888,946.599315,3008656476
0,699,698,128,3.44448471,0.131961336,969.981086,3008656476
0,700,699,128,3.34289932,0.132756395,964.172008,3008656476
0,701,700,128,4.27303219,0.13102955,976.87888,3008656476
0,702,701,128,3.5117538,0.142353663,899.168994,3008656476
0,703,702,128,3.46787524,0.139619072,916.780195,3008656476
0,704,703,128,2.81121683,0.124068569,1031.68757,3008656476
0,705,704,128,3.82098842,0.131213067,975.512599,3008656476
0,706,705,128,4.15723944,0.131562257,972.923412,3008656476
0,707,706,128,3.76779175,0.131124314,976.172886,3008656476
0,708,707,128,3.76860309,0.129924144,985.190251,3008656476
0,709,708,128,3.11669827,0.129391837,989.24324,3008656476
0,710,709,128,4.05110025,0.141230449,906.320138,3008656476
0,711,710,128,2.69028449,0.134084785,954.61987,3008656476
0,712,711,128,3.83219552,0.127203072,1006.26501,3008656476
0,713,712,128,3.70801497,0.130758833,978.901364,3008656476
0,714,713,128,3.90835667,0.131235455,975.346182,3008656476
0,715,714,128,2.59372807,0.132803942,963.826812,3008656476
0,716,715,128,2.15476131,0.130481482,980.982114,3008656476
0,717,716,128,3.00845051,0.131788541,971.25288,3008656476
0,718,717,128,3.81076288,0.141017232,907.690487,3008656476
0,719,718,128,4.39017153,0.137498327,930.920418,3008656476
0,720,719,128,4.32443762,0.12852374,995.924955,3008656476
0,721,720,128,4.10978365,0.131096916,976.376897,3008656476
0,722,721,128,4.11866045,0.130934752,977.586149,3008656476
0,723,722,128,3.46234035,0.130903769,977.817529,3008656476
0,724,723,128,4.3802495,0.12925127,990.319089,3008656476
0,725,724,128,3.33397102,0.129823562,985.953536,3008656476
0,726,725,128,3.72333765,0.13945672,917.847487,3008656476
0,727,726,128,3.35223746,0.139029566,920.667479,3008656476
0,728,727,128,3.81121659,0.12457568,1027.48787,3008656476
0,729,728,128,3.51382804,0.13343241,959.287178,3008656476
0,730,729,128,4.05098534,0.130986757,977.198023,3008656476
0,731,730,128,3.74366832,0.130487136,980.939608,3008656476
0,732,731,128,4.27310419,0.130691237,979.407671,3008656476
0,733,732,128,3.72795439,0.129638925,987.357771,3008656476
0,734,733,128,3.24029946,0.138187892,926.275075,3008656476
0,735,734,128,2.36038661,0.134694826,950.296339,3008656476
0,736,735,128,2.51466894,0.130093262,983.909528,3008656476
0,737,736,128,2.48105478,0.131738234,971.623773,3008656476
0,738,737,128,2.44941831,0.131540595,973.083632,3008656476
0,739,738,128,2.6202476,0.131468185,973.619587,3008656476
0,740,739,128,3.20745254,0.132275928,967.674179,3008656476
0,741,740,128,2.94262838,0.132514703,965.93055,3008656476
0,742,741,128,3.1883924,0.14651182,873.649648,3008656476
0,743,742,128,3.3890121,0.143757556,890.387981,3008656476
0,744,743,128,3.53537679,0.128931245,992.777197,3008656476
0,745,744,128,3.28879452,0.128888301,993.107978,3008656476
0,746,745,128,2.70836496,0.128386884,996.986577,3008656476
0,747,746,128,2.57151055,0.129995581,984.648855,3008656476
0,748,747,128,2.55095768,0.128963626,992.527924,3008656476
0,749,748,128,3.47954726,0.12986505,985.638553,3008656476
0,750,749,128,4.51211882,0.141381329,905.352927,3008656476
0,751,750,128,2.93237567,0.143391969,892.658082,3008656476
0,752,751,128,3.92262197,0.130226504,982.902835,3008656476
0,753,752,128,2.9149437,0.130169957,983.329817,3008656476
0,754,753,128,3.39610362,0.130560214,980.39055,3008656476
0,755,754,128,3.53694367,0.130585725,980.199023,3008656476
0,756,755,128,3.37131953,0.129791558,986.196652,3008656476
0,757,756,128,4.00769567,0.13069948,979.345901,3008656476
0,758,757,128,2.63365221,0.14321858,893.738787,3008656476
0,759,758,128,3.33108139,0.143943575,889.237328,3008656476
0,760,759,128,3.17747927,0.129010856,992.164566,3008656476
0,761,760,128,3.59579349,0.11963063,1069.96009,3008656476
0,762,761,128,4.26629162,0.128438629,996.584914,3008656476
0,763,762,128,4.50934887,0.12971987,986.741661,3008656476
0,764,763,128,4.0527401,0.128635093,995.062833,3008656476
0,765,764,128,4.34807491,0.129056877,991.810766,3008656476
0,766,765,128,4.32667208,0.144167187,887.858067,3008656476
0,767,766,128,3.87557793,0.142200896,900.134975,3008656476
0,768,767,128,4.41806221,0.128909427,992.945225,3008656476
0,769,768,128,3.54490042,0.12947962,988.572565,3008656476
0,770,769,128,3.66330862,0.12952484,988.227432,3008656476
0,771,770,128,3.12199426,0.130336749,982.071449,3008656476
0,772,771,128,4.31141043,0.130423556,981.417805,3008656476
0,773,772,128,3.28042769,0.130716334,979.219628,3008656476
0,774,773,128,3.77040792,0.145370344,880.509714,3008656476
0,775,774,128,3.32854629,0.143731878,890.54705,3008656476
0,776,775,128,3.81764984,0.13137484,974.311367,3008656476
0,777,776,128,3.75994396,0.132860948,963.413267,3008656476
0,778,777,128,3.98190594,0.131739373,971.615373,3008656476
0,779,778,128,3.48514891,0.13199486,969.734731,3008656476
0,780,779,128,3.72836804,0.133205523,960.921117,3008656476
0,781,780,128,3.2664721,0.133052965,962.022906,3008656476
0,782,781,128,3.32990289,0.146159761,875.754032,3008656476
0,783,782,128,2.53180575,0.150195293,852.223778,3008656476
0,784,783,128,2.45201516,0.133422489,959.358508,3008656476
0,785,784,128,3.55666375,0.13181232,971.077666,3008656476
0,786,785,128,3.73099232,0.132346619,967.15731,3008656476
0,787,786,128,3.88198161,0.131634563,972.388992,3008656476
0,788,787,128,4.42309999,0.132417584,966.638993,3008656476
0,789,788,128,4.28796625,0.130592743,980.146347,3008656476
0,790,789,128,4.28435183,0.140723562,909.584708,3008656476
0,791,790,128,4.15482759,0.145656006,878.78285,3008656476
0,792,791,128,4.56584167,0.131731978,971.669916,3008656476
0,793,792,128,3.69073248,0.133083613,961.80136,3008656476
0,794,793,128,4.03430414,0.132232156,967.994502,3008656476
0,795,794,128,3.40587687,0.131485743,973.489574,3008656476
0,796,795,128,3.4099977,0.131128503,976.141701,3008656476
0,797,796,128,4.23708487,0.141832126,902.475367,3008656476
0,798,797,128,3.74975085,0.129331628,989.703771,3008656476
0,799,798,128,3.60735226,0.12822418,998.251656,3008656476
0,800,799,128,3.4977634,0.130990299,977.1716,3008656476
0,801,800,128,4.31671953,0.131083491,976.476893,3008656476
0,802,801,128,3.85078859,0.130498028,980.857734,3008656476
0,803,802,128,4.20095301,0.131860116,970.725674,3008656476
0,804,803,128,3.57549095,0.131381174,974.264395,3008656476
0,805,804,128,3.88522649,0.145859947,877.554138,3008656476
0,806,805,128,4.95647097,0.140380516,911.807448,3008656476
0,807,806,128,4.42715931,0.133222685,960.79733,3008656476
0,808,807,128,4.28522396,0.12925961,990.255193,3008656476
0,809,808,128,3.37312174,0.129207328,990.655886,3008656476
0,810,809,128,3.66565776,0.128762056,994.081673,3008656476
0,811,810,128,3.77502942,0.128489599,996.189583,3008656476
0,812,811,128,3.89764166,0.129705311,986.85242,3008656476
0,813,812,128,4.22044945,0.142614663,897.523419,3008656476
0,814,813,128,3.8706615,0.143756067,890.397203,3008656476
0,815,814,128,3.16844654,0.129846703,985.777821,3008656476
0,816,815,128,3.59642076,0.130258987,982.657726,3008656476
0,817,816,128,4.25243044,0.128790841,993.859493,3008656476
0,818,817,128,4.07078648,0.130039658,984.315108,3008656476
0,819,818,128,3.95524764,0.129316416,989.820194,3008656476
0,820,819,128,3.65661192,0.129565631,987.916309,3008656476
0,821,820,128,3.65174317,0.144044347,888.615226,3008656476
0,822,821,128,3.6530304,0.145802662,877.898923,3008656476
0,823,822,128,3.47467709,0.129973007,984.819871,3008656476
0,824,823,128,4.63747454,0.130360132,981.895293,3008656476
0,825,824,128,4.0186491,0.129688832,986.977815,3008656476
0,826,825,128,3.6330111,0.129464405,988.688744,3008656476
0,827,826,128,4.08897638,0.129957826,984.934913,3008656476
0,828,827,128,4.02820253,0.129583114,987.783022,3008656476
0,829,828,128,3.72806454,0.14171267,903.236104,3008656476
0,830,829,128,3.8142817,0.143607024,891.321305,3008656476
0,831,830,128,3.85605621,0.129531595,988.175896,3008656476
0,832,831,128,2.84067941,0.129986463,984.717924,3008656476
0,833,832,128,4.30561543,0.129119802,991.327419,3008656476
0,834,833,128,4.68037605,0.129286294,990.050809,3008656476
0,835,834,128,4.75932312,0.128018404,999.856239,3008656476
0,836,835,128,4.25657177,0.128869549,993.252487,3008656476
0,837,836,128,3.54549193,0.141672002,903.495385,3008656476
0,838,837,128,4.23761415,0.141719871,903.19021,3008656476
0,839,838,128,4.26118565,0.128768905,994.028799,3008656476
0,840,839,128,3.87556791,0.130543546,980.515728,3008656476
0,841,840,128,3.86672521,0.128790381,993.863043,3008656476
0,842,841,128,3.769804,0.128615872,995.21154,3008656476
0,843,842,128,3.19613051,0.129255239,990.28868,3008656476
0,844,843,128,4.33345509,0.129643988,987.319211,3008656476
0,845,844,128,3.35346603,0.144723663,884.44417,3008656476
0,846,845,128,3.78251958,0.143003478,895.083125,3008656476
0,847,846,128,3.45540261,0.130530401,980.61447,3008656476
0,848,847,128,4.51952791,0.130400625,981.590387,3008656476
0,849,848,128,3.61514401,0.130740839,979.036091,3008656476
0,850,849,128,3.33529139,0.131560343,972.937567,3008656476
0,851,850,128,3.05203581,0.131861731,970.713785,3008656476
0,852,851,128,3.56136966,0.132726981,964.385681,3008656476
0,853,852,128,2.72395754,0.146489302,873.783944,3008656476
0,854,853,128,3.41104841,0.145362222,880.558912,3008656476
0,855,854,128,4.61080265,0.131263391,975.138605,3008656476
0,856,855,128,3.58057904,0.131700743,971.900364,3008656476
0,857,856,128,4.47270823,0.132528521,965.829838,3008656476
0,858,857,128,3.63441133,0.13192452,970.251777,3008656476
0,859,858,128,3.81733632,0.133919169,955.800435,3008656476
0,860,859,128,3.70320559,0.139014153,920.769556,3008656476
0,861,860,128,3.85848618,0.158117032,809.526958,3008656476
0,862,861,128,3.97213817,0.145494661,879.757368,3008656476
0,863,862,128,3.46627855,0.131304613,974.832468,3008656476
0,864,863,128,3.10055971,0.13215066,968.591455,3008656476
0,865,864,128,3.71706772,0.13181805,971.035454,3008656476
0,866,865,128,3.19257426,0.13205346,969.304401,3008656476
0,867,866,128,3.53317833,0.131497511,973.402455,3008656476
0,868,867,128,3.44956088,0.147352457,868.665529,3008656476
0,869,868,128,3.87299657,0.141706276,903.27686,3008656476
0,870,869,128,3.75056601,0.127807489,1001.50626,3008656476
0,871,870,128,4.01951361,0.130237093,982.82292,3008656476
0,872,871,128,3.17172742,0.129563286,987.93419,3008656476
0,873,872,128,3.45684767,0.128650978,994.939969,3008656476
0,874,873,128,2.97802854,0.12876779,994.037406,3008656476
0,875,874,128,3.63295507,0.129641267,987.339934,3008656476
0,876,875,128,3.0166893,0.1429204,895.603427,3008656476
0,877,876,128,3.95463681,0.136387728,938.50086,3008656476
0,878,877,128,2.87332106,0.125887074,1016.7843,3008656476
0,879,878,128,3.09608197,0.130075424,984.044457,3008656476
0,880,879,128,3.66511488,0.132628369,965.102722,3008656476
0,881,880,128,4.40140295,0.129330304,989.713903,3008656476
0,882,881,128,4.44782448,0.128913719,992.912166,3008656476
0,883,882,128,5.19779444,0.128498868,996.117725,3008656476
0,884,883,128,4.51687288,0.140601869,910.371967,3008656476
0,885,884,128,3.37965131,0.129875884,985.556333,3008656476
0,886,885,128,4.2851963,0.132630917,965.084182,3008656476
0,887,886,128,3.87218285,0.129297991,989.961244,3008656476
0,888,887,128,4.28903866,0.130723305,979.16741,3008656476
0,889,888,128,3.45208812,0.129099167,991.485871,3008656476
0,890,889,128,3.88969612,0.128803057,993.765233,3008656476
0,891,890,128,3.04587913,0.128217206,998.305953,3008656476
0,892,891,128,3.2593894,0.13549196,944.705501,3008656476
0,893,892,128,4.1862464,0.127511156,1003.83374,3008656476
0,894,893,128,4.30562544,0.142275038,899.665899,3008656476
0,895,894,128,4.28452206,0.129821153,985.971832,3008656476
0,896,895,128,4.02600479,0.129074614,991.674474,3008656476
0,897,896,128,2.8402319,0.129378846,989.34257,3008656476
0,898,897,128,3.66786456,0.128688108,994.652901,3008656476
0,899,898,128,2.88161182,0.129482657,988.549378,3008656476
0,900,899,128,3.76430988,0.137792585,928.932424,3008656476
0,901,900,128,3.12838411,0.12469168,1026.532,3008656476
0,902,901,128,2.87079239,0.142427261,898.704357,3008656476
0,903,902,128,3.07359409,0.130582405,980.223944,3008656476
0,904,903,128,3.53855824,0.129742415,986.570198,3008656476
0,905,904,128,2.847754,0.129806849,986.08048,3008656476
0,906,905,128,3.21166801,0.128975503,992.436525,3008656476
0,907,906,128,4.07306385,0.129315699,989.825682,3008656476
0,908,907,128,3.98095965,0.128861056,993.31795,3008656476
0,909,908,128,3.82500172,0.133981921,955.352775,3008656476
0,910,909,128,3.47457099,0.130517966,980.707897,3008656476
0,911,910,128,3.65821385,0.130231653,982.863974,3008656476
0,912,911,128,3.3782866,0.129101119,991.47088,3008656476
0,913,912,128,4.39988947,0.128643534,994.997541,3008656476
0,914,913,128,3.34853387,0.128892465,993.075895,3008656476
0,915,914,128,4.40581131,0.128484216,996.231319,3008656476
0,916,915,128,3.82726407,0.129263703,990.223837,3008656476
0,917,916,128,3.50321341,0.132168008,968.46432,3008656476
0,918,917,128,3.05187559,0.142335651,899.282781,3008656476
0,919,918,128,3.54499912,0.128204133,998.40775,3008656476
0,920,919,128,3.41587472,0.129407235,989.125531,3008656476
0,921,920,128,3.48451376,0.128683609,994.687676,3008656476
0,922,921,128,3.50394011,0.128482151,996.247331,3008656476
0,923,922,128,3.85058379,0.128402666,996.864037,3008656476
0,924,923,128,4.34293938,0.128413483,996.780066,3008656476
0,925,924,128,3.11585402,0.134609795,950.896627,3008656476
0,926,925,128,4.21536684,0.144213281,887.574287,3008656476
0,927,926,128,3.2657764,0.128603396,995.308087,3008656476
0,928,927,128,3.25947928,0.129785627,986.24172,3008656476
0,929,928,128,3.98393559,0.128717287,994.427423,3008656476
0,930,929,128,3.82568932,0.129266596,990.201676,3008656476
0,931,930,128,2.83611894,0.129294705,989.986404,3008656476
0,932,931,128,3.51550055,0.128815512,993.669148,3008656476
0,933,932,128,3.18443179,0.135660649,943.530795,3008656476
0,934,933,128,3.28629398,0.143768139,890.322438,3008656476
0,935,934,128,3.44402742,0.129168232,990.955733,3008656476
0,936,935,128,3.50184035,0.128836445,993.507699,3008656476
0,937,936,128,3.32879519,0.129696017,986.923137,3008656476
0,938,937,128,3.72927833,0.128601281,995.324456,3008656476
0,939,938,128,3.83088136,0.129133568,991.22174,3008656476
0,940,939,128,3.94352961,0.12922455,990.523859,3008656476
0,941,940,128,3.56778336,0.138129386,926.667407,3008656476
0,942,941,128,3.05422616,0.144024572,888.737236,3008656476
0,943,942,128,3.45405149,0.130494581,980.883643,3008656476
0,944,943,128,3.29431105,0.129640848,987.343125,3008656476
0,945,944,128,4.68642092,0.129538718,988.121559,3008656476
0,946,945,128,4.33433628,0.129351652,989.550563,3008656476
0,947,946,128,3.28646827,0.129236916,990.429081,3008656476
0,948,947,128,4.19812489,0.129546206,988.064444,3008656476
0,949,948,128,4.63814259,0.136288094,939.186955,3008656476
0,950,949,128,4.54281044,0.143083465,894.582753,3008656476
0,951,950,128,3.58228993,0.129323158,989.768592,3008656476
0,952,951,128,3.33821869,0.129655706,987.22998,3008656476
0,953,952,128,2.90931368,0.129072979,991.687036,3008656476
0,954,953,128,3.73726273,0.129101263,991.469774,3008656476
0,955,954,128,3.75250673,0.128195198,998.477338,3008656476
0,956,955,128,2.96258616,0.129109888,991.40354,3008656476
0,957,956,128,4.11983967,0.136996316,934.331694,3008656476
0,958,957,128,3.84372115,0.142536923,898.012931,3008656476
0,959,958,128,3.48276544,0.129867389,985.620801,3008656476
0,960,959,128,3.70301294,0.129212426,990.6168,3008656476
0,961,960,128,3.98368335,0.128510861,996.024764,3008656476
0,962,961,128,3.53431559,0.129573539,987.856016,3008656476
0,963,962,128,3.60185885,0.128657424,994.89012,3008656476
0,964,963,128,3.24637961,0.128152422,998.810619,3008656476
0,965,964,128,2.93275023,0.136405906,938.375791,3008656476
0,966,965,128,3.4384675,0.146406494,874.278159,3008656476
0,967,966,128,3.59546351,0.129985862,984.722477,3008656476
0,968,967,128,4.50108528,0.129760467,986.432948,3008656476
0,969,968,128,3.78498721,0.129274342,990.142344,3008656476
0,970,969,128,3.52315474,0.130023324,984.438761,3008656476
0,971,970,128,3.08255267,0.129811559,986.044702,3008656476
0,972,971,128,3.58757687,0.129786037,986.238604,3008656476
0,973,972,128,2.81829095,0.137282206,932.38595,3008656476
0,974,973,128,3.16089559,0.147600792,867.204019,3008656476
0,975,974,128,3.76685286,0.132716533,964.461602,3008656476
0,976,975,128,3.93302774,0.132340195,967.204257,3008656476
0,977,976,128,3.899436,0.133207781,960.904829,3008656476
0,978,977,128,3.95851421,0.132947518,962.785932,3008656476
0,979,978,128,3.94541907,0.133679544,957.513739,3008656476
0,980,979,128,3.9583168,0.145275339,881.085536,3008656476
0,981,980,128,3.38126707,0.147571561,867.375795,3008656476
0,982,981,128,3.70039392,0.131214023,975.505492,3008656476
0,983,982,128,3.29956913,0.133237594,960.689819,3008656476
0,984,983,128,3.37072015,0.131561786,972.926895,3008656476
0,985,984,128,3.55429983,0.119343687,1072.53264,3008656476
0,986,985,128,3.58522487,0.131121947,976.190508,3008656476
0,987,986,128,3.37520266,0.131210713,975.5301,3008656476
0,988,987,128,3.23734617,0.146744245,872.265894,3008656476
0,989,988,128,3.70894957,0.14457355,885.362502,3008656476
0,990,989,128,4.08778572,0.130583519,980.215581,3008656476
0,991,990,128,2.73040843,0.130316494,982.224092,3008656476
0,992,991,128,3.17049408,0.130096431,983.885561,3008656476
0,993,992,128,3.46134067,0.129773049,986.33731,3008656476
0,994,993,128,2.61907649,0.129535599,988.145351,3008656476
0,995,994,128,2.92950511,0.128741121,994.243323,3008656476
0,996,995,128,2.45358467,0.143132562,894.275895,3008656476
0,997,996,128,3.53085184,0.141282646,905.985297,3008656476
0,998,997,128,3.32994676,0.128688234,994.651928,3008656476
0,999,998,128,3.22771645,0.128359724,997.197532,3008656476
0,1000,999,128,3.3586607,0.128538123,995.813514,3008656476
0,1001,1000,128,4.0218215,0.12840911,996.814011,3008656476
0,1002,1001,128,3.32684684,0.129463018,988.699337,3008656476
0,1003,1002,128,3.47827482,0.128822588,993.614567,3008656476
0,1004,1003,128,3.56940413,0.141293967,905.912706,3008656476
0,1005,1004,128,3.80496788,0.145164249,881.759806,3008656476
0,1006,1005,128,3.2742219,0.129252426,990.310232,3008656476
0,1007,1006,128,3.81908298,0.130426145,981.398323,3008656476
0,1008,1007,128,3.77508616,0.129828879,985.913157,3008656476
0,1009,1008,128,3.29627895,0.130444705,981.258687,3008656476
0,1010,1009,128,3.19053984,0.128735758,994.284743,3008656476
0,1011,1010,128,3.73128533,0.129891801,985.435563,3008656476
0,1012,1011,128,2.79534936,0.147850056,865.741978,3008656476
0,1013,1012,128,3.64433217,0.14379151,890.17773,3008656476
0,1014,1013,128,3.12879014,0.128697042,994.583854,3008656476
0,1015,1014,128,3.44899249,0.129372058,989.39448,3008656476
0,1016,1015,128,2.26023936,0.12952727,988.208892,3008656476
0,1017,1016,128,2.82591558,0.129753102,986.48894,3008656476
0,1018,1017,128,2.95088506,0.130187699,983.195809,3008656476
0,1019,1018,128,3.41386557,0.130923438,977.670629,3008656476
0,1020,1019,128,3.8953979,0.143227187,893.685079,3008656476
0,1021,1020,128,4.16986704,0.145433358,880.128203,3008656476
0,1022,1021,128,3.6794045,0.130375468,981.779793,3008656476
0,1023,1022,128,3.54374337,0.132478942,966.191291,3008656476
0,1024,1023,128,4.49662256,0.131703558,971.87959,3008656476
0,1025,1024,128,4.08022118,0.131184461,975.725319,3008656476
0,1026,1025,128,3.73022389,0.132276212,967.672101,3008656476
0,1027,1026,128,3.4081161,0.13218281,968.35587,3008656476
0,1028,1027,128,3.25273848,0.147589156,867.27239,3008656476
0,1029,1028,128,3.26954341,0.148090552,864.336031,3008656476
0,1030,1029,128,3.65072656,0.133182058,961.09042,3008656476
0,1031,1030,128,3.08403111,0.133083248,961.803998,3008656476
0,1032,1031,128,3.68063402,0.139918328,914.819394,3008656476
0,1033,1032,128,3.09339213,0.134951823,948.486631,3008656476
0,1034,1033,128,3.32994294,0.132603319,965.285039,3008656476
0,1035,1034,128,3.67282462,0.147664585,866.829376,3008656476
0,1036,1035,128,3.92336226,0.145908084,877.264621,3008656476
0,1037,1036,128,3.84674597,0.129542964,988.089172,3008656476
0,1038,1037,128,3.50688624,0.132766085,964.101638,3008656476
0,1039,1038,128,3.42861128,0.132900546,963.126216,3008656476
0,1040,1039,128,3.28783536,0.131272333,975.072181,3008656476
0,1041,1040,128,3.83772421,0.133427076,959.325527,3008656476
0,1042,1041,128,3.84649491,0.131542408,973.070221,3008656476
0,1043,1042,128,3.43819547,0.144449649,886.121918,3008656476
0,1044,1043,128,2.37653184,0.14621706,875.410845,3008656476
0,1045,1044,128,2.83846569,0.130576339,980.269481,3008656476
0,1046,1045,128,3.18744707,0.13060492,980.054963,3008656476
0,1047,1046,128,3.29626942,0.131249069,975.245013,3008656476
0,1048,1047,128,3.19106627,0.13010744,983.80231,3008656476
0,1049,1048,128,3.87803531,0.13011966,983.709917,3008656476
0,1050,1049,128,3.90356684,0.129930974,985.138463,3008656476
0,1051,1050,128,4.05929089,0.141008376,907.747494,3008656476
0,1052,1051,128,3.81049275,0.142728423,896.808059,3008656476
0,1053,1052,128,3.603369,0.12979068,986.203324,3008656476
0,1054,1053,128,3.32033587,0.12862816,995.116466,3008656476
0,1055,1054,128,4.45982218,0.12874827,994.188116,3008656476
0,1056,1055,128,3.76715207,0.12818044,998.592297,3008656476
0,1057,1056,128,3.99868536,0.128170737,998.667894,3008656476
0,1058,1057,128,4.16443443,0.128743055,994.228388,3008656476
0,1059,1058,128,3.84159517,0.143100432,894.476685,3008656476
0,1060,1059,128,3.43802285,0.143911162,889.43761,3008656476
0,1061,1060,128,4.26612377,0.128604705,995.297956,3008656476
0,1062,1061,128,4.71271753,0.129459828,988.723699,3008656476
0,1063,1062,128,4.13710928,0.129673689,987.093072,3008656476
0,1064,1063,128,3.74741602,0.129319698,989.795074,3008656476
0,1065,1064,128,3.26310611,0.130748681,978.977371,3008656476
0,1066,1065,128,3.51217246,0.12902407,992.062954,3008656476
0,1067,1066,128,3.50719571,0.149632883,855.426945,3008656476
0,1068,1067,128,3.66296363,0.142308788,899.452534,3008656476
0,1069,1068,128,3.92889047,0.130002455,984.596791,3008656476
0,1070,1069,128,4.16317558,0.129295759,989.978333,3008656476
0,1071,1070,128,4.12259245,0.128536673,995.824748,3008656476
0,1072,1071,128,4.23924398,0.128729442,994.333526,3008656476
0,1073,1072,128,3.1672883,0.128962933,992.533258,3008656476
0,1074,1073,128,3.92929816,0.128996664,992.273723,3008656476
0,1075,1074,128,3.50279427,0.141103777,907.133762,3008656476
0,1076,1075,128,3.69642138,0.144916379,883.267998,3008656476
0,1077,1076,128,4.18173361,0.130752363,978.949803,3008656476
0,1078,1077,128,3.77474332,0.13027534,982.534377,3008656476
0,1079,1078,128,4.05013609,0.130146098,983.510086,3008656476
0,1080,1079,128,4.52886629,0.130845963,978.249516,3008656476
0,1081,1080,128,3.56246591,0.130074288,984.053051,3008656476
0,1082,1081,128,2.13466668,0.132487414,966.129507,3008656476
0,1083,1082,128,3.25761199,0.147437672,868.163464,3008656476
0,1084,1083,128,3.67493987,0.146322766,874.778433,3008656476
0,1085,1084,128,3.74306846,0.132088139,969.049916,3008656476
0,1086,1085,128,3.68817234,0.132770969,964.066173,3008656476
0,1087,1086,128,3.85589886,0.131599476,972.64825,3008656476
0,1088,1087,128,3.29681063,0.132667829,964.815668,3008656476
0,1089,1088,128,3.59319854,0.132987183,962.49877,3008656476
0,1090,1089,128,3.36762571,0.13237667,966.937754,3008656476
0,1091,1090,128,3.40583229,0.148164092,863.907025,3008656476
0,1092,1091,128,3.73838592,0.145612553,879.045092,3008656476
0,1093,1092,128,3.23849511,0.132146384,968.622796,3008656476
0,1094,1093,128,4.20167065,0.131320396,974.715306,3008656476
0,1095,1094,128,4.19513464,0.132114982,968.853025,3008656476
0,1096,1095,128,3.62699986,0.131506083,973.339005,3008656476
0,1097,1096,128,3.36518455,0.132393442,966.81526,3008656476
0,1098,1097,128,3.45759249,0.145712243,878.443687,3008656476
0,1099,1098,128,3.71085262,0.142015966,901.307111,3008656476
0,1100,1099,128,4.01929617,0.125815315,1017.36422,3008656476
0,1101,1100,128,3.95474982,0.132004728,969.662238,3008656476
0,1102,1101,128,3.62009025,0.130805271,978.553838,3008656476
0,1103,1102,128,3.60080552,0.130398249,981.608273,3008656476
0,1104,1103,128,3.62641239,0.130214461,982.99374,3008656476
0,1105,1104,128,3.5012958,0.130361675,981.883671,3008656476
0,1106,1105,128,4.33692694,0.146590201,873.182512,3008656476
0,1107,1106,128,3.45282173,0.141150271,906.834957,3008656476
0,1108,1107,128,3.41201568,0.128618017,995.194942,3008656476
0,1109,1108,128,3.29560137,0.128792858,993.843929,3008656476
0,1110,1109,128,2.88096881,0.128067154,999.475634,3008656476
0,1111,1110,128,3.33717728,0.128548512,995.733035,3008656476
0,1112,1111,128,3.37520576,0.129675671,987.077985,3008656476
0,1113,1112,128,3.20737982,0.12918956,990.792135,3008656476
0,1114,1113,128,3.12271523,0.143212093,893.77927,3008656476
0,1115,1114,128,3.96994686,0.141904387,902.015806,3008656476
0,1116,1115,128,2.6769073,0.130144339,983.523379,3008656476
0,1117,1116,128,2.99545026,0.129172559,990.922538,3008656476
0,1118,1117,128,2.82232261,0.129985149,984.727878,3008656476
0,1119,1118,128,3.42497659,0.129680828,987.038732,3008656476
0,1120,1119,128,3.11860156,0.129206562,990.661759,3008656476
0,1121,1120,128,2.45120358,0.157662749,811.859496,3008656476
0,1122,1121,128,3.27514601,0.16152802,792.432174,3008656476
0,1123,1122,128,3.25075006,0.144077097,888.413236,3008656476
0,1124,1123,128,2.67663598,0.129669375,987.125912,3008656476
0,1125,1124,128,2.11692166,0.129719569,986.743951,3008656476
0,1126,1125,128,3.83788037,0.129394323,989.224234,3008656476
0,1127,1126,128,2.88491464,0.129547209,988.056794,3008656476
0,1128,1127,128,4.42503786,0.129748006,986.527685,3008656476
0,1129,1128,128,3.9666729,0.129579278,987.812264,3008656476
0,1130,1129,128,2.38884783,0.143880135,889.629413,3008656476
0,1131,1130,128,3.50334311,0.146556787,873.381592,3008656476
0,1132,1131,128,3.16837287,0.129225126,990.519444,3008656476
0,1133,1132,128,3.06423402,0.116497827,1098.73294,3008656476
0,1134,1133,128,2.9053359,0.129327457,989.735691,3008656476
0,1135,1134,128,4.00934982,0.130462704,981.12331,3008656476
0,1136,1135,128,3.85259533,0.130219948,982.95232,3008656476
0,1137,1136,128,3.48937964,0.12996046,984.91495,3008656476
0,1138,1137,128,3.68633699,0.143106849,894.436576,3008656476
0,1139,1138,128,3.30121779,0.146987794,870.820607,3008656476
0,1140,1139,128,3.37331986,0.131687857,971.995467,3008656476
0,1141,1140,128,3.37259412,0.132870823,963.341666,3008656476
0,1142,1141,128,3.49237943,0.132303256,967.4743,3008656476
0,1143,1142,128,3.47201133,0.132818563,963.720711,3008656476
0,1144,1143,128,3.11421371,0.133950214,955.578914,3008656476
0,1145,1144,128,3.56064415,0.146144879,875.84321,3008656476
0,1146,1145,128,4.19407749,0.146915582,871.248633,3008656476
0,1147,1146,128,4.28227711,0.126959075,1008.1989,3008656476
0,1148,1147,128,3.84030461,0.132435932,966.505072,3008656476
0,1149,1148,128,4.09283781,0.133043736,962.089639,3008656476
0,1150,1149,128,3.69994664,0.133193329,961.009091,3008656476
0,1151,1150,128,3.86579871,0.132824081,963.680675,3008656476
0,1152,1151,128,3.65912032,0.139287145,918.96492,3008656476
0,1153,1152,128,4.03995132,0.154572854,828.088482,3008656476
0,1154,1153,128,3.88040495,0.145148606,881.854835,3008656476
0,1155,1154,128,3.60401034,0.132305182,967.460216,3008656476
0,1156,1155,128,3.74115276,0.132312505,967.406671,3008656476
0,1157,1156,128,3.72860384,0.133398108,959.533849,3008656476
0,1158,1157,128,4.27605104,0.132554506,965.640504,3008656476
0,1159,1158,128,3.77862358,0.131743883,971.582111,3008656476
0,1160,1159,128,4.01133871,0.132055192,969.291688,3008656476
0,1161,1160,128,3.92906451,0.145086227,882.233984,3008656476
0,1162,1161,128,3.84471321,0.143134781,894.262031,3008656476
0,1163,1162,128,3.09014392,0.130335634,982.079851,3008656476
0,1164,1163,128,3.50042129,0.129567274,987.903782,3008656476
0,1165,1164,128,3.62156749,0.130764445,978.859353,3008656476
0,1166,1165,128,4.14467096,0.129925573,985.179415,3008656476
0,1167,1166,128,3.73425007,0.12935488,989.525869,3008656476
0,1168,1167,128,4.04430151,0.129643486,987.323034,3008656476
0,1169,1168,128,3.49636698,0.141243317,906.237567,3008656476
0,1170,1169,128,4.26282787,0.143152264,894.152816,3008656476
0,1171,1170,128,3.54889369,0.128831774,993.54372,3008656476
0,1172,1171,128,4.0344243,0.127991911,1000.0632,3008656476
0,1173,1172,128,3.58844233,0.128642018,995.009267,3008656476
0,1174,1173,128,3.65033054,0.129117154,991.347749,3008656476
0,1175,1174,128,4.33358526,0.128485654,996.220169,3008656476
0,1176,1175,128,4.45809174,0.128957375,992.576035,3008656476
0,1177,1176,128,4.01179934,0.141421172,905.097859,3008656476
0,1178,1177,128,3.48056746,0.143257625,893.495198,3008656476
0,1179,1178,128,3.64244056,0.128367329,997.138454,3008656476
0,1180,1179,128,3.8983717,0.12917605,990.895758,3008656476
0,1181,1180,128,4.28461695,0.128984255,992.369185,3008656476
0,1182,1181,128,3.94686246,0.128695536,994.595492,3008656476
0,1183,1182,128,4.16053629,0.12914538,991.13108,3008656476
0,1184,1183,128,3.11410284,0.12918892,990.797044,3008656476
0,1185,1184,128,3.32303953,0.146132543,875.917146,3008656476
0,1186,1185,128,4.30461597,0.142204674,900.111061,3008656476
0,1187,1186,128,3.95795345,0.129229811,990.483535,3008656476
0,1188,1187,128,4.09061909,0.129285506,990.056844,3008656476
0,1189,1188,128,3.97456622,0.129050133,991.862597,3008656476
0,1190,1189,128,3.603894,0.129334907,989.67868,3008656476
0,1191,1190,128,3.30852842,0.130219318,982.957076,3008656476
0,1192,1191,128,2.80820847,0.130285413,982.458412,3008656476
0,1193,1192,128,3.67379737,0.145704859,878.488205,3008656476
0,1194,1193,128,3.16000319,0.142820481,896.230002,3008656476
0,1195,1194,128,2.74720669,0.1282113,998.351939,3008656476
0,1196,1195,128,2.92986536,0.129192329,990.770899,3008656476
0,1197,1196,128,2.63858795,0.12932426,989.760158,3008656476
0,1198,1197,128,3.33165598,0.129549503,988.039298,3008656476
0,1199,1198,128,3.03415537,0.128539454,995.803203,3008656476
0,1200,1199,128,4.3430829,0.128270108,997.894225,3008656476
0,1201,1200,128,3.51944089,0.139897432,914.956037,3008656476
0,1202,1201,128,4.07764721,0.146871959,871.507406,3008656476
0,1203,1202,128,3.65233564,0.130302774,982.327514,3008656476
0,1204,1203,128,3.82250953,0.131310193,974.791043,3008656476
0,1205,1204,128,3.6941185,0.129901624,985.361045,3008656476
0,1206,1205,128,3.98912716,0.131875042,970.615805,3008656476
0,1207,1206,128,3.82446027,0.131638511,972.359829,3008656476
0,1208,1207,128,3.71518946,0.144843798,883.710603,3008656476
0,1209,1208,128,3.91190386,0.12769562,1002.38364,3008656476
0,1210,1209,128,3.43542099,0.142285519,899.599628,3008656476
0,1211,1210,128,3.79084682,0.133228202,960.757543,3008656476
0,1212,1211,128,4.08745193,0.132975518,962.583203,3008656476
0,1213,1212,128,3.72570109,0.135824885,942.389902,3008656476
0,1214,1213,128,3.58576488,0.1441274,888.103164,3008656476
0,1215,1214,128,4.31677151,0.132700418,964.578725,3008656476
0,1216,1215,128,4.18772316,0.144933896,883.161245,3008656476
0,1217,1216,128,3.46768594,0.148470603,862.123528,3008656476
0,1218,1217,128,3.70019174,0.131418051,973.991008,3008656476
0,1219,1218,128,3.55588508,0.131937637,970.155317,3008656476
0,1220,1219,128,4.1554141,0.133122666,961.519205,3008656476
0,1221,1220,128,3.0928793,0.131192021,975.669092,3008656476
0,1222,1221,128,3.47729182,0.132003789,969.669136,3008656476
0,1223,1222,128,3.55434728,0.133100895,961.676479,3008656476
0,1224,1223,128,3.57562304,0.146019675,876.594199,3008656476
0,1225,1224,128,4.2589426,0.146341018,874.669329,3008656476
0,1226,1225,128,4.41178751,0.130609408,980.021286,3008656476
0,1227,1226,128,3.86396503,0.129961192,984.909403,3008656476
0,1228,1227,128,3.99784303,0.129406204,989.133411,3008656476
0,1229,1228,128,3.94173837,0.129298329,989.958656,3008656476
0,1230,1229,128,3.71891928,0.12974042,986.585368,3008656476
0,1231,1230,128,3.61512017,0.128919632,992.866626,3008656476
0,1232,1231,128,3.08482456,0.145355695,880.598452,3008656476
0,1233,1232,128,4.1364603,0.141376477,905.383998,3008656476
0,1234,1233,128,4.14196968,0.128548106,995.73618,3008656476
0,1235,1234,128,3.126333,0.129863758,985.648359,3008656476
0,1236,1235,128,3.87157798,0.128938155,992.723992,3008656476
0,1237,1236,128,3.65308237,0.129371791,989.396522,3008656476
0,1238,1237,128,3.77471089,0.128121813,999.049241,3008656476
0,1239,1238,128,3.54186511,0.12949339,988.467442,3008656476
0,1240,1239,128,3.9423883,0.144869241,883.555399,3008656476
0,1241,1240,128,4.01097059,0.141984291,901.508182,3008656476
0,1242,1241,128,2.52425456,0.130056251,984.189526,3008656476
0,1243,1242,128,3.43906355,0.129919614,985.224602,3008656476
0,1244,1243,128,2.60751176,0.128770296,994.018061,3008656476
0,1245,1244,128,3.59719849,0.129760524,986.432515,3008656476
0,1246,1245,128,2.95863676,0.129231091,990.473724,3008656476
0,1247,1246,128,3.39252591,0.129465619,988.679473,3008656476
0,1248,1247,128,3.01174188,0.14308453,894.576094,3008656476
0,1249,1248,128,2.37010455,0.143139273,894.233968,3008656476
0,1250,1249,128,2.45906663,0.129942717,985.049435,3008656476
0,1251,1250,128,2.64296246,0.129833416,985.878705,3008656476
0,1252,1251,128,2.28090978,0.129683254,987.020267,3008656476
0,1253,1252,128,2.73253918,0.129289367,990.027277,3008656476
0,1254,1253,128,3.00294733,0.129458107,988.736843,3008656476
0,1255,1254,128,2.81075525,0.129971973,984.827706,3008656476
0,1256,1255,128,2.35961342,0.142503274,898.224977,3008656476
0,1257,1256,128,2.67351055,0.147396068,868.408511,3008656476
0,1258,1257,128,2.95872116,0.129819423,985.984971,3008656476
0,1259,1258,128,2.23857021,0.13036345,981.870302,3008656476
0,1260,1259,128,3.61174726,0.130211202,983.018343,3008656476
0,1261,1260,128,4.13043785,0.130922107,977.680568,3008656476
0,1262,1261,128,3.90749264,0.131627079,972.444279,3008656476
0,1263,1262,128,4.24136019,0.13221208,968.141489,3008656476
0,1264,1263,128,4.21475029,0.143229325,893.671739,3008656476
0,1265,1264,128,3.82728291,0.154508138,828.435328,3008656476
0,1266,1265,128,3.81413627,0.141298777,905.881868,3008656476
0,1267,1266,128,3.65460896,0.143754592,890.406339,3008656476
0,1268,1267,128,3.83572984,0.14380821,890.074357,3008656476
0,1269,1268,128,3.68659306,0.132769662,964.075664,3008656476
0,1270,1269,128,3.79247355,0.13314475,961.359723,3008656476
0,1271,1270,128,2.87104511,0.145554337,879.396675,3008656476
0,1272,1271,128,3.27902007,0.147133362,869.959051,3008656476
0,1273,1272,128,3.10860467,0.131987259,969.790577,3008656476
0,1274,1273,128,4.47817993,0.132124789,968.781112,3008656476
0,1275,1274,128,3.10348248,0.132621707,965.151203,3008656476
0,1276,1275,128,4.13597536,0.13158683,972.741725,3008656476
0,1277,1276,128,4.08070612,0.131707608,971.849705,3008656476
0,1278,1277,128,3.16696644,0.131646432,972.301323,3008656476
0,1279,1278,128,3.54430246,0.145459059,879.972694,3008656476
0,1280,1279,128,3.84119558,0.14403974,888.643648,3008656476
0,1281,1280,128,3.47109866,0.130869356,978.074653,3008656476
0,1282,1281,128,3.83453989,0.129715492,986.774964,3008656476
0,1283,1282,128,3.93362188,0.129869052,985.60818,3008656476
0,1284,1283,128,3.01982117,0.129502281,988.399579,3008656476
0,1285,1284,128,3.43554306,0.129735391,986.623611,3008656476
0,1286,1285,128,3.78308845,0.129322008,989.777393,3008656476
0,1287,1286,128,3.50382233,0.144385843,886.513507,3008656476
0,1288,1287,128,3.79684877,0.143511849,891.912416,3008656476
0,1289,1288,128,2.98252535,0.130054652,984.201626,3008656476
0,1290,1289,128,3.65894055,0.128583077,995.465367,3008656476
0,1291,1290,128,3.63009596,0.130001329,984.605319,3008656476
0,1292,1291,128,3.28042078,0.129223336,990.533165,3008656476
0,1293,1292,128,3.82914162,0.129052815,991.841983,3008656476
0,1294,1293,128,3.18819523,0.129198688,990.722135,3008656476
0,1295,1294,128,3.01833773,0.142935117,895.511213,3008656476
0,1296,1295,128,3.0523572,0.143107142,894.434745,3008656476
0,1297,1296,128,3.43905163,0.128809729,993.713759,3008656476
0,1298,1297,128,3.79634094,0.129590889,987.723759,3008656476
0,1299,1298,128,3.37992287,0.128737326,994.272632,3008656476
0,1300,1299,128,3.79269838,0.129461406,988.711647,3008656476
0,1301,1300,128,3.44846368,0.129130188,991.247686,3008656476
0,1302,1301,128,3.41561031,0.128650071,994.946983,3008656476
0,1303,1302,128,3.23829627,0.141848019,902.374252,3008656476
0,1304,1303,128,3.70866346,0.144122428,888.133802,3008656476
0,1305,1304,128,3.5760448,0.129893704,985.421126,3008656476
0,1306,1305,128,3.87293696,0.129995628,984.648499,3008656476
0,1307,1306,128,3.50479126,0.13012508,983.668944,3008656476
0,1308,1307,128,3.71758127,0.129584876,987.769591,3008656476
0,1309,1308,128,2.83380532,0.129432079,988.935672,3008656476
0,1310,1309,128,3.7228055,0.129101801,991.465642,3008656476
0,1311,1310,128,4.44782448,0.13823231,925.977436,3008656476
0,1312,1311,128,3.34349537,0.143214203,893.766102,3008656476
0,1313,1312,128,3.17281771,0.12929004,990.022124,3008656476
0,1314,1313,128,3.77047658,0.128894293,993.061811,3008656476
0,1315,1314,128,3.08914542,0.128482192,996.247013,3008656476
0,1316,1315,128,3.20650649,0.128427841,996.668627,3008656476
0,1317,1316,128,3.61987519,0.128694883,994.600539,3008656476
0,1318,1317,128,3.46218705,0.128819949,993.634922,3008656476
0,1319,1318,128,2.53789639,0.140608716,910.327636,3008656476
0,1320,1319,128,3.48829007,0.144019343,888.769504,3008656476
0,1321,1320,128,3.86435318,0.13138277,974.25256,3008656476
0,1322,1321,128,3.4715147,0.131633199,972.399068,3008656476
0,1323,1322,128,4.00006485,0.132131665,968.730698,3008656476
0,1324,1323,128,3.35569,0.132474623,966.222791,3008656476
0,1325,1324,128,2.40427279,0.132001132,969.688654,3008656476
0,1326,1325,128,3.12061524,0.141271839,906.054603,3008656476
0,1327,1326,128,4.17014647,0.129634445,987.391893,3008656476
0,1328,1327,128,3.86047292,0.137287263,932.351605,3008656476
0,1329,1328,128,3.75262189,0.132995515,962.43847,3008656476
0,1330,1329,128,3.33435178,0.138627478,923.337868,3008656476
0,1331,1330,128,3.53652978,0.132902792,963.10994,3008656476
0,1332,1331,128,3.07294369,0.132224026,968.054021,3008656476
0,1333,1332,128,3.54027057,0.132992388,962.4611,3008656476
0,1334,1333,128,3.2514174,0.146072203,876.278973,3008656476
0,1335,1334,128,4.01043844,0.145205118,881.511628,3008656476
0,1336,1335,128,3.35417533,0.132875043,963.311071,3008656476
0,1337,1336,128,3.99297595,0.131201311,975.600008,3008656476
0,1338,1337,128,2.95377803,0.13138719,974.219785,3008656476
0,1339,1338,128,3.15389276,0.131714131,971.801575,3008656476
0,1340,1339,128,3.14167905,0.131784467,971.282905,3008656476
0,1341,1340,128,3.07680631,0.132106821,968.912877,3008656476
0,1342,1341,128,3.11389375,0.145222392,881.406774,3008656476
0,1343,1342,128,3.27613115,0.144339179,886.800111,3008656476
0,1344,1343,128,3.17262602,0.129367898,989.426295,3008656476
0,1345,1344,128,3.72945404,0.130077159,984.031332,3008656476
0,1346,1345,128,3.46720552,0.129733837,986.63543,3008656476
0,1347,1346,128,3.70797443,0.128515164,995.991415,3008656476
0,1348,1347,128,3.11505032,0.128591936,995.396788,3008656476
0,1349,1348,128,2.68256497,0.128884524,993.137081,3008656476
0,1350,1349,128,3.76079774,0.141535334,904.36781,3008656476
0,1351,1350,128,3.65592647,0.144926235,883.20793,3008656476
0,1352,1351,128,4.16776896,0.128895204,993.054792,3008656476
0,1353,1352,128,3.28977275,0.129201997,990.696761,3008656476
0,1354,1353,128,3.02390838,0.13036087,981.889734,3008656476
0,1355,1354,128,3.68864226,0.128782244,993.92584,3008656476
0,1356,1355,128,2.87348938,0.128810871,993.704949,3008656476
0,1357,1356,128,2.97635412,0.129719166,986.747016,3008656476
0,1358,1357,128,3.17575288,0.146704522,872.502076,3008656476
0,1359,1358,128,3.93413496,0.145772524,878.080426,3008656476
0,1360,1359,128,3.02262878,0.130584877,980.205388,3008656476
0,1361,1360,128,3.00316072,0.128986471,992.352136,3008656476
0,1362,1361,128,3.80910015,0.128783628,993.915158,3008656476
0,1363,1362,128,3.95393634,0.128974313,992.445682,3008656476
0,1364,1363,128,3.04521966,0.128536114,995.829079,3008656476
0,1365,1364,128,3.00206375,0.12875936,994.102487,3008656476
0,1366,1365,128,3.30928755,0.141945882,901.75212,3008656476
0,1367,1366,128,4.0775857,0.142714884,896.893137,3008656476
0,1368,1367,128,3.86811972,0.12970349,986.866275,3008656476
0,1369,1368,128,3.44545841,0.130289608,982.42678,3008656476
0,1370,1369,128,3.38952732,0.129099159,991.485932,3008656476
0,1371,1370,128,3.34651327,0.129984588,984.732128,3008656476
0,1372,1371,128,3.82311773,0.1309184,977.708252,3008656476
0,1373,1372,128,3.49435449,0.131471648,973.593942,3008656476
0,1374,1373,128,4.28814793,0.14635663,874.576027,3008656476
0,1375,1374,128,4.31420517,0.144054277,888.553972,3008656476
0,1376,1375,128,4.19067001,0.132681676,964.714977,3008656476
0,1377,1376,128,4.15657806,0.132099497,968.966596,3008656476
0,1378,1377,128,3.72129941,0.133082188,961.811659,3008656476
0,1379,1378,128,3.01218057,0.133464873,959.053848,3008656476
0,1380,1379,128,3.33966827,0.132716923,964.458768,3008656476
0,1381,1380,128,3.71218467,0.131928512,970.222419,3008656476
0,1382,1381,128,3.12681437,0.147234269,869.362825,3008656476
0,1383,1382,128,3.44940734,0.142194175,900.177521,3008656476
0,1384,1383,128,3.22121358,0.132314627,967.391156,3008656476
0,1385,1384,128,2.76157784,0.132977681,962.567545,3008656476
0,1386,1385,128,3.46698952,0.131802808,971.147747,3008656476
0,1387,1386,128,2.33828998,0.132054174,969.299161,3008656476
0,1388,1387,128,3.15699553,0.133989403,955.299428,3008656476
0,1389,1388,128,3.62127733,0.143917675,889.397359,3008656476
0,1390,1389,128,3.14589334,0.13836718,925.074862,3008656476
0,1391,1390,128,2.90600824,0.127374383,1004.91164,3008656476
0,1392,1391,128,2.92395782,0.130406376,981.547099,3008656476
0,1393,1392,128,3.06365967,0.131065164,976.613435,3008656476
0,1394,1393,128,3.43844819,0.131527867,973.177798,3008656476
0,1395,1394,128,3.89218831,0.128973652,992.450768,3008656476
0,1396,1395,128,3.49470472,0.129782288,986.267094,3008656476
0,1397,1396,128,3.30241704,0.13982334,915.44087,3008656476
0,1398,1397,128,4.27196836,0.140648199,910.072087,3008656476
0,1399,1398,128,3.21885848,0.12502893,1023.76306,3008656476
0,1400,1399,128,3.76813078,0.131116343,976.232231,3008656476
0,1401,1400,128,3.98210692,0.13245853,966.340182,3008656476
0,1402,1401,128,3.8507123,0.129746908,986.536034,3008656476
0,1403,1402,128,3.75008583,0.130225304,982.911892,3008656476
0,1404,1403,128,3.81626415,0.129350362,989.560431,3008656476
0,1405,1404,128,2.80195975,0.139356705,918.506218,3008656476
0,1406,1405,128,3.44127011,0.139232958,919.322564,3008656476
0,1407,1406,128,4.62797165,0.126054374,1015.43482,3008656476
0,1408,1407,128,4.26028824,0.133547825,958.45814,3008656476
0,1409,1408,128,4.54084969,0.130451622,981.206658,3008656476
0,1410,1409,128,4.53476954,0.130547511,980.485947,3008656476
0,1411,1410,128,3.8476758,0.12970437,986.859579,3008656476
0,1412,1411,128,4.70366526,0.12987955,985.528515,3008656476
0,1413,1412,128,4.37741041,0.144597514,885.215772,3008656476
0,1414,1413,128,4.42454672,0.139744784,915.955475,3008656476
0,1415,1414,128,4.08033419,0.127427981,1004.48896,3008656476
0,1416,1415,128,4.16967392,0.128706047,994.514267,3008656476
0,1417,1416,128,3.97562099,0.130071001,984.077919,3008656476
0,1418,1417,128,4.15868378,0.129106374,991.430524,3008656476
0,1419,1418,128,4.07848549,0.130493632,980.890776,3008656476
0,1420,1419,128,4.28937435,0.128354544,997.237776,3008656476
0,1421,1420,128,4.01907587,0.142821945,896.220815,3008656476
0,1422,1421,128,3.80072737,0.139626586,916.730858,3008656476
0,1423,1422,128,4.47060776,0.123332569,1037.84427,3008656476
0,1424,1423,128,3.89153814,0.128783783,993.913962,3008656476
0,1425,1424,128,4.17243767,0.128718486,994.41816,3008656476
0,1426,1425,128,4.9082551,0.128395918,996.916428,3008656476
0,1427,1426,128,3.82073593,0.128897392,993.037935,3008656476
0,1428,1427,128,4.15684032,0.128809325,993.716876,3008656476
0,1429,1428,128,3.83077407,0.143803333,890.104543,3008656476
0,1430,1429,128,4.57627392,0.127213412,1006.18322,3008656476
0,1431,1430,128,4.16791582,0.121665838,1052.06196,3008656476
0,1432,1431,128,4.30443144,0.128796042,993.81936,3008656476
0,1433,1432,128,4.6449585,0.127977818,1000.17333,3008656476
0,1434,1433,128,3.72383142,0.128840656,993.475227,3008656476
0,1435,1434,128,3.82780433,0.128302282,997.643986,3008656476
0,1436,1435,128,4.36492062,0.129167727,990.959607,3008656476
0,1437,1436,128,3.16145277,0.13957405,917.075918,3008656476
0,1438,1437,128,4.2433219,0.125102743,1023.15902,3008656476
0,1439,1438,128,3.88472891,0.139462113,917.811994,3008656476
0,1440,1439,128,3.9294734,0.129286542,990.04891,3008656476
0,1441,1440,128,4.46937466,0.128375901,997.071873,3008656476
0,1442,1441,128,4.5573411,0.12872191,994.391708,3008656476
0,1443,1442,128,4.43384218,0.129692558,986.949459,3008656476
0,1444,1443,128,3.26580858,0.12865505,994.908478,3008656476
0,1445,1444,128,4.36932516,0.129303411,989.919748,3008656476
0,1446,1445,128,4.07973576,0.133003344,962.381818,3008656476
0,1447,1446,128,4.28375053,0.143479427,892.113961,3008656476
0,1448,1447,128,3.86115789,0.128360648,997.190354,3008656476
0,1449,1448,128,3.44524527,0.128284261,997.784132,3008656476
0,1450,1449,128,4.72790861,0.129630194,987.424272,3008656476
0,1451,1450,128,3.35983181,0.128929032,992.794237,3008656476
0,1452,1451,128,3.77914405,0.129623521,987.475105,3008656476
0,1453,1452,128,3.8185463,0.129385807,989.289343,3008656476
0,1454,1453,128,4.00831985,0.133401952,959.5062,3008656476
0,1455,1454,128,3.7553277,0.142293747,899.54761,3008656476
0,1456,1455,128,2.860008,0.128918066,992.878686,3008656476
0,1457,1456,128,4.41972446,0.128800154,993.787632,3008656476
0,1458,1457,128,4.00133419,0.128963105,992.531934,3008656476
0,1459,1458,128,4.22722864,0.129704963,986.855067,3008656476
0,1460,1459,128,4.1426239,0.12934824,989.576665,3008656476
0,1461,1460,128,3.73720908,0.129642497,987.330566,3008656476
0,1462,1461,128,2.67824316,0.134458681,951.96531,3008656476
0,1463,1462,128,3.08204722,0.141927525,901.868753,3008656476
0,1464,1463,128,3.83403873,0.129233617,990.454365,3008656476
0,1465,1464,128,2.70953488,0.130277184,982.52047,3008656476
0,1466,1465,128,3.73905587,0.129862815,985.655517,3008656476
0,1467,1466,128,4.43530273,0.130073476,984.059194,3008656476
0,1468,1467,128,3.88588047,0.128783253,993.918052,3008656476
0,1469,1468,128,3.4525547,0.130435936,981.324656,3008656476
0,1470,1469,128,4.57615805,0.135659297,943.540198,3008656476
0,1471,1470,128,3.62614727,0.142632281,897.412557,3008656476
0,1472,1471,128,4.57744551,0.129210431,990.632095,3008656476
0,1473,1472,128,4.00875902,0.130099994,983.858616,3008656476
0,1474,1473,128,4.33470917,0.129846037,985.782878,3008656476
0,1475,1474,128,3.58125377,0.129530004,988.188034,3008656476
0,1476,1475,128,3.58057594,0.128857565,993.344861,3008656476
0,1477,1476,128,3.68465805,0.130367804,981.83751,3008656476
0,1478,1477,128,4.11068535,0.135382738,945.467656,3008656476
0,1479,1478,128,3.93559003,0.145083643,882.249696,3008656476
0,1480,1479,128,4.12946081,0.129673301,987.096025,3008656476
0,1481,1480,128,3.85560441,0.129622959,987.479386,3008656476
0,1482,1481,128,4.37209606,0.129757168,986.458028,3008656476
0,1483,1482,128,3.61165357,0.128965316,992.514918,3008656476
0,1484,1483,128,3.40370131,0.128706605,994.509955,3008656476
0,1485,1484,128,3.92417097,0.128929777,992.788501,3008656476
0,1486,1485,128,4.10535955,0.133831775,956.424586,3008656476
0,1487,1486,128,4.35531139,0.143793931,890.162743,3008656476
0,1488,1487,128,4.26762295,0.129600704,987.648956,3008656476
0,1489,1488,128,3.74390841,0.128843737,993.451471,3008656476
0,1490,1489,128,3.42305398,0.128980202,992.400369,3008656476
0,1491,1490,128,3.8691361,0.129029368,992.022219,3008656476
0,1492,1491,128,3.86449218,0.129425807,988.983596,3008656476
0,1493,1492,128,3.96928501,0.129281347,990.088694,3008656476
0,1494,1493,128,3.70014787,0.135374489,945.525268,3008656476
0,1495,1494,128,2.86235332,0.144968439,882.950806,3008656476
0,1496,1495,128,3.38540268,0.129386893,989.281039,3008656476
0,1497,1496,128,3.58080149,0.129474612,988.610802,3008656476
0,1498,1497,128,3.66484213,0.131051509,976.715194,3008656476
0,1499,1498,128,3.8497963,0.13172862,971.694686,3008656476
0,1500,1499,128,3.40939164,0.13113552,976.089468,3008656476
0,1501,1500,128,4.04763508,0.131804484,971.135398,3008656476
0,1502,1501,128,4.37295341,0.133476208,958.972404,3008656476
0,1503,1502,128,3.45076275,0.143821282,889.993457,3008656476
0,1504,1503,128,3.77254725,0.131923879,970.256492,3008656476
0,1505,1504,128,3.56381989,0.131824466,970.988193,3008656476
0,1506,1505,128,3.99566221,0.131634945,972.38617,3008656476
0,1507,1506,128,3.3388741,0.132028504,969.487619,3008656476
0,1508,1507,128,3.80647421,0.133030759,962.18349,3008656476
0,1509,1508,128,3.39103532,0.146912525,871.266762,3008656476
0,1510,1509,128,4.19585276,0.147446889,868.109194,3008656476
0,1511,1510,128,4.54041004,0.124079578,1031.59603,3008656476
0,1512,1511,128,3.71261692,0.132076443,969.13573,3008656476
0,1513,1512,128,3.92128992,0.131505814,973.340996,3008656476
0,1514,1513,128,4.2464056,0.132439982,966.475516,3008656476
0,1515,1514,128,4.792099,0.131191761,975.671026,3008656476
0,1516,1515,128,3.69001722,0.131548181,973.027518,3008656476
0,1517,1516,128,4.23205662,0.148020303,864.746237,3008656476
0,1518,1517,128,4.32672405,0.143165213,894.071942,3008656476
0,1519,1518,128,4.30592918,0.129243337,990.379875,3008656476
0,1520,1519,128,3.36206841,0.128067926,999.46961,3008656476
0,1521,1520,128,3.89742708,0.128386557,996.989116,3008656476
0,1522,1521,128,3.35879993,0.128963765,992.526854,3008656476
0,1523,1522,128,4.26625252,0.128687182,994.660059,3008656476
0,1524,1523,128,4.6275239,0.12819797,998.455748,3008656476
0,1525,1524,128,4.3103385,0.147682143,866.726318,3008656476
0,1526,1525,128,3.70870328,0.143245912,893.568258,3008656476
0,1527,1526,128,3.09416604,0.12823209,998.190079,3008656476
0,1528,1527,128,2.75895166,0.12997278,984.821591,3008656476
0,1529,1528,128,3.71640325,0.129705991,986.847246,3008656476
0,1530,1529,128,4.45170307,0.128376074,997.070529,3008656476
0,1531,1530,128,4.39251089,0.129715518,986.774767,3008656476
0,1532,1531,128,5.05849075,0.129483307,988.544415,3008656476
0,1533,1532,128,4.79102755,0.142231609,899.940603,3008656476
0,1534,1533,128,3.94877386,0.144366977,886.629357,3008656476
0,1535,1534,128,3.91280556,0.129415388,989.063217,3008656476
0,1536,1535,128,3.34396744,0.130745831,978.998711,3008656476
0,1537,1536,128,3.71368289,0.129420572,989.0236,3008656476
0,1538,1537,128,3.79578733,0.129240405,990.402344,3008656476
0,1539,1538,128,4.01013756,0.12997519,984.803331,3008656476
0,1540,1539,128,3.62782145,0.129007607,992.189554,3008656476
0,1541,1540,128,4.5997839,0.141795546,902.708185,3008656476
0,1542,1541,128,4.43222904,0.142068895,900.971321,3008656476
0,1543,1542,128,4.39135122,0.128324385,997.472148,3008656476
0,1544,1543,128,4.12309694,0.128645561,994.981863,3008656476
0,1545,1544,128,4.97100115,0.128757687,994.115404,3008656476
0,1546,1545,128,4.29100466,0.129752185,986.495911,3008656476
0,1547,1546,128,3.64783478,0.129743962,986.558434,3008656476
0,1548,1547,128,4.25844526,0.129965317,984.878143,3008656476
0,1549,1548,128,4.09405851,0.142254484,899.79589,3008656476
0,1550,1549,128,4.36284208,0.142844167,896.081392,3008656476
0,1551,1550,128,4.00626087,0.130920725,977.690889,3008656476
0,1552,1551,128,3.6347599,0.13216191,968.509005,3008656476
0,1553,1552,128,4.29502869,0.131842906,970.852387,3008656476
0,1554,1553,128,4.86913157,0.132016235,969.577719,3008656476
0,1555,1554,128,4.72827196,0.131628716,972.432186,3008656476
0,1556,1555,128,3.72400308,0.13204038,969.400421,3008656476
0,1557,1556,128,4.19828367,0.14833072,862.936552,3008656476
0,1558,1557,128,4.49752378,0.147661175,866.849394,3008656476
0,1559,1558,128,3.95957732,0.132413556,966.668398,3008656476
0,1560,1559,128,3.6464746,0.139166888,919.759016,3008656476
0,1561,1560,128,3.861094,0.143727889,890.571766,3008656476
0,1562,1561,128,4.44721365,0.143743305,890.476256,3008656476
0,1563,1562,128,4.78789759,0.134610176,950.893935,3008656476
0,1564,1563,128,4.86565304,0.147037202,870.527991,3008656476
0,1565,1564,128,4.43044376,0.146676213,872.670472,3008656476
0,1566,1565,128,4.34589338,0.125064161,1023.47466,3008656476
0,1567,1566,128,3.59892106,0.131490326,973.455644,3008656476
0,1568,1567,128,3.19633865,0.146283449,875.01355,3008656476
0,1569,1568,128,2.71126509,0.173756751,736.662025,3008656476
0,1570,1569,128,3.50510859,0.130337441,982.066235,3008656476
0,1571,1570,128,3.8320837,0.128539014,995.806612,3008656476
0,1572,1571,128,4.11103058,0.143252434,893.527575,3008656476
0,1573,1572,128,3.08367586,0.145521441,879.595468,3008656476
0,1574,1573,128,3.9015677,0.128011164,999.912789,3008656476
0,1575,1574,128,4.78594351,0.129060707,991.781333,3008656476
0,1576,1575,128,4.66310692,0.128657602,994.888744,3008656476
0,1577,1576,128,4.2084589,0.127933797,1000.51748,3008656476
0,1578,1577,128,4.40820837,0.129586601,987.756443,3008656476
0,1579,1578,128,3.70543671,0.129173186,990.917728,3008656476
0,1580,1579,128,4.14513159,0.141449443,904.91696,3008656476
0,1581,1580,128,4.37390232,0.144591099,885.255046,3008656476
0,1582,1581,128,3.99777508,0.129153188,991.071161,3008656476
0,1583,1582,128,4.07533407,0.12909831,991.492453,3008656476
0,1584,1583,128,3.9628315,0.128705553,994.518084,3008656476
0,1585,1584,128,4.12305403,0.128985361,992.360676,3008656476
0,1586,1585,128,4.29838753,0.128851232,993.393684,3008656476
0,1587,1586,128,4.62185907,0.130071639,984.073092,3008656476
0,1588,1587,128,3.73031878,0.143173336,894.021216,3008656476
0,1589,1588,128,3.86658835,0.142414065,898.78763,3008656476
0,1590,1589,128,4.25552893,0.130204793,983.066729,3008656476
0,1591,1590,128,3.54341149,0.130215014,982.989565,3008656476
0,1592,1591,128,3.51448321,0.130097554,983.877068,3008656476
0,1593,1592,128,3.85231018,0.128911202,992.931553,3008656476
0,1594,1593,128,4.55421543,0.129492411,988.474915,3008656476
0,1595,1594,128,4.33280134,0.128947089,992.655212,3008656476
0,1596,1595,128,3.97671223,0.144220905,887.527366,3008656476
0,1597,1596,128,3.82570148,0.144976514,882.901626,3008656476
0,1598,1597,128,4.22566366,0.12876335,994.071683,3008656476
0,1599,1598,128,3.79454517,0.129697339,986.913078,3008656476
0,1600,1599,128,4.01954889,0.129571216,987.873727,3008656476
0,1601,1600,128,3.22898388,0.129287311,990.043021,3008656476
0,1602,1601,128,3.6011188,0.131153593,975.954963,3008656476
0,1603,1602,128,3.80878401,0.131486656,973.482815,3008656476
0,1604,1603,128,3.68594813,0.147068688,870.341619,3008656476
0,1605,1604,128,3.44869256,0.146285684,875.000181,3008656476
0,1606,1605,128,2.83247113,0.132848509,963.503474,3008656476
0,1607,1606,128,2.78230143,0.13879039,922.254055,3008656476
0,1608,1607,128,4.04519844,0.144061506,888.509384,3008656476
0,1609,1608,128,4.06577635,0.143637754,891.130615,3008656476
0,1610,1609,128,3.75606608,0.134479126,951.820582,3008656476
0,1611,1610,128,3.73215461,0.148357374,862.781516,3008656476
0,1612,1611,128,4.21968699,0.144892428,883.414004,3008656476
0,1613,1612,128,4.20959425,0.131574016,972.83646,3008656476
0,1614,1613,128,3.50686359,0.132096986,968.985015,3008656476
0,1615,1614,128,3.31353855,0.132201587,968.218332,3008656476
0,1616,1615,128,3.38352776,0.121912747,1049.93123,3008656476
0,1617,1616,128,3.64225173,0.132878928,963.282907,3008656476
0,1618,1617,128,3.73190689,0.131835893,970.904031,3008656476
0,1619,1618,128,2.62493014,0.148638728,861.148381,3008656476
0,1620,1619,128,3.98638368,0.146065743,876.317728,3008656476
0,1621,1620,128,4.58642197,0.130898132,977.859638,3008656476
0,1622,1621,128,4.34819174,0.131669513,972.130883,3008656476
0,1623,1622,128,3.57977152,0.131702954,971.884047,3008656476
0,1624,1623,128,4.07442188,0.13313872,961.403264,3008656476
0,1625,1624,128,3.73387504,0.130733235,979.093036,3008656476
0,1626,1625,128,3.42439485,0.129497099,988.439131,3008656476
0,1627,1626,128,4.05747223,0.144438947,886.187574,3008656476
0,1628,1627,128,3.92134738,0.143624752,891.211286,3008656476
0,1629,1628,128,3.78052235,0.129989684,984.693524,3008656476
0,1630,1629,128,3.39825678,0.128617067,995.202293,3008656476
0,1631,1630,128,3.96248674,0.128761674,994.084622,3008656476
0,1632,1631,128,3.68217492,0.128737262,994.273127,3008656476
0,1633,1632,128,4.00223112,0.128257886,997.989317,3008656476
0,1634,1633,128,3.79793167,0.128386023,996.993263,3008656476
0,1635,1634,128,3.75767183,0.140996713,907.822582,3008656476
0,1636,1635,128,3.61691904,0.1415163,904.489448,3008656476
0,1637,1636,128,3.37511015,0.128992083,992.308962,3008656476
0,1638,1637,128,3.64322519,0.129151011,991.087867,3008656476
0,1639,1638,128,4.41770411,0.128929852,992.787923,3008656476
0,1640,1639,128,4.62552404,0.127778993,1001.7296,3008656476
0,1641,1640,128,3.86153293,0.129274495,990.141172,3008656476
0,1642,1641,128,2.74340796,0.129376514,989.360403,3008656476
0,1643,1642,128,3.97416735,0.143210738,893.787727,3008656476
0,1644,1643,128,3.24937224,0.142067708,900.978849,3008656476
0,1645,1644,128,3.27362156,0.128454116,996.464761,3008656476
0,1646,1645,128,2.59694552,0.129355733,989.519344,3008656476
0,1647,1646,128,4.41256189,0.129345945,989.594223,3008656476
0,1648,1647,128,3.79442883,0.129594054,987.699636,3008656476
0,1649,1648,128,3.36063886,0.130225937,982.907115,3008656476
0,1650,1649,128,3.08192492,0.129559934,987.95975,3008656476
0,1651,1650,128,3.37224746,0.142243273,899.866808,3008656476
0,1652,1651,128,3.7223258,0.143755917,890.398132,3008656476
0,1653,1652,128,3.96204448,0.130181137,983.245368,3008656476
0,1654,1653,128,3.11314178,0.129098656,991.489795,3008656476
0,1655,1654,128,3.43352389,0.129847647,985.770655,3008656476
0,1656,1655,128,3.2950573,0.12960393,987.624372,3008656476
0,1657,1656,128,3.90921235,0.128725507,994.363922,3008656476
0,1658,1657,128,3.95983744,0.13012408,983.676503,3008656476
0,1659,1658,128,4.28004408,0.136029698,940.970993,3008656476
0,1660,1659,128,4.13392162,0.144139524,888.028463,3008656476
0,1661,1660,128,2.92758656,0.129512812,988.31921,3008656476
0,1662,1661,128,3.1664145,0.128744981,994.213514,3008656476
0,1663,1662,128,3.50082254,0.129434072,988.920444,3008656476
0,1664,1663,128,4.12621403,0.129861409,985.666188,3008656476
0,1665,1664,128,4.10722971,0.128473006,996.318246,3008656476
0,1666,1665,128,3.62941003,0.128873136,993.224841,3008656476
0,1667,1666,128,3.95142102,0.134430253,952.166623,3008656476
0,1668,1667,128,4.17760086,0.145602486,879.105869,3008656476
0,1669,1668,128,4.24206495,0.13049667,980.867941,3008656476
0,1670,1669,128,3.88828397,0.130018507,984.475233,3008656476
0,1671,1670,128,4.14995289,0.129617221,987.523101,3008656476
0,1672,1671,128,2.91781974,0.129937417,985.089614,3008656476
0,1673,1672,128,3.56359911,0.131618261,972.50943,3008656476
0,1674,1673,128,3.74612164,0.132054845,969.294235,3008656476
0,1675,1674,128,4.03880262,0.133027149,962.209601,3008656476
0,1676,1675,128,3.63877821,0.147500351,867.794545,3008656476
0,1677,1676,128,3.61083174,0.131956599,970.015907,3008656476
0,1678,1677,128,4.34695959,0.133380763,959.658628,3008656476
0,1679,1678,128,4.17789555,0.132438838,966.483865,3008656476
0,1680,1679,128,4.26718712,0.133055033,962.007954,3008656476
0,1681,1680,128,3.90956235,0.13904239,920.582565,3008656476
0,1682,1681,128,4.35538673,0.156050554,820.247008,3008656476
0,1683,1682,128,4.11876583,0.145930482,877.129975,3008656476
0,1684,1683,128,3.94972539,0.132533733,965.791856,3008656476
0,1685,1684,128,3.64505434,0.132699872,964.582694,3008656476
0,1686,1685,128,2.89944267,0.133445524,959.192906,3008656476
0,1687,1686,128,4.05281878,0.132053544,969.303785,3008656476
0,1688,1687,128,3.54181671,0.131292587,974.92176,3008656476
0,1689,1688,128,3.57557416,0.13251387,965.936622,3008656476
0,1690,1689,128,3.9140172,0.146152789,875.795808,3008656476
0,1691,1690,128,4.19007587,0.14412791,888.100022,3008656476
0,1692,1691,128,4.19448805,0.13426751,953.320725,3008656476
0,1693,1692,128,3.83682966,0.130876684,978.019889,3008656476
0,1694,1693,128,4.20380878,0.131192088,975.668594,3008656476
0,1695,1694,128,4.31582212,0.130196453,983.129702,3008656476
0,1696,1695,128,4.24742079,0.130890058,977.919958,3008656476
0,1697,1696,128,4.06013632,0.130063064,984.137972,3008656476
0,1698,1697,128,4.169981,0.143465949,892.197772,3008656476
0,1699,1698,128,4.65900803,0.145506304,879.686972,3008656476
0,1700,1699,128,4.23458385,0.128624457,995.145115,3008656476
0,1701,1700,128,4.20741892,0.128226062,998.237004,3008656476
0,1702,1701,128,3.98421192,0.12869002,994.638123,3008656476
0,1703,1702,128,2.64715385,0.127661815,1002.64907,3008656476
0,1704,1703,128,3.06614017,0.128182329,998.577581,3008656476
0,1705,1704,128,2.92085433,0.128754943,994.13659,3008656476
0,1706,1705,128,3.08918619,0.142520349,898.117363,3008656476
0,1707,1706,128,3.55206966,0.142264068,899.735273,3008656476
0,1708,1707,128,3.61853957,0.127722447,1002.17309,3008656476
0,1709,1708,128,4.43264627,0.128262993,997.94958,3008656476
0,1710,1709,128,3.62577963,0.129787754,986.225557,3008656476
0,1711,1710,128,4.18269825,0.128857839,993.342749,3008656476
0,1712,1711,128,3.79350305,0.129041636,991.927908,3008656476
0,1713,1712,128,3.30070782,0.129172388,990.92385,3008656476
0,1714,1713,128,3.62014818,0.140443252,911.400143,3008656476
0,1715,1714,128,3.86442399,0.145193606,881.581521,3008656476
0,1716,1715,128,3.56851959,0.129025925,992.048691,3008656476
0,1717,1716,128,3.51590037,0.130387435,981.689685,3008656476
0,1718,1717,128,4.30152321,0.129485897,988.524642,3008656476
0,1719,1718,128,3.1610353,0.130470059,981.068001,3008656476
0,1720,1719,128,3.85180211,0.129724512,986.706352,3008656476
0,1721,1720,128,4.37529278,0.130074186,984.053823,3008656476
0,1722,1721,128,3.64543962,0.145047652,882.468611,3008656476
0,1723,1722,128,4.25804567,0.1448683,883.561138,3008656476
0,1724,1723,128,4.11207008,0.12913492,991.211363,3008656476
0,1725,1724,128,4.56000137,0.129400013,989.180735,3008656476
0,1726,1725,128,3.86382151,0.128976243,992.430831,3008656476
0,1727,1726,128,4.58100939,0.129524526,988.229828,3008656476
0,1728,1727,128,4.13121223,0.12879772,993.806412,3008656476
0,1729,1728,128,3.93355513,0.12859917,995.340794,3008656476
0,1730,1729,128,4.21486998,0.143829833,889.940545,3008656476
0,1731,1730,128,3.28048086,0.144382817,886.532086,3008656476
0,1732,1731,128,3.47886658,0.130475115,981.029984,3008656476
0,1733,1732,128,3.81890821,0.129903688,985.345389,3008656476
0,1734,1733,128,3.38127995,0.130644631,979.757063,3008656476
0,1735,1734,128,4.1068244,0.131069687,976.579733,3008656476
0,1736,1735,128,3.05458331,0.131648865,972.283354,3008656476
0,1737,1736,128,3.85242534,0.131798762,971.177559,3008656476
0,1738,1737,128,2.92287588,0.135286393,946.140977,3008656476
0,1739,1738,128,3.35372758,0.145900561,877.309855,3008656476
0,1740,1739,128,2.89681625,0.132979626,962.553467,3008656476
0,1741,1740,128,3.06749058,0.132407223,966.714633,3008656476
0,1742,1741,128,3.39676023,0.138633954,923.294736,3008656476
0,1743,1742,128,3.77687502,0.142420561,898.746635,3008656476
0,1744,1743,128,3.75534391,0.14399507,888.919322,3008656476
0,1745,1744,128,4.32158947,0.152987741,836.668345,3008656476
0,1746,1745,128,2.7961936,0.149306209,857.298574,3008656476
0,1747,1746,128,4.28311825,0.133080834,961.821445,3008656476
0,1748,1747,128,4.60371351,0.13331277,960.148079,3008656476
0,1749,1748,128,3.64116621,0.144354624,886.705229,3008656476
0,1750,1749,128,4.24262905,0.134743445,949.953447,3008656476
0,1751,1750,128,3.48873758,0.133153449,961.296917,3008656476
0,1752,1751,128,4.23603487,0.131709588,971.835095,3008656476
0,1753,1752,128,3.5514853,0.145824159,877.769506,3008656476
0,1754,1753,128,4.38328314,0.147747369,866.343684,3008656476
0,1755,1754,128,4.06281614,0.132703788,964.55423,3008656476
0,1756,1755,128,4.45420313,0.132721658,964.424359,3008656476
0,1757,1756,128,3.80393386,0.131259974,975.16399,3008656476
0,1758,1757,128,3.31779885,0.131553046,972.991534,3008656476
0,1759,1758,128,3.46292806,0.131718953,971.765999,3008656476
0,1760,1759,128,3.85326314,0.130609653,980.019448,3008656476
0,1761,1760,128,4.26807022,0.135214283,946.645555,3008656476
0,1762,1761,128,3.28914022,0.145634087,878.915113,3008656476
0,1763,1762,128,4.66275263,0.131532288,973.145088,3008656476
0,1764,1763,128,3.56335473,0.131200681,975.604692,3008656476
0,1765,1764,128,3.57687759,0.132285801,967.601958,3008656476
0,1766,1765,128,2.81738544,0.132844147,963.535112,3008656476
0,1767,1766,128,3.89884949,0.131435012,973.86532,3008656476
0,1768,1767,128,4.26374769,0.145728726,878.344329,3008656476
0,1769,1768,128,3.64178777,0.128336414,997.378655,3008656476
0,1770,1769,128,3.51285315,0.133518829,958.666287,3008656476
0,1771,1770,128,3.81004286,0.128724355,994.372821,3008656476
0,1772,1771,128,3.5530529,0.129530888,988.18129,3008656476
0,1773,1772,128,3.21667147,0.130264962,982.612654,3008656476
0,1774,1773,128,3.2688756,0.128534139,995.84438,3008656476
0,1775,1774,128,3.16578722,0.129090267,991.554228,3008656476
0,1776,1775,128,3.64797688,0.138292192,925.576478,3008656476
0,1777,1776,128,3.66972542,0.127640696,1002.81496,3008656476
0,1778,1777,128,3.37318683,0.140979206,907.935316,3008656476
0,1779,1778,128,3.00336099,0.130918711,977.705929,3008656476
0,1780,1779,128,3.99364948,0.129770499,986.356691,3008656476
0,1781,1780,128,3.17580056,0.129689854,986.970037,3008656476
0,1782,1781,128,2.46641994,0.129895153,985.410133,3008656476
0,1783,1782,128,2.60597014,0.129835147,985.865561,3008656476
0,1784,1783,128,3.1574297,0.137457302,931.198257,3008656476
0,1785,1784,128,3.5531168,0.128313046,997.560295,3008656476
0,1786,1785,128,3.5988152,0.137328753,932.069921,3008656476
0,1787,1786,128,2.79337621,0.130328285,982.135229,3008656476
0,1788,1787,128,3.13799453,0.129413121,989.080543,3008656476
0,1789,1788,128,2.8936193,0.129170397,990.939124,3008656476
0,1790,1789,128,3.28730679,0.129455534,988.756495,3008656476
0,1791,1790,128,2.65730333,0.129320095,989.792035,3008656476
0,1792,1791,128,4.02463436,0.140369568,911.878563,3008656476
0,1793,1792,128,3.6141367,0.125432799,1020.46674,3008656476
0,1794,1793,128,3.33988023,0.140407544,911.631928,3008656476
0,1795,1794,128,3.40836883,0.131518637,973.246096,3008656476
0,1796,1795,128,2.48752642,0.132543994,965.717089,3008656476
0,1797,1796,128,3.56966138,0.130462829,981.12237,3008656476
0,1798,1797,128,3.88469267,0.129635061,987.387201,3008656476
0,1799,1798,128,3.66562152,0.130419216,981.450464,3008656476
0,1800,1799,128,3.11883187,0.138525329,924.01874,3008656476
0,1801,1800,128,2.92507291,0.128105054,999.179939,3008656476
0,1802,1801,128,3.43981218,0.138403276,924.8336,3008656476
0,1803,1802,128,2.69654655,0.130229324,982.881551,3008656476
0,1804,1803,128,3.57726431,0.130505574,980.801019,3008656476
0,1805,1804,128,3.00951457,0.129413339,989.078877,3008656476
0,1806,1805,128,3.91267419,0.128746018,994.205506,3008656476
0,1807,1806,128,3.42373037,0.129516478,988.291235,3008656476
0,1808,1807,128,3.84354472,0.139384516,918.322951,3008656476
0,1809,1808,128,3.56331062,0.124957818,1024.34567,3008656476
0,1810,1809,128,4.64262676,0.14186755,902.250021,3008656476
0,1811,1810,128,3.40605879,0.130247257,982.746224,3008656476
0,1812,1811,128,3.29650116,0.13133073,974.638609,3008656476
0,1813,1812,128,2.95404339,0.133244761,960.638145,3008656476
0,1814,1813,128,2.84650564,0.130163639,983.377547,3008656476
0,1815,1814,128,3.84051752,0.129270336,990.173028,3008656476
0,1816,1815,128,4.18112993,0.144295244,887.070124,3008656476
0,1817,1816,128,3.3783834,0.129629831,987.427038,3008656476
0,1818,1817,128,3.63790703,0.134328202,952.889997,3008656476
0,1819,1818,128,2.48072791,0.130519304,980.697844,3008656476
0,1820,1819,128,2.3650949,0.129081388,991.622433,3008656476
0,1821,1820,128,3.11714911,0.130091897,983.919852,3008656476
0,1822,1821,128,3.73876047,0.129855765,985.709029,3008656476
0,1823,1822,128,4.63114357,0.129282515,990.079749,3008656476
0,1824,1823,128,4.01303053,0.142837264,896.124698,3008656476
0,1825,1824,128,3.35269284,0.127595246,1003.17217,3008656476
0,1826,1825,128,2.93015623,0.133328795,960.032677,3008656476
0,1827,1826,128,4.00084829,0.130009847,984.540809,3008656476
0,1828,1827,128,3.0885396,0.130256286,982.678103,3008656476
0,1829,1828,128,3.26497316,0.129756235,986.465121,3008656476
0,1830,1829,128,3.50148702,0.129349539,989.566727,3008656476
0,1831,1830,128,3.40848732,0.129038316,991.953429,3008656476
0,1832,1831,128,3.90539169,0.13890595,921.486805,3008656476
0,1833,1832,128,3.35353231,0.126691575,1010.32764,3008656476
0,1834,1833,128,3.46328425,0.139226659,919.364157,3008656476
0,1835,1834,128,3.96590114,0.130767507,978.836432,3008656476
0,1836,1835,128,3.49106669,0.129727003,986.687405,3008656476
0,1837,1836,128,2.68596148,0.129869199,985.607065,3008656476
0,1838,1837,128,4.04524469,0.129751701,986.499591,3008656476
0,1839,1838,128,4.26858902,0.128299293,997.667228,3008656476
0,1840,1839,128,4.03364849,0.135194069,946.787096,3008656476
0,1841,1840,128,3.95721459,0.12617681,1014.44949,3008656476
0,1842,1841,128,3.95952296,0.141261843,906.118717,3008656476
0,1843,1842,128,3.98515987,0.1297272,986.685907,3008656476
0,1844,1843,128,4.10351753,0.129672416,987.102762,3008656476
0,1845,1844,128,3.97092676,0.130535484,980.576285,3008656476
0,1846,1845,128,2.84008932,0.128621033,995.171606,3008656476
0,1847,1846,128,3.32113981,0.129204233,990.679617,3008656476
0,1848,1847,128,2.74967146,0.129111051,991.39461,3008656476
0,1849,1848,128,3.57571244,0.132887876,963.218044,3008656476
0,1850,1849,128,3.85492921,0.144881936,883.477979,3008656476
0,1851,1850,128,4.32450724,0.129320734,989.787144,3008656476
0,1852,1851,128,3.47324872,0.129364544,989.451948,3008656476
0,1853,1852,128,3.05147505,0.128867475,993.268472,3008656476
0,1854,1853,128,3.47587872,0.128651281,994.937625,3008656476
0,1855,1854,128,4.26299763,0.128086403,999.325432,3008656476
0,1856,1855,128,3.65891147,0.128841862,993.465928,3008656476
0,1857,1856,128,3.33981133,0.132594763,965.347327,3008656476
0,1858,1857,128,2.67582846,0.146029123,876.537484,3008656476
0,1859,1858,128,4.0108366,0.128603539,995.30698,3008656476
0,1860,1859,128,3.09494781,0.128495998,996.139973,3008656476
0,1861,1860,128,3.85356855,0.128606133,995.286904,3008656476
0,1862,1861,128,3.87211561,0.128509459,996.03563,3008656476
0,1863,1862,128,3.78604841,0.127751851,1001.94243,3008656476
0,1864,1863,128,3.99201393,0.129681957,987.030139,3008656476
0,1865,1864,128,4.21043158,0.137255273,932.568908,3008656476
0,1866,1865,128,3.7509923,0.141452643,904.896489,3008656476
0,1867,1866,128,3.72106409,0.128425834,996.684203,3008656476
0,1868,1867,128,4.58264589,0.129334448,989.682192,3008656476
0,1869,1868,128,3.68059683,0.127677604,1002.52508,3008656476
0,1870,1869,128,3.45750904,0.129066331,991.738116,3008656476
0,1871,1870,128,3.91024446,0.129210344,990.632762,3008656476
0,1872,1871,128,3.16393518,0.128688452,994.650243,3008656476
0,1873,1872,128,3.78454256,0.140572861,910.559827,3008656476
0,1874,1873,128,3.50900578,0.140824106,908.935293,3008656476
0,1875,1874,128,4.11335945,0.128283486,997.79016,3008656476
0,1876,1875,128,3.387429,0.129383502,989.306967,3008656476
0,1877,1876,128,3.11803555,0.12960671,987.603188,3008656476
0,1878,1877,128,3.13449907,0.129135374,991.207878,3008656476
0,1879,1878,128,3.00876927,0.129635759,987.381884,3008656476
0,1880,1879,128,2.39889836,0.128559923,995.644654,3008656476
0,1881,1880,128,3.1179893,0.142122428,900.631954,3008656476
0,1882,1881,128,3.5674758,0.14137742,905.377959,3008656476
0,1883,1882,128,3.52538633,0.130286963,982.446724,3008656476
0,1884,1883,128,2.8908534,0.13018257,983.234545,3008656476
0,1885,1884,128,3.18786907,0.129654383,987.240053,3008656476
0,1886,1885,128,3.18186975,0.129944325,985.037246,3008656476
0,1887,1886,128,3.58570552,0.129566672,987.908372,3008656476
0,1888,1887,128,2.72215581,0.129024559,992.059194,3008656476
0,1889,1888,128,2.90955949,0.137043837,934.007707,3008656476
0,1890,1889,128,4.22887993,0.146040984,876.466294,3008656476
0,1891,1890,128,3.97347951,0.128784892,993.905403,3008656476
0,1892,1891,128,3.48776555,0.128911758,992.92727,3008656476
0,1893,1892,128,3.72088718,0.128768879,994.029,3008656476
0,1894,1893,128,3.02198315,0.12979899,986.140185,3008656476
0,1895,1894,128,3.39520764,0.129500757,988.411211,3008656476
0,1896,1895,128,3.60697055,0.129206258,990.66409,3008656476
0,1897,1896,128,3.89514542,0.133825125,956.472112,3008656476
0,1898,1897,128,3.71968007,0.143153055,894.147876,3008656476
0,1899,1898,128,4.07131624,0.129444997,988.836981,3008656476
0,1900,1899,128,5.43036842,0.129258732,990.261919,3008656476
0,1901,1900,128,4.09795713,0.129682703,987.024461,3008656476
0,1902,1901,128,3.34454751,0.129832285,985.887293,3008656476
0,1903,1902,128,3.55975986,0.129508149,988.354795,3008656476
0,1904,1903,128,4.0914135,0.129521216,988.255082,3008656476
0,1905,1904,128,2.58046031,0.134966248,948.385259,3008656476
0,1906,1905,128,4.01015997,0.142012595,901.328505,3008656476
0,1907,1906,128,2.70450115,0.12876738,994.040571,3008656476
0,1908,1907,128,3.08566403,0.129220491,990.554973,3008656476
0,1909,1908,128,3.6884954,0.128814522,993.676784,3008656476
0,1910,1909,128,3.36414695,0.128504879,996.07113,3008656476
0,1911,1910,128,3.52743125,0.12983296,985.882167,3008656476
0,1912,1911,128,3.38101101,0.129223966,990.528336,3008656476
0,1913,1912,128,3.4499712,0.139353151,918.529643,3008656476
0,1914,1913,128,3.4837184,0.144137653,888.03999,3008656476
0,1915,1914,128,3.69627643,0.129566721,987.907998,3008656476
0,1916,1915,128,2.77528811,0.130165707,983.361923,3008656476
0,1917,1916,128,3.81486893,0.129994352,984.658164,3008656476
0,1918,1917,128,3.25283527,0.130079985,984.009954,3008656476
0,1919,1918,128,3.24749446,0.131343808,974.541563,3008656476
0,1920,1919,128,3.00179625,0.131731753,971.671576,3008656476
0,1921,1920,128,3.31234622,0.136331161,938.890266,3008656476
0,1922,1921,128,3.67163467,0.143301284,893.22298,3008656476
0,1923,1922,128,3.62617159,0.132896971,963.152125,3008656476
0,1924,1923,128,3.62403059,0.132843874,963.537092,3008656476
0,1925,1924,128,3.35176229,0.134409255,952.315374,3008656476
0,1926,1925,128,2.81516266,0.135904152,941.840246,3008656476
0,1927,1926,128,3.47437716,0.144316848,886.937331,3008656476
0,1928,1927,128,3.6380899,0.147336461,868.759838,3008656476
0,1929,1928,128,4.07745504,0.146903707,871.319061,3008656476
0,1930,1929,128,4.99062061,0.132933735,962.885757,3008656476
0,1931,1930,128,4.36049128,0.132821603,963.698654,3008656476
0,1932,1931,128,2.59413147,0.131742457,971.592628,3008656476
0,1933,1932,128,2.63111854,0.13201402,969.593987,3008656476
0,1934,1933,128,3.10367012,0.132165174,968.485087,3008656476
0,1935,1934,128,3.09122348,0.132239819,967.938409,3008656476
0,1936,1935,128,2.54534411,0.145361287,880.564576,3008656476
0,1937,1936,128,3.92315769,0.143598598,891.373605,3008656476
0,1938,1937,128,3.55824089,0.130937907,977.562594,3008656476
0,1939,1938,128,3.77842021,0.130535733,980.574415,3008656476
0,1940,1939,128,3.04076862,0.132730087,964.363114,3008656476
0,1941,1940,128,2.90164232,0.130422796,981.423524,3008656476
0,1942,1941,128,2.31118989,0.129890015,985.449112,3008656476
0,1943,1942,128,4.21075344,0.12941854,989.039128,3008656476
0,1944,1943,128,3.23864555,0.142498301,898.256324,3008656476
0,1945,1944,128,3.67553997,0.142231381,899.942046,3008656476
0,1946,1945,128,3.86800003,0.128917631,992.882036,3008656476
0,1947,1946,128,2.45276952,0.128088203,999.311389,3008656476
0,1948,1947,128,2.95144725,0.130096745,983.883186,3008656476
0,1949,1948,128,3.89957213,0.128309416,997.588517,3008656476
0,1950,1949,128,3.54404998,0.128947824,992.649554,3008656476
0,1951,1950,128,4.18019199,0.127760296,1001.8762,3008656476
0,1952,1951,128,4.19533062,0.142589484,897.681908,3008656476
0,1953,1952,128,3.45467138,0.141917212,901.934291,3008656476
0,1954,1953,128,3.30684781,0.129283744,990.070337,3008656476
0,1955,1954,128,3.57407045,0.129186804,990.813272,3008656476
0,1956,1955,128,3.33154726,0.128685588,994.672379,3008656476
0,1957,1956,128,3.94767499,0.128908969,992.948753,3008656476
0,1958,1957,128,3.52309513,0.129154012,991.064838,3008656476
0,1959,1958,128,3.23900509,0.129570955,987.875716,3008656476
0,1960,1959,128,2.65550399,0.144865919,883.57566,3008656476
0,1961,1960,128,3.63614774,0.142925725,895.570059,3008656476
0,1962,1961,128,3.42267132,0.129990234,984.689358,3008656476
0,1963,1962,128,3.4620924,0.130909796,977.772511,3008656476
0,1964,1963,128,2.62616611,0.12918033,990.862928,3008656476
0,1965,1964,128,2.67908525,0.12963191,987.411201,3008656476
0,1966,1965,128,3.09029889,0.130378499,981.756969,3008656476
0,1967,1966,128,3.52631712,0.129553024,988.012445,3008656476
0,1968,1967,128,3.77014041,0.144881179,883.482595,3008656476
0,1969,1968,128,3.96537399,0.147055107,870.421998,3008656476
0,1970,1969,128,3.27366424,0.129567733,987.900282,3008656476
0,1971,1970,128,3.30554795,0.129563901,987.929501,3008656476
0,1972,1971,128,3.53236651,0.129909636,985.300274,3008656476
0,1973,1972,128,4.1430335,0.130197649,983.120671,3008656476
0,1974,1973,128,3.38930583,0.130556467,980.418687,3008656476
0,1975,1974,128,1.7315774,0.13132856,974.654713,3008656476
0,1976,1975,128,2.68681383,0.148145116,864.017684,3008656476
0,1977,1976,128,2.89660931,0.14658129,873.235595,3008656476
0,1978,1977,128,2.87861109,0.138166894,926.415846,3008656476
0,1979,1978,128,3.32933092,0.132705386,964.542615,3008656476
0,1980,1979,128,3.44003105,0.13248146,966.172927,3008656476
0,1981,1980,128,3.98920584,0.132634656,965.056976,3008656476
0,1982,1981,128,3.94471288,0.131972647,969.897952,3008656476
0,1983,1982,128,3.36993718,0.143412449,892.530606,3008656476
0,1984,1983,128,4.09919548,0.145230366,881.358379,3008656476
0,1985,1984,128,2.84627151,0.131385979,974.228765,3008656476
0,1986,1985,128,2.65846968,0.132023403,969.525077,3008656476
0,1987,1986,128,2.59364605,0.132840746,963.55978,3008656476
0,1988,1987,128,3.4551971,0.130300454,982.345004,3008656476
0,1989,1988,128,3.7224803,0.130268631,982.584979,3008656476
0,1990,1989,128,4.15794706,0.130008298,984.55254,3008656476
0,1991,1990,128,2.86384988,0.142634859,897.396337,3008656476
0,1992,1991,128,2.52828741,0.14280757,896.311029,3008656476
0,1993,1992,128,2.85144305,0.129144277,991.139545,3008656476
0,1994,1993,128,3.52740431,0.129637664,987.367375,3008656476
0,1995,1994,128,3.2124958,0.128969485,992.482834,3008656476
0,1996,1995,128,3.21569276,0.128821598,993.622203,3008656476
0,1997,1996,128,3.1314528,0.128888724,993.104719,3008656476
0,1998,1997,128,3.60082555,0.128814177,993.679446,3008656476
0,1999,1998,128,3.55517459,0.145877932,877.445946,3008656476
0,2000,1999,128,4.67119312,0.145036753,882.534925,3008656476
0,2001,2000,128,3.37301517,0.128287876,997.756016,3008656476
0,2002,2001,128,2.64949775,0.129853165,985.728765,3008656476
0,2003,2002,128,3.56014872,0.130237322,982.821192,3008656476
0,2004,2003,128,3.37900281,0.130266993,982.597334,3008656476
0,2005,2004,128,3.12386298,0.1290656,991.743733,3008656476
0,2006,2005,128,2.88128996,0.130201573,983.091041,3008656476
0,2007,2006,128,3.07684112,0.143883016,889.611599,3008656476
0,2008,2007,128,3.04528499,0.144140944,888.019715,3008656476
0,2009,2008,128,3.2957685,0.129762901,986.414445,3008656476
0,2010,2009,128,3.18149209,0.12847584,996.296269,3008656476
0,2011,2010,128,3.27436447,0.128892876,993.072728,3008656476
0,2012,2011,128,4.19042826,0.129106261,991.431392,3008656476
0,2013,2012,128,4.63499308,0.129756618,986.462209,3008656476
0,2014,2013,128,4.08512831,0.129413081,989.080849,3008656476
0,2015,2014,128,4.58552027,0.14297324,895.27243,3008656476
0,2016,2015,128,3.63072562,0.159886608,800.567362,3008656476
0,2017,2016,128,3.77202702,0.17267319,741.284736,3008656476
0,2018,2017,128,4.46016407,0.130833809,978.340392,3008656476
0,2019,2018,128,3.8981123,0.131732919,971.662975,3008656476
0,2020,2019,128,3.7987802,0.13211257,968.870714,3008656476
0,2021,2020,128,3.38778162,0.132107521,968.907743,3008656476
0,2022,2021,128,4.1059041,0.146415293,874.225618,3008656476
0,2023,2022,128,4.17853165,0.145880859,877.42834,3008656476
0,2024,2023,128,4.09116983,0.133780528,956.790961,3008656476
0,2025,2024,128,4.35385609,0.132805351,963.816586,3008656476
0,2026,2025,128,4.01823616,0.133241727,960.660019,3008656476
0,2027,2026,128,4.01944923,0.139114203,920.107345,3008656476
0,2028,2027,128,4.31612682,0.143822309,889.987102,3008656476
0,2029,2028,128,4.06302643,0.144055542,888.546169,3008656476
0,2030,2029,128,4.42394209,0.152083754,841.641508,3008656476
0,2031,2030,128,4.20422888,0.155067914,825.444779,3008656476
0,2032,2031,128,4.08914614,0.137299875,932.265962,3008656476
0,2033,2032,128,3.28013325,0.132711002,964.501798,3008656476
0,2034,2033,128,3.75290489,0.133594646,958.122229,3008656476
0,2035,2034,128,3.4723618,0.132904811,963.095309,3008656476
0,2036,2035,128,4.30220795,0.133242157,960.656919,3008656476
0,2037,2036,128,3.02592111,0.133037781,962.132704,3008656476
0,2038,2037,128,3.29482937,0.139155229,919.836077,3008656476
0,2039,2038,128,3.54083753,0.141876343,902.194103,3008656476
0,2040,2039,128,4.03338766,0.133424668,959.342841,3008656476
0,2041,2040,128,3.71138692,0.132029524,969.480129,3008656476
0,2042,2041,128,4.95320225,0.131875781,970.610366,3008656476
0,2043,2042,128,4.73078775,0.133975427,955.399082,3008656476
0,2044,2043,128,4.8619833,0.131582618,972.772863,3008656476
0,2045,2044,128,4.16638851,0.149458004,856.42787,3008656476
0,2046,2045,128,3.90711689,0.147722422,866.48999,3008656476
0,2047,2046,128,3.82658291,0.129884839,985.488383,3008656476
0,2048,2047,128,3.92360449,0.128244494,998.093532,3008656476
0,2049,2048,128,4.27091074,0.129484151,988.537972,3008656476
0,2050,2049,128,4.0265975,0.132753322,964.194327,3008656476
0,2051,2050,128,4.01466179,0.129112281,991.385165,3008656476
0,2052,2051,128,4.2676959,0.129552129,988.019271,3008656476
0,2053,2052,128,3.43072844,0.143955863,889.161423,3008656476
0,2054,2053,128,4.09656715,0.146758585,872.180663,3008656476
0,2055,2054,128,4.58084059,0.129225575,990.516003,3008656476
0,2056,2055,128,3.54148316,0.129043762,991.911566,3008656476
0,2057,2056,128,3.74957371,0.129716049,986.770727,3008656476
0,2058,2057,128,4.07823133,0.129840225,985.827004,3008656476
0,2059,2058,128,3.68858457,0.129643539,987.322631,3008656476
0,2060,2059,128,3.77447557,0.129973013,984.819826,3008656476
0,2061,2060,128,2.9013114,0.142504299,898.218516,3008656476
0,2062,2061,128,4.23587656,0.134649894,950.613448,3008656476
0,2063,2062,128,3.93016481,0.128986668,992.35062,3008656476
0,2064,2063,128,3.43384123,0.130021703,984.451034,3008656476
0,2065,2064,128,3.55125499,0.12989559,985.406818,3008656476
0,2066,2065,128,3.37175488,0.129087998,991.571656,3008656476
0,2067,2066,128,3.50644803,0.130440244,981.292246,3008656476
0,2068,2067,128,3.43726635,0.129569408,987.887511,3008656476
0,2069,2068,128,3.60779214,0.143889551,889.571196,3008656476
0,2070,2069,128,3.55651307,0.142365532,899.094031,3008656476
0,2071,2070,128,4.24318123,0.128709062,994.490971,3008656476
0,2072,2071,128,4.25557518,0.129519231,988.270228,3008656476
0,2073,2072,128,3.64196897,0.12889872,993.027704,3008656476
0,2074,2073,128,4.05236769,0.129237915,990.421425,3008656476
0,2075,2074,128,3.44636178,0.129086554,991.582748,3008656476
0,2076,2075,128,4.45572138,0.129534844,988.151111,3008656476
0,2077,2076,128,4.01647377,0.144048457,888.589872,3008656476
0,2078,2077,128,3.62166977,0.143171846,894.03052,3008656476
0,2079,2078,128,3.27823019,0.130292537,982.404694,3008656476
0,2080,2079,128,4.16225529,0.130343785,982.018437,3008656476
0,2081,2080,128,3.76330113,0.13028843,982.435662,3008656476
0,2082,2081,128,3.80034828,0.131339348,974.574657,3008656476
0,2083,2082,128,3.55041361,0.131814176,971.063992,3008656476
0,2084,2083,128,3.86384034,0.132164801,968.48782,3008656476
0,2085,2084,128,3.00855517,0.143740874,890.491316,3008656476
0,2086,2085,128,3.86622167,0.144862357,883.597386,3008656476
0,2087,2086,128,3.68624377,0.131924671,970.250667,3008656476
0,2088,2087,128,3.07730627,0.133455775,959.119229,3008656476
0,2089,2088,128,3.22028136,0.133303435,960.215316,3008656476
0,2090,2089,128,3.992625,0.132267638,967.734829,3008656476
0,2091,2090,128,3.4704721,0.138492769,924.235979,3008656476
0,2092,2091,128,2.94233346,0.140686767,909.822599,3008656476
0,2093,2092,128,2.69233012,0.145574619,879.274154,3008656476
0,2094,2093,128,2.5283432,0.153026179,836.458185,3008656476
0,2095,2094,128,3.84927678,0.138523619,924.030147,3008656476
0,2096,2095,128,2.72752547,0.135593083,944.000956,3008656476
0,2097,2096,128,3.55917144,0.132840118,963.564335,3008656476
0,2098,2097,128,3.62233233,0.131840914,970.867056,3008656476
0,2099,2098,128,3.6035285,0.133674588,957.549239,3008656476
0,2100,2099,128,3.54702687,0.14382958,889.942111,3008656476
0,2101,2100,128,3.33582616,0.146950798,871.039843,3008656476
0,2102,2101,128,3.4296236,0.133072966,961.878313,3008656476
0,2103,2102,128,3.13136744,0.131645117,972.311035,3008656476
0,2104,2103,128,2.52502799,0.13241095,966.687423,3008656476
0,2105,2104,128,3.40262794,0.131723093,971.735457,3008656476
0,2106,2105,128,2.99317241,0.13081636,978.470889,3008656476
0,2107,2106,128,2.83373404,0.131579885,972.793068,3008656476
0,2108,2107,128,3.90452027,0.146615888,873.029531,3008656476
0,2109,2108,128,3.26158667,0.144625091,885.04698,3008656476
0,2110,2109,128,3.74917102,0.129662731,987.176493,3008656476
0,2111,2110,128,3.54781842,0.132900797,963.124397,3008656476
0,2112,2111,128,3.34483838,0.129599637,987.657087,3008656476
0,2113,2112,128,3.39141846,0.129489737,988.495328,3008656476
0,2114,2113,128,3.60727191,0.12973521,986.624988,3008656476
0,2115,2114,128,2.44476509,0.12877273,993.999273,3008656476
0,2116,2115,128,4.09599686,0.14393511,889.289625,3008656476
0,2117,2116,128,3.03679299,0.142514678,898.153101,3008656476
0,2118,2117,128,3.6073029,0.128924057,992.832548,3008656476
0,2119,2118,128,3.45283532,0.12848669,996.212137,3008656476
0,2120,2119,128,4.25264168,0.128510726,996.02581,3008656476
0,2121,2120,128,2.28493166,0.128905913,992.972293,3008656476
0,2122,2121,128,2.70023704,0.128856415,993.353726,3008656476
0,2123,2122,128,2.92850232,0.128315689,997.539747,3008656476
0,2124,2123,128,2.3115108,0.143340379,892.979361,3008656476
0,2125,2124,128,2.99880886,0.141667247,903.52571,3008656476
0,2126,2125,128,1.90388238,0.128733795,994.299904,3008656476
0,2127,2126,128,2.25779676,0.128852595,993.383176,3008656476
0,2128,2127,128,4.23654079,0.129672795,987.099877,3008656476
0,2129,2128,128,3.7835238,0.129813588,986.02929,3008656476
0,2130,2129,128,2.78835249,0.129532282,988.170655,3008656476
0,2131,2130,128,3.91246128,0.13046949,981.07228,3008656476
0,2132,2131,128,3.02825165,0.142256188,899.785112,3008656476
0,2133,2132,128,3.67679071,0.142621331,897.481457,3008656476
0,2134,2133,128,3.08851695,0.129529622,988.190948,3008656476
0,2135,2134,128,3.98352003,0.12919744,990.731705,3008656476
0,2136,2135,128,3.04309607,0.124330781,1029.51175,3008656476
0,2137,2136,128,3.8008461,0.129675601,987.078518,3008656476
0,2138,2137,128,3.44312406,0.129422694,989.007384,3008656476
0,2139,2138,128,3.61960912,0.129165306,990.978181,3008656476
0,2140,2139,128,4.68673706,0.147681576,866.729645,3008656476
0,2141,2140,128,3.81458759,0.145981372,876.824202,3008656476
0,2142,2141,128,3.5620234,0.129978471,984.778472,3008656476
0,2143,2142,128,3.283108,0.130909559,977.774282,3008656476
0,2144,2143,128,3.01269341,0.132525926,965.84875,3008656476
0,2145,2144,128,3.74759459,0.131841107,970.865634,3008656476
0,2146,2145,128,4.0548439,0.132156763,968.546725,3008656476
0,2147,2146,128,3.73792934,0.132605148,965.271725,3008656476
0,2148,2147,128,3.5632081,0.143790338,890.184986,3008656476
0,2149,2148,128,3.70448732,0.152180995,841.103713,3008656476
0,2150,2149,128,4.22088814,0.134718138,950.131897,3008656476
0,2151,2150,128,4.26422596,0.133288621,960.322037,3008656476
0,2152,2151,128,3.50226045,0.132295835,967.52857,3008656476
0,2153,2152,128,3.56908941,0.132307623,967.442367,3008656476
0,2154,2153,128,3.22060108,0.132989845,962.479504,3008656476
0,2155,2154,128,2.91589785,0.144602327,885.186308,3008656476
0,2156,2155,128,3.9942112,0.144206554,887.61569,3008656476
0,2157,2156,128,3.82890749,0.132998911,962.413895,3008656476
0,2158,2157,128,3.21714544,0.131605123,972.606515,3008656476
0,2159,2158,128,1.92405725,0.132259483,967.794498,3008656476
0,2160,2159,128,4.25321054,0.130899286,977.851017,3008656476
0,2161,2160,128,5.09764385,0.130190972,983.171091,3008656476
0,2162,2161,128,4.20672703,0.129915885,985.252881,3008656476
0,2163,2162,128,3.02183032,0.144593184,885.242281,3008656476
0,2164,2163,128,2.40400362,0.142243448,899.865701,3008656476
0,2165,2164,128,2.79195666,0.130039531,984.316069,3008656476
0,2166,2165,128,3.7299633,0.129246297,990.357194,3008656476
0,2167,2166,128,3.49136114,0.12954433,988.078753,3008656476
0,2168,2167,128,3.17499399,0.128622386,995.161138,3008656476
0,2169,2168,128,3.39379954,0.129066105,991.739853,3008656476
0,2170,2169,128,3.78790784,0.128542828,995.777065,3008656476
0,2171,2170,128,3.11636734,0.14795179,865.146681,3008656476
0,2172,2171,128,3.02160358,0.148061327,864.506638,3008656476
0,2173,2172,128,3.76599073,0.130954471,977.438945,3008656476
0,2174,2173,128,4.24064827,0.130486571,980.943855,3008656476
0,2175,2174,128,3.62513995,0.130031083,984.380019,3008656476
0,2176,2175,128,3.1652658,0.128510649,996.026407,3008656476
0,2177,2176,128,1.73882353,0.129587452,987.749956,3008656476
0,2178,2177,128,2.65516949,0.1304758,981.024834,3008656476
0,2179,2178,128,2.91754675,0.146043488,876.451266,3008656476
0,2180,2179,128,3.76507449,0.143993563,888.928625,3008656476
0,2181,2180,128,3.76837492,0.128141221,998.897927,3008656476
0,2182,2181,128,2.69975185,0.129004101,992.216519,3008656476
0,2183,2182,128,3.41386199,0.129910865,985.290953,3008656476
0,2184,2183,128,3.95479584,0.128817633,993.652787,3008656476
0,2185,2184,128,3.85183048,0.130455507,981.177437,3008656476
0,2186,2185,128,3.78286672,0.130084393,983.97661,3008656476
0,2187,2186,128,3.90109539,0.144754311,884.256912,3008656476
0,2188,2187,128,3.84704947,0.146620627,873.001314,3008656476
0,2189,2188,128,3.35198498,0.131390288,974.196814,3008656476
0,2190,2189,128,3.30932498,0.132628004,965.105378,3008656476
0,2191,2190,128,3.35079312,0.132222135,968.067865,3008656476
0,2192,2191,128,3.92874074,0.131631663,972.410415,3008656476
0,2193,2192,128,3.38084602,0.1330199,962.262037,3008656476
0,2194,2193,128,2.33421493,0.132907269,963.077497,3008656476
0,2195,2194,128,3.43416524,0.149088515,858.550372,3008656476
0,2196,2195,128,3.16864634,0.150802433,848.792672,3008656476
0,2197,2196,128,3.8260653,0.134868681,949.071341,3008656476
0,2198,2197,128,3.70297122,0.133835059,956.401118,3008656476
0,2199,2198,128,3.99110317,0.133866824,956.174175,3008656476
0,2200,2199,128,2.84407806,0.13370165,957.355425,3008656476
0,2201,2200,128,3.49744725,0.13436724,952.613152,3008656476
0,2202,2201,128,3.73350787,0.144400554,886.423192,3008656476
0,2203,2202,128,3.20606589,0.146855172,871.607028,3008656476
0,2204,2203,128,3.96568179,0.133372326,959.719335,3008656476
0,2205,2204,128,4.18416166,0.133487343,958.89241,3008656476
0,2206,2205,128,3.01184273,0.133645237,957.759535,3008656476
0,2207,2206,128,3.33923674,0.133644864,957.762208,3008656476
0,2208,2207,128,3.16563034,0.132718309,964.448696,3008656476
0,2209,2208,128,3.42203093,0.13271546,964.469399,3008656476
0,2210,2209,128,3.42669988,0.146627687,872.95928,3008656476
0,2211,2210,128,3.0903573,0.143955901,889.161188,3008656476
0,2212,2211,128,2.61673903,0.131692611,971.960378,3008656476
0,2213,2212,128,3.04107833,0.132077514,969.127871,3008656476
0,2214,2213,128,3.33927226,0.130905791,977.802426,3008656476
0,2215,2214,128,3.20635271,0.130817781,978.46026,3008656476
0,2216,2215,128,3.54709196,0.131194571,975.650128,3008656476
0,2217,2216,128,2.79630017,0.131083066,976.480059,3008656476
0,2218,2217,128,3.6954391,0.143323624,893.083753,3008656476
0,2219,2218,128,3.18256593,0.144237845,887.423131,3008656476
0,2220,2219,128,4.02234459,0.129857444,985.696284,3008656476
0,2221,2220,128,3.15094304,0.129913846,985.268345,3008656476
0,2222,2221,128,2.42406201,0.130542405,980.524298,3008656476
0,2223,2222,128,3.26115322,0.1293873,989.277928,3008656476
0,2224,2223,128,3.1375196,0.129816435,986.007665,3008656476
0,2225,2224,128,3.10753584,0.131293062,974.918233,3008656476
0,2226,2225,128,2.9252758,0.143419468,892.486925,3008656476
0,2227,2226,128,3.43817425,0.145544704,879.454879,3008656476
0,2228,2227,128,3.30082273,0.129681675,987.032285,3008656476
0,2229,2228,128,3.38500023,0.129685187,987.005555,3008656476
0,2230,2229,128,3.15359831,0.13061564,979.974527,3008656476
0,2231,2230,128,4.06236029,0.130340828,982.040716,3008656476
0,2232,2231,128,2.5785737,0.1297749,986.323241,3008656476
0,2233,2232,128,3.52312779,0.130491407,980.907501,3008656476
0,2234,2233,128,2.99340415,0.143724309,890.59395,3008656476
0,2235,2234,128,3.23503804,0.141709946,903.253467,3008656476
0,2236,2235,128,2.46625042,0.129749659,986.515117,3008656476
0,2237,2236,128,3.00885606,0.13019313,983.154795,3008656476
0,2238,2237,128,4.25178003,0.131037414,976.820254,3008656476
0,2239,2238,128,3.22617984,0.130584856,980.205545,3008656476
0,2240,2239,128,3.09790277,0.13081839,978.455705,3008656476
0,2241,2240,128,3.1882112,0.130260004,982.650054,3008656476
0,2242,2241,128,3.11083436,0.138600176,923.519751,3008656476
0,2243,2242,128,3.89029646,0.138830046,921.990619,3008656476
0,2244,2243,128,3.27758265,0.130209618,983.030301,3008656476
0,2245,2244,128,3.53308201,0.130329958,982.122621,3008656476
0,2246,2245,128,3.64674234,0.131087677,976.445711,3008656476
0,2247,2246,128,2.53017259,0.130724074,979.16165,3008656476
0,2248,2247,128,2.75282526,0.131137325,976.076033,3008656476
0,2249,2248,128,3.1880722,0.130863533,978.118174,3008656476
0,2250,2249,128,3.4897294,0.135156021,947.053628,3008656476
0,2251,2250,128,3.42078066,0.136311011,939.029056,3008656476
0,2252,2251,128,2.54572868,0.129999084,984.622322,3008656476
0,2253,2252,128,2.33347893,0.130272332,982.557064,3008656476
0,2254,2253,128,3.30860448,0.130493371,980.892738,3008656476
0,2255,2254,128,3.88576913,0.130562249,980.375269,3008656476
0,2256,2255,128,3.23642731,0.13038946,981.674439,3008656476
0,2257,2256,128,3.59448051,0.130703769,979.313764,3008656476
0,2258,2257,128,3.06661654,0.136728468,936.162029,3008656476
0,2259,2258,128,3.50840139,0.136714893,936.254984,3008656476
0,2260,2259,128,3.04047799,0.129604261,987.62185,3008656476
0,2261,2260,128,3.04621243,0.130104727,983.822825,3008656476
0,2262,2261,128,3.19242024,0.130123345,983.68206,3008656476
0,2263,2262,128,2.82276964,0.130510963,980.76052,3008656476
0,2264,2263,128,3.28395963,0.130604602,980.057349,3008656476
0,2265,2264,128,2.58290124,0.130435114,981.33084,3008656476
0,2266,2265,128,2.84684682,0.137274739,932.436666,3008656476
0,2267,2266,128,3.36616278,0.138798609,922.199444,3008656476
0,2268,2267,128,2.80828786,0.130194629,983.143475,3008656476
0,2269,2268,128,3.42767334,0.129637374,987.369584,3008656476
0,2270,2269,128,2.3790791,0.130285214,982.459913,3008656476
0,2271,2270,128,2.9386673,0.129954416,984.960757,3008656476
0,2272,2271,128,3.08026695,0.130389225,981.676208,3008656476
0,2273,2272,128,3.35241508,0.129560563,987.954954,3008656476
0,2274,2273,128,2.68956947,0.134489532,951.746936,3008656476
0,2275,2274,128,2.5399878,0.141542092,904.32463,3008656476
0,2276,2275,128,2.92148829,0.129149459,991.099777,3008656476
0,2277,2276,128,3.46312547,0.13071751,979.210819,3008656476
0,2278,2277,128,2.61270905,0.130025199,984.424565,3008656476
0,2279,2278,128,2.75602484,0.129651882,987.259097,3008656476
0,2280,2279,128,2.75096893,0.130285669,982.456482,3008656476
0,2281,2280,128,2.57856345,0.129719734,986.742696,3008656476
0,2282,2281,128,3.1300745,0.134613651,950.869388,3008656476
0,2283,2282,128,3.4931457,0.141161446,906.763168,3008656476
0,2284,2283,128,2.71910572,0.130979744,977.250345,3008656476
0,2285,2284,128,2.80158567,0.129784823,986.24783,3008656476
0,2286,2285,128,2.22559714,0.129928034,985.160754,3008656476
0,2287,2286,128,2.53573847,0.130419487,981.448424,3008656476
0,2288,2287,128,2.49450684,0.1293825,989.314629,3008656476
0,2289,2288,128,2.47183466,0.130911763,977.75782,3008656476
0,2290,2289,128,2.56977844,0.133356219,959.835251,3008656476
0,2291,2290,128,3.26696992,0.140631611,910.179433,3008656476
0,2292,2291,128,3.73385239,0.130541441,980.531539,3008656476
0,2293,2292,128,2.81730986,0.129814961,986.018861,3008656476
0,2294,2293,128,3.6100316,0.130385215,981.7064,3008656476
0,2295,2294,128,3.89643955,0.129650177,987.272081,3008656476
0,2296,2295,128,3.96080089,0.131259959,975.164102,3008656476
0,2297,2296,128,4.16809177,0.130322071,982.182059,3008656476
0,2298,2297,128,3.13129663,0.134584396,951.076082,3008656476
0,2299,2298,128,3.03291798,0.143744392,890.469522,3008656476
0,2300,2299,128,4.34837198,0.130935652,977.57943,3008656476
0,2301,2300,128,3.55676198,0.129926804,985.170081,3008656476
0,2302,2301,128,3.86687589,0.131690572,971.975427,3008656476
0,2303,2302,128,4.51444292,0.130280429,982.495997,3008656476
0,2304,2303,128,3.76196289,0.12970707,986.839037,3008656476
0,2305,2304,128,3.37064028,0.130377023,981.768083,3008656476
0,2306,2305,128,3.83565021,0.134135526,954.258755,3008656476
0,2307,2306,128,4.33520651,0.140095384,913.663222,3008656476
0,2308,2307,128,3.83042431,0.132337172,967.226351,3008656476
0,2309,2308,128,3.79484558,0.131193157,975.660644,3008656476
0,2310,2309,128,4.13664198,0.131306125,974.821243,3008656476
0,2311,2310,128,3.63245964,0.13098251,977.229708,3008656476
0,2312,2311,128,3.42687869,0.130997103,977.120845,3008656476
0,2313,2312,128,3.19351649,0.137401183,931.578588,3008656476
0,2314,2313,128,3.73097491,0.128922497,992.844561,3008656476
0,2315,2314,128,4.47228527,0.137675041,929.725527,3008656476
0,2316,2315,128,4.05131912,0.132677739,964.743603,3008656476
0,2317,2316,128,4.59304619,0.132075567,969.142158,3008656476
0,2318,2317,128,4.11412001,0.132740477,964.28763,3008656476
0,2319,2318,128,4.28160429,0.13257692,965.477249,3008656476
0,2320,2319,128,4.04652262,0.133509446,958.733661,3008656476
0,2321,2320,128,4.08312273,0.147641728,866.963573,3008656476
0,2322,2321,128,4.29833317,0.145292496,880.981493,3008656476
0,2323,2322,128,3.99604774,0.130277879,982.515228,3008656476
0,2324,2323,128,3.99972486,0.130078089,984.024296,3008656476
0,2325,2324,128,3.61277914,0.128858656,993.336451,3008656476
0,2326,2325,128,4.27478313,0.130262938,982.627921,3008656476
0,2327,2326,128,3.95836592,0.130503006,980.820319,3008656476
0,2328,2327,128,4.59524298,0.130198576,983.113671,3008656476
0,2329,2328,128,4.12453508,0.142216479,900.036345,3008656476
0,2330,2329,128,3.62294531,0.145017878,882.649793,3008656476
0,2331,2330,128,4.18796015,0.130713492,979.240919,3008656476
0,2332,2331,128,3.94703531,0.129773254,986.335751,3008656476
0,2333,2332,128,3.36077881,0.130302638,982.328539,3008656476
0,2334,2333,128,3.30321789,0.130931991,977.606764,3008656476
0,2335,2334,128,3.0173583,0.130653347,979.691703,3008656476
0,2336,2335,128,3.79389501,0.130455439,981.177948,3008656476
0,2337,2336,128,4.39558411,0.145304126,880.91098,3008656476
0,2338,2337,128,4.18348646,0.146528942,873.547562,3008656476
0,2339,2338,128,3.48809695,0.130505777,980.799494,3008656476
0,2340,2339,128,3.37237549,0.129304217,989.913577,3008656476
0,2341,2340,128,3.25980163,0.130634495,979.833083,3008656476
0,2342,2341,128,4.11858273,0.128979368,992.406786,3008656476
0,2343,2342,128,3.97019863,0.129040962,991.933089,3008656476
0,2344,2343,128,4.1891861,0.129241186,990.396359,3008656476
0,2345,2344,128,3.80586863,0.144803203,883.958347,3008656476
0,2346,2345,128,4.28564501,0.142560424,897.864894,3008656476
0,2347,2346,128,4.18178892,0.129504164,988.385207,3008656476
0,2348,2347,128,4.02319098,0.130556906,980.415391,3008656476
0,2349,2348,128,4.2278018,0.130071682,984.072767,3008656476
0,2350,2349,128,4.29993629,0.130555473,980.426152,3008656476
0,2351,2350,128,3.6723299,0.131476412,973.558664,3008656476
0,2352,2351,128,3.8584919,0.132100556,968.958829,3008656476
0,2353,2352,128,3.22134805,0.125103769,1023.15063,3008656476
0,2354,2353,128,3.37491083,0.124840256,1025.3103,3008656476
0,2355,2354,128,3.96872568,0.11279347,1134.81747,3008656476
0,2356,2355,128,3.57899642,0.11279952,1134.7566,3008656476
0,2357,2356,128,3.81155252,0.112713301,1135.62462,3008656476
0,2358,2357,128,3.12056756,0.112685833,1135.90144,3008656476
0,2359,2358,128,3.27910852,0.112700266,1135.75597,3008656476
0,2360,2359,128,3.56012607,0.112814637,1134.60455,3008656476
0,2361,2360,128,3.64096212,0.112867377,1134.07437,3008656476
0,2362,2361,128,3.08595395,0.125306571,1021.49471,3008656476
0,2363,2362,128,3.05261707,0.127115777,1006.95604,3008656476
0,2364,2363,128,2.77032971,0.112882524,1133.9222,3008656476
0,2365,2364,128,2.70689249,0.112921006,1133.53577,3008656476
0,2366,2365,128,3.09266019,0.112850739,1134.24158,3008656476
0,2367,2366,128,2.85014772,0.112794501,1134.80709,3008656476
0,2368,2367,128,3.81070375,0.112884439,1133.90296,3008656476
0,2369,2368,128,3.50721955,0.112738465,1135.37114,3008656476
0,2370,2369,128,3.12669969,0.112702138,1135.73711,3008656476
0,2371,2370,128,2.98306346,0.127136342,1006.79316,3008656476
0,2372,2371,128,2.95350027,0.126231767,1014.00783,3008656476
0,2373,2372,128,4.03357649,0.113100153,1131.74029,3008656476
0,2374,2373,128,3.87300897,0.112799674,1134.75505,3008656476
0,2375,2374,128,4.03393841,0.112977612,1132.96783,3008656476
0,2376,2375,128,2.88792443,0.11295645,1133.18009,3008656476
0,2377,2376,128,3.11308122,0.112961084,1133.1336,3008656476
0,2378,2377,128,4.00050974,0.112831223,1134.43776,3008656476
0,2379,2378,128,3.54372692,0.112923201,1133.51374,3008656476
0,2380,2379,128,2.80279708,0.127516952,1003.78811,3008656476
0,2381,2380,128,3.39558101,0.124511792,1028.01508,3008656476
0,2382,2381,128,2.81012678,0.113104639,1131.6954,3008656476
0,2383,2382,128,3.19266391,0.112812833,1134.62269,3008656476
0,2384,2383,128,3.44477963,0.112886194,1133.88534,3008656476
0,2385,2384,64,3.18725872,0.108699285,588.780322,3008656476
1,2386,0,128,2.35747337,0.116379132,1099.85354,3008656476
1,2387,1,128,3.21071982,0.127740438,1002.03195,3008656476
1,2388,2,128,2.78667212,0.146631211,872.9383,3008656476
1,2389,3,128,3.31235909,0.147748452,866.337334,3008656476
1,2390,4,128,3.76454544,0.130703463,979.316057,3008656476
1,2391,5,128,4.19487238,0.132644808,964.983115,3008656476
1,2392,6,128,3.82096672,0.132721467,964.425747,3008656476
1,2393,7,128,4.1703372,0.138898049,921.539222,3008656476
1,2394,8,128,4.1689496,0.135788054,942.645514,3008656476
1,2395,9,128,3.9077692,0.144427656,886.256854,3008656476
1,2396,10,128,3.37479162,0.152377605,840.018453,3008656476
1,2397,11,128,3.63657904,0.140087742,913.713064,3008656476
1,2398,12,128,3.02555203,0.144132221,888.073459,3008656476
1,2399,13,128,2.59774542,0.134155018,954.120106,3008656476
1,2400,14,128,2.78712416,0.132473322,966.23228,3008656476
1,2401,15,128,2.98266673,0.13266484,964.837405,3008656476
1,2402,16,128,3.72637272,0.135955759,941.482736,3008656476
1,2403,17,128,3.59933352,0.145849382,877.617706,3008656476
1,2404,18,128,3.429878,0.149651556,855.320208,3008656476
1,2405,19,128,3.69337368,0.130726657,979.142303,3008656476
1,2406,20,128,3.38388467,0.130915336,977.731135,3008656476
1,2407,21,128,3.89380527,0.133094866,961.720041,3008656476
1,2408,22,128,3.22053766,0.131228319,975.39922,3008656476
1,2409,23,128,2.33383822,0.13142892,973.91046,3008656476
1,2410,24,128,2.74383903,0.129698335,986.905499,3008656476
1,2411,25,128,3.33227468,0.144919543,883.248714,3008656476
1,2412,26,128,3.34128046,0.142725208,896.82826,3008656476
1,2413,27,128,3.5032196,0.129515278,988.300392,3008656476
1,2414,28,128,3.190588,0.128249806,998.052192,3008656476
1,2415,29,128,3.20178604,0.128665864,994.824859,3008656476
1,2416,30,128,2.8827219,0.128191491,998.506211,3008656476
1,2417,31,128,3.25923514,0.127820651,1001.40313,3008656476
1,2418,32,128,3.6320343,0.127860407,1001.09176,3008656476
1,2419,33,128,3.4524529,0.143284501,893.327604,3008656476
1,2420,34,128,3.4822607,0.141131027,906.958609,3008656476
1,2421,35,128,3.47851324,0.128017773,999.861168,3008656476
1,2422,36,128,3.53717589,0.128240109,998.127661,3008656476
1,2423,37,128,3.03879929,0.127981759,1000.14253,3008656476
1,2424,38,128,3.08258033,0.128433293,996.626319,3008656476
1,2425,39,128,2.54152393,0.128649262,994.95324,3008656476
1,2426,40,128,3.35771155,0.128727447,994.348936,3008656476
1,2427,41,128,3.36270809,0.144571839,885.372981,3008656476
1,2428,42,128,3.61282539,0.143030652,894.913071,3008656476
1,2429,43,128,3.78986979,0.128523958,995.923266,3008656476
1,2430,44,128,4.0482235,0.129274212,990.14334,3008656476
1,2431,45,128,3.81356359,0.129130311,991.246741,3008656476
1,2432,46,128,3.01708651,0.127387137,1004.81103,3008656476
1,2433,47,128,3.57710123,0.129562996,987.936401,3008656476
1,2434,48,128,3.13283277,0.1296871,986.990996,3008656476
1,2435,49,128,3.38830185,0.141892042,902.094284,3008656476
1,2436,50,128,2.76330948,0.144838188,883.744831,3008656476
1,2437,51,128,3.87589049,0.128159629,998.754452,3008656476
1,2438,52,128,2.74464631,0.12962124,987.492482,3008656476
1,2439,53,128,3.74712634,0.129032213,992.000346,3008656476
1,2440,54,128,2.69735861,0.130476253,981.021428,3008656476
1,2441,55,128,3.17156792,0.129056146,991.816384,3008656476
1,2442,56,128,3.95448303,0.131083514,976.476722,3008656476
1,2443,57,128,3.34439492,0.146418396,874.207091,3008656476
1,2444,58,128,3.25508761,0.143281804,893.344419,3008656476
1,2445,59,128,3.34124589,0.132176757,968.400216,3008656476
1,2446,60,128,3.14013982,0.133047262,962.064142,3008656476
1,2447,61,128,4.04104233,0.139715613,916.146716,3008656476
1,2448,62,128,3.10475707,0.140145499,913.336503,3008656476
1,2449,63,128,3.95535374,0.138655116,923.15382,3008656476
1,2450,64,128,2.73358941,0.153839356,832.036764,3008656476
1,2451,65,128,3.60972595,0.154168152,830.262271,3008656476
1,2452,66,128,3.40366578,0.133966528,955.462547,3008656476
1,2453,67,128,3.98543334,0.131601161,972.635796,3008656476
1,2454,68,128,4.39394522,0.132258368,967.802657,3008656476
1,2455,69,128,3.4161582,0.133807139,956.600679,3008656476
1,2456,70,128,3.99598646,0.134369839,952.594726,3008656476
1,2457,71,128,3.72972083,0.13199618,969.725033,3008656476
1,2458,72,128,3.51425862,0.147958794,865.105727,3008656476
1,2459,73,128,3.35985327,0.145571352,879.293887,3008656476
1,2460,74,128,3.17151451,0.131935884,970.168207,3008656476
1,2461,75,128,3.09353209,0.130800177,978.591948,3008656476
1,2462,76,128,4.1670413,0.132305726,967.456238,3008656476
1,2463,77,128,3.91757822,0.131846509,970.825856,3008656476
1,2464,78,128,3.51653171,0.129478894,988.578108,3008656476
1,2465,79,128,3.3803637,0.13036447,981.862619,3008656476
1,2466,80,128,3.93339992,0.14477807,884.1118,3008656476
1,2467,81,128,3.84338856,0.143242757,893.587939,3008656476
1,2468,82,128,3.82672429,0.12887449,993.214406,3008656476
1,2469,83,128,3.94592714,0.129024631,992.05864,3008656476
1,2470,84,128,3.21048713,0.12734633,1005.13301,3008656476
1,2471,85,128,3.1656456,0.128352075,997.256959,3008656476
1,2472,86,128,3.23768711,0.127589331,1003.21868,3008656476
1,2473,87,128,2.88825965,0.127165521,1006.56215,3008656476
1,2474,88,128,2.91474962,0.141286791,905.958718,3008656476
1,2475,89,128,3.54825473,0.144036224,888.66534,3008656476
1,2476,90,128,3.12636399,0.128536023,995.829784,3008656476
1,2477,91,128,3.2623384,0.129001709,992.234917,3008656476
1,2478,92,128,3.51065373,0.128912633,992.920531,3008656476
1,2479,93,128,3.09464836,0.129251376,990.318277,3008656476
1,2480,94,128,2.9697845,0.128377627,997.058467,3008656476
1,2481,95,128,3.34177494,0.129338392,989.652013,3008656476
1,2482,96,128,3.00830269,0.142084174,900.874435,3008656476
1,2483,97,128,3.53543854,0.144672177,884.758926,3008656476
1,2484,98,128,3.55594063,0.129951193,984.985186,3008656476
1,2485,99,128,3.45304298,0.127964105,1000.28051,3008656476
1,2486,100,128,3.60072088,0.129342072,989.623856,3008656476
1,2487,101,128,3.13085222,0.129060093,991.786051,3008656476
1,2488,102,128,3.36579752,0.12884672,993.428471,3008656476
1,2489,103,128,3.61254478,0.128739636,994.254792,3008656476
1,2490,104,128,2.68036842,0.14096162,908.048588,3008656476
1,2491,105,128,3.64532399,0.14099044,907.862973,3008656476
1,2492,106,128,3.34290242,0.128521727,995.940554,3008656476
1,2493,107,128,3.13552976,0.128093594,999.269331,3008656476
1,2494,108,128,3.56832004,0.129346659,989.588761,3008656476
1,2495,109,128,2.56959558,0.128777371,993.96345,3008656476
1,2496,110,128,3.2338264,0.129498242,988.430407,3008656476
1,2497,111,128,3.21197176,0.130636469,979.818277,3008656476
1,2498,112,128,3.74273992,0.145437446,880.103464,3008656476
1,2499,113,128,4.24446487,0.148527537,861.793056,3008656476
1,2500,114,128,3.99816275,0.137322365,932.11328,3008656476
1,2501,115,128,4.11094236,0.131452428,973.736293,3008656476
1,2502,116,128,3.04454899,0.132346269,967.159868,3008656476
1,2503,117,128,3.61682224,0.131078314,976.515459,3008656476
1,2504,118,128,3.36444402,0.131915079,970.321217,3008656476
1,2505,119,128,3.75765347,0.146702407,872.514655,3008656476
1,2506,120,128,3.60489941,0.145670916,878.692903,3008656476
1,2507,121,128,3.43140769,0.128291937,997.724432,3008656476
1,2508,122,128,2.71591067,0.129185776,990.821157,3008656476
1,2509,123,128,2.91746807,0.127592875,1003.19081,3008656476
1,2510,124,128,2.98556471,0.128167501,998.693109,3008656476
1,2511,125,128,2.88890171,0.12812921,998.991565,3008656476
1,2512,126,128,2.87366629,0.128392147,996.945709,3008656476
1,2513,127,128,3.84277964,0.142265011,899.729309,3008656476
1,2514,128,128,3.8205862,0.142356236,899.152742,3008656476
1,2515,129,128,3.65128231,0.128881897,993.157324,3008656476
1,2516,130,128,3.79124093,0.128074888,999.41528,3008656476
1,2517,131,128,3.32023358,0.128562184,995.627143,3008656476
1,2518,132,128,2.90055704,0.129870393,985.598003,3008656476
1,2519,133,128,3.3379252,0.129286699,990.047708,3008656476
1,2520,134,128,3.69536948,0.128582891,995.466807,3008656476
1,2521,135,128,3.24018168,0.142905659,895.69581,3008656476
1,2522,136,128,2.97940469,0.143199612,893.857171,3008656476
1,2523,137,128,2.91749358,0.129006068,992.20139,3008656476
1,2524,138,128,2.45719337,0.127749745,1001.95895,3008656476
1,2525,139,128,2.94069815,0.128699239,994.566875,3008656476
1,2526,140,128,2.40975642,0.1286861,994.668422,3008656476
1,2527,141,128,2.30640912,0.129445533,988.832886,3008656476
1,2528,142,128,3.05335832,0.129202229,990.694983,3008656476
1,2529,143,128,2.69613576,0.138859246,921.796738,3008656476
1,2530,144,128,2.01103663,0.142713177,896.903865,3008656476
1,2531,145,128,1.73534751,0.128861636,993.313479,3008656476
1,2532,146,128,2.88010526,0.127968693,1000.24465,3008656476
1,2533,147,128,3.86261773,0.128715764,994.439189,3008656476
1,2534,148,128,4.00281906,0.12967003,987.120925,3008656476
1,2535,149,128,2.93989539,0.129795399,986.167468,3008656476
1,2536,150,128,2.39810538,0.129436112,988.904858,3008656476
1,2537,151,128,1.92707467,0.142505675,898.209843,3008656476
1,2538,152,128,2.80256295,0.142717613,896.875987,3008656476
1,2539,153,128,3.38484788,0.1310561,976.680979,3008656476
1,2540,154,128,2.45508981,0.13150436,973.351758,3008656476
1,2541,155,128,3.75248599,0.132810796,963.777071,3008656476
1,2542,156,128,3.97225952,0.132309228,967.430632,3008656476
1,2543,157,128,3.7861557,0.133043285,962.092901,3008656476
1,2544,158,128,3.10610223,0.139071213,920.391771,3008656476
1,2545,159,128,2.77611637,0.144114693,888.181471,3008656476
1,2546,160,128,3.31020498,0.145324336,880.788473,3008656476
1,2547,161,128,3.16811538,0.131892713,970.485761,3008656476
1,2548,162,128,2.7784946,0.132282578,967.625533,3008656476
1,2549,163,128,3.88705039,0.131315546,974.751306,3008656476
1,2550,164,128,3.75268912,0.129761421,986.425696,3008656476
1,2551,165,128,3.24830389,0.130672725,979.54642,3008656476
1,2552,166,128,3.61117649,0.129660359,987.194552,3008656476
1,2553,167,128,3.13835263,0.145065356,882.360913,3008656476
1,2554,168,128,3.09365702,0.144959012,883.008226,3008656476
1,2555,169,128,3.24924469,0.127747127,1001.97948,3008656476
1,2556,170,128,3.25997114,0.129155334,991.054694,3008656476
1,2557,171,128,3.02461147,0.128551239,995.711912,3008656476
1,2558,172,128,3.14755177,0.127644648,1002.78392,3008656476
1,2559,173,128,3.0091846,0.127858517,1001.10656,3008656476
1,2560,174,128,2.83513784,0.129009662,992.173749,3008656476
1,2561,175,128,3.3670764,0.143420739,892.479016,3008656476
1,2562,176,128,2.68358374,0.142943858,895.456453,3008656476
1,2563,177,128,3.7908113,0.128188456,998.529852,3008656476
1,2564,178,128,2.70089269,0.128780972,993.935657,3008656476
1,2565,179,128,3.8875463,0.128830481,993.553692,3008656476
1,2566,180,128,3.33125591,0.128529799,995.878006,3008656476
1,2567,181,128,3.28537655,0.129059527,991.790401,3008656476
1,2568,182,128,4.01655674,0.129183775,990.836504,3008656476
1,2569,183,128,2.40127158,0.142119007,900.653633,3008656476
1,2570,184,128,2.71075273,0.142983786,895.206398,3008656476
1,2571,185,128,3.52262783,0.129088902,991.564713,3008656476
1,2572,186,128,2.96170497,0.129069983,991.710055,3008656476
1,2573,187,128,2.71315479,0.127638343,1002.83345,3008656476
1,2574,188,128,3.54789758,0.129297171,989.967522,3008656476
1,2575,189,128,3.33368397,0.129657241,987.218292,3008656476
1,2576,190,128,3.31313753,0.129525505,988.222358,3008656476
1,2577,191,128,2.74696088,0.145993106,876.753728,3008656476
1,2578,192,128,2.6042285,0.146076841,876.251151,3008656476
1,2579,193,128,3.31551218,0.131464624,973.64596,3008656476
1,2580,194,128,3.07057714,0.13096128,977.388126,3008656476
1,2581,195,128,3.78392243,0.131090561,976.424229,3008656476
1,2582,196,128,3.22725034,0.130783734,978.714983,3008656476
1,2583,197,128,3.00298953,0.131856605,970.751522,3008656476
1,2584,198,128,3.0672276,0.13262623,965.118288,3008656476
1,2585,199,128,3.71515918,0.144368548,886.619709,3008656476
1,2586,200,128,3.50987887,0.151253044,846.26396,3008656476
1,2587,201,128,3.02941799,0.132198264,968.242669,3008656476
1,2588,202,128,4.08389282,0.131912009,970.343799,3008656476
1,2589,203,128,3.47535563,0.195827934,653.635043,3008656476
1,2590,204,128,3.08826447,0.128528012,995.891853,3008656476
1,2591,205,128,3.42396784,0.128209116,998.368946,3008656476
1,2592,206,128,2.62540555,0.141811642,902.605725,3008656476
1,2593,207,128,2.78055954,0.141335951,905.643604,3008656476
1,2594,208,128,2.71919918,0.127745413,1001.99292,3008656476
1,2595,209,128,2.79333591,0.127650233,1002.74004,3008656476
1,2596,210,128,2.51575685,0.128137539,998.92663,3008656476
1,2597,211,128,3.32530499,0.128556456,995.671505,3008656476
1,2598,212,128,3.17676902,0.128984896,992.364253,3008656476
1,2599,213,128,3.00604129,0.128824815,993.59739,3008656476
1,2600,214,128,2.34751153,0.142842925,896.089183,3008656476
1,2601,215,128,2.51426482,0.144886911,883.447643,3008656476
1,2602,216,128,3.63679576,0.128647467,994.967122,3008656476
1,2603,217,128,3.18245125,0.129330048,989.715862,3008656476
1,2604,218,128,2.82520294,0.12927554,990.133168,3008656476
1,2605,219,128,3.59310913,0.129304504,989.91138,3008656476
1,2606,220,128,2.73234415,0.128731378,994.318572,3008656476
1,2607,221,128,2.58409071,0.129775256,986.320536,3008656476
1,2608,222,128,3.00407696,0.148113319,864.203171,3008656476
1,2609,223,128,2.68251657,0.146117993,876.004367,3008656476
1,2610,224,128,3.01831532,0.129912907,985.275466,3008656476
1,2611,225,128,2.99706054,0.129895601,985.406734,3008656476
1,2612,226,128,2.99268126,0.128876729,993.19715,3008656476
1,2613,227,128,3.43702865,0.130069883,984.086378,3008656476
1,2614,228,128,3.09717321,0.130534275,980.585367,3008656476
1,2615,229,128,2.98439646,0.130791072,978.660072,3008656476
1,2616,230,128,3.39902282,0.145945638,877.038888,3008656476
1,2617,231,128,3.64797235,0.145185559,881.630383,3008656476
1,2618,232,128,3.13063359,0.132452237,966.386094,3008656476
1,2619,233,128,3.55273557,0.132413044,966.672135,3008656476
1,2620,234,128,3.42175627,0.133086859,961.777902,3008656476
1,2621,235,128,2.71273351,0.139307777,918.828817,3008656476
1,2622,236,128,3.57470417,0.143367776,892.808716,3008656476
1,2623,237,128,2.72314382,0.154258182,829.777703,3008656476
1,2624,238,128,3.32169771,0.148945304,859.375869,3008656476
1,2625,239,128,3.660707,0.13202643,969.502849,3008656476
1,2626,240,128,3.44821,0.131476118,973.560841,3008656476
1,2627,241,128,2.85698867,0.132516158,965.919945,3008656476
1,2628,242,128,3.04876232,0.131291957,974.926438,3008656476
1,2629,243,128,3.29963732,0.130323476,982.17147,3008656476
1,2630,244,128,3.60737801,0.130893865,977.891515,3008656476
1,2631,245,128,2.64460325,0.142831059,896.163628,3008656476
1,2632,246,128,3.29724646,0.144019769,888.766875,3008656476
1,2633,247,128,3.39252663,0.129508452,988.352482,3008656476
1,2634,248,128,3.43411469,0.130150156,983.47942,3008656476
1,2635,249,128,1.93292868,0.129586465,987.757479,3008656476
1,2636,250,128,2.81626272,0.130989881,977.174718,3008656476
1,2637,251,128,3.70433283,0.128523823,995.924312,3008656476
1,2638,252,128,3.45123577,0.1282862,997.769051,3008656476
1,2639,253,128,3.16695023,0.14324264,893.588669,3008656476
1,2640,254,128,3.46321225,0.132715353,964.470177,3008656476
1,2641,255,128,3.4395225,0.128531927,995.861519,3008656476
1,2642,256,128,2.87330103,0.129377128,989.355707,3008656476
1,2643,257,128,3.38570356,0.12833299,997.405266,3008656476
1,2644,258,128,2.88018394,0.129849787,985.754409,3008656476
1,2645,259,128,3.28424811,0.129239891,990.406283,3008656476
1,2646,260,128,3.53504682,0.129360953,989.479414,3008656476
1,2647,261,128,3.13481784,0.148469715,862.128684,3008656476
1,2648,262,128,3.45515013,0.145627292,878.956123,3008656476
1,2649,263,128,2.52375984,0.128760978,994.089995,3008656476
1,2650,264,128,2.94757748,0.12822349,998.257028,3008656476
1,2651,265,128,2.8610332,0.128744747,994.215321,3008656476
1,2652,266,128,2.97089243,0.12866834,994.805715,3008656476
1,2653,267,128,2.17050219,0.12980185,986.118457,3008656476
1,2654,268,128,2.22224498,0.129145202,991.132446,3008656476
1,2655,269,128,3.16209316,0.142797763,896.372585,3008656476
1,2656,270,128,3.68793607,0.144265441,887.253379,3008656476
1,2657,271,128,2.51904082,0.12986512,985.638022,3008656476
1,2658,272,128,2.95977044,0.130769597,978.820788,3008656476
1,2659,273,128,3.52999568,0.131276618,975.040353,3008656476
1,2660,274,128,2.7432313,0.130996703,977.123829,3008656476
1,2661,275,128,3.09451175,0.130543488,980.516163,3008656476
1,2662,276,128,3.21982598,0.132121667,968.804004,3008656476
1,2663,277,128,3.9395225,0.146380372,874.434176,3008656476
1,2664,278,128,2.69981885,0.146676803,872.666962,3008656476
1,2665,279,128,2.87539196,0.13893189,921.314754,3008656476
1,2666,280,128,2.9004786,0.130982393,977.230581,3008656476
1,2667,281,128,2.80694199,0.131438234,973.841447,3008656476
1,2668,282,128,2.26428556,0.132149422,968.600529,3008656476
1,2669,283,128,2.61642432,0.132072529,969.164451,3008656476
1,2670,284,128,2.37114739,0.131245788,975.269393,3008656476
1,2671,285,128,2.43409657,0.135948505,941.532972,3008656476
1,2672,286,128,2.85506511,0.139138229,919.948464,3008656476
1,2673,287,128,2.62953663,0.133240614,960.668044,3008656476
1,2674,288,128,2.4302578,0.131196201,975.638006,3008656476
1,2675,289,128,3.29158092,0.132547691,965.690153,3008656476
1,2676,290,128,2.7180531,0.130258543,982.661076,3008656476
1,2677,291,128,3.53348112,0.13178748,971.260699,3008656476
1,2678,292,128,3.15022016,0.142900443,895.728504,3008656476
1,2679,293,128,2.6999774,0.12380456,1033.8876,3008656476
1,2680,294,128,2.63620925,0.135589932,944.022894,3008656476
1,2681,295,128,3.06617451,0.131355833,974.452349,3008656476
1,2682,296,128,3.6318574,0.132369138,966.992774,3008656476
1,2683,297,128,2.99515915,0.131532947,973.140213,3008656476
1,2684,298,128,3.08743453,0.130355025,981.933761,3008656476
1,2685,299,128,3.36063027,0.130639057,979.798867,3008656476
1,2686,300,128,2.79361105,0.144662969,884.815243,3008656476
1,2687,301,128,3.16514254,0.139083126,920.312936,3008656476
1,2688,302,128,2.9872129,0.126087543,1015.16769,3008656476
1,2689,303,128,3.25522256,0.130973599,977.296195,3008656476
1,2690,304,128,2.72970986,0.12974647,986.539364,3008656476
1,2691,305,128,2.91185212,0.130218889,982.960314,3008656476
1,2692,306,128,2.8735733,0.128578305,995.502313,3008656476
1,2693,307,128,2.38205791,0.129391434,989.246321,3008656476
1,2694,308,128,3.67654419,0.128404156,996.852469,3008656476
1,2695,309,128,3.46820354,0.13300023,962.404351,3008656476
1,2696,310,128,2.85434818,0.137455403,931.211122,3008656476
1,2697,311,128,2.78474307,0.130988699,977.183536,3008656476
1,2698,312,128,2.75152135,0.130983525,977.222135,3008656476
1,2699,313,128,2.9170177,0.130853216,978.195293,3008656476
1,2700,314,128,2.11807942,0.13005177,984.223437,3008656476
1,2701,315,128,3.01882434,0.132109687,968.891857,3008656476
1,2702,316,128,3.21473026,0.129421375,989.017463,3008656476
1,2703,317,128,2.95953655,0.134067288,954.744456,3008656476
1,2704,318,128,3.2276144,0.137035342,934.065608,3008656476
1,2705,319,128,3.39225578,0.13290739,963.07662,3008656476
1,2706,320,128,3.81931782,0.131398263,974.137687,3008656476
1,2707,321,128,3.22926378,0.130887469,977.939301,3008656476
1,2708,322,128,3.14434171,0.131576388,972.818922,3008656476
1,2709,323,128,3.20296025,0.129947395,985.013974,3008656476
1,2710,324,128,2.35206056,0.138325628,925.352748,3008656476
1,2711,325,128,3.63335156,0.127924402,1000.59096,3008656476
1,2712,326,128,3.330791,0.136718999,936.226866,3008656476
1,2713,327,128,3.58962083,0.132667695,964.816642,3008656476
1,2714,328,128,3.44833922,0.131104381,976.321302,3008656476
1,2715,329,128,3.384763,0.131198893,975.617988,3008656476
1,2716,330,128,4.23547745,0.129737247,986.609497,3008656476
1,2717,331,128,3.45421696,0.129659409,987.201785,3008656476
1,2718,332,128,2.98724318,0.140950195,908.122192,3008656476
1,2719,333,128,3.69538426,0.126857184,1009.00868,3008656476
1,2720,334,128,3.28174901,0.136820271,935.533887,3008656476
1,2721,335,128,3.65852475,0.131364626,974.387123,3008656476
1,2722,336,128,3.44718099,0.131052186,976.710148,3008656476
1,2723,337,128,3.6488173,0.130581856,980.228065,3008656476
1,2724,338,128,3.20730877,0.130389858,981.671443,3008656476
1,2725,339,128,3.42280698,0.131038767,976.810168,3008656476
1,2726,340,128,2.9678607,0.139405762,918.182994,3008656476
1,2727,341,128,3.07655263,0.126941825,1008.33591,3008656476
1,2728,342,128,3.41506243,0.137129943,933.42123,3008656476
1,2729,343,128,2.93885851,0.130816022,978.473417,3008656476
1,2730,344,128,3.66584849,0.131168483,975.844174,3008656476
1,2731,345,128,2.64787555,0.130957074,977.419517,3008656476
1,2732,346,128,2.93933678,0.130767972,978.832952,3008656476
1,2733,347,128,4.0998807,0.132043358,969.378558,3008656476
1,2734,348,128,3.43915057,0.140744146,909.45168,3008656476
1,2735,349,128,3.71486712,0.128887339,993.11539,3008656476
1,2736,350,128,3.69607592,0.135118978,947.313263,3008656476
1,2737,351,128,3.5389173,0.13254472,965.711799,3008656476
1,2738,352,128,4.15122271,0.131544692,973.053325,3008656476
1,2739,353,128,3.68873906,0.130494827,980.881794,3008656476
1,2740,354,128,3.00408506,0.131362236,974.404851,3008656476
1,2741,355,128,3.32877874,0.13142632,973.929727,3008656476
1,2742,356,128,3.54316854,0.146490073,873.779345,3008656476
1,2743,357,128,3.12998319,0.139623399,916.751783,3008656476
1,2744,358,128,2.1105535,0.127858241,1001.10872,3008656476
1,2745,359,128,2.91484904,0.129184942,990.827553,3008656476
1,2746,360,128,2.92171264,0.129718386,986.75295,3008656476
1,2747,361,128,2.90250373,0.12842238,996.711009,3008656476
1,2748,362,128,2.90531135,0.127961518,1000.30073,3008656476
1,2749,363,128,3.11271286,0.12778703,1001.6666,3008656476
1,2750,364,128,3.4349041,0.13727851,932.411053,3008656476
1,2751,365,128,3.46506548,0.126948017,1008.28672,3008656476
1,2752,366,128,3.48683619,0.135489525,944.722479,3008656476
1,2753,367,128,3.52556801,0.128433594,996.623983,3008656476
1,2754,368,128,2.79770899,0.129232574,990.462358,3008656476
1,2755,369,128,3.27245426,0.128759836,994.098812,3008656476
1,2756,370,128,3.17911339,0.12832936,997.433479,3008656476
1,2757,371,128,2.75047612,0.128248294,998.063959,3008656476
1,2758,372,128,3.24838567,0.127586431,1003.24148,3008656476
1,2759,373,128,3.715868,0.134771962,949.752442,3008656476
1,2760,374,128,3.45033789,0.141618009,903.83985,3008656476
1,2761,375,128,2.85902572,0.129196006,990.742701,3008656476
1,2762,376,128,3.90274906,0.128883414,993.145635,3008656476
1,2763,377,128,2.51016784,0.131141725,976.043284,3008656476
1,2764,378,128,3.17662096,0.128423433,996.702837,3008656476
1,2765,379,128,2.17026734,0.127745057,1001.99572,3008656476
1,2766,380,128,2.84257627,0.127717526,1002.21171,3008656476
1,2767,381,128,2.6343627,0.136133291,940.254945,3008656476
1,2768,382,128,2.3694582,0.14082738,908.914161,3008656476
1,2769,383,128,2.61108327,0.128139422,998.911951,3008656476
1,2770,384,128,4.00469398,0.127984804,1000.11873,3008656476
1,2771,385,128,4.27396345,0.128341388,997.340001,3008656476
1,2772,386,128,3.10281944,0.127434983,1004.43377,3008656476
1,2773,387,128,2.54883075,0.128569317,995.571906,3008656476
1,2774,388,128,3.36685944,0.126716542,1010.12858,3008656476
1,2775,389,128,4.01646566,0.140605408,910.349053,3008656476
1,2776,390,128,3.46298623,0.141213557,906.428552,3008656476
1,2777,391,128,3.56449032,0.128091493,999.285721,3008656476
1,2778,392,128,2.5768683,0.128345345,997.309252,3008656476
1,2779,393,128,3.57976818,0.127767422,1001.82032,3008656476
1,2780,394,128,3.09229517,0.12864753,994.966635,3008656476
1,2781,395,128,3.43992162,0.12848932,996.191746,3008656476
1,2782,396,128,3.14333153,0.128320496,997.502379,3008656476
1,2783,397,128,3.89926004,0.143422443,892.468412,3008656476
1,2784,398,128,3.30790472,0.143615696,891.267484,3008656476
1,2785,399,128,3.84532905,0.12948244,988.551034,3008656476
1,2786,400,128,3.26695013,0.129220534,990.554644,3008656476
1,2787,401,128,3.54026484,0.129724547,986.706086,3008656476
1,2788,402,128,3.21815681,0.129905286,985.333268,3008656476
1,2789,403,128,2.9634974,0.128277445,997.837149,3008656476
1,2790,404,128,3.14417076,0.128842724,993.459281,3008656476
1,2791,405,128,2.94395852,0.143827571,889.954541,3008656476
1,2792,406,128,3.01464915,0.143856352,889.77649,3008656476
1,2793,407,128,1.9663831,0.129218268,990.572014,3008656476
1,2794,408,128,2.67954683,0.128971254,992.469221,3008656476
1,2795,409,128,3.61469936,0.128436674,996.600083,3008656476
1,2796,410,128,2.27478218,0.129485781,988.525528,3008656476
1,2797,411,128,3.45748067,0.128932236,992.769566,3008656476
1,2798,412,128,2.56204295,0.129121873,991.311519,3008656476
1,2799,413,128,2.70590878,0.139390886,918.280984,3008656476
1,2800,414,128,2.71153879,0.146268328,875.104007,3008656476
1,2801,415,128,3.74100089,0.131323813,974.689944,3008656476
1,2802,416,128,3.06797051,0.131325499,974.677431,3008656476
1,2803,417,128,2.4726572,0.133450264,959.158837,3008656476
1,2804,418,128,2.94643354,0.13224552,967.896682,3008656476
1,2805,419,128,2.16845369,0.132335711,967.237029,3008656476
1,2806,420,128,1.7856971,0.150546662,850.234727,3008656476
1,2807,421,128,3.40007949,0.143733883,890.534628,3008656476
1,2808,422,128,2.69071126,0.126363883,1012.94766,3008656476
1,2809,423,128,3.16302943,0.133974434,955.406164,3008656476
1,2810,424,128,3.80565953,0.131100916,976.347107,3008656476
1,2811,425,128,3.96316075,0.132509646,965.967413,3008656476
1,2812,426,128,4.51270199,0.131441128,973.820006,3008656476
1,2813,427,128,3.17824101,0.130739197,979.048387,3008656476
1,2814,428,128,2.13761234,0.142745165,896.702876,3008656476
1,2815,429,128,2.12128901,0.144867504,883.565993,3008656476
1,2816,430,128,2.28608894,0.13024549,982.759557,3008656476
1,2817,431,128,2.20103979,0.129374806,989.373464,3008656476
1,2818,432,128,2.60826182,0.128419028,996.737026,3008656476
1,2819,433,128,2.35725999,0.128552634,995.701107,3008656476
1,2820,434,128,3.29135537,0.128453555,996.469113,3008656476
1,2821,435,128,3.64357734,0.128883173,993.147492,3008656476
1,2822,436,128,3.98546338,0.144509257,885.756405,3008656476
1,2823,437,128,2.58522773,0.141478897,904.728569,3008656476
1,2824,438,128,2.45259333,0.128332963,997.405476,3008656476
1,2825,439,128,3.21415734,0.129664128,987.165857,3008656476
1,2826,440,128,2.9993062,0.129798204,986.146157,3008656476
1,2827,441,128,2.65662336,0.129929869,985.146841,3008656476
1,2828,442,128,2.73309207,0.130003351,984.590005,3008656476
1,2829,443,128,2.74165034,0.12952315,988.240326,3008656476
1,2830,444,128,2.63943982,0.143770003,890.310895,3008656476
1,2831,445,128,2.73945189,0.142775187,896.514322,3008656476
1,2832,446,128,2.85883951,0.129673968,987.090948,3008656476
1,2833,447,128,3.54982448,0.129693973,986.938691,3008656476
1,2834,448,128,3.20678067,0.128665272,994.829436,3008656476
1,2835,449,128,3.35408378,0.128989195,992.331179,3008656476
1,2836,450,128,3.10933113,0.129036347,991.968565,3008656476
1,2837,451,128,3.81706047,0.129827631,985.922635,3008656476
1,2838,452,128,3.30515838,0.141676802,903.464775,3008656476
1,2839,453,128,2.84314704,0.143449716,892.298734,3008656476
1,2840,454,128,3.49056029,0.128143776,998.87801,3008656476
1,2841,455,128,3.8401444,0.128928159,992.80096,3008656476
1,2842,456,128,3.60003805,0.129242312,990.38773,3008656476
1,2843,457,128,3.75750542,0.129902491,985.354469,3008656476
1,2844,458,128,3.45884967,0.129057047,991.809459,3008656476
1,2845,459,128,2.54249144,0.130219476,982.955883,3008656476
1,2846,460,128,3.53999829,0.143918314,889.39341,3008656476
1,2847,461,128,3.54416132,0.14569028,878.576114,3008656476
1,2848,462,128,3.38061523,0.129379159,989.340176,3008656476
1,2849,463,128,2.65914154,0.132073267,969.159035,3008656476
1,2850,464,128,2.63467956,0.132352316,967.115679,3008656476
1,2851,465,128,2.75730062,0.131521901,973.221943,3008656476
1,2852,466,128,2.613065,0.133079274,961.832719,3008656476
1,2853,467,128,2.9215467,0.13262785,965.106499,3008656476
1,2854,468,128,3.97548032,0.144375462,886.57725,3008656476
1,2855,469,128,3.67604899,0.153853137,831.962237,3008656476
1,2856,470,128,3.64191079,0.143195515,893.882745,3008656476
1,2857,471,128,2.36063623,0.13910071,920.196597,3008656476
1,2858,472,128,3.94546366,0.142957445,895.371346,3008656476
1,2859,473,128,3.56117344,0.143154855,894.136633,3008656476
1,2860,474,128,3.03015971,0.133112014,961.596149,3008656476
1,2861,475,128,2.34218574,0.145161689,881.775356,3008656476
1,2862,476,128,3.07169032,0.145189616,881.605748,3008656476
1,2863,477,128,3.055758,0.131944777,970.102818,3008656476
1,2864,478,128,3.48185706,0.118593403,1079.31805,3008656476
1,2865,479,128,3.89011121,0.131299554,974.870029,3008656476
1,2866,480,128,3.46364355,0.129690217,986.967274,3008656476
1,2867,481,128,2.79036546,0.129366542,989.436666,3008656476
1,2868,482,128,2.71005082,0.130086376,983.96161,3008656476
1,2869,483,128,3.42776608,0.143278705,893.363742,3008656476
1,2870,484,128,3.523597,0.143092401,894.526887,3008656476
1,2871,485,128,2.95090508,0.128377653,997.058265,3008656476
1,2872,486,128,2.45130062,0.12837575,997.073045,3008656476
1,2873,487,128,3.34679461,0.12905367,991.835412,3008656476
1,2874,488,128,2.80596542,0.128652459,994.928515,3008656476
1,2875,489,128,3.86845326,0.129462383,988.704186,3008656476
1,2876,490,128,3.95486546,0.128547736,995.739046,3008656476
1,2877,491,128,3.90053129,0.148413222,862.45685,3008656476
1,2878,492,128,3.0132668,0.143047621,894.806912,3008656476
1,2879,493,128,3.32350802,0.129172862,990.920214,3008656476
1,2880,494,128,3.31967473,0.129127416,991.268965,3008656476
1,2881,495,128,3.46405005,0.128723393,994.380252,3008656476
1,2882,496,128,3.69368553,0.129090116,991.555388,3008656476
1,2883,497,128,4.00908232,0.129165453,990.977053,3008656476
1,2884,498,128,3.88153505,0.128683891,994.685496,3008656476
1,2885,499,128,3.33311319,0.142391569,898.929627,3008656476
1,2886,500,128,3.80208349,0.143335644,893.00886,3008656476
1,2887,501,128,4.02094507,0.12879443,993.831798,3008656476
1,2888,502,128,3.11316538,0.129386061,989.287401,3008656476
1,2889,503,128,3.61819386,0.129785728,986.240952,3008656476
1,2890,504,128,3.76515794,0.129763716,986.40825,3008656476
1,2891,505,128,3.75868106,0.13004029,984.310324,3008656476
1,2892,506,128,3.91330862,0.131922361,970.267656,3008656476
1,2893,507,128,3.01567078,0.144133647,888.064672,3008656476
1,2894,508,128,3.65265727,0.146349945,874.615976,3008656476
1,2895,509,128,3.66679311,0.132258019,967.805211,3008656476
1,2896,510,128,3.61165237,0.132493117,966.087921,3008656476
1,2897,511,128,3.66236973,0.133246175,960.62795,3008656476
1,2898,512,128,3.66311049,0.139299775,918.881599,3008656476
1,2899,513,128,3.84369397,0.14311797,894.367074,3008656476
1,2900,514,128,3.42109394,0.138839416,921.928395,3008656476
1,2901,515,128,3.86951208,0.14681082,871.870343,3008656476
1,2902,516,128,3.30276012,0.142262826,899.743128,3008656476
1,2903,517,128,3.597013,0.132449176,966.408428,3008656476
1,2904,518,128,3.91170025,0.131618905,972.504672,3008656476
1,2905,519,128,3.61288095,0.132330249,967.276953,3008656476
1,2906,520,128,3.16495037,0.130910411,977.767918,3008656476
1,2907,521,128,3.33785415,0.131807589,971.112521,3008656476
1,2908,522,128,3.00466275,0.142765737,896.573665,3008656476
1,2909,523,128,3.48743701,0.143082662,894.587773,3008656476
1,2910,524,128,2.82826781,0.126387375,1012.75938,3008656476
1,2911,525,128,3.21747851,0.12870493,994.522898,3008656476
1,2912,526,128,3.80282617,0.1294964,988.444466,3008656476
1,2913,527,128,3.32553172,0.129109042,991.410036,3008656476
1,2914,528,128,3.86240816,0.129429803,988.953062,3008656476
1,2915,529,128,2.98185873,0.128404196,996.852159,3008656476
1,2916,530,128,2.92660022,0.142958203,895.366599,3008656476
1,2917,531,128,3.63897729,0.139359833,918.485601,3008656476
1,2918,532,128,4.28959799,0.121153568,1056.51036,3008656476
1,2919,533,128,3.78498006,0.128807077,993.734219,3008656476
1,2920,534,128,3.70594001,0.128442778,996.552722,3008656476
1,2921,535,128,3.68556261,0.128528598,995.887312,3008656476
1,2922,536,128,3.50706983,0.128716615,994.432615,3008656476
1,2923,537,128,3.74327803,0.128498235,996.122632,3008656476
1,2924,538,128,2.60550046,0.137591724,930.288511,3008656476
1,2925,539,128,3.05495667,0.125007164,1023.94132,3008656476
1,2926,540,128,3.26972032,0.140930865,908.246749,3008656476
1,2927,541,128,3.62231302,0.128389207,996.968538,3008656476
1,2928,542,128,3.38477802,0.128343424,997.324179,3008656476
1,2929,543,128,3.87682939,0.128211883,998.3474,3008656476
1,2930,544,128,2.89704275,0.12842943,996.656296,3008656476
1,2931,545,128,2.48318291,0.128234615,998.170424,3008656476
1,2932,546,128,3.08777928,0.128963124,992.531788,3008656476
1,2933,547,128,3.76890707,0.133532222,958.570134,3008656476
1,2934,548,128,3.73215294,0.145621174,878.993051,3008656476
1,2935,549,128,3.70559907,0.128467614,996.360063,3008656476
1,2936,550,128,3.11844897,0.128994215,992.292561,3008656476
1,2937,551,128,2.71006989,0.128420274,996.727355,3008656476
1,2938,552,128,3.21213031,0.128468992,996.349376,3008656476
1,2939,553,128,3.66589308,0.128845753,993.435926,3008656476
1,2940,554,128,4.09686136,0.128772622,994.000107,3008656476
1,2941,555,128,3.82076931,0.13646496,937.969718,3008656476
1,2942,556,128,2.93561506,0.143221845,893.718413,3008656476
1,2943,557,128,3.21100235,0.128818861,993.643314,3008656476
1,2944,558,128,4.37738562,0.129288194,990.03626,3008656476
1,2945,559,128,4.31747913,0.128962779,992.534443,3008656476
1,2946,560,128,4.05202436,0.129918725,985.231344,3008656476
1,2947,561,128,3.65905881,0.129243891,990.37563,3008656476
1,2948,562,128,3.88956428,0.129849528,985.756375,3008656476
1,2949,563,128,4.10241127,0.136617064,936.92542,3008656476
1,2950,564,128,3.63502955,0.143114561,894.388377,3008656476
1,2951,565,128,3.20213294,0.129381647,989.321152,3008656476
1,2952,566,128,2.51132059,0.129522115,988.248223,3008656476
1,2953,567,128,3.83274055,0.129167116,990.964295,3008656476
1,2954,568,128,3.65330648,0.129183853,990.835906,3008656476
1,2955,569,128,3.80699515,0.128265472,997.930293,3008656476
1,2956,570,128,4.21625328,0.129186668,990.814315,3008656476
1,2957,571,128,2.95794463,0.135993107,941.224175,3008656476
1,2958,572,128,2.80044627,0.141399083,905.239251,3008656476
1,2959,573,128,3.85438848,0.128917149,992.885749,3008656476
1,2960,574,128,3.4421587,0.128893336,993.069184,3008656476
1,2961,575,128,3.45237231,0.129336548,989.666123,3008656476
1,2962,576,128,3.0244987,0.127690107,1002.42691,3008656476
1,2963,577,128,4.07136297,0.128579907,995.48991,3008656476
1,2964,578,128,3.18079185,0.128390221,996.960664,3008656476
1,2965,579,128,3.11088872,0.139260794,919.138807,3008656476
1,2966,580,128,2.87689924,0.1436758,890.894639,3008656476
1,2967,581,128,3.3881278,0.130428927,981.37739,3008656476
1,2968,582,128,3.54240227,0.13157659,972.817429,3008656476
1,2969,583,128,3.21338463,0.130342282,982.029761,3008656476
1,2970,584,128,3.45349026,0.133790645,956.718611,3008656476
1,2971,585,128,2.95098186,0.131747195,971.557687,3008656476
1,2972,586,128,4.18394804,0.148311371,863.049132,3008656476
1,2973,587,128,3.67042232,0.137615127,930.130305,3008656476
1,2974,588,128,3.30242515,0.145291718,880.98621,3008656476
1,2975,589,128,4.08317137,0.143354604,892.890751,3008656476
1,2976,590,128,3.66650939,0.121075825,1057.18875,3008656476
1,2977,591,128,3.60757327,0.132006176,969.651602,3008656476
1,2978,592,128,3.41422677,0.132295698,967.529572,3008656476
1,2979,593,128,3.05348969,0.1323233,967.32775,3008656476
1,2980,594,128,3.00834084,0.146011438,876.64365,3008656476
1,2981,595,128,3.17665482,0.14553947,879.486506,3008656476
1,2982,596,128,3.30729485,0.131571957,972.851684,3008656476
1,2983,597,128,3.1881156,0.132453133,966.379557,3008656476
1,2984,598,128,3.03155279,0.130401916,981.580669,3008656476
1,2985,599,128,3.71170974,0.130112105,983.767037,3008656476
1,2986,600,128,3.55988145,0.129010395,992.168112,3008656476
1,2987,601,128,3.08027911,0.130316872,982.221243,3008656476
1,2988,602,128,3.60912967,0.142380055,899.002322,3008656476
1,2989,603,128,2.73299217,0.144072188,888.443507,3008656476
1,2990,604,128,3.76781702,0.1280588,999.540836,3008656476
1,2991,605,128,2.58253384,0.12840731,996.827984,3008656476
1,2992,606,128,2.64050746,0.128753829,994.145192,3008656476
1,2993,607,128,2.4454267,0.126603823,1011.02792,3008656476
1,2994,608,128,3.43192863,0.128248033,998.06599,3008656476
1,2995,609,128,2.90861464,0.129041213,991.931159,3008656476
1,2996,610,128,2.90977192,0.143142875,894.211465,3008656476
1,2997,611,128,2.41819859,0.145804642,877.887002,3008656476
1,2998,612,128,3.098598,0.128032166,999.748766,3008656476
1,2999,613,128,3.45161557,0.129598226,987.66784,3008656476
1,3000,614,128,3.72310877,0.129019909,992.094949,3008656476
1,3001,615,128,2.73313928,0.12903853,991.951784,3008656476
1,3002,616,128,3.45497942,0.129109409,991.407218,3008656476
1,3003,617,128,3.61692119,0.128386903,996.986429,3008656476
1,3004,618,128,3.01107335,0.146169149,875.697785,3008656476
1,3005,619,128,3.1685195,0.142354932,899.160979,3008656476
1,3006,620,128,3.05474806,0.128012655,999.901143,3008656476
1,3007,621,128,2.94406724,0.128735355,994.287855,3008656476
1,3008,622,128,3.53346777,0.129595074,987.691862,3008656476
1,3009,623,128,3.75575781,0.129678762,987.054457,3008656476
1,3010,624,128,3.58459139,0.131030715,976.870194,3008656476
1,3011,625,128,3.71277618,0.130198232,983.116268,3008656476
1,3012,626,128,3.61376119,0.146380927,874.430861,3008656476
1,3013,627,128,2.76505589,0.143703897,890.720451,3008656476
1,3014,628,128,3.40859175,0.131558137,972.953881,3008656476
1,3015,629,128,4.07043409,0.131486246,973.48585,3008656476
1,3016,630,128,3.80035996,0.131115784,976.236393,3008656476
1,3017,631,128,3.01202846,0.131031344,976.865505,3008656476
1,3018,632,128,4.31769657,0.132897151,963.15082,3008656476
1,3019,633,128,3.71114254,0.139347073,918.569707,3008656476
1,3020,634,128,3.83531094,0.149867877,854.085629,3008656476
1,3021,635,128,2.87292528,0.14979952,854.475368,3008656476
1,3022,636,128,3.2692678,0.131035194,976.836803,3008656476
1,3023,637,128,3.366817,0.132724278,964.405322,3008656476
1,3024,638,128,3.31231213,0.130859497,978.148342,3008656476
1,3025,639,128,4.13290405,0.132756748,964.169445,3008656476
1,3026,640,128,3.41176748,0.131406487,974.076721,3008656476
1,3027,641,128,3.56841707,0.144368339,886.620992,3008656476
1,3028,642,128,2.9043963,0.145748485,878.225252,3008656476
1,3029,643,128,3.49127626,0.130129652,983.634383,3008656476
1,3030,644,128,3.83536959,0.12738166,1004.85423,3008656476
1,3031,645,128,4.34786367,0.128764993,994.058999,3008656476
1,3032,646,128,3.33334422,0.12885153,993.391386,3008656476
1,3033,647,128,3.27949309,0.128691132,994.629529,3008656476
1,3034,648,128,3.59887958,0.128771482,994.008906,3008656476
1,3035,649,128,3.32933283,0.143177536,893.994991,3008656476
1,3036,650,128,2.8837676,0.141727945,903.138756,3008656476
1,3037,651,128,3.01499748,0.196113004,652.684918,3008656476
1,3038,652,128,2.43577099,0.129605043,987.615891,3008656476
1,3039,653,128,2.72203469,0.130599091,980.098705,3008656476
1,3040,654,128,3.98449087,0.128679178,994.721928,3008656476
1,3041,655,128,4.00203896,0.129223762,990.5299,3008656476
1,3042,656,128,3.77626634,0.129069296,991.715334,3008656476
1,3043,657,128,3.22549534,0.140684721,909.835831,3008656476
1,3044,658,128,3.47389984,0.144490435,885.871788,3008656476
1,3045,659,128,4.02184057,0.128394352,996.928588,3008656476
1,3046,660,128,3.48656487,0.129488979,988.501114,3008656476
1,3047,661,128,3.53771877,0.128434985,996.613189,3008656476
1,3048,662,128,3.44349098,0.129121547,991.314021,3008656476
1,3049,663,128,2.98394656,0.129789246,986.21422,3008656476
1,3050,664,128,2.66234279,0.125946768,1016.30238,3008656476
1,3051,665,128,4.09628677,0.146958898,870.991833,3008656476
1,3052,666,128,3.8560195,0.144783722,884.077286,3008656476
1,3053,667,128,3.33974481,0.133539788,958.515825,3008656476
1,3054,668,128,2.81665063,0.139247293,919.227924,3008656476
1,3055,669,128,2.81155539,0.14330609,893.193025,3008656476
1,3056,670,128,3.22082233,0.138899634,921.528706,3008656476
1,3057,671,128,2.5895164,0.132639348,965.022838,3008656476
1,3058,672,128,3.04306769,0.146277709,875.047886,3008656476
1,3059,673,128,3.03305554,0.14550053,879.721881,3008656476
1,3060,674,128,3.90092969,0.131218492,975.472268,3008656476
1,3061,675,128,3.67795348,0.131842435,970.855855,3008656476
1,3062,676,128,3.32898879,0.130942224,977.530365,3008656476
1,3063,677,128,3.99775243,0.131509163,973.316209,3008656476
1,3064,678,128,3.41996264,0.130717148,979.213531,3008656476
1,3065,679,128,3.47035551,0.130864244,978.11286,3008656476
1,3066,680,128,3.54329062,0.145339263,880.698012,3008656476
1,3067,681,128,3.68554664,0.143483725,892.087238,3008656476
1,3068,682,128,3.32616758,0.130265723,982.606913,3008656476
1,3069,683,128,3.16653967,0.129577403,987.826558,3008656476
1,3070,684,128,3.18456101,0.128847843,993.419812,3008656476
1,3071,685,128,2.81733012,0.128066036,999.48436,3008656476
1,3072,686,128,3.08248878,0.128325629,997.462479,3008656476
1,3073,687,128,2.6017518,0.127912777,1000.68189,3008656476
1,3074,688,128,3.65933943,0.141267988,906.079302,3008656476
1,3075,689,128,2.59011602,0.144079204,888.400244,3008656476
1,3076,690,128,3.12003589,0.128369418,997.122227,3008656476
1,3077,691,128,3.37299705,0.12786476,1001.05768,3008656476
1,3078,692,128,3.44355941,0.128066238,999.482783,3008656476
1,3079,693,128,2.82053328,0.12830557,997.61842,3008656476
1,3080,694,128,3.63602185,0.128515485,995.988927,3008656476
1,3081,695,128,3.46871829,0.129391262,989.247636,3008656476
1,3082,696,128,3.92204022,0.146354244,874.590285,3008656476
1,3083,697,128,3.71088839,0.144429818,886.243587,3008656476
1,3084,698,128,3.1075418,0.129800941,986.125363,3008656476
1,3085,699,128,3.02174544,0.129445781,988.830992,3008656476
1,3086,700,128,3.91270447,0.128930034,992.786522,3008656476
1,3087,701,128,3.31408453,0.128799549,993.7923,3008656476
1,3088,702,128,3.14071584,0.129010338,992.16855,3008656476
1,3089,703,128,2.54626179,0.128811994,993.696286,3008656476
1,3090,704,128,3.42037892,0.141561475,904.200807,3008656476
1,3091,705,128,3.80785561,0.140729973,909.543271,3008656476
1,3092,706,128,3.44188499,0.129235549,990.439558,3008656476
1,3093,707,128,3.44112945,0.129065603,991.74371,3008656476
1,3094,708,128,2.79607892,0.128682248,994.698196,3008656476
1,3095,709,128,3.74565506,0.130019106,984.470698,3008656476
1,3096,710,128,2.43003273,0.129002474,992.229033,3008656476
1,3097,711,128,3.51406264,0.129556763,987.983931,3008656476
1,3098,712,128,3.39865637,0.143065754,894.693499,3008656476
1,3099,713,128,3.56733251,0.144657965,884.84585,3008656476
1,3100,714,128,2.43693042,0.130950601,977.467832,3008656476
1,3101,715,128,1.97196615,0.131406444,974.07704,3008656476
1,3102,716,128,2.61801124,0.131971888,969.90353,3008656476
1,3103,717,128,3.47073174,0.131899195,970.438068,3008656476
1,3104,718,128,4.03864861,0.132689496,964.658122,3008656476
1,3105,719,128,3.91825676,0.133782448,956.77723,3008656476
1,3106,720,128,3.69241452,0.155004878,825.780464,3008656476
1,3107,721,128,3.79113603,0.154131465,830.459893,3008656476
1,3108,722,128,3.08191133,0.13123432,975.354618,3008656476
1,3109,723,128,3.94847679,0.131817602,971.038754,3008656476
1,3110,724,128,3.11053371,0.131544145,973.057372,3008656476
1,3111,725,128,3.46377563,0.132893119,963.180042,3008656476
1,3112,726,128,3.12014461,0.130995765,977.130826,3008656476
1,3113,727,128,3.54867148,0.141662337,903.557027,3008656476
1,3114,728,128,3.1899929,0.128287527,997.75873,3008656476
1,3115,729,128,3.55975366,0.136449622,938.075153,3008656476
1,3116,730,128,3.39015484,0.132594136,965.351892,3008656476
1,3117,731,128,3.92333508,0.131532964,973.140087,3008656476
1,3118,732,128,3.26023412,0.133600307,958.081631,3008656476
1,3119,733,128,2.8629868,0.130366744,981.845493,3008656476
1,3120,734,128,2.23643327,0.130661507,979.63052,3008656476
1,3121,735,128,2.25999188,0.147035973,870.535267,3008656476
1,3122,736,128,2.17622066,0.139864941,915.168584,3008656476
1,3123,737,128,2.18858385,0.127248277,1005.90753,3008656476
1,3124,738,128,2.29810309,0.128627304,995.123088,3008656476
1,3125,739,128,2.88399005,0.128858061,993.341037,3008656476
1,3126,740,128,2.64499378,0.129035639,991.974008,3008656476
1,3127,741,128,2.93028188,0.127260876,1005.80794,3008656476
1,3128,742,128,3.08844829,0.128914868,992.903317,3008656476
1,3129,743,128,3.15862942,0.141433193,905.020931,3008656476
1,3130,744,128,2.89400744,0.14331042,893.166038,3008656476
1,3131,745,128,2.41507936,0.122408225,1045.68137,3008656476
1,3132,746,128,2.34061885,0.12819006,998.517358,3008656476
1,3133,747,128,2.4236567,0.127697086,1002.37213,3008656476
1,3134,748,128,3.20325184,0.128326512,997.455615,3008656476
1,3135,749,128,4.06809092,0.12794984,1000.39203,3008656476
1,3136,750,128,2.71512699,0.128086304,999.326204,3008656476
1,3137,751,128,3.60856462,0.140802754,909.073128,3008656476
1,3138,752,128,2.63424802,0.122551889,1044.45554,3008656476
1,3139,753,128,3.02482677,0.13955411,917.206953,3008656476
1,3140,754,128,3.27971816,0.128459501,996.422989,3008656476
1,3141,755,128,3.10030532,0.128496641,996.134988,3008656476
1,3142,756,128,3.69855738,0.128782593,993.923146,3008656476
1,3143,757,128,2.38970423,0.128488708,996.196491,3008656476
1,3144,758,128,3.09863234,0.12823982,998.12991,3008656476
1,3145,759,128,2.81505156,0.129210624,990.630616,3008656476
1,3146,760,128,3.24408102,0.134562415,951.231442,3008656476
1,3147,761,128,3.92116261,0.141588606,904.027546,3008656476
1,3148,762,128,4.21005154,0.128780369,993.940311,3008656476
1,3149,763,128,3.64620876,0.128856652,993.351899,3008656476
1,3150,764,128,3.95704746,0.127635446,1002.85621,3008656476
1,3151,765,128,3.94172454,0.128944842,992.67251,3008656476
1,3152,766,128,3.4942553,0.128839328,993.485467,3008656476
1,3153,767,128,4.03149176,0.128574599,995.531007,3008656476
1,3154,768,128,3.19741678,0.139731867,916.040147,3008656476
1,3155,769,128,3.33782697,0.143393799,892.64669,3008656476
1,3156,770,128,2.70638561,0.129347968,989.578746,3008656476
1,3157,771,128,3.84609127,0.129491669,988.480579,3008656476
1,3158,772,128,2.98753357,0.128690276,994.636145,3008656476
1,3159,773,128,3.26421309,0.129068031,991.725054,3008656476
1,3160,774,128,3.03351331,0.13004432,984.279821,3008656476
1,3161,775,128,3.43936872,0.129454681,988.76301,3008656476
1,3162,776,128,3.58107853,0.13785494,928.512246,3008656476
1,3163,777,128,3.53573108,0.144057805,888.532211,3008656476
1,3164,778,128,2.92159128,0.129420271,989.0259,3008656476
1,3165,779,128,3.15197587,0.128901906,993.00316,3008656476
1,3166,780,128,2.80954599,0.128425534,996.686531,3008656476
1,3167,781,128,2.92680073,0.129032609,991.997302,3008656476
1,3168,782,128,2.19892144,0.129505684,988.373607,3008656476
1,3169,783,128,2.20916224,0.129044783,991.903718,3008656476
1,3170,784,128,2.92473555,0.1383493,925.194417,3008656476
1,3171,785,128,3.15088844,0.142527735,898.070821,3008656476
1,3172,786,128,3.17708015,0.128525399,995.9121,3008656476
1,3173,787,128,3.88401508,0.128997906,992.264169,3008656476
1,3174,788,128,3.7889657,0.128412669,996.786384,3008656476
1,3175,789,128,3.82730293,0.129308559,989.880337,3008656476
1,3176,790,128,3.61611009,0.129333169,989.691979,3008656476
1,3177,791,128,4.13552284,0.129018905,992.102669,3008656476
1,3178,792,128,3.18917632,0.144315575,886.945155,3008656476
1,3179,793,128,3.56041431,0.145058255,882.404107,3008656476
1,3180,794,128,2.80281687,0.131755164,971.498924,3008656476
1,3181,795,128,2.93807912,0.13983617,915.356878,3008656476
1,3182,796,128,3.89067364,0.143320962,893.100341,3008656476
1,3183,797,128,3.28174305,0.143128075,894.30393,3008656476
1,3184,798,128,3.14742351,0.141250158,906.193677,3008656476
1,3185,799,128,3.06104875,0.150880763,848.35202,3008656476
1,3186,800,128,3.83234882,0.14829616,863.137656,3008656476
1,3187,801,128,3.47088742,0.131088918,976.436467,3008656476
1,3188,802,128,3.90528607,0.131690577,971.97539,3008656476
1,3189,803,128,3.08110595,0.131401897,974.110747,3008656476
1,3190,804,128,3.46201611,0.131402376,974.107196,3008656476
1,3191,805,128,4.49776554,0.132064591,969.222704,3008656476
1,3192,806,128,4.11021805,0.130492001,980.903036,3008656476
1,3193,807,128,3.72283292,0.143578867,891.4961,3008656476
1,3194,808,128,2.99904609,0.144657318,884.849808,3008656476
1,3195,809,128,3.13385773,0.129996501,984.641887,3008656476
1,3196,810,128,3.09161401,0.129537135,988.133634,3008656476
1,3197,811,128,3.33140111,0.130950741,977.466787,3008656476
1,3198,812,128,3.88879156,0.128213331,998.336125,3008656476
1,3199,813,128,3.48228669,0.128739755,994.253873,3008656476
1,3200,814,128,2.62653017,0.128096321,999.248058,3008656476
1,3201,815,128,2.99588203,0.141452065,904.900187,3008656476
1,3202,816,128,3.94220352,0.145099783,882.15156,3008656476
1,3203,817,128,3.70705938,0.128446248,996.5258,3008656476
1,3204,818,128,3.56649256,0.128457837,996.435897,3008656476
1,3205,819,128,3.21284866,0.128683529,994.688295,3008656476
1,3206,820,128,3.1753571,0.12735923,1005.0312,3008656476
1,3207,821,128,3.24094915,0.129047862,991.880051,3008656476
1,3208,822,128,3.04960108,0.128517141,995.976093,3008656476
1,3209,823,128,4.26686668,0.143786639,890.207886,3008656476
1,3210,824,128,3.59543991,0.145004558,882.730873,3008656476
1,3211,825,128,3.25633478,0.12923791,990.421464,3008656476
1,3212,826,128,3.58405447,0.129282274,990.081595,3008656476
1,3213,827,128,3.45612979,0.128590842,995.405256,3008656476
1,3214,828,128,3.2607069,0.129195996,990.742778,3008656476
1,3215,829,128,3.37217569,0.129260288,990.249999,3008656476
1,3216,830,128,3.52778745,0.129242329,990.3876,3008656476
1,3217,831,128,2.46971631,0.142690515,897.04631,3008656476
1,3218,832,128,3.74470091,0.142319156,899.387009,3008656476
1,3219,833,128,4.22517347,0.12847333,996.315733,3008656476
1,3220,834,128,4.23894978,0.129421076,989.019748,3008656476
1,3221,835,128,3.80492473,0.129032676,991.996787,3008656476
1,3222,836,128,3.14560175,0.128893517,993.067789,3008656476
1,3223,837,128,3.8284626,0.128627397,995.122369,3008656476
1,3224,838,128,3.72369981,0.128288192,997.753558,3008656476
1,3225,839,128,3.52744699,0.147775635,866.177973,3008656476
1,3226,840,128,3.52490854,0.146061958,876.340436,3008656476
1,3227,841,128,3.20709038,0.131123964,976.175491,3008656476
1,3228,842,128,2.84018636,0.132170531,968.445833,3008656476
1,3229,843,128,3.91665554,0.132996022,962.434801,3008656476
1,3230,844,128,2.88527441,0.132980677,962.545859,3008656476
1,3231,845,128,3.42958307,0.139393782,918.261906,3008656476
1,3232,846,128,3.06901741,0.142158345,900.404405,3008656476
1,3233,847,128,4.06050634,0.136840846,935.393223,3008656476
1,3234,848,128,3.18151116,0.128283422,997.790658,3008656476
1,3235,849,128,3.08615136,0.134043876,954.911211,3008656476
1,3236,850,128,2.87372279,0.131224973,975.424091,3008656476
1,3237,851,128,3.16832542,0.132341182,967.197044,3008656476
1,3238,852,128,2.44143772,0.13079649,978.619533,3008656476
1,3239,853,128,3.15883398,0.133338118,959.965552,3008656476
1,3240,854,128,4.21868372,0.14493831,883.134349,3008656476
1,3241,855,128,3.25572443,0.144727103,884.423148,3008656476
1,3242,856,128,4.0368495,0.128255722,998.006155,3008656476
1,3243,857,128,3.35184646,0.127398431,1004.72195,3008656476
1,3244,858,128,3.52093267,0.127846138,1001.20349,3008656476
1,3245,859,128,3.32503557,0.128004973,999.96115,3008656476
1,3246,860,128,3.5460453,0.128629671,995.104776,3008656476
1,3247,861,128,3.66040277,0.129678326,987.057776,3008656476
1,3248,862,128,3.10835671,0.142215121,900.04494,3008656476
1,3249,863,128,2.76103497,0.14392035,889.380828,3008656476
1,3250,864,128,3.33004928,0.128914369,992.90716,3008656476
1,3251,865,128,3.02198935,0.128623308,995.154004,3008656476
1,3252,866,128,3.23727751,0.129341033,989.631805,3008656476
1,3253,867,128,3.20790243,0.129167256,990.963221,3008656476
1,3254,868,128,3.48064137,0.129136213,991.201438,3008656476
1,3255,869,128,3.37398577,0.129480859,988.563105,3008656476
1,3256,870,128,3.68339396,0.142046052,901.11621,3008656476
1,3257,871,128,2.92135692,0.142454071,898.53522,3008656476
1,3258,872,128,3.15107322,0.129242436,990.38678,3008656476
1,3259,873,128,2.75045276,0.129528931,988.19622,3008656476
1,3260,874,128,3.30729699,0.129575718,987.839404,3008656476
1,3261,875,128,2.78310752,0.129101263,991.469774,3008656476
1,3262,876,128,3.51227307,0.129318588,989.803569,3008656476
1,3263,877,128,2.60726905,0.128822824,993.612747,3008656476
1,3264,878,128,2.88935423,0.14299331,895.146773,3008656476
1,3265,879,128,3.27953172,0.141344289,905.590179,3008656476
1,3266,880,128,3.71859384,0.128384717,997.003405,3008656476
1,3267,881,128,4.1312294,0.129021198,992.085037,3008656476
1,3268,882,128,4.70048952,0.129711071,986.808597,3008656476
1,3269,883,128,3.90377998,0.129856876,985.700595,3008656476
1,3270,884,128,2.7594533,0.130822355,978.42605,3008656476
1,3271,885,128,3.79386115,0.131666189,972.155426,3008656476
1,3272,886,128,3.42165637,0.145756399,878.177568,3008656476
1,3273,887,128,3.86300826,0.145335847,880.718712,3008656476
1,3274,888,128,2.98606801,0.133123302,961.514611,3008656476
1,3275,889,128,3.49759364,0.132585482,965.414901,3008656476
1,3276,890,128,2.68852234,0.132868154,963.361017,3008656476
1,3277,891,128,2.8736763,0.131076317,976.530337,3008656476
1,3278,892,128,3.63108349,0.132824162,963.680087,3008656476
1,3279,893,128,3.79977846,0.131910139,970.357555,3008656476
1,3280,894,128,3.88086152,0.144010306,888.825276,3008656476
1,3281,895,128,3.61921072,0.145926494,877.153946,3008656476
1,3282,896,128,2.57482338,0.130808244,978.531598,3008656476
1,3283,897,128,3.27204108,0.131266597,975.114789,3008656476
1,3284,898,128,2.58897829,0.132715566,964.468629,3008656476
1,3285,899,128,3.39103651,0.130177787,983.270671,3008656476
1,3286,900,128,2.84772706,0.129397348,989.201108,3008656476
1,3287,901,128,2.65938282,0.130307846,982.289278,3008656476
1,3288,902,128,2.79879284,0.141106807,907.114283,3008656476
1,3289,903,128,3.24069643,0.144516099,885.71447,3008656476
1,3290,904,128,2.55185413,0.128471211,996.332167,3008656476
1,3291,905,128,2.97539878,0.127688644,1002.4384,3008656476
1,3292,906,128,3.76929235,0.128662609,994.850027,3008656476
1,3293,907,128,3.60709858,0.128179344,998.600835,3008656476
1,3294,908,128,3.48338437,0.128433208,996.626978,3008656476
1,3295,909,128,3.09461927,0.128271645,997.882268,3008656476
1,3296,910,128,3.34621263,0.142648728,897.309088,3008656476
1,3297,911,128,3.0783236,0.142344922,899.22421,3008656476
1,3298,912,128,3.96739173,0.128735272,994.288496,3008656476
1,3299,913,128,3.02815866,0.128728707,994.339204,3008656476
1,3300,914,128,3.97476125,0.129347164,989.584897,3008656476
1,3301,915,128,3.5025239,0.129430492,988.947798,3008656476
1,3302,916,128,3.10794306,0.129452056,988.78306,3008656476
1,3303,917,128,2.7105515,0.129863614,985.649452,3008656476
1,3304,918,128,3.14086771,0.145227568,881.37536,3008656476
1,3305,919,128,2.9435358,0.14277541,896.512922,3008656476
1,3306,920,128,3.18305898,0.12920573,990.668138,3008656476
1,3307,921,128,3.08663201,0.129254879,990.291438,3008656476
1,3308,922,128,3.43949795,0.130172508,983.310547,3008656476
1,3309,923,128,3.97559977,0.128462286,996.401387,3008656476
1,3310,924,128,2.83764839,0.12855131,995.711362,3008656476
1,3311,925,128,3.83248138,0.128844851,993.442881,3008656476
1,3312,926,128,3.00715137,0.147188265,869.634546,3008656476
1,3313,927,128,2.90026402,0.144461556,886.048881,3008656476
1,3314,928,128,3.54420447,0.131691029,971.972054,3008656476
1,3315,929,128,3.35394025,0.131867641,970.67028,3008656476
1,3316,930,128,2.58490658,0.130811205,978.509448,3008656476
1,3317,931,128,3.07719398,0.131026491,976.901686,3008656476
1,3318,932,128,2.94703364,0.132621951,965.149427,3008656476
1,3319,933,128,2.95733929,0.134232387,953.570169,3008656476
1,3320,934,128,3.09686852,0.146564161,873.33765,3008656476
1,3321,935,128,3.18575978,0.136458057,938.017167,3008656476
1,3322,936,128,2.93701434,0.132048631,969.339849,3008656476
1,3323,937,128,3.26267481,0.133507361,958.748634,3008656476
1,3324,938,128,3.51346016,0.131746166,971.565275,3008656476
1,3325,939,128,3.57094574,0.132602632,965.29004,3008656476
1,3326,940,128,3.26097822,0.131189184,975.690191,3008656476
1,3327,941,128,2.78576303,0.148948692,859.356321,3008656476
1,3328,942,128,2.99716353,0.143737725,890.510824,3008656476
1,3329,943,128,2.97749424,0.128787717,993.883601,3008656476
1,3330,944,128,4.2397809,0.128943436,992.683334,3008656476
1,3331,945,128,3.86124444,0.12907281,991.688335,3008656476
1,3332,946,128,3.01663136,0.12862381,995.15012,3008656476
1,3333,947,128,3.83311534,0.12845046,996.493123,3008656476
1,3334,948,128,4.17966032,0.129677676,987.062723,3008656476
1,3335,949,128,4.20746422,0.142679976,897.11257,3008656476
1,3336,950,128,3.31590652,0.14496507,882.971325,3008656476
1,3337,951,128,2.92307138,0.129222938,990.536216,3008656476
1,3338,952,128,2.66736674,0.129493795,988.464351,3008656476
1,3339,953,128,3.50382566,0.128816032,993.665136,3008656476
1,3340,954,128,3.41712832,0.12935745,989.506209,3008656476
1,3341,955,128,2.6237638,0.129027062,992.039949,3008656476
1,3342,956,128,3.71487975,0.12977427,986.328029,3008656476
1,3343,957,128,3.4667275,0.141413718,905.145567,3008656476
1,3344,958,128,3.20582342,0.143479988,892.110473,3008656476
1,3345,959,128,3.32829666,0.128734353,994.295594,3008656476
1,3346,960,128,3.47649431,0.128818617,993.645196,3008656476
1,3347,961,128,3.22327805,0.128686571,994.664781,3008656476
1,3348,962,128,3.29420757,0.12965118,987.264443,3008656476
1,3349,963,128,2.96559644,0.12920026,990.710081,3008656476
1,3350,964,128,2.70427418,0.129359982,989.486841,3008656476
1,3351,965,128,3.08390021,0.141704999,903.285,3008656476
1,3352,966,128,3.2861352,0.143029584,894.919753,3008656476
1,3353,967,128,4.10748625,0.12988299,985.502413,3008656476
1,3354,968,128,3.38547421,0.129748832,986.521405,3008656476
1,3355,969,128,3.12263227,0.130273447,982.548654,3008656476
1,3356,970,128,2.83520603,0.132058131,969.270116,3008656476
1,3357,971,128,3.26564646,0.131748726,971.546397,3008656476
1,3358,972,128,2.59955239,0.133304399,960.208372,3008656476
1,3359,973,128,2.88766766,0.147078116,870.285828,3008656476
1,3360,974,128,3.41257524,0.145790888,877.969822,3008656476
1,3361,975,128,3.51816702,0.131584323,972.760258,3008656476
1,3362,976,128,3.56410336,0.133033596,962.162971,3008656476
1,3363,977,128,3.48156118,0.133497891,958.816645,3008656476
1,3364,978,128,3.5768199,0.139172601,919.72126,3008656476
1,3365,979,128,3.56551147,0.142920905,895.600262,3008656476
1,3366,980,128,3.07461166,0.143662541,890.976862,3008656476
1,3367,981,128,3.38225842,0.146642919,872.868604,3008656476
1,3368,982,128,2.97585368,0.145808725,877.862419,3008656476
1,3369,983,128,3.00183749,0.132323338,967.327472,3008656476
1,3370,984,128,3.20279026,0.133882317,956.063526,3008656476
1,3371,985,128,3.18732238,0.131358759,974.430643,3008656476
1,3372,986,128,2.98759985,0.13272012,964.435535,3008656476
1,3373,987,128,2.85983396,0.131546433,973.040447,3008656476
1,3374,988,128,3.25548863,0.150371906,851.222834,3008656476
1,3375,989,128,3.62922835,0.144137356,888.04182,3008656476
1,3376,990,128,2.58295107,0.127975976,1000.18772,3008656476
1,3377,991,128,2.84969616,0.128890576,993.090449,3008656476
1,3378,992,128,3.19898486,0.127787144,1001.66571,3008656476
1,3379,993,128,2.23966265,0.12867668,994.741238,3008656476
1,3380,994,128,2.65360427,0.129379649,989.33643,3008656476
1,3381,995,128,2.23244667,0.128276321,997.845892,3008656476
1,3382,996,128,3.24009442,0.142307941,899.457888,3008656476
1,3383,997,128,3.00646067,0.143100902,894.473747,3008656476
1,3384,998,128,2.87758756,0.130092799,983.91303,3008656476
1,3385,999,128,3.03194094,0.129005129,992.208612,3008656476
1,3386,1000,128,3.59006929,0.130242328,982.783416,3008656476
1,3387,1001,128,2.97954226,0.128800539,993.784661,3008656476
1,3388,1002,128,3.06022596,0.129177606,990.883822,3008656476
1,3389,1003,128,3.07512522,0.129848857,985.761469,3008656476
1,3390,1004,128,3.40684366,0.141484437,904.693143,3008656476
1,3391,1005,128,3.04701686,0.144439942,886.181469,3008656476
1,3392,1006,128,3.47111368,0.12955124,988.026051,3008656476
1,3393,1007,128,3.38252449,0.129053188,991.839117,3008656476
1,3394,1008,128,2.98601294,0.12895422,992.60032,3008656476
1,3395,1009,128,2.89419031,0.129679124,987.051702,3008656476
1,3396,1010,128,3.31446576,0.128140327,998.904896,3008656476
1,3397,1011,128,2.50670123,0.128811969,993.696479,3008656476
1,3398,1012,128,3.28584743,0.141207195,906.469391,3008656476
1,3399,1013,128,2.77570367,0.142678378,897.122618,3008656476
1,3400,1014,128,3.1513207,0.129307027,989.892065,3008656476
1,3401,1015,128,2.04196596,0.129670797,987.115087,3008656476
1,3402,1016,128,2.61471224,0.130637301,979.812037,3008656476
1,3403,1017,128,2.7173562,0.130674893,979.530169,3008656476
1,3404,1018,128,3.07649899,0.130311518,982.261599,3008656476
1,3405,1019,128,3.60154176,0.131311309,974.782758,3008656476
1,3406,1020,128,3.73689532,0.14566194,878.74705,3008656476
1,3407,1021,128,3.36450601,0.145174628,881.696766,3008656476
1,3408,1022,128,3.23354244,0.130650499,979.713059,3008656476
1,3409,1023,128,4.16982317,0.132793736,963.900888,3008656476
1,3410,1024,128,3.73860621,0.133089878,961.756085,3008656476
1,3411,1025,128,3.4716866,0.139542455,917.283561,3008656476
1,3412,1026,128,3.00333357,0.132751182,964.20987,3008656476
1,3413,1027,128,2.89732957,0.131905637,970.390674,3008656476
1,3414,1028,128,2.88488889,0.146670207,872.706207,3008656476
1,3415,1029,128,3.23406863,0.145008608,882.706218,3008656476
1,3416,1030,128,2.61142516,0.131473004,973.5839,3008656476
1,3417,1031,128,3.3171463,0.131425941,973.932536,3008656476
1,3418,1032,128,2.7577529,0.131463501,973.654277,3008656476
1,3419,1033,128,3.03727579,0.131027113,976.897049,3008656476
1,3420,1034,128,3.40055203,0.130515566,980.725931,3008656476
1,3421,1035,128,3.56048775,0.129512064,988.324918,3008656476
1,3422,1036,128,3.40890551,0.142734714,896.768532,3008656476
1,3423,1037,128,3.19311142,0.144296517,887.062298,3008656476
1,3424,1038,128,3.06840706,0.129491806,988.479534,3008656476
1,3425,1039,128,2.88285851,0.129204245,990.679525,3008656476
1,3426,1040,128,3.4351604,0.128060491,999.527637,3008656476
1,3427,1041,128,3.45531511,0.129035338,991.976322,3008656476
1,3428,1042,128,3.11785889,0.12820713,998.384411,3008656476
1,3429,1043,128,2.18434978,0.129375657,989.366956,3008656476
1,3430,1044,128,2.58400917,0.141580787,904.077472,3008656476
1,3431,1045,128,2.95206261,0.143670127,890.929817,3008656476
1,3432,1046,128,2.96807599,0.12917231,990.924448,3008656476
1,3433,1047,128,2.867589,0.128280956,997.809839,3008656476
1,3434,1048,128,3.56542826,0.128471816,996.327475,3008656476
1,3435,1049,128,3.58318186,0.128947092,992.655189,3008656476
1,3436,1050,128,3.74523354,0.129723334,986.715312,3008656476
1,3437,1051,128,3.30641818,0.129752065,986.496824,3008656476
1,3438,1052,128,3.03768945,0.144064284,888.492251,3008656476
1,3439,1053,128,2.89941382,0.143691268,890.798737,3008656476
1,3440,1054,128,3.80238152,0.129662275,987.179964,3008656476
1,3441,1055,128,3.24042773,0.129309384,989.874022,3008656476
1,3442,1056,128,3.68587899,0.128921922,992.84899,3008656476
1,3443,1057,128,3.75030398,0.129270239,990.173771,3008656476
1,3444,1058,128,3.33566499,0.129867425,985.620528,3008656476
1,3445,1059,128,2.73509836,0.128738794,994.261295,3008656476
1,3446,1060,128,3.83077455,0.142022812,901.263665,3008656476
1,3447,1061,128,4.22462273,0.142819134,896.238455,3008656476
1,3448,1062,128,3.70608377,0.128842844,993.458356,3008656476
1,3449,1063,128,3.4617784,0.129083117,991.609151,3008656476
1,3450,1064,128,2.94404721,0.129586137,987.759979,3008656476
1,3451,1065,128,3.13261986,0.129738779,986.597847,3008656476
1,3452,1066,128,3.22811246,0.130882746,977.974591,3008656476
1,3453,1067,128,3.27003908,0.129482651,988.549424,3008656476
1,3454,1068,128,3.51096702,0.142926973,895.562239,3008656476
1,3455,1069,128,3.86303973,0.143466847,892.192187,3008656476
1,3456,1070,128,3.6843679,0.131975444,969.877396,3008656476
1,3457,1071,128,3.87884927,0.135086541,947.540732,3008656476
1,3458,1072,128,2.86897254,0.131891252,970.496512,3008656476
1,3459,1073,128,3.56935167,0.125466575,1020.19203,3008656476
1,3460,1074,128,3.23840761,0.131990905,969.763788,3008656476
1,3461,1075,128,3.42087817,0.148367308,862.723748,3008656476
1,3462,1076,128,3.85047007,0.143439694,892.361078,3008656476
1,3463,1077,128,3.48610234,0.129665628,987.154437,3008656476
1,3464,1078,128,3.72520256,0.128214017,998.330783,3008656476
1,3465,1079,128,4.21348286,0.128914467,992.906405,3008656476
1,3466,1080,128,3.12145329,0.12820063,998.435031,3008656476
1,3467,1081,128,1.84799159,0.128662872,994.847993,3008656476
1,3468,1082,128,2.93955517,0.128813869,993.681822,3008656476
1,3469,1083,128,3.373353,0.141049942,907.47999,3008656476
1,3470,1084,128,3.45767403,0.142742279,896.721006,3008656476
1,3471,1085,128,3.35364127,0.130165375,983.364432,3008656476
1,3472,1086,128,3.46977758,0.129534913,988.150585,3008656476
1,3473,1087,128,2.92255807,0.129482437,988.551057,3008656476
1,3474,1088,128,3.14552259,0.129656988,987.220218,3008656476
1,3475,1089,128,3.05342102,0.129062778,991.765418,3008656476
1,3476,1090,128,3.17115998,0.12892932,992.79202,3008656476
1,3477,1091,128,3.45691848,0.146102728,876.095893,3008656476
1,3478,1092,128,2.91539693,0.144448635,886.128138,3008656476
1,3479,1093,128,3.8169961,0.128826357,993.585497,3008656476
1,3480,1094,128,3.81077313,0.129325957,989.74717,3008656476
1,3481,1095,128,3.21605611,0.12895462,992.597241,3008656476
1,3482,1096,128,2.97542715,0.129340807,989.633535,3008656476
1,3483,1097,128,3.1662457,0.129666815,987.1454,3008656476
1,3484,1098,128,3.37003636,0.148407533,862.489911,3008656476
1,3485,1099,128,3.77985358,0.18908748,676.935353,3008656476
1,3486,1100,128,3.5309093,0.14618417,875.607803,3008656476
1,3487,1101,128,3.33533239,0.131231145,975.378215,3008656476
1,3488,1102,128,3.24231958,0.130740792,979.036443,3008656476
1,3489,1103,128,3.34166193,0.130435941,981.324618,3008656476
1,3490,1104,128,3.08345532,0.132675319,964.7612,3008656476
1,3491,1105,128,3.79971457,0.13304716,962.06488,3008656476
1,3492,1106,128,2.91840363,0.138936366,921.285072,3008656476
1,3493,1107,128,2.99205494,0.158268942,808.749957,3008656476
1,3494,1108,128,2.99024844,0.135761807,942.827757,3008656476
1,3495,1109,128,2.47122049,0.131268808,975.098365,3008656476
1,3496,1110,128,2.95768929,0.131974947,969.881049,3008656476
1,3497,1111,128,3.06897044,0.131436033,973.857755,3008656476
1,3498,1112,128,2.74251604,0.13223732,967.956701,3008656476
1,3499,1113,128,2.75259233,0.131611831,972.556943,3008656476
1,3500,1114,128,3.59326291,0.145931663,877.122876,3008656476
1,3501,1115,128,2.35638404,0.142583093,897.722144,3008656476
1,3502,1116,128,2.66554475,0.129406109,989.134137,3008656476
1,3503,1117,128,2.46096492,0.131702978,971.88387,3008656476
1,3504,1118,128,3.11342311,0.128501248,996.099275,3008656476
1,3505,1119,128,2.88042879,0.128689618,994.64123,3008656476
1,3506,1120,128,2.19909835,0.128518521,995.965399,3008656476
1,3507,1121,128,2.97046471,0.128879843,993.173153,3008656476
1,3508,1122,128,2.85722899,0.144276675,887.184294,3008656476
1,3509,1123,128,2.33256221,0.142471198,898.427204,3008656476
1,3510,1124,128,1.86306417,0.128801951,993.773767,3008656476
1,3511,1125,128,3.39843798,0.129705336,986.852229,3008656476
1,3512,1126,128,2.57218146,0.129488941,988.501404,3008656476
1,3513,1127,128,3.99670768,0.129664175,987.165499,3008656476
1,3514,1128,128,3.58050179,0.129817135,986.002349,3008656476
1,3515,1129,128,2.16323781,0.129273461,990.149092,3008656476
1,3516,1130,128,3.19659925,0.140922772,908.298909,3008656476
1,3517,1131,128,2.76529503,0.145081917,882.260192,3008656476
1,3518,1132,128,2.78214002,0.129480722,988.564151,3008656476
1,3519,1133,128,2.67194819,0.128671152,994.783975,3008656476
1,3520,1134,128,3.75737023,0.129737555,986.607155,3008656476
1,3521,1135,128,3.50368714,0.129662393,987.179066,3008656476
1,3522,1136,128,3.19292045,0.128861031,993.318143,3008656476
1,3523,1137,128,3.34871173,0.128389146,996.969012,3008656476
1,3524,1138,128,3.09095383,0.143845028,889.846537,3008656476
1,3525,1139,128,2.87509513,0.143941199,889.252006,3008656476
1,3526,1140,128,3.02440524,0.129197248,990.733177,3008656476
1,3527,1141,128,3.15473533,0.129369256,989.415909,3008656476
1,3528,1142,128,3.16115165,0.128433346,996.625907,3008656476
1,3529,1143,128,2.82482505,0.129430924,988.944497,3008656476
1,3530,1144,128,2.99187326,0.130501488,980.831728,3008656476
1,3531,1145,128,3.68616056,0.131122517,976.186264,3008656476
1,3532,1146,128,3.83980894,0.148404403,862.508102,3008656476
1,3533,1147,128,3.51011443,0.145443612,880.066152,3008656476
1,3534,1148,128,3.66212463,0.133144692,961.360142,3008656476
1,3535,1149,128,3.32299876,0.133161652,961.237699,3008656476
1,3536,1150,128,3.5491426,0.139163207,919.783345,3008656476
1,3537,1151,128,3.38670802,0.143602026,891.352327,3008656476
1,3538,1152,128,3.68943977,0.14324056,893.601645,3008656476
1,3539,1153,128,3.48010445,0.139176296,919.696843,3008656476
1,3540,1154,128,3.27318001,0.146039414,876.475716,3008656476
1,3541,1155,128,3.4547565,0.136543086,937.433039,3008656476
1,3542,1156,128,3.37098479,0.132150731,968.590934,3008656476
1,3543,1157,128,3.89170051,0.132333078,967.256274,3008656476
1,3544,1158,128,3.40699434,0.13138648,974.22505,3008656476
1,3545,1159,128,3.61600852,0.133902962,955.916121,3008656476
1,3546,1160,128,3.61565042,0.130795933,978.623701,3008656476
1,3547,1161,128,3.57246661,0.142612563,897.536636,3008656476
1,3548,1162,128,2.83642793,0.139163228,919.783206,3008656476
1,3549,1163,128,3.10199833,0.129777116,986.306399,3008656476
1,3550,1164,128,3.28030944,0.129673879,987.091625,3008656476
1,3551,1165,128,3.84354377,0.12943828,988.888295,3008656476
1,3552,1166,128,3.4166429,0.129208813,990.6445,3008656476
1,3553,1167,128,3.74866486,0.128492176,996.169603,3008656476
1,3554,1168,128,3.16176128,0.128891316,993.084747,3008656476
1,3555,1169,128,3.93141174,0.135228008,946.549475,3008656476
1,3556,1170,128,3.20518017,0.125649206,1018.70918,3008656476
1,3557,1171,128,3.71865392,0.135223857,946.578532,3008656476
1,3558,1172,128,3.24974394,0.129915338,985.257029,3008656476
1,3559,1173,128,3.38982987,0.131980894,969.837346,3008656476
1,3560,1174,128,3.91678834,0.132098318,968.975245,3008656476
1,3561,1175,128,3.96500874,0.129745599,986.545987,3008656476
1,3562,1176,128,3.62724328,0.129822607,985.960789,3008656476
1,3563,1177,128,3.23712707,0.129892429,985.430798,3008656476
1,3564,1178,128,3.22343183,0.135627022,943.764731,3008656476
1,3565,1179,128,3.56548166,0.138171553,926.384608,3008656476
1,3566,1180,128,3.93373156,0.132134625,968.708997,3008656476
1,3567,1181,128,3.48726034,0.131596778,972.668191,3008656476
1,3568,1182,128,3.77131176,0.132292969,967.54953,3008656476
1,3569,1183,128,2.7641561,0.130353976,981.941663,3008656476
1,3570,1184,128,2.85790324,0.130362148,981.880108,3008656476
1,3571,1185,128,3.91207886,0.14274468,896.705923,3008656476
1,3572,1186,128,3.65233183,0.142006025,901.370206,3008656476
1,3573,1187,128,3.68332076,0.127744873,1001.99716,3008656476
1,3574,1188,128,3.64792585,0.129504057,988.386024,3008656476
1,3575,1189,128,3.27958679,0.129299806,989.947348,3008656476
1,3576,1190,128,3.07352018,0.129969083,984.849605,3008656476
1,3577,1191,128,2.52155995,0.128828129,993.571831,3008656476
1,3578,1192,128,3.27578402,0.129640683,987.344382,3008656476
1,3579,1193,128,2.93555212,0.135945768,941.551928,3008656476
1,3580,1194,128,2.42890835,0.128041519,999.675738,3008656476
1,3581,1195,128,2.59616256,0.135524012,944.482075,3008656476
1,3582,1196,128,2.39366722,0.131342822,974.548879,3008656476
1,3583,1197,128,3.06908512,0.130626957,979.889626,3008656476
1,3584,1198,128,2.75044847,0.130469294,981.073754,3008656476
1,3585,1199,128,3.87211442,0.129665007,987.159165,3008656476
1,3586,1200,128,3.28525543,0.130662533,979.622827,3008656476
1,3587,1201,128,3.77213764,0.129051054,991.855518,3008656476
1,3588,1202,128,3.29451895,0.134716976,950.140092,3008656476
1,3589,1203,128,3.37849784,0.139863436,915.178432,3008656476
1,3590,1204,128,3.35774016,0.131482448,973.51397,3008656476
1,3591,1205,128,3.52328062,0.131326198,974.672243,3008656476
1,3592,1206,128,3.44950199,0.130481075,980.985174,3008656476
1,3593,1207,128,3.35286212,0.129653026,987.250386,3008656476
1,3594,1208,128,3.41470361,0.129588981,987.738302,3008656476
1,3595,1209,128,3.12911844,0.129499671,988.4195,3008656476
1,3596,1210,128,3.30271602,0.134130263,954.296198,3008656476
1,3597,1211,128,3.69925427,0.141062182,907.401248,3008656476
1,3598,1212,128,3.32704806,0.13223781,967.953114,3008656476
1,3599,1213,128,3.20021939,0.132139896,968.670355,3008656476
1,3600,1214,128,3.8463788,0.131201546,975.59826,3008656476
1,3601,1215,128,3.82964635,0.13130326,974.842513,3008656476
1,3602,1216,128,3.22468638,0.131792196,971.225944,3008656476
1,3603,1217,128,3.43975878,0.140362078,911.927223,3008656476
1,3604,1218,128,3.25120831,0.127489304,1004.00579,3008656476
1,3605,1219,128,3.89403009,0.134481215,951.805797,3008656476
1,3606,1220,128,2.67939591,0.131407396,974.069983,3008656476
1,3607,1221,128,3.16571283,0.130235717,982.833304,3008656476
1,3608,1222,128,3.16378093,0.131450827,973.748153,3008656476
1,3609,1223,128,3.17091608,0.132378173,966.926776,3008656476
1,3610,1224,128,3.84221864,0.129425205,988.988196,3008656476
1,3611,1225,128,3.99084568,0.139824409,915.433871,3008656476
1,3612,1226,128,3.48017454,0.12649049,1011.93378,3008656476
1,3613,1227,128,3.57343149,0.136466828,937.956878,3008656476
1,3614,1228,128,3.68192577,0.131266422,975.116089,3008656476
1,3615,1229,128,3.38575625,0.131191682,975.671613,3008656476
1,3616,1230,128,3.3193872,0.13121647,975.4873,3008656476
1,3617,1231,128,2.7446804,0.130681108,979.483584,3008656476
1,3618,1232,128,3.76391697,0.129612245,987.561013,3008656476
1,3619,1233,128,3.65038967,0.140412361,911.600653,3008656476
1,3620,1234,128,2.91265321,0.125109165,1023.1065,3008656476
1,3621,1235,128,3.3948102,0.136524136,937.563157,3008656476
1,3622,1236,128,3.35473323,0.133300897,960.233598,3008656476
1,3623,1237,128,3.4037149,0.131828685,970.957118,3008656476
1,3624,1238,128,3.17456102,0.131947881,970.079997,3008656476
1,3625,1239,128,3.57440376,0.130082251,983.992812,3008656476
1,3626,1240,128,3.61065435,0.130803293,978.568636,3008656476
1,3627,1241,128,2.24310255,0.138482232,924.306304,3008656476
1,3628,1242,128,3.11976743,0.127358523,1005.03678,3008656476
1,3629,1243,128,2.28943634,0.1353332,945.81374,3008656476
1,3630,1244,128,3.34229684,0.131124161,976.174025,3008656476
1,3631,1245,128,2.62969136,0.131896592,970.45722,3008656476
1,3632,1246,128,2.96213913,0.13095773,977.414621,3008656476
1,3633,1247,128,2.51194263,0.130794839,978.631886,3008656476
1,3634,1248,128,1.81858361,0.12974804,986.527427,3008656476
1,3635,1249,128,1.99568748,0.138225323,926.024242,3008656476
1,3636,1250,128,2.30356097,0.125183493,1022.49903,3008656476
1,3637,1251,128,1.96320951,0.136538397,937.465232,3008656476
1,3638,1252,128,2.47750306,0.132027444,969.495403,3008656476
1,3639,1253,128,2.66873646,0.131124334,976.172737,3008656476
1,3640,1254,128,2.44068384,0.131229065,975.393675,3008656476
1,3641,1255,128,2.0372777,0.132060549,969.252369,3008656476
1,3642,1256,128,2.38278627,0.130235392,982.835756,3008656476
1,3643,1257,128,2.68151951,0.13998353,914.393286,3008656476
1,3644,1258,128,2.01058865,0.129503263,988.392084,3008656476
1,3645,1259,128,3.27103043,0.119364905,1072.34199,3008656476
1,3646,1260,128,3.82911873,0.129598679,987.664388,3008656476
1,3647,1261,128,3.63841391,0.129633857,987.396371,3008656476
1,3648,1262,128,3.93337107,0.131419086,973.983338,3008656476
1,3649,1263,128,3.88886428,0.129482356,988.551676,3008656476
1,3650,1264,128,3.5055685,0.128653957,994.916931,3008656476
1,3651,1265,128,3.48979616,0.141901147,902.036401,3008656476
1,3652,1266,128,3.07422471,0.141677375,903.461121,3008656476
1,3653,1267,128,3.42238069,0.122250315,1047.03207,3008656476
1,3654,1268,128,3.31325698,0.12921263,990.615236,3008656476
1,3655,1269,128,3.43767667,0.1295183,988.277332,3008656476
1,3656,1270,128,2.41330957,0.128973896,992.448891,3008656476
1,3657,1271,128,2.83174014,0.128135626,998.941543,3008656476
1,3658,1272,128,2.72425652,0.128466854,996.365958,3008656476
1,3659,1273,128,4.03919458,0.140132111,913.423762,3008656476
1,3660,1274,128,2.7645669,0.126173543,1014.47575,3008656476
1,3661,1275,128,3.74255443,0.137614105,930.137212,3008656476
1,3662,1276,128,3.70122242,0.130660244,979.639989,3008656476
1,3663,1277,128,2.72771144,0.128569573,995.569924,3008656476
1,3664,1278,128,3.16564798,0.130381541,981.734063,3008656476
1,3665,1279,128,3.46033216,0.129362699,989.466059,3008656476
1,3666,1280,128,3.08236814,0.128829335,993.56253,3008656476
1,3667,1281,128,3.5296545,0.128511952,996.016308,3008656476
1,3668,1282,128,3.50394869,0.131781645,971.303705,3008656476
1,3669,1283,128,2.57779169,0.143017275,894.996776,3008656476
1,3670,1284,128,3.10255742,0.127468858,1004.16684,3008656476
1,3671,1285,128,3.52262688,0.128463127,996.394864,3008656476
1,3672,1286,128,3.14992642,0.129233464,990.455537,3008656476
1,3673,1287,128,3.39837742,0.128285029,997.778159,3008656476
1,3674,1288,128,2.65160298,0.129125045,991.287167,3008656476
1,3675,1289,128,3.20208263,0.128380664,997.034881,3008656476
1,3676,1290,128,3.24278426,0.133713835,957.268184,3008656476
1,3677,1291,128,3.08907819,0.143265354,893.446995,3008656476
1,3678,1292,128,3.48825216,0.128777442,993.962902,3008656476
1,3679,1293,128,2.86420393,0.129251976,990.31368,3008656476
1,3680,1294,128,2.74702811,0.129463174,988.698145,3008656476
1,3681,1295,128,2.78851318,0.128508032,996.046691,3008656476
1,3682,1296,128,3.06097507,0.128994673,992.289038,3008656476
1,3683,1297,128,3.45772386,0.128706981,994.50705,3008656476
1,3684,1298,128,3.15070939,0.136982754,934.424198,3008656476
1,3685,1299,128,3.49348521,0.143434762,892.391762,3008656476
1,3686,1300,128,3.12496877,0.129678359,987.057524,3008656476
1,3687,1301,128,3.14913893,0.129231379,990.471517,3008656476
1,3688,1302,128,2.91701174,0.129714312,986.783941,3008656476
1,3689,1303,128,3.22897673,0.128913336,992.915116,3008656476
1,3690,1304,128,3.15998054,0.128945407,992.668161,3008656476
1,3691,1305,128,3.43861079,0.128783211,993.918377,3008656476
1,3692,1306,128,3.20973063,0.136344654,938.797351,3008656476
1,3693,1307,128,3.43008447,0.142971714,895.281986,3008656476
1,3694,1308,128,2.5015099,0.129300154,989.944683,3008656476
1,3695,1309,128,3.4012506,0.129619629,987.504755,3008656476
1,3696,1310,128,4.07076454,0.128761117,994.088922,3008656476
1,3697,1311,128,3.03508711,0.128232278,998.188615,3008656476
1,3698,1312,128,2.85445261,0.12941552,989.062208,3008656476
1,3699,1313,128,3.4130249,0.129102279,991.461971,3008656476
1,3700,1314,128,2.78759336,0.140565838,910.605321,3008656476
1,3701,1315,128,2.86441445,0.141964957,901.630957,3008656476
1,3702,1316,128,3.34879446,0.129133904,991.219161,3008656476
1,3703,1317,128,3.15669441,0.129319236,989.79861,3008656476
1,3704,1318,128,2.29607177,0.129127339,991.269556,3008656476
1,3705,1319,128,3.20345879,0.129707063,986.83909,3008656476
1,3706,1320,128,3.55842113,0.128951182,992.623705,3008656476
1,3707,1321,128,3.19471169,0.129853395,985.727019,3008656476
1,3708,1322,128,3.64744759,0.143533216,891.779642,3008656476
1,3709,1323,128,3.03480768,0.145343156,880.674423,3008656476
1,3710,1324,128,2.12187195,0.135365391,945.588817,3008656476
1,3711,1325,128,2.72959924,0.138856537,921.814722,3008656476
1,3712,1326,128,3.79073191,0.139136488,919.959975,3008656476
1,3713,1327,128,3.53050017,0.143125348,894.32097,3008656476
1,3714,1328,128,3.44853234,0.143401381,892.599493,3008656476
1,3715,1329,128,2.99428797,0.147329788,868.799187,3008656476
1,3716,1330,128,3.23066187,0.147015564,870.656116,3008656476
1,3717,1331,128,2.76572251,0.133780639,956.790168,3008656476
1,3718,1332,128,3.29108,0.132048491,969.340876,3008656476
1,3719,1333,128,2.96658468,0.132840001,963.565184,3008656476
1,3720,1334,128,3.61200261,0.131534647,973.127635,3008656476
1,3721,1335,128,2.96463466,0.131031492,976.864401,3008656476
1,3722,1336,128,3.65577221,0.130023989,984.433726,3008656476
1,3723,1337,128,2.67285275,0.144210755,887.589833,3008656476
1,3724,1338,128,2.90190911,0.144234595,887.443127,3008656476
1,3725,1339,128,2.94288468,0.129873138,985.577171,3008656476
1,3726,1340,128,2.7980392,0.129505515,988.374897,3008656476
1,3727,1341,128,2.86719632,0.129288914,990.030746,3008656476
1,3728,1342,128,3.05217385,0.12992161,985.209466,3008656476
1,3729,1343,128,2.81911683,0.128588269,995.425174,3008656476
1,3730,1344,128,3.42111588,0.127932644,1000.5265,3008656476
1,3731,1345,128,3.08600235,0.141379052,905.367508,3008656476
1,3732,1346,128,3.35096049,0.142077346,900.91773,3008656476
1,3733,1347,128,2.86104846,0.128060185,999.530026,3008656476
1,3734,1348,128,2.37504005,0.128822362,993.61631,3008656476
1,3735,1349,128,3.4306879,0.128400495,996.880892,3008656476
1,3736,1350,128,3.33484387,0.128905415,992.976129,3008656476
1,3737,1351,128,3.65308022,0.127923875,1000.59508,3008656476
1,3738,1352,128,2.90059972,0.129486454,988.52039,3008656476
1,3739,1353,128,2.6333313,0.14380037,890.122884,3008656476
1,3740,1354,128,3.35250354,0.142058539,901.037001,3008656476
1,3741,1355,128,2.66298532,0.12925236,990.310738,3008656476
1,3742,1356,128,2.7481935,0.129482795,988.548324,3008656476
1,3743,1357,128,2.99121928,0.128490105,996.18566,3008656476
1,3744,1358,128,3.54798913,0.127922406,1000.60657,3008656476
1,3745,1359,128,2.78140998,0.129647515,987.292352,3008656476
1,3746,1360,128,2.72062373,0.129118628,991.336432,3008656476
1,3747,1361,128,3.53486586,0.141775866,902.833491,3008656476
1,3748,1362,128,3.55893993,0.143522294,891.847506,3008656476
1,3749,1363,128,2.80633831,0.128797313,993.809553,3008656476
1,3750,1364,128,2.6777401,0.128408646,996.817613,3008656476
1,3751,1365,128,3.006423,0.12800823,999.935707,3008656476
1,3752,1366,128,3.67234612,0.127941497,1000.45726,3008656476
1,3753,1367,128,3.57400203,0.128774502,993.985595,3008656476
1,3754,1368,128,3.2556529,0.129275375,990.134432,3008656476
1,3755,1369,128,3.08542705,0.145946218,877.035402,3008656476
1,3756,1370,128,2.96394539,0.14506448,882.366242,3008656476
1,3757,1371,128,3.50320363,0.130946592,977.497757,3008656476
1,3758,1372,128,3.08225346,0.130319727,982.199725,3008656476
1,3759,1373,128,3.81688356,0.132009041,969.630557,3008656476
1,3760,1374,128,3.92860103,0.130258495,982.661438,3008656476
1,3761,1375,128,3.86647224,0.130619141,979.94826,3008656476
1,3762,1376,128,3.84860873,0.132076231,969.137286,3008656476
1,3763,1377,128,3.36332989,0.146996401,870.769618,3008656476
1,3764,1378,128,2.79239917,0.146731265,872.343055,3008656476
1,3765,1379,128,3.06125426,0.131523795,973.207928,3008656476
1,3766,1380,128,3.39465284,0.133219302,960.821728,3008656476
1,3767,1381,128,2.8078084,0.130434681,981.334098,3008656476
1,3768,1382,128,3.17938828,0.131780626,971.311215,3008656476
1,3769,1383,128,2.96589112,0.131272246,975.072827,3008656476
1,3770,1384,128,2.4798646,0.141051194,907.471935,3008656476
1,3771,1385,128,3.18042111,0.124617267,1027.14498,3008656476
1,3772,1386,128,2.16313195,0.136892836,935.037974,3008656476
1,3773,1387,128,2.87946343,0.131088591,976.438903,3008656476
1,3774,1388,128,3.35928774,0.130542709,980.522014,3008656476
1,3775,1389,128,2.92492628,0.132374878,966.950844,3008656476
1,3776,1390,128,2.65963054,0.130744347,979.009823,3008656476
1,3777,1391,128,2.75504899,0.130912623,977.751397,3008656476
1,3778,1392,128,2.79962325,0.144335257,886.824208,3008656476
1,3779,1393,128,3.1476965,0.138170179,926.39382,3008656476
1,3780,1394,128,3.59836912,0.126765234,1009.74057,3008656476
1,3781,1395,128,3.14246798,0.130252382,982.707556,3008656476
1,3782,1396,128,3.01478577,0.130476263,981.021353,3008656476
1,3783,1397,128,3.83905196,0.131856589,970.75164,3008656476
1,3784,1398,128,2.93220186,0.129888741,985.458778,3008656476
1,3785,1399,128,3.45195436,0.129043145,991.916308,3008656476
1,3786,1400,128,3.70587707,0.139330885,918.67643,3008656476
1,3787,1401,128,3.59466529,0.12440301,1028.91401,3008656476
1,3788,1402,128,3.2664361,0.134229487,953.590771,3008656476
1,3789,1403,128,3.47584033,0.131383567,974.24665,3008656476
1,3790,1404,128,2.59279919,0.130979277,977.253829,3008656476
1,3791,1405,128,3.14533162,0.130514079,980.737105,3008656476
1,3792,1406,128,3.86511612,0.130846337,978.24672,3008656476
1,3793,1407,128,3.54009819,0.131211341,975.525431,3008656476
1,3794,1408,128,3.87102437,0.14395658,889.156994,3008656476
1,3795,1409,128,3.96632123,0.12634065,1013.13394,3008656476
1,3796,1410,128,3.40665984,0.133477018,958.966584,3008656476
1,3797,1411,128,4.03799295,0.132163465,968.49761,3008656476
1,3798,1412,128,3.506675,0.130629024,979.87412,3008656476
1,3799,1413,128,3.77882981,0.13369571,957.39796,3008656476
1,3800,1414,128,3.54242015,0.130001845,984.601411,3008656476
1,3801,1415,128,3.67807794,0.130502314,980.82552,3008656476
1,3802,1416,128,3.42159677,0.138952115,921.180653,3008656476
1,3803,1417,128,3.74286652,0.127126258,1006.87303,3008656476
1,3804,1418,128,3.64950895,0.134872531,949.04425,3008656476
1,3805,1419,128,3.83073425,0.130629012,979.87421,3008656476
1,3806,1420,128,3.6532135,0.13010165,983.846093,3008656476
1,3807,1421,128,3.40220165,0.130655667,979.674307,3008656476
1,3808,1422,128,4.09955978,0.130460936,981.136606,3008656476
1,3809,1423,128,3.46374965,0.13013046,983.628276,3008656476
1,3810,1424,128,3.69436121,0.139208545,919.483786,3008656476
1,3811,1425,128,4.46632576,0.126500775,1011.85151,3008656476
1,3812,1426,128,3.40787435,0.135181228,946.877032,3008656476
1,3813,1427,128,3.71582937,0.132458237,966.34232,3008656476
1,3814,1428,128,3.38560653,0.131490986,973.450758,3008656476
1,3815,1429,128,4.2379756,0.130420108,981.443751,3008656476
1,3816,1430,128,3.8397274,0.130321823,982.183928,3008656476
1,3817,1431,128,3.92674208,0.130677457,979.51095,3008656476
1,3818,1432,128,4.29756212,0.140476963,911.18143,3008656476
1,3819,1433,128,3.14216709,0.12309878,1039.81534,3008656476
1,3820,1434,128,3.38572145,0.14106735,907.368005,3008656476
1,3821,1435,128,3.96335936,0.130520508,980.688797,3008656476
1,3822,1436,128,2.79841447,0.132141623,968.657695,3008656476
1,3823,1437,128,3.88205099,0.131389069,974.205853,3008656476
1,3824,1438,128,3.53566432,0.1310347,976.840486,3008656476
1,3825,1439,128,3.61597848,0.130289698,982.426101,3008656476
1,3826,1440,128,3.98881865,0.140387292,911.763438,3008656476
1,3827,1441,128,4.16064978,0.127466662,1004.18414,3008656476
1,3828,1442,128,3.96407151,0.134521947,951.517599,3008656476
1,3829,1443,128,2.94857717,0.132044527,969.369976,3008656476
1,3830,1444,128,3.99104667,0.131094204,976.397095,3008656476
1,3831,1445,128,3.76769185,0.131164059,975.877088,3008656476
1,3832,1446,128,3.99480557,0.130124087,983.67645,3008656476
1,3833,1447,128,3.54006577,0.129503496,988.390306,3008656476
1,3834,1448,128,3.1234498,0.139403247,918.19956,3008656476
1,3835,1449,128,4.1962862,0.125212587,1022.26144,3008656476
1,3836,1450,128,3.0459578,0.139581068,917.029808,3008656476
1,3837,1451,128,3.48390961,0.130668581,979.577485,3008656476
1,3838,1452,128,3.41164351,0.131616715,972.520853,3008656476
1,3839,1453,128,3.65726376,0.131131728,976.117694,3008656476
1,3840,1454,128,3.47577453,0.130776616,978.768253,3008656476
1,3841,1455,128,2.52387285,0.130963921,977.368416,3008656476
1,3842,1456,128,3.95815158,0.142761415,896.600808,3008656476
1,3843,1457,128,3.67234707,0.131773117,971.366565,3008656476
1,3844,1458,128,3.98390698,0.130566002,980.347089,3008656476
1,3845,1459,128,3.83269715,0.132767616,964.09052,3008656476
1,3846,1460,128,3.35285497,0.12951186,988.326475,3008656476
1,3847,1461,128,2.41452932,0.131232748,975.366301,3008656476
1,3848,1462,128,2.75500584,0.131874367,970.620773,3008656476
1,3849,1463,128,3.52838969,0.12955512,987.996461,3008656476
1,3850,1464,128,2.48748422,0.142842099,896.094365,3008656476
1,3851,1465,128,3.36337972,0.140192996,913.027067,3008656476
1,3852,1466,128,4.17789698,0.124720256,1026.2968,3008656476
1,3853,1467,128,3.58201456,0.128601703,995.321189,3008656476
1,3854,1468,128,3.071311,0.128623902,995.149409,3008656476
1,3855,1469,128,4.18830299,0.128360795,997.189212,3008656476
1,3856,1470,128,3.20827484,0.12805294,999.586577,3008656476
1,3857,1471,128,4.2235775,0.128004639,999.963759,3008656476
1,3858,1472,128,3.70767236,0.137690465,929.621379,3008656476
1,3859,1473,128,3.99660349,0.121289245,1055.32852,3008656476
1,3860,1474,128,3.2711854,0.143018719,894.987739,3008656476
1,3861,1475,128,3.27622056,0.128849914,993.403845,3008656476
1,3862,1476,128,3.36009812,0.12821127,998.352173,3008656476
1,3863,1477,128,3.80553246,0.128916441,992.891202,3008656476
1,3864,1478,128,3.57693338,0.129130157,991.247924,3008656476
1,3865,1479,128,3.8102634,0.12859607,995.364788,3008656476
1,3866,1480,128,3.48903537,0.12790056,1000.77748,3008656476
1,3867,1481,128,3.97796535,0.138062655,927.115301,3008656476
1,3868,1482,128,3.33854437,0.141968922,901.605775,3008656476
1,3869,1483,128,3.06929064,0.128201342,998.429486,3008656476
1,3870,1484,128,3.4152844,0.127561359,1003.43867,3008656476
1,3871,1485,128,3.69808745,0.13104179,976.787634,3008656476
1,3872,1486,128,3.98750591,0.128011515,999.910047,3008656476
1,3873,1487,128,3.90508938,0.127652908,1002.71903,3008656476
1,3874,1488,128,3.33756113,0.128190506,998.513884,3008656476
1,3875,1489,128,3.13234043,0.13798546,927.63397,3008656476
1,3876,1490,128,3.61226058,0.141014925,907.705337,3008656476
1,3877,1491,128,3.50302505,0.127789896,1001.64414,3008656476
1,3878,1492,128,3.6411097,0.127890706,1000.85459,3008656476
1,3879,1493,128,3.35571933,0.127485182,1004.03826,3008656476
1,3880,1494,128,2.5691278,0.12948062,988.56493,3008656476
1,3881,1495,128,3.12398791,0.127258374,1005.82772,3008656476
1,3882,1496,128,3.34876251,0.127259674,1005.81744,3008656476
1,3883,1497,128,3.34780931,0.141641404,903.690562,3008656476
1,3884,1498,128,3.53710222,0.141512935,904.510955,3008656476
1,3885,1499,128,3.11409664,0.127686119,1002.45822,3008656476
1,3886,1500,128,3.71838617,0.128219864,998.285258,3008656476
1,3887,1501,128,3.99582624,0.127377332,1004.88837,3008656476
1,3888,1502,128,3.18990755,0.128918492,992.875405,3008656476
1,3889,1503,128,3.48568678,0.128491233,996.176914,3008656476
1,3890,1504,128,3.29488683,0.128231701,998.193107,3008656476
1,3891,1505,128,3.70190287,0.141250857,906.189192,3008656476
1,3892,1506,128,3.02532935,0.142746633,896.693654,3008656476
1,3893,1507,128,3.53688049,0.129365095,989.447733,3008656476
1,3894,1508,128,3.13943052,0.12943727,988.896011,3008656476
1,3895,1509,128,3.88707399,0.128187775,998.535157,3008656476
1,3896,1510,128,4.22991419,0.128542245,995.781581,3008656476
1,3897,1511,128,3.27641249,0.127988964,1000.08623,3008656476
1,3898,1512,128,3.53489423,0.128652896,994.925136,3008656476
1,3899,1513,128,3.83783364,0.14210179,900.762756,3008656476
1,3900,1514,128,4.34522581,0.144498415,885.822865,3008656476
1,3901,1515,128,3.39001751,0.128099375,999.224235,3008656476
1,3902,1516,128,3.89618444,0.127433981,1004.44166,3008656476
1,3903,1517,128,4.03006411,0.128198031,998.455273,3008656476
1,3904,1518,128,4.0165863,0.128318818,997.515423,3008656476
1,3905,1519,128,3.12341428,0.12813593,998.939173,3008656476
1,3906,1520,128,3.66762614,0.129204157,990.680199,3008656476
1,3907,1521,128,3.07916546,0.148492893,861.994116,3008656476
1,3908,1522,128,3.96716356,0.143715855,890.646338,3008656476
1,3909,1523,128,4.33850956,0.132182751,968.356302,3008656476
1,3910,1524,128,4.03893757,0.131806391,971.121347,3008656476
1,3911,1525,128,3.34025526,0.141591132,904.011418,3008656476
1,3912,1526,128,2.82442808,0.138512814,924.102228,3008656476
1,3913,1527,128,2.59481621,0.142463997,898.472616,3008656476
1,3914,1528,128,3.38451648,0.146048845,876.419119,3008656476
1,3915,1529,128,4.09602451,0.143975055,889.042897,3008656476
1,3916,1530,128,4.06111622,0.131802812,971.147717,3008656476
1,3917,1531,128,4.6411314,0.130976233,977.276541,3008656476
1,3918,1532,128,4.40362358,0.131803724,971.140998,3008656476
1,3919,1533,128,3.67383313,0.130607588,980.034943,3008656476
1,3920,1534,128,3.6928308,0.130509357,980.772589,3008656476
1,3921,1535,128,3.04946589,0.130561741,980.379084,3008656476
1,3922,1536,128,3.50432301,0.144950364,883.060908,3008656476
1,3923,1537,128,3.47026038,0.143304573,893.20248,3008656476
1,3924,1538,128,3.68496823,0.130452974,981.196488,3008656476
1,3925,1539,128,3.2921555,0.129337862,989.656068,3008656476
1,3926,1540,128,4.26760817,0.12930065,989.940886,3008656476
1,3927,1541,128,3.98459244,0.130312351,982.25532,3008656476
1,3928,1542,128,4.14622498,0.128630847,995.095679,3008656476
1,3929,1543,128,3.70548201,0.128791247,993.85636,3008656476
1,3930,1544,128,4.49334955,0.13987981,915.071303,3008656476
1,3931,1545,128,3.7607429,0.141619642,903.829428,3008656476
1,3932,1546,128,3.20784712,0.127668675,1002.59519,3008656476
1,3933,1547,128,3.84328771,0.128106818,999.16618,3008656476
1,3934,1548,128,3.6381259,0.187756747,681.733158,3008656476
1,3935,1549,128,4.02900982,0.128970298,992.476578,3008656476
1,3936,1550,128,3.63812876,0.127814829,1001.44874,3008656476
1,3937,1551,128,3.24772882,0.127961555,1000.30044,3008656476
1,3938,1552,128,3.92363286,0.141159819,906.773619,3008656476
1,3939,1553,128,4.55645132,0.142179996,900.267292,3008656476
1,3940,1554,128,4.24352121,0.128262529,997.95319,3008656476
1,3941,1555,128,3.45335865,0.128689036,994.645729,3008656476
1,3942,1556,128,3.87337804,0.128632473,995.0831,3008656476
1,3943,1557,128,4.08528614,0.126899948,1008.66866,3008656476
1,3944,1558,128,3.61908293,0.12805939,999.536231,3008656476
1,3945,1559,128,3.34275913,0.12830075,997.655898,3008656476
1,3946,1560,128,3.38847828,0.142715432,896.889693,3008656476
1,3947,1561,128,4.07966423,0.143107168,894.434582,3008656476
1,3948,1562,128,4.41739321,0.129019737,992.096271,3008656476
1,3949,1563,128,4.4347086,0.127843149,1001.2269,3008656476
1,3950,1564,128,3.8904109,0.128475558,996.298455,3008656476
1,3951,1565,128,3.87165022,0.128546018,995.752354,3008656476
1,3952,1566,128,3.07048464,0.129760512,986.432606,3008656476
1,3953,1567,128,2.68265533,0.128200535,998.435771,3008656476
1,3954,1568,128,2.22029209,0.143143537,894.20733,3008656476
1,3955,1569,128,3.09692216,0.142039966,901.15482,3008656476
1,3956,1570,128,3.46336532,0.129049483,991.867592,3008656476
1,3957,1571,128,3.67079854,0.128663549,994.842758,3008656476
1,3958,1572,128,2.69914699,0.12811431,999.10775,3008656476
1,3959,1573,128,3.45435309,0.129142572,991.152631,3008656476
1,3960,1574,128,4.0337801,0.12915064,991.090714,3008656476
1,3961,1575,128,4.01815128,0.128909436,992.945156,3008656476
1,3962,1576,128,3.78133225,0.150969162,847.855273,3008656476
1,3963,1577,128,3.90228677,0.148772173,860.375952,3008656476
1,3964,1578,128,3.32005453,0.143199192,893.859792,3008656476
1,3965,1579,128,3.61454439,0.143636274,891.139797,3008656476
1,3966,1580,128,4.06620932,0.141907563,901.995618,3008656476
1,3967,1581,128,3.45464253,0.131028267,976.888445,3008656476
1,3968,1582,128,3.53638887,0.132209697,968.158939,3008656476
1,3969,1583,128,3.4871335,0.146168508,875.701625,3008656476
1,3970,1584,128,3.86856937,0.145916444,877.21436,3008656476
1,3971,1585,128,3.93074846,0.132558965,965.608022,3008656476
1,3972,1586,128,4.25726795,0.131438152,973.842055,3008656476
1,3973,1587,128,3.40087008,0.13085391,978.190105,3008656476
1,3974,1588,128,3.50137997,0.130012629,984.519742,3008656476
1,3975,1589,128,3.86071754,0.130590053,980.166537,3008656476
1,3976,1590,128,3.2449584,0.129713772,986.788049,3008656476
1,3977,1591,128,3.15136886,0.144516004,885.715052,3008656476
1,3978,1592,128,3.57760167,0.143753052,890.415878,3008656476
1,3979,1593,128,4.12761354,0.129746661,986.537912,3008656476
1,3980,1594,128,3.98819017,0.130069137,984.092022,3008656476
1,3981,1595,128,3.4798615,0.128157206,998.773335,3008656476
1,3982,1596,128,3.41975784,0.129144246,991.139783,3008656476
1,3983,1597,128,3.7481184,0.128475518,996.298766,3008656476
1,3984,1598,128,3.37215567,0.127313835,1005.38956,3008656476
1,3985,1599,128,3.54534626,0.142030789,901.213046,3008656476
1,3986,1600,128,2.76861835,0.142814414,896.268076,3008656476
1,3987,1601,128,3.16775465,0.128730138,994.32815,3008656476
1,3988,1602,128,3.3471427,0.128984751,992.365369,3008656476
1,3989,1603,128,3.33192921,0.128566141,995.5965,3008656476
1,3990,1604,128,2.94336772,0.128633429,995.075705,3008656476
1,3991,1605,128,2.46986842,0.129920839,985.215313,3008656476
1,3992,1606,128,2.37540483,0.128596849,995.358759,3008656476
1,3993,1607,128,3.69595361,0.142654882,897.270379,3008656476
1,3994,1608,128,3.64794445,0.14236576,899.092591,3008656476
1,3995,1609,128,3.4327333,0.128490669,996.181287,3008656476
1,3996,1610,128,3.54370236,0.128578573,995.500238,3008656476
1,3997,1611,128,3.9394505,0.129456921,988.745901,3008656476
1,3998,1612,128,3.94234824,0.129213085,990.611748,3008656476
1,3999,1613,128,3.27627397,0.129783142,986.260604,3008656476
1,4000,1614,128,3.0632689,0.129058513,991.798193,3008656476
1,4001,1615,128,3.07377028,0.149767195,854.659794,3008656476
1,4002,1616,128,3.26941967,0.142094942,900.806167,3008656476
1,4003,1617,128,3.49320149,0.128911353,992.93039,3008656476
1,4004,1618,128,2.3080616,0.129725205,986.701081,3008656476
1,4005,1619,128,3.68611383,0.129207388,990.655426,3008656476
1,4006,1620,128,4.29621172,0.131001495,977.088086,3008656476
1,4007,1621,128,3.89647532,0.131486703,973.482467,3008656476
1,4008,1622,128,3.32863879,0.13141003,974.050459,3008656476
1,4009,1623,128,3.80685759,0.145897625,877.32751,3008656476
1,4010,1624,128,3.50009513,0.146153433,875.791949,3008656476
1,4011,1625,128,3.15524673,0.132386028,966.869404,3008656476
1,4012,1626,128,3.74152112,0.132608704,965.245841,3008656476
1,4013,1627,128,3.68341684,0.13980075,915.588793,3008656476
1,4014,1628,128,3.50305104,0.14378439,890.221811,3008656476
1,4015,1629,128,3.08112788,0.143287982,893.305902,3008656476
1,4016,1630,128,3.64507246,0.152145805,841.298253,3008656476
1,4017,1631,128,3.41714311,0.1533345,834.776257,3008656476
1,4018,1632,128,3.68435574,0.134047642,954.884384,3008656476
1,4019,1633,128,3.45457077,0.143534433,891.772081,3008656476
1,4020,1634,128,3.52107811,0.144145222,887.99336,3008656476
1,4021,1635,128,3.30619407,0.143939055,889.265252,3008656476
1,4022,1636,128,3.1017971,0.143443408,892.337973,3008656476
1,4023,1637,128,3.36370039,0.154077887,830.748672,3008656476
1,4024,1638,128,3.95209694,0.153469781,834.040416,3008656476
1,4025,1639,128,4.24325991,0.139034056,920.637746,3008656476
1,4026,1640,128,3.41865301,0.143422198,892.469937,3008656476
1,4027,1641,128,2.48168731,0.143418653,892.491997,3008656476
1,4028,1642,128,3.68718195,0.13513328,947.213003,3008656476
1,4029,1643,128,2.94850183,0.132344834,967.170354,3008656476
1,4030,1644,128,3.0409348,0.133809157,956.586252,3008656476
1,4031,1645,128,2.32529521,0.144805548,883.944032,3008656476
1,4032,1646,128,4.04522991,0.146358033,874.567643,3008656476
1,4033,1647,128,3.43617368,0.130745557,979.000763,3008656476
1,4034,1648,128,2.95840836,0.131310954,974.785394,3008656476
1,4035,1649,128,2.78276443,0.129832938,985.882334,3008656476
1,4036,1650,128,3.04690766,0.130573092,980.293857,3008656476
1,4037,1651,128,3.26131201,0.129721241,986.731232,3008656476
1,4038,1652,128,3.53144741,0.130278933,982.507279,3008656476
1,4039,1653,128,2.83223057,0.143460447,892.231989,3008656476
1,4040,1654,128,3.03009439,0.142377457,899.018726,3008656476
1,4041,1655,128,3.07025051,0.128726044,994.359774,3008656476
1,4042,1656,128,3.57440734,0.128569104,995.573556,3008656476
1,4043,1657,128,3.70156813,0.128370368,997.114848,3008656476
1,4044,1658,128,3.92253256,0.127920362,1000.62256,3008656476
1,4045,1659,128,3.72905231,0.129453472,988.772244,3008656476
1,4046,1660,128,2.66799498,0.127352933,1005.0809,3008656476
1,4047,1661,128,2.89896131,0.143752366,890.420127,3008656476
1,4048,1662,128,3.29438281,0.138938617,921.270146,3008656476
1,4049,1663,128,3.75573874,0.128939251,992.715554,3008656476
1,4050,1664,128,3.80010986,0.12852608,995.906823,3008656476
1,4051,1665,128,3.3537271,0.129230667,990.476974,3008656476
1,4052,1666,128,3.62550163,0.129064123,991.755083,3008656476
1,4053,1667,128,3.8160634,0.129072051,991.694166,3008656476
1,4054,1668,128,3.88576961,0.12914956,991.099002,3008656476
1,4055,1669,128,3.60581613,0.144241733,887.399211,3008656476
1,4056,1670,128,3.78852844,0.142305122,899.475705,3008656476
1,4057,1671,128,2.67697334,0.129711377,986.806269,3008656476
1,4058,1672,128,3.29090977,0.129451058,988.790683,3008656476
1,4059,1673,128,3.4550271,0.129939126,985.076658,3008656476
1,4060,1674,128,3.71338916,0.127939198,1000.47524,3008656476
1,4061,1675,128,3.36094236,0.128796631,993.814815,3008656476
1,4062,1676,128,3.38004565,0.128789782,993.867666,3008656476
1,4063,1677,128,4.15496635,0.143194427,893.889537,3008656476
1,4064,1678,128,3.9176662,0.143713353,890.661844,3008656476
1,4065,1679,128,3.97555161,0.128628282,995.115522,3008656476
1,4066,1680,128,3.66405988,0.129129006,991.256759,3008656476
1,4067,1681,128,4.06082249,0.128593105,995.387739,3008656476
1,4068,1682,128,3.81887531,0.128649833,994.948824,3008656476
1,4069,1683,128,3.70248199,0.128727472,994.348743,3008656476
1,4070,1684,128,3.33045769,0.130069485,984.089389,3008656476
1,4071,1685,128,2.73876572,0.143529594,891.802146,3008656476
1,4072,1686,128,3.80305552,0.14408857,888.342497,3008656476
1,4073,1687,128,3.25731134,0.136141275,940.199803,3008656476
1,4074,1688,128,3.2083621,0.138735269,922.620477,3008656476
1,4075,1689,128,3.49728656,0.131247771,975.254658,3008656476
1,4076,1690,128,3.75170755,0.138926349,921.3515,3008656476
1,4077,1691,128,3.77637506,0.143336385,893.004243,3008656476
1,4078,1692,128,3.52254677,0.15052928,850.332905,3008656476
1,4079,1693,128,3.75768352,0.147503296,867.777219,3008656476
1,4080,1694,128,3.85335469,0.131601581,972.632692,3008656476
1,4081,1695,128,3.88107395,0.133723144,957.201545,3008656476
1,4082,1696,128,3.73081875,0.130442287,981.276877,3008656476
1,4083,1697,128,3.76969457,0.132029635,969.479314,3008656476
1,4084,1698,128,4.18280792,0.130939261,977.552485,3008656476
1,4085,1699,128,3.9444325,0.131102739,976.33353,3008656476
1,4086,1700,128,3.90026402,0.144804194,883.952298,3008656476
1,4087,1701,128,3.706635,0.143781482,890.239815,3008656476
1,4088,1702,128,2.35411716,0.129804473,986.09853,3008656476
1,4089,1703,128,2.79478598,0.128717034,994.429378,3008656476
1,4090,1704,128,2.62765408,0.129008519,992.18254,3008656476
1,4091,1705,128,2.83693552,0.128069905,999.454165,3008656476
1,4092,1706,128,3.25385046,0.128982215,992.38488,3008656476
1,4093,1707,128,3.34884834,0.129024822,992.057172,3008656476
1,4094,1708,128,4.16195202,0.142375361,899.031961,3008656476
1,4095,1709,128,3.36839533,0.142444981,898.592559,3008656476
1,4096,1710,128,3.85521889,0.127977973,1000.17212,3008656476
1,4097,1711,128,3.52792716,0.129165087,990.979861,3008656476
1,4098,1712,128,3.00653768,0.128179311,998.601092,3008656476
1,4099,1713,128,3.35580277,0.128430599,996.647224,3008656476
1,4100,1714,128,3.59524369,0.128998634,992.258569,3008656476
1,4101,1715,128,3.25553608,0.128939846,992.710973,3008656476
1,4102,1716,128,3.2672267,0.142804131,896.332614,3008656476
1,4103,1717,128,4.09570169,0.143225092,893.698152,3008656476
1,4104,1718,128,2.91595912,0.12972296,986.718157,3008656476
1,4105,1719,128,3.56473112,0.128898535,993.029129,3008656476
1,4106,1720,128,4.10625553,0.129293953,989.992162,3008656476
1,4107,1721,128,3.44085002,0.129442833,988.853512,3008656476
1,4108,1722,128,3.91138315,0.1284777,996.281845,3008656476
1,4109,1723,128,3.55741525,0.128533502,995.849316,3008656476
1,4110,1724,128,4.06818676,0.142634965,897.39567,3008656476
1,4111,1725,128,3.15610909,0.14461151,885.130098,3008656476
1,4112,1726,128,4.27526951,0.128036609,999.714074,3008656476
1,4113,1727,128,3.69768405,0.12834263,997.330349,3008656476
1,4114,1728,128,3.54276133,0.128762857,994.075489,3008656476
1,4115,1729,128,3.8582139,0.127869424,1001.02117,3008656476
1,4116,1730,128,2.96687889,0.128280996,997.809527,3008656476
1,4117,1731,128,3.12036085,0.129000989,992.240455,3008656476
1,4118,1732,128,3.61354923,0.142795959,896.38391,3008656476
1,4119,1733,128,3.03230953,0.143947813,889.211148,3008656476
1,4120,1734,128,3.67322445,0.130237035,982.823357,3008656476
1,4121,1735,128,2.7896359,0.130592255,980.15001,3008656476
1,4122,1736,128,3.2754426,0.129784941,986.246933,3008656476
1,4123,1737,128,2.30258512,0.130677727,979.508926,3008656476
1,4124,1738,128,2.84958529,0.131527214,973.18263,3008656476
1,4125,1739,128,2.22708583,0.130492366,980.900293,3008656476
1,4126,1740,128,2.43172741,0.146726033,872.374161,3008656476
1,4127,1741,128,2.8021934,0.146716107,872.433181,3008656476
1,4128,1742,128,3.11822009,0.139559228,917.173317,3008656476
1,4129,1743,128,3.30720472,0.13574086,942.973251,3008656476
1,4130,1744,128,3.85740519,0.143475355,892.139281,3008656476
1,4131,1745,128,2.33418226,0.143639796,891.117946,3008656476
1,4132,1746,128,3.97985101,0.13206425,969.225207,3008656476
1,4133,1747,128,4.28067636,0.146617858,873.017801,3008656476
1,4134,1748,128,3.33129072,0.145638437,878.888861,3008656476
1,4135,1749,128,3.98203993,0.131950732,970.059037,3008656476
1,4136,1750,128,3.11267018,0.131740045,971.610417,3008656476
1,4137,1751,128,3.89236093,0.131055061,976.688722,3008656476
1,4138,1752,128,3.24207473,0.130777128,978.764421,3008656476
1,4139,1753,128,3.96100259,0.131268791,975.098491,3008656476
1,4140,1754,128,3.77421761,0.131592875,972.69704,3008656476
1,4141,1755,128,4.07102394,0.143803747,890.10198,3008656476
1,4142,1756,128,3.24864721,0.142849052,896.050749,3008656476
1,4143,1757,128,3.02209139,0.128890175,993.093539,3008656476
1,4144,1758,128,3.07908106,0.129835788,985.860694,3008656476
1,4145,1759,128,3.55575752,0.129005774,992.203651,3008656476
1,4146,1760,128,3.84345675,0.127507152,1003.86526,3008656476
1,4147,1761,128,3.00241518,0.12862717,995.124125,3008656476
1,4148,1762,128,4.30015039,0.127993173,1000.05334,3008656476
1,4149,1763,128,3.19074941,0.141961448,901.653243,3008656476
1,4150,1764,128,3.28897095,0.142947467,895.433845,3008656476
1,4151,1765,128,2.53198934,0.12781893,1001.41661,3008656476
1,4152,1766,128,3.62062359,0.127198854,1006.29837,3008656476
1,4153,1767,128,3.93737459,0.128103991,999.18823,3008656476
1,4154,1768,128,3.37695265,0.127511098,1003.83419,3008656476
1,4155,1769,128,3.03260279,0.12833896,997.358869,3008656476
1,4156,1770,128,3.08677149,0.128331741,997.414973,3008656476
1,4157,1771,128,3.01354265,0.140827176,908.915478,3008656476
1,4158,1772,128,2.73652577,0.143262651,893.463852,3008656476
1,4159,1773,128,2.78305197,0.130258641,982.660337,3008656476
1,4160,1774,128,2.65050125,0.128628867,995.110996,3008656476
1,4161,1775,128,3.27371979,0.128981454,992.390735,3008656476
1,4162,1776,128,3.17678332,0.129954958,984.956649,3008656476
1,4163,1777,128,3.02612972,0.129105744,991.435362,3008656476
1,4164,1778,128,2.56052661,0.130077825,984.026293,3008656476
1,4165,1779,128,3.47852182,0.147616833,867.109783,3008656476
1,4166,1780,128,2.839643,0.130471345,981.058331,3008656476
1,4167,1781,128,2.10904813,0.129597707,987.671796,3008656476
1,4168,1782,128,2.34138036,0.128846992,993.426374,3008656476
1,4169,1783,128,2.80807567,0.130316932,982.220791,3008656476
1,4170,1784,128,3.12293077,0.129888442,985.461047,3008656476
1,4171,1785,128,3.17230129,0.130066533,984.111724,3008656476
1,4172,1786,128,2.40915895,0.130549441,980.471452,3008656476
1,4173,1787,128,2.63832903,0.144551516,885.497458,3008656476
1,4174,1788,128,2.41744018,0.144013943,888.802829,3008656476
1,4175,1789,128,2.88121343,0.131343222,974.545911,3008656476
1,4176,1790,128,2.31225538,0.132802021,963.840754,3008656476
1,4177,1791,128,3.72912002,0.132269996,967.717577,3008656476
1,4178,1792,128,3.27249575,0.139154501,919.84089,3008656476
1,4179,1793,128,2.90088797,0.131611237,972.561332,3008656476
1,4180,1794,128,3.19081521,0.132346647,967.157105,3008656476
1,4181,1795,128,2.2194674,0.136519585,937.594412,3008656476
1,4182,1796,128,3.18571568,0.139245947,919.236809,3008656476
1,4183,1797,128,3.44585657,0.133842006,956.351476,3008656476
1,4184,1798,128,3.29862332,0.131864123,970.696176,3008656476
1,4185,1799,128,2.67451334,0.131658742,972.210413,3008656476
1,4186,1800,128,2.68192625,0.130616767,979.966071,3008656476
1,4187,1801,128,3.1112628,0.133073685,961.873116,3008656476
1,4188,1802,128,2.39729142,0.141177338,906.661096,3008656476
1,4189,1803,128,3.28817725,0.137473523,931.088381,3008656476
1,4190,1804,128,2.71864843,0.124742704,1026.11212,3008656476
1,4191,1805,128,3.67773271,0.130335355,982.081953,3008656476
1,4192,1806,128,3.14995193,0.131590848,972.712023,3008656476
1,4193,1807,128,3.5366683,0.129961499,984.907076,3008656476
1,4194,1808,128,3.28806305,0.129476413,988.59705,3008656476
1,4195,1809,128,4.28746986,0.129661286,987.187494,3008656476
1,4196,1810,128,3.13588166,0.140321698,912.189646,3008656476
1,4197,1811,128,3.00216866,0.124908536,1024.74982,3008656476
1,4198,1812,128,2.65038133,0.13527129,946.246613,3008656476
1,4199,1813,128,2.51900649,0.131357403,974.440702,3008656476
1,4200,1814,128,3.60990024,0.13081415,978.487419,3008656476
1,4201,1815,128,3.86243987,0.130682753,979.471254,3008656476
1,4202,1816,128,3.05438638,0.131344142,974.539085,3008656476
1,4203,1817,128,3.37069321,0.129606947,987.601382,3008656476
1,4204,1818,128,2.26966453,0.137989248,927.608505,3008656476
1,4205,1819,128,2.12374473,0.12590384,1016.6489,3008656476
1,4206,1820,128,3.00004125,0.13643577,938.170393,3008656476
1,4207,1821,128,3.44061852,0.131778262,971.32864,3008656476
1,4208,1822,128,4.34388733,0.132534608,965.78548,3008656476
1,4209,1823,128,3.69253683,0.131594428,972.685561,3008656476
1,4210,1824,128,3.13058043,0.131154068,975.951428,3008656476
1,4211,1825,128,2.70009518,0.130537254,980.562989,3008656476
1,4212,1826,128,3.67228842,0.141744105,903.035791,3008656476
1,4213,1827,128,2.87755156,0.124256062,1030.13083,3008656476
1,4214,1828,128,3.01291823,0.133849872,956.295274,3008656476
1,4215,1829,128,3.28323984,0.132907769,963.073874,3008656476
1,4216,1830,128,3.15587378,0.131118619,976.215285,3008656476
1,4217,1831,128,3.67481995,0.130096214,983.887202,3008656476
1,4218,1832,128,3.07344723,0.130994296,977.141783,3008656476
1,4219,1833,128,3.23655224,0.131153661,975.954457,3008656476
1,4220,1834,128,3.67337751,0.140996439,907.824346,3008656476
1,4221,1835,128,3.1879499,0.143240392,893.602693,3008656476
1,4222,1836,128,2.40690017,0.126341034,1013.13086,3008656476
1,4223,1837,128,3.6065352,0.130394084,981.639627,3008656476
1,4224,1838,128,3.94495869,0.129144012,991.141579,3008656476
1,4225,1839,128,3.7291472,0.128790185,993.864556,3008656476
1,4226,1840,128,3.696733,0.128675052,994.753824,3008656476
1,4227,1841,128,3.66932368,0.128110629,999.136457,3008656476
1,4228,1842,128,3.61317468,0.137535463,930.66906,3008656476
1,4229,1843,128,3.69267035,0.125340636,1021.21709,3008656476
1,4230,1844,128,3.60992646,0.137938636,927.94886,3008656476
1,4231,1845,128,2.56173658,0.131764653,971.428961,3008656476
1,4232,1846,128,2.97284603,0.130127314,983.652056,3008656476
1,4233,1847,128,2.45851731,0.12999997,984.615612,3008656476
1,4234,1848,128,3.28576732,0.129115088,991.363612,3008656476
1,4235,1849,128,3.55985618,0.128705215,994.520696,3008656476
1,4236,1850,128,3.99920797,0.132767855,964.088785,3008656476
1,4237,1851,128,3.12332702,0.129287538,990.041283,3008656476
1,4238,1852,128,2.73131609,0.140263149,912.570414,3008656476
1,4239,1853,128,3.13778925,0.130298458,982.360052,3008656476
1,4240,1854,128,3.94612932,0.131305752,974.824012,3008656476
1,4241,1855,128,3.31440973,0.124860953,1025.14034,3008656476
1,4242,1856,128,3.06015635,0.132383533,966.887626,3008656476
1,4243,1857,128,2.42228675,0.131387404,974.218198,3008656476
1,4244,1858,128,3.56615496,0.147750086,866.327753,3008656476
1,4245,1859,128,2.80924606,0.14388123,889.622642,3008656476
1,4246,1860,128,3.57688403,0.128398099,996.899495,3008656476
1,4247,1861,128,3.58931494,0.129324033,989.761895,3008656476
1,4248,1862,128,3.46388984,0.128020797,999.83755,3008656476
1,4249,1863,128,3.54268098,0.129078227,991.646717,3008656476
1,4250,1864,128,3.79902411,0.128126723,999.010956,3008656476
1,4251,1865,128,3.46582913,0.127812786,1001.46475,3008656476
1,4252,1866,128,3.3676877,0.143464284,892.208126,3008656476
1,4253,1867,128,4.30262613,0.141535648,904.365803,3008656476
1,4254,1868,128,3.3334949,0.12860033,995.331816,3008656476
1,4255,1869,128,3.16728687,0.128797796,993.805826,3008656476
1,4256,1870,128,3.54303336,0.128847078,993.42571,3008656476
1,4257,1871,128,2.83485079,0.129485083,988.530856,3008656476
1,4258,1872,128,3.52947307,0.128721554,994.394459,3008656476
1,4259,1873,128,3.24512482,0.128745278,994.211221,3008656476
1,4260,1874,128,3.81679177,0.142527446,898.072642,3008656476
1,4261,1875,128,3.13468027,0.141198348,906.526187,3008656476
1,4262,1876,128,2.82395887,0.129301564,989.933888,3008656476
1,4263,1877,128,2.89509177,0.129390655,989.252276,3008656476
1,4264,1878,128,2.7182622,0.128713167,994.459254,3008656476
1,4265,1879,128,2.11638117,0.128625581,995.136418,3008656476
1,4266,1880,128,2.82172251,0.127811808,1001.47241,3008656476
1,4267,1881,128,3.19815803,0.129102193,991.462631,3008656476
1,4268,1882,128,3.2318368,0.141305833,905.836633,3008656476
1,4269,1883,128,2.67016435,0.143118145,894.36598,3008656476
1,4270,1884,128,2.8959837,0.127449459,1004.31968,3008656476
1,4271,1885,128,2.87479734,0.128737259,994.27315,3008656476
1,4272,1886,128,3.2592113,0.129403239,989.156075,3008656476
1,4273,1887,128,2.49659491,0.128990601,992.320363,3008656476
1,4274,1888,128,2.71649957,0.129620716,987.496474,3008656476
1,4275,1889,128,3.75223827,0.130358782,981.905461,3008656476
1,4276,1890,128,3.5673058,0.143420067,892.483198,3008656476
1,4277,1891,128,3.19881392,0.144656879,884.852493,3008656476
1,4278,1892,128,3.2821753,0.130288665,982.43389,3008656476
1,4279,1893,128,2.77772975,0.132004952,969.660593,3008656476
1,4280,1894,128,3.20017695,0.131432411,973.884592,3008656476
1,4281,1895,128,3.30932236,0.132709057,964.515934,3008656476
1,4282,1896,128,3.59461927,0.132153282,968.572237,3008656476
1,4283,1897,128,3.42912459,0.131707222,971.852553,3008656476
1,4284,1898,128,3.78843665,0.146763715,872.150177,3008656476
1,4285,1899,128,4.95321751,0.148338318,862.892351,3008656476
1,4286,1900,128,3.82385802,0.132012633,969.604174,3008656476
1,4287,1901,128,3.00932002,0.132152548,968.577617,3008656476
1,4288,1902,128,3.2588985,0.131491333,973.448189,3008656476
1,4289,1903,128,3.79315758,0.132300708,967.492933,3008656476
1,4290,1904,128,2.29571509,0.131125567,976.163558,3008656476
1,4291,1905,128,3.6180892,0.13112809,976.144776,3008656476
1,4292,1906,128,2.57488489,0.144809921,883.917339,3008656476
1,4293,1907,128,2.80983329,0.14325604,893.505084,3008656476
1,4294,1908,128,3.27458167,0.130059019,984.16858,3008656476
1,4295,1909,128,2.91463685,0.129355613,989.520261,3008656476
1,4296,1910,128,3.1316936,0.129422393,989.009684,3008656476
1,4297,1911,128,2.83155704,0.129515236,988.300712,3008656476
1,4298,1912,128,3.11950827,0.130088065,983.948835,3008656476
1,4299,1913,128,3.05792618,0.127809063,1001.49392,3008656476
1,4300,1914,128,3.30711341,0.142380547,898.999215,3008656476
1,4301,1915,128,2.44232678,0.14265275,897.283789,3008656476
1,4302,1916,128,3.48987746,0.126691682,1010.32679,3008656476
1,4303,1917,128,2.90582681,0.128039166,999.694109,3008656476
1,4304,1918,128,2.93344712,0.128995393,992.2835,3008656476
1,4305,1919,128,2.64799428,0.128120524,999.059292,3008656476
1,4306,1920,128,3.03065395,0.128608133,995.271427,3008656476
1,4307,1921,128,3.32028174,0.128629025,995.109774,3008656476
1,4308,1922,128,3.37995768,0.142892103,895.780784,3008656476
1,4309,1923,128,3.30987573,0.143073414,894.645598,3008656476
1,4310,1924,128,3.01668239,0.128639179,995.031226,3008656476
1,4311,1925,128,2.58188462,0.12893762,992.728111,3008656476
1,4312,1926,128,3.15966201,0.129017664,992.112212,3008656476
1,4313,1927,128,3.29522038,0.128424795,996.692266,3008656476
1,4314,1928,128,3.66780233,0.128767437,994.040131,3008656476
1,4315,1929,128,4.53143167,0.128137293,998.928548,3008656476
1,4316,1930,128,3.90947556,0.141437122,904.99579,3008656476
1,4317,1931,128,2.22916317,0.144899616,883.370181,3008656476
1,4318,1932,128,2.25150418,0.128962395,992.537398,3008656476
1,4319,1933,128,2.73980331,0.12832366,997.477784,3008656476
1,4320,1934,128,2.79111004,0.128478308,996.27713,3008656476
1,4321,1935,128,2.28788304,0.128405653,996.840848,3008656476
1,4322,1936,128,3.54257345,0.128815283,993.670914,3008656476
1,4323,1937,128,3.25338268,0.129228387,990.494449,3008656476
1,4324,1938,128,3.49798226,0.141877406,902.187343,3008656476
1,4325,1939,128,2.80899143,0.142908349,895.67895,3008656476
1,4326,1940,128,2.71379828,0.1287228,994.384833,3008656476
1,4327,1941,128,2.10914969,0.12862359,995.151822,3008656476
1,4328,1942,128,3.82039094,0.129828439,985.916499,3008656476
1,4329,1943,128,3.06430101,0.129899244,985.379099,3008656476
1,4330,1944,128,3.41582966,0.129747601,986.530764,3008656476
1,4331,1945,128,3.53818035,0.130381275,981.736066,3008656476
1,4332,1946,128,2.25044155,0.150451679,850.771496,3008656476
1,4333,1947,128,2.76269722,0.139665743,916.473841,3008656476
1,4334,1948,128,3.64606476,0.131462947,973.65838,3008656476
1,4335,1949,128,3.31295419,0.13158741,972.737437,3008656476
1,4336,1950,128,3.93781233,0.132145383,968.630134,3008656476
1,4337,1951,128,3.88847089,0.131134784,976.094947,3008656476
1,4338,1952,128,3.13336706,0.130867629,978.087561,3008656476
1,4339,1953,128,3.05811167,0.1364207,938.27403,3008656476
1,4340,1954,128,3.26652002,0.130674644,979.532035,3008656476
1,4341,1955,128,3.09598017,0.134884152,948.962484,3008656476
1,4342,1956,128,3.60390735,0.130907826,977.787226,3008656476
1,4343,1957,128,3.2658999,0.131915142,970.320754,3008656476
1,4344,1958,128,3.039464,0.130777311,978.763052,3008656476
1,4345,1959,128,2.43798852,0.130999924,977.099804,3008656476
1,4346,1960,128,3.32948089,0.131323324,974.693574,3008656476
1,4347,1961,128,3.18525338,0.144914286,883.280755,3008656476
1,4348,1962,128,3.18841243,0.135832926,942.334114,3008656476
1,4349,1963,128,2.4338212,0.125648345,1018.71616,3008656476
1,4350,1964,128,2.47834802,0.129569318,987.888197,3008656476
1,4351,1965,128,2.8490963,0.130755638,978.925284,3008656476
1,4352,1966,128,3.21533632,0.129069523,991.71359,3008656476
1,4353,1967,128,3.38032651,0.12967923,987.050895,3008656476
1,4354,1968,128,3.7165904,0.129578965,987.81465,3008656476
1,4355,1969,128,2.97610235,0.132719943,964.436822,3008656476
1,4356,1970,128,3.0499208,0.129975624,984.800042,3008656476
1,4357,1971,128,3.20080638,0.134193678,953.845233,3008656476
1,4358,1972,128,3.79957294,0.132132777,968.722545,3008656476
1,4359,1973,128,3.07329917,0.13146768,973.623327,3008656476
1,4360,1974,128,1.53147781,0.130720925,979.185238,3008656476
1,4361,1975,128,2.49287462,0.13187771,970.596168,3008656476
1,4362,1976,128,2.712044,0.131887527,970.523922,3008656476
1,4363,1977,128,2.67039943,0.138769819,922.390769,3008656476
1,4364,1978,128,3.06405425,0.127297987,1005.51472,3008656476
1,4365,1979,128,3.20085502,0.136906428,934.945144,3008656476
1,4366,1980,128,3.69939041,0.132064903,969.220414,3008656476
1,4367,1981,128,3.62227464,0.131019273,976.955505,3008656476
1,4368,1982,128,3.04207063,0.130941389,977.536598,3008656476
1,4369,1983,128,3.60422635,0.13085996,978.144881,3008656476
1,4370,1984,128,2.5677309,0.129662878,987.175373,3008656476
1,4371,1985,128,2.44727445,0.140223717,912.827036,3008656476
1,4372,1986,128,2.38033843,0.125139096,1022.86179,3008656476
1,4373,1987,128,3.18313169,0.136636051,936.795224,3008656476
1,4374,1988,128,3.45392346,0.131062314,976.634672,3008656476
1,4375,1989,128,3.790241,0.130729832,979.118523,3008656476
1,4376,1990,128,2.56005001,0.129258935,990.260364,3008656476
1,4377,1991,128,2.35167098,0.128674237,994.760124,3008656476
1,4378,1992,128,2.52765083,0.129062765,991.765518,3008656476
1,4379,1993,128,3.15454888,0.128811409,993.700799,3008656476
1,4380,1994,128,2.96413684,0.133177287,961.12485,3008656476
1,4381,1995,128,2.9435246,0.198079701,646.20453,3008656476
1,4382,1996,128,2.8373878,0.130878679,978.004981,3008656476
1,4383,1997,128,3.36527729,0.131070595,976.572968,3008656476
1,4384,1998,128,3.27952886,0.13038132,981.735727,3008656476
1,4385,1999,128,4.19303799,0.131175078,975.795113,3008656476
1,4386,2000,128,3.11440516,0.129837371,985.848674,3008656476
1,4387,2001,128,2.35835886,0.144870706,883.546464,3008656476
1,4388,2002,128,3.26566029,0.142216846,900.034023,3008656476
1,4389,2003,128,3.15740347,0.129031274,992.007566,3008656476
1,4390,2004,128,2.78414631,0.127978417,1000.16865,3008656476
1,4391,2005,128,2.65179682,0.128254987,998.011875,3008656476
1,4392,2006,128,2.83501577,0.127723226,1002.16698,3008656476
1,4393,2007,128,2.77486348,0.128271846,997.880704,3008656476
1,4394,2008,128,3.00025964,0.127703431,1002.32233,3008656476
1,4395,2009,128,2.86262155,0.14240839,898.823447,3008656476
1,4396,2010,128,2.99715185,0.143671653,890.920354,3008656476
1,4397,2011,128,3.69234157,0.128170594,998.669008,3008656476
1,4398,2012,128,4.09188795,0.129047349,991.883994,3008656476
1,4399,2013,128,3.50432277,0.130151755,983.467338,3008656476
1,4400,2014,128,4.21078587,0.129244099,990.374036,3008656476
1,4401,2015,128,3.3287735,0.128452455,996.477646,3008656476
1,4402,2016,128,3.53089023,0.129859198,985.68297,3008656476
1,4403,2017,128,4.13599777,0.14797626,865.003616,3008656476
1,4404,2018,128,3.57855797,0.14243689,898.643603,3008656476
1,4405,2019,128,3.53187346,0.128334068,997.396888,3008656476
1,4406,2020,128,3.08510208,0.129093085,991.532583,3008656476
1,4407,2021,128,3.83287597,0.129291963,990.007399,3008656476
1,4408,2022,128,3.86655235,0.128011898,999.907056,3008656476
1,4409,2023,128,3.81432939,0.129887533,985.467943,3008656476
1,4410,2024,128,3.98306561,0.129047716,991.881174,3008656476
1,4411,2025,128,3.61748838,0.142107182,900.728578,3008656476
1,4412,2026,128,3.43909168,0.144208892,887.6013,3008656476
1,4413,2027,128,3.85774112,0.129985722,984.723538,3008656476
1,4414,2028,128,3.71352434,0.130239958,982.8013,3008656476
1,4415,2029,128,4.08691454,0.131580079,972.791634,3008656476
1,4416,2030,128,3.83533216,0.130762854,978.871263,3008656476
1,4417,2031,128,3.73503923,0.131332379,974.626371,3008656476
1,4418,2032,128,3.01983094,0.132788975,963.935447,3008656476
1,4419,2033,128,3.3326292,0.14514261,881.891265,3008656476
1,4420,2034,128,3.16001844,0.151961633,842.317876,3008656476
1,4421,2035,128,3.8967793,0.144041595,888.632204,3008656476
1,4422,2036,128,2.68150496,0.131612227,972.554017,3008656476
1,4423,2037,128,3.02147031,0.132196257,968.257369,3008656476
1,4424,2038,128,3.29896283,0.133971259,955.428806,3008656476
1,4425,2039,128,3.79028416,0.13082911,978.375531,3008656476
1,4426,2040,128,3.32809567,0.148293766,863.151591,3008656476
1,4427,2041,128,4.45992804,0.128968305,992.491915,3008656476
1,4428,2042,128,4.13564682,0.126909994,1008.58881,3008656476
1,4429,2043,128,4.4336319,0.130522125,980.676648,3008656476
1,4430,2044,128,3.3069756,0.131907902,970.374011,3008656476
1,4431,2045,128,3.30986381,0.129400593,989.176302,3008656476
1,4432,2046,128,3.22505832,0.129718157,986.754692,3008656476
1,4433,2047,128,3.40534067,0.129727989,986.679906,3008656476
1,4434,2048,128,3.52812648,0.146396808,874.336003,3008656476
1,4435,2049,128,3.3058126,0.139259845,919.14507,3008656476
1,4436,2050,128,3.61086893,0.128656888,994.894265,3008656476
1,4437,2051,128,3.65063167,0.12848188,996.249432,3008656476
1,4438,2052,128,2.955127,0.129292532,990.003042,3008656476
1,4439,2053,128,3.61125708,0.12828791,997.755751,3008656476
1,4440,2054,128,4.1155858,0.128755578,994.131687,3008656476
1,4441,2055,128,3.15081239,0.129235535,990.439665,3008656476
1,4442,2056,128,3.25433064,0.142925019,895.574483,3008656476
1,4443,2057,128,3.65680599,0.139633134,916.687869,3008656476
1,4444,2058,128,3.23859096,0.125918471,1016.53077,3008656476
1,4445,2059,128,3.36035347,0.128837909,993.49641,3008656476
1,4446,2060,128,2.61576748,0.128667078,994.815473,3008656476
1,4447,2061,128,3.9151895,0.128594988,995.373163,3008656476
1,4448,2062,128,3.43678379,0.129330818,989.70997,3008656476
1,4449,2063,128,2.89966512,0.129596149,987.68367,3008656476
1,4450,2064,128,3.26642776,0.142466477,898.456975,3008656476
1,4451,2065,128,2.88158536,0.142179275,900.271857,3008656476
1,4452,2066,128,3.21645713,0.121701545,1051.75329,3008656476
1,4453,2067,128,2.93219829,0.12823871,998.13855,3008656476
1,4454,2068,128,2.99003124,0.129537715,988.12921,3008656476
1,4455,2069,128,2.98322105,0.128476251,996.293081,3008656476
1,4456,2070,128,3.48672056,0.128771912,994.005587,3008656476
1,4457,2071,128,3.78403378,0.128471591,996.32922,3008656476
1,4458,2072,128,3.05648708,0.141163683,906.748799,3008656476
1,4459,2073,128,3.60231256,0.129889779,985.450903,3008656476
1,4460,2074,128,3.01447868,0.13528527,946.148831,3008656476
1,4461,2075,128,3.90202355,0.128757868,994.114006,3008656476
1,4462,2076,128,3.61647391,0.129378298,989.34676,3008656476
1,4463,2077,128,3.25722694,0.12972042,986.737477,3008656476
1,4464,2078,128,2.84174442,0.129180965,990.858057,3008656476
1,4465,2079,128,3.83435059,0.128925171,992.823969,3008656476
1,4466,2080,128,3.42904305,0.141245918,906.220879,3008656476
1,4467,2081,128,3.26603508,0.128759812,994.098997,3008656476
1,4468,2082,128,3.131742,0.136894007,935.029975,3008656476
1,4469,2083,128,3.56932998,0.128246161,998.080559,3008656476
1,4470,2084,128,2.67620492,0.129051696,991.850584,3008656476
1,4471,2085,128,3.36653328,0.128958225,992.569493,3008656476
1,4472,2086,128,3.27945685,0.129340518,989.635746,3008656476
1,4473,2087,128,2.78825545,0.128425083,996.690031,3008656476
1,4474,2088,128,2.92778444,0.14109735,907.175082,3008656476
1,4475,2089,128,3.60351372,0.128841743,993.466846,3008656476
1,4476,2090,128,3.04908586,0.13802257,927.384557,3008656476
1,4477,2091,128,2.49488187,0.128731125,994.320527,3008656476
1,4478,2092,128,2.28699517,0.12904373,991.911812,3008656476
1,4479,2093,128,2.23971581,0.129623034,987.478815,3008656476
1,4480,2094,128,3.55793619,0.129920228,985.219946,3008656476
1,4481,2095,128,2.45381284,0.128985643,992.358506,3008656476
1,4482,2096,128,3.29962277,0.143767044,890.329219,3008656476
1,4483,2097,128,3.30703211,0.130381392,981.735185,3008656476
1,4484,2098,128,3.28950524,0.138533647,923.963259,3008656476
1,4485,2099,128,3.19660664,0.131687104,972.001024,3008656476
1,4486,2100,128,2.94444942,0.131495045,973.42071,3008656476
1,4487,2101,128,3.09250474,0.131234228,975.355301,3008656476
1,4488,2102,128,2.87995291,0.132578565,965.46527,3008656476
1,4489,2103,128,2.09903073,0.132776242,964.027887,3008656476
1,4490,2104,128,3.0150063,0.155312943,824.142519,3008656476
1,4491,2105,128,2.73158193,0.152814999,837.614114,3008656476
1,4492,2106,128,2.51088071,0.13923532,919.306969,3008656476
1,4493,2107,128,3.38917685,0.141884314,902.143418,3008656476
1,4494,2108,128,2.95297956,0.132084343,969.077766,3008656476
1,4495,2109,128,3.345222,0.134440699,952.09264,3008656476
1,4496,2110,128,3.2970016,0.131137506,976.074686,3008656476
1,4497,2111,128,3.01160812,0.131300862,974.860317,3008656476
1,4498,2112,128,3.07048035,0.146295732,874.940084,3008656476
1,4499,2113,128,3.30186725,0.14525443,881.212366,3008656476
1,4500,2114,128,2.20621276,0.129989869,984.692122,3008656476
1,4501,2115,128,3.63658237,0.13141313,974.027481,3008656476
1,4502,2116,128,2.71145272,0.131976526,969.869445,3008656476
1,4503,2117,128,3.28668737,0.12925771,990.269749,3008656476
1,4504,2118,128,3.07105684,0.131300502,974.86299,3008656476
1,4505,2119,128,3.72569537,0.129808067,986.071228,3008656476
1,4506,2120,128,2.05688095,0.138237674,925.941506,3008656476
1,4507,2121,128,2.4387393,0.144876899,883.508695,3008656476
1,4508,2122,128,2.658777,0.129156392,991.046576,3008656476
1,4509,2123,128,2.12554407,0.127361545,1005.01293,3008656476
1,4510,2124,128,2.69587564,0.12800582,999.954533,3008656476
1,4511,2125,128,1.7705946,0.128199804,998.441464,3008656476
1,4512,2126,128,2.01742125,0.127599097,1003.1419,3008656476
1,4513,2127,128,4.01006174,0.128668911,994.801301,3008656476
1,4514,2128,128,3.32921457,0.137347202,931.944722,3008656476
1,4515,2129,128,2.55791187,0.14096093,908.053033,3008656476
1,4516,2130,128,3.51464748,0.127237849,1005.98997,3008656476
1,4517,2131,128,2.67480588,0.128839609,993.483301,3008656476
1,4518,2132,128,3.40461302,0.128328288,997.441811,3008656476
1,4519,2133,128,2.75385642,0.128463237,996.394011,3008656476
1,4520,2134,128,3.65332055,0.1281826,998.57547,3008656476
1,4521,2135,128,2.7356565,0.128303015,997.638286,3008656476
1,4522,2136,128,3.47472453,0.143484151,892.08459,3008656476
1,4523,2137,128,3.13937211,0.141844859,902.394355,3008656476
1,4524,2138,128,3.24462914,0.12786069,1001.08955,3008656476
1,4525,2139,128,4.18979073,0.128803819,993.759354,3008656476
1,4526,2140,128,3.54850817,0.128467698,996.359412,3008656476
1,4527,2141,128,3.11512518,0.129575259,987.842903,3008656476
1,4528,2142,128,2.95616412,0.128640335,995.022284,3008656476
1,4529,2143,128,2.79127407,0.128204179,998.407392,3008656476
1,4530,2144,128,3.42469144,0.140547082,910.726841,3008656476
1,4531,2145,128,3.75587249,0.144693712,884.627246,3008656476
1,4532,2146,128,3.48797321,0.127988622,1000.0889,3008656476
1,4533,2147,128,3.29786944,0.128619394,995.184288,3008656476
1,4534,2148,128,3.11993957,0.129461932,988.70763,3008656476
1,4535,2149,128,3.57601976,0.129020164,992.092988,3008656476
1,4536,2150,128,3.61024213,0.130322468,982.179067,3008656476
1,4537,2151,128,3.13568926,0.130151562,983.468796,3008656476
1,4538,2152,128,3.34816217,0.142435898,898.649861,3008656476
1,4539,2153,128,2.92491722,0.14725545,869.237777,3008656476
1,4540,2154,128,2.66340446,0.131137611,976.073905,3008656476
1,4541,2155,128,3.72811651,0.131620676,972.491586,3008656476
1,4542,2156,128,3.48918343,0.130848961,978.227103,3008656476
1,4543,2157,128,2.96571994,0.131368398,974.359145,3008656476
1,4544,2158,128,1.65110934,0.132371095,966.978478,3008656476
1,4545,2159,128,3.832757,0.147773998,866.187568,3008656476
1,4546,2160,128,4.61266184,0.129297739,989.963173,3008656476
1,4547,2161,128,3.81343365,0.139156889,919.825105,3008656476
1,4548,2162,128,2.67873669,0.129092058,991.540471,3008656476
1,4549,2163,128,2.20598292,0.12793241,1000.52833,3008656476
1,4550,2164,128,2.54819775,0.128267834,997.911916,3008656476
1,4551,2165,128,3.43252659,0.128419098,996.736482,3008656476
1,4552,2166,128,3.17051888,0.128627388,995.122438,3008656476
1,4553,2167,128,2.90508628,0.136820466,935.532554,3008656476
1,4554,2168,128,3.15257931,0.128648342,994.960355,3008656476
1,4555,2169,128,3.42960143,0.14066832,909.941912,3008656476
1,4556,2170,128,2.80257797,0.128663312,994.844591,3008656476
1,4557,2171,128,2.77336216,0.128252878,998.028286,3008656476
1,4558,2172,128,3.42959189,0.128636366,995.052985,3008656476
1,4559,2173,128,3.92334747,0.128561176,995.63495,3008656476
1,4560,2174,128,3.44467711,0.128158803,998.760889,3008656476
1,4561,2175,128,2.94112873,0.135815569,942.454543,3008656476
1,4562,2176,128,1.53598094,0.123636129,1035.29608,3008656476
1,4563,2177,128,2.46196151,0.142353293,899.171331,3008656476
1,4564,2178,128,2.61253476,0.128411253,996.797376,3008656476
1,4565,2179,128,3.49893832,0.128345007,997.311878,3008656476
1,4566,2180,128,3.47415233,0.128363839,997.165565,3008656476
1,4567,2181,128,2.51546741,0.128121804,999.049311,3008656476
1,4568,2182,128,3.04096317,0.12873158,994.317012,3008656476
1,4569,2183,128,3.63067746,0.129697811,986.909486,3008656476
1,4570,2184,128,3.23633838,0.131671605,972.115438,3008656476
1,4571,2185,128,3.33567166,0.141615683,903.854695,3008656476
1,4572,2186,128,3.44774079,0.129240888,990.398642,3008656476
1,4573,2187,128,3.43977928,0.129325948,989.747239,3008656476
1,4574,2188,128,2.96330237,0.128970914,992.471837,3008656476
1,4575,2189,128,2.96720505,0.128901625,993.005325,3008656476
1,4576,2190,128,2.98363042,0.129808934,986.064642,3008656476
1,4577,2191,128,3.56990695,0.129100767,991.473583,3008656476
1,4578,2192,128,3.01558614,0.135248353,946.407089,3008656476
1,4579,2193,128,1.99186099,0.142749657,896.674659,3008656476
1,4580,2194,128,3.04686809,0.129379191,989.339932,3008656476
1,4581,2195,128,2.82517242,0.128754368,994.14103,3008656476
1,4582,2196,128,3.4414351,0.127932625,1000.52664,3008656476
1,4583,2197,128,3.40604973,0.12946729,988.666713,3008656476
1,4584,2198,128,3.56767821,0.129145253,991.132055,3008656476
1,4585,2199,128,2.59826279,0.128825404,993.592848,3008656476
1,4586,2200,128,3.24450302,0.137160009,933.21662,3008656476
1,4587,2201,128,3.38472939,0.143422368,892.468879,3008656476
1,4588,2202,128,2.88356805,0.127731401,1002.10284,3008656476
1,4589,2203,128,3.75921464,0.128535798,995.831527,3008656476
1,4590,2204,128,3.8810935,0.129485482,988.52781,3008656476
1,4591,2205,128,2.67610407,0.12968129,987.035215,3008656476
1,4592,2206,128,2.97882843,0.128701701,994.54785,3008656476
1,4593,2207,128,2.9225378,0.128085524,999.33229,3008656476
1,4594,2208,128,3.04910374,0.136920727,934.847505,3008656476
1,4595,2209,128,3.16422439,0.144282121,887.150806,3008656476
1,4596,2210,128,2.71980834,0.130067268,984.106163,3008656476
1,4597,2211,128,2.35462284,0.129422525,989.008675,3008656476
1,4598,2212,128,2.72461152,0.130131243,983.622357,3008656476
1,4599,2213,128,2.88302755,0.131282055,974.999972,3008656476
1,4600,2214,128,2.80195045,0.129378641,989.344138,3008656476
1,4601,2215,128,3.2358427,0.13077375,978.789704,3008656476
1,4602,2216,128,2.39636731,0.137687714,929.639953,3008656476
1,4603,2217,128,3.39913893,0.1421382,900.532017,3008656476
1,4604,2218,128,2.97972941,0.130430146,981.368218,3008656476
1,4605,2219,128,3.7276597,0.13183807,970.887999,3008656476
1,4606,2220,128,2.83349609,0.132490887,966.104182,3008656476
1,4607,2221,128,2.11573458,0.133451602,959.14922,3008656476
1,4608,2222,128,2.96560931,0.139703562,916.225744,3008656476
1,4609,2223,128,2.88534355,0.155305769,824.180588,3008656476
1,4610,2224,128,2.78782892,0.154880484,826.443698,3008656476
1,4611,2225,128,2.70796275,0.139165685,919.766967,3008656476
1,4612,2226,128,3.22141814,0.143419767,892.485064,3008656476
1,4613,2227,128,2.99576139,0.132114899,968.853634,3008656476
1,4614,2228,128,3.00861263,0.134397864,952.396089,3008656476
1,4615,2229,128,2.83733535,0.132299272,967.503434,3008656476
1,4616,2230,128,3.56026268,0.132546786,965.696747,3008656476
1,4617,2231,128,2.27049112,0.143489645,892.050433,3008656476
1,4618,2232,128,3.16909075,0.147556803,867.462546,3008656476
1,4619,2233,128,2.5917356,0.130492318,980.900653,3008656476
1,4620,2234,128,2.98103118,0.130736217,979.070704,3008656476
1,4621,2235,128,2.25089192,0.129701437,986.881896,3008656476
1,4622,2236,128,2.7618804,0.130615217,979.9777,3008656476
1,4623,2237,128,3.8882997,0.129804079,986.101523,3008656476
1,4624,2238,128,2.96590424,0.128080318,999.372909,3008656476
1,4625,2239,128,2.83080745,0.143530039,891.799381,3008656476
1,4626,2240,128,2.86387277,0.143774479,890.283177,3008656476
1,4627,2241,128,2.78088999,0.127659465,1002.66753,3008656476
1,4628,2242,128,3.62362242,0.128027499,999.78521,3008656476
1,4629,2243,128,3.02157736,0.128612165,995.240225,3008656476
1,4630,2244,128,3.28213263,0.128275365,997.853329,3008656476
1,4631,2245,128,3.29118204,0.127216964,1006.15512,3008656476
1,4632,2246,128,2.2610991,0.128260687,997.967522,3008656476
1,4633,2247,128,2.49734211,0.1427622,896.595878,3008656476
1,4634,2248,128,2.86946416,0.143041482,894.845315,3008656476
1,4635,2249,128,3.18635678,0.129180156,990.864262,3008656476
1,4636,2250,128,3.21363616,0.129601042,987.64638,3008656476
1,4637,2251,128,2.31595111,0.129427655,988.969475,3008656476
1,4638,2252,128,2.16820216,0.128469625,996.344467,3008656476
1,4639,2253,128,3.0561347,0.129613599,987.550697,3008656476
1,4640,2254,128,3.62923813,0.128321456,997.494916,3008656476
1,4641,2255,128,2.92535949,0.142593136,897.658917,3008656476
1,4642,2256,128,3.24298429,0.142575681,897.768814,3008656476
1,4643,2257,128,2.88150096,0.127546864,1003.5527,3008656476
1,4644,2258,128,3.24884748,0.128654879,994.909801,3008656476
1,4645,2259,128,2.86977863,0.128744029,994.220866,3008656476
1,4646,2260,128,2.84717274,0.128949582,992.636021,3008656476
1,4647,2261,128,2.82693481,0.129083917,991.603005,3008656476
1,4648,2262,128,2.55050063,0.128457733,996.436703,3008656476
1,4649,2263,128,3.05064702,0.13998298,914.396879,3008656476
1,4650,2264,128,2.29111195,0.145063848,882.370086,3008656476
1,4651,2265,128,2.54672337,0.129661003,987.189649,3008656476
1,4652,2266,128,3.12510157,0.129427706,988.969085,3008656476
1,4653,2267,128,2.60035896,0.129570861,987.876433,3008656476
1,4654,2268,128,3.01708889,0.13110069,976.34879,3008656476
1,4655,2269,128,2.0473671,0.130926619,977.646876,3008656476
1,4656,2270,128,2.58606458,0.130918471,977.707722,3008656476
1,4657,2271,128,2.8007946,0.137920134,928.073344,3008656476
1,4658,2272,128,3.115978,0.146771633,872.103126,3008656476
1,4659,2273,128,2.42984319,0.132655073,964.908443,3008656476
1,4660,2274,128,2.37727404,0.132217973,968.098339,3008656476
1,4661,2275,128,2.72576714,0.139084952,920.300853,3008656476
1,4662,2276,128,3.13592625,0.139425995,918.049751,3008656476
1,4663,2277,128,2.34850478,0.139170358,919.736083,3008656476
1,4664,2278,128,2.49086356,0.146692345,872.574503,3008656476
1,4665,2279,128,2.46334982,0.145283975,881.033163,3008656476
1,4666,2280,128,2.34379482,0.132160577,968.518774,3008656476
1,4667,2281,128,2.91606426,0.132182129,968.360859,3008656476
1,4668,2282,128,3.2421453,0.131872166,970.636973,3008656476
1,4669,2283,128,2.46122169,0.131661613,972.189214,3008656476
1,4670,2284,128,2.58280635,0.130572685,980.296913,3008656476
1,4671,2285,128,2.05390358,0.131646183,972.303162,3008656476
1,4672,2286,128,2.3475914,0.144470531,885.993836,3008656476
1,4673,2287,128,2.30225968,0.144588708,885.269685,3008656476
1,4674,2288,128,2.23511004,0.130045294,984.272449,3008656476
1,4675,2289,128,2.32898641,0.128699397,994.565654,3008656476
1,4676,2290,128,2.98066831,0.128518957,995.96202,3008656476
1,4677,2291,128,3.44261241,0.128150451,998.825982,3008656476
1,4678,2292,128,2.44528222,0.127807897,1001.50306,3008656476
1,4679,2293,128,3.22809505,0.129007752,992.188438,3008656476
1,4680,2294,128,3.56051183,0.142683012,897.093482,3008656476
1,4681,2295,128,3.72192025,0.144927603,883.199593,3008656476
1,4682,2296,128,3.81558251,0.129313559,989.842063,3008656476
1,4683,2297,128,2.90872979,0.130059806,984.162624,3008656476
1,4684,2298,128,2.71827459,0.129314678,989.833497,3008656476
1,4685,2299,128,3.8274262,0.128988849,992.333841,3008656476
1,4686,2300,128,3.14690375,0.128926274,992.815475,3008656476
1,4687,2301,128,3.48350716,0.129559488,987.963151,3008656476
1,4688,2302,128,4.13709545,0.148014617,864.779456,3008656476
1,4689,2303,128,3.34359169,0.141540574,904.334329,3008656476
1,4690,2304,128,2.98584151,0.128712635,994.463364,3008656476
1,4691,2305,128,3.49621487,0.129024661,992.05841,3008656476
1,4692,2306,128,4.03392076,0.128512289,996.013696,3008656476
1,4693,2307,128,3.46949315,0.130093389,983.908567,3008656476
1,4694,2308,128,3.43530583,0.111556176,1147.40398,3008656476
1,4695,2309,128,3.82973814,0.111363481,1149.38936,3008656476
1,4696,2310,128,3.20433426,0.122899153,1041.50433,3008656476
1,4697,2311,128,3.01481295,0.11150059,1147.97599,3008656476
1,4698,2312,128,2.90520835,0.114602413,1116.90493,3008656476
1,4699,2313,128,3.44311213,0.111490051,1148.0845,3008656476
1,4700,2314,128,4.09299135,0.111580397,1147.15491,3008656476
1,4701,2315,128,3.76659012,0.111400033,1149.01223,3008656476
1,4702,2316,128,4.30762768,0.111769587,1145.21314,3008656476
1,4703,2317,128,3.77168632,0.111387222,1149.14438,3008656476
1,4704,2318,128,3.87500429,0.111455335,1148.44211,3008656476
1,4705,2319,128,3.77398014,0.111474563,1148.24402,3008656476
1,4706,2320,128,3.84358525,0.112811566,1134.63543,3008656476
1,4707,2321,128,3.9812324,0.124978222,1024.17844,3008656476
1,4708,2322,128,3.73990178,0.111463846,1148.35442,3008656476
1,4709,2323,128,3.71713614,0.111367987,1149.34285,3008656476
1,4710,2324,128,3.33645678,0.11134849,1149.5441,3008656476
1,4711,2325,128,4.0250349,0.111319816,1149.8402,3008656476
1,4712,2326,128,3.70333529,0.111431709,1148.6856,3008656476
1,4713,2327,128,4.25443649,0.111576834,1147.19154,3008656476
1,4714,2328,128,3.77689433,0.111585148,1147.10606,3008656476
1,4715,2329,128,3.28990746,0.127943824,1000.43907,3008656476
1,4716,2330,128,3.85150313,0.126139802,1014.74711,3008656476
1,4717,2331,128,3.66013265,0.111537452,1147.59659,3008656476
1,4718,2332,128,3.08893275,0.111595697,1146.99763,3008656476
1,4719,2333,128,3.07128978,0.111473054,1148.25956,3008656476
1,4720,2334,128,2.7119031,0.111447495,1148.5229,3008656476
1,4721,2335,128,3.49075079,0.111401108,1149.00114,3008656476
1,4722,2336,128,4.05014229,0.111402927,1148.98238,3008656476
1,4723,2337,128,3.82942796,0.111446228,1148.53596,3008656476
1,4724,2338,128,3.25930738,0.126404466,1012.62245,3008656476
1,4725,2339,128,3.12656784,0.123459518,1036.77709,3008656476
1,4726,2340,128,2.97750926,0.111043566,1152.70073,3008656476
1,4727,2341,128,3.78078151,0.111382601,1149.19205,3008656476
1,4728,2342,128,3.59692931,0.111315166,1149.88824,3008656476
1,4729,2343,128,3.8380568,0.111507603,1147.90379,3008656476
1,4730,2344,128,3.51925397,0.111432788,1148.67448,3008656476
1,4731,2345,128,3.95968485,0.11155756,1147.38974,3008656476
1,4732,2346,128,3.84534025,0.111752317,1145.39012,3008656476
1,4733,2347,128,3.77332187,0.125854551,1017.04705,3008656476
1,4734,2348,128,3.79907036,0.125202061,1022.34739,3008656476
1,4735,2349,128,3.83878708,0.107174129,1194.31808,3008656476
1,4736,2350,128,3.4449563,0.111294735,1150.09933,3008656476
1,4737,2351,128,3.52127051,0.111524414,1147.73076,3008656476
1,4738,2352,128,2.84730387,0.111502383,1147.95753,3008656476
1,4739,2353,128,3.08463907,0.111640827,1146.53396,3008656476
1,4740,2354,128,3.70980787,0.111255081,1150.50925,3008656476
1,4741,2355,128,3.27807069,0.111513948,1147.83847,3008656476
1,4742,2356,128,3.55314589,0.124895146,1024.85969,3008656476
1,4743,2357,128,2.87528682,0.111771259,1145.19601,3008656476
1,4744,2358,128,3.08623242,0.125690274,1018.37633,3008656476
1,4745,2359,128,3.31231117,0.111554205,1147.42425,3008656476
1,4746,2360,128,3.43306065,0.11151201,1147.85842,3008656476
1,4747,2361,128,2.78689051,0.111368341,1149.3392,3008656476
1,4748,2362,128,2.73878479,0.111572009,1147.24115,3008656476
1,4749,2363,128,2.47349882,0.111605754,1146.89427,3008656476
1,4750,2364,128,2.40084505,0.111445319,1148.54532,3008656476
1,4751,2365,128,2.78544712,0.111320741,1149.83065,3008656476
1,4752,2366,128,2.63153076,0.11821287,1082.79242,3008656476
1,4753,2367,128,3.4912622,0.125638261,1018.79793,3008656476
1,4754,2368,128,3.06573224,0.111390654,1149.10897,3008656476
1,4755,2369,128,2.89345622,0.111399081,1149.02205,3008656476
1,4756,2370,128,2.75247455,0.111502277,1147.95862,3008656476
1,4757,2371,128,2.67629862,0.111481699,1148.17052,3008656476
1,4758,2372,128,3.75180078,0.11138828,1149.13346,3008656476
1,4759,2373,128,3.61944985,0.111395584,1149.05812,3008656476
1,4760,2374,128,3.75454712,0.111383413,1149.18368,3008656476
1,4761,2375,128,2.5565474,0.128388127,996.976925,3008656476
1,4762,2376,128,2.80032444,0.123545453,1036.05594,3008656476
1,4763,2377,128,3.7525146,0.111307097,1149.9716,3008656476
1,4764,2378,128,3.32542181,0.111625862,1146.68767,3008656476
1,4765,2379,128,2.53261042,0.111611257,1146.83772,3008656476
1,4766,2380,128,3.1366086,0.111495826,1148.02504,3008656476
1,4767,2381,128,2.58965278,0.11157052,1147.25646,3008656476
1,4768,2382,128,2.98246908,0.111308821,1149.95378,3008656476
1,4769,2383,128,3.19440818,0.111554309,1147.42318,3008656476
1,4770,2384,64,2.79381824,0.122040902,524.414348,3008656476
2,4771,0,128,2.10250115,0.121158893,1056.46393,3008656476
2,4772,1,128,2.79292583,0.144652632,884.878472,3008656476
2,4773,2,128,2.58135629,0.146610145,873.06373,3008656476
2,4774,3,128,2.98709178,0.131612535,972.551741,3008656476
2,4775,4,128,3.52402878,0.131320534,974.714282,3008656476
2,4776,5,128,3.8716445,0.129673123,987.09738,3008656476
2,4777,6,128,3.60344577,0.12992747,985.165031,3008656476
2,4778,7,128,3.85167718,0.129321787,989.779085,3008656476
2,4779,8,128,3.99166322,0.129271872,990.161263,3008656476
2,4780,9,128,3.65256476,0.13413846,954.237882,3008656476
2,4781,10,128,3.16074705,0.145571069,879.295597,3008656476
2,4782,11,128,3.4452703,0.130797602,978.611213,3008656476
2,4783,12,128,2.78021049,0.129990425,984.687911,3008656476
2,4784,13,128,2.42016292,0.129491577,988.481282,3008656476
2,4785,14,128,2.55285239,0.13013806,983.570832,3008656476
2,4786,15,128,2.69810176,0.130340993,982.039472,3008656476
2,4787,16,128,3.48010015,0.135509768,944.581353,3008656476
2,4788,17,128,3.35986423,0.129638055,987.364397,3008656476
2,4789,18,128,3.2058394,0.144471921,885.985312,3008656476
2,4790,19,128,3.38632202,0.129306703,989.894546,3008656476
2,4791,20,128,3.14578462,0.129403054,989.157489,3008656476
2,4792,21,128,3.59566832,0.128652854,994.92546,3008656476
2,4793,22,128,2.93529224,0.12789344,1000.83319,3008656476
2,4794,23,128,2.09728551,0.128718043,994.421582,3008656476
2,4795,24,128,2.55670023,0.12880829,993.72486,3008656476
2,4796,25,128,3.10043836,0.132442827,966.454756,3008656476
2,4797,26,128,3.05272675,0.141486331,904.681032,3008656476
2,4798,27,128,3.28027511,0.1310225,976.931443,3008656476
2,4799,28,128,2.94999576,0.128191674,998.504786,3008656476
2,4800,29,128,2.94679451,0.129224502,990.524227,3008656476
2,4801,30,128,2.61466861,0.128309634,997.586822,3008656476
2,4802,31,128,3.01082611,0.129330782,989.710245,3008656476
2,4803,32,128,3.37749338,0.128572869,995.544402,3008656476
2,4804,33,128,3.22671413,0.136013891,941.080349,3008656476
2,4805,34,128,3.25749516,0.141747081,903.016832,3008656476
2,4806,35,128,3.26119518,0.127871259,1001.0068,3008656476
2,4807,36,128,3.2959187,0.128047128,999.631948,3008656476
2,4808,37,128,2.80995703,0.128344908,997.312648,3008656476
2,4809,38,128,2.85760283,0.128279894,997.818099,3008656476
2,4810,39,128,2.28076863,0.12887384,993.219415,3008656476
2,4811,40,128,3.18764782,0.128535637,995.832774,3008656476
2,4812,41,128,3.13746786,0.141912996,901.961086,3008656476
2,4813,42,128,3.35087061,0.14358273,891.472115,3008656476
2,4814,43,128,3.61365795,0.129294241,989.989956,3008656476
2,4815,44,128,3.83309984,0.129399021,989.188319,3008656476
2,4816,45,128,3.58506322,0.130187255,983.199162,3008656476
2,4817,46,128,2.81148982,0.129168995,990.949879,3008656476
2,4818,47,128,3.38425112,0.129691368,986.958515,3008656476
2,4819,48,128,2.91770911,0.128876539,993.198615,3008656476
2,4820,49,128,3.19580173,0.136909537,934.923913,3008656476
2,4821,50,128,2.60754061,0.142836366,896.130331,3008656476
2,4822,51,128,3.67479181,0.129493691,988.465145,3008656476
2,4823,52,128,2.60227919,0.12966864,987.131507,3008656476
2,4824,53,128,3.49735475,0.128696565,994.58754,3008656476
2,4825,54,128,2.46873236,0.128984692,992.365823,3008656476
2,4826,55,128,2.81986165,0.129188322,990.80163,3008656476
2,4827,56,128,3.68192315,0.128893989,993.064153,3008656476
2,4828,57,128,3.00375462,0.13677244,935.861055,3008656476
2,4829,58,128,2.98796773,0.145120221,882.027323,3008656476
2,4830,59,128,3.1311543,0.128881712,993.15875,3008656476
2,4831,60,128,2.95336914,0.128986347,992.35309,3008656476
2,4832,61,128,3.78833246,0.129520751,988.25863,3008656476
2,4833,62,128,2.83643484,0.129961712,984.905462,3008656476
2,4834,63,128,3.59993887,0.130047461,984.256048,3008656476
2,4835,64,128,2.53688383,0.129823846,985.951379,3008656476
2,4836,65,128,3.41481924,0.14059617,910.408868,3008656476
2,4837,66,128,3.20569515,0.144859894,883.61241,3008656476
2,4838,67,128,3.67572594,0.131468227,973.619276,3008656476
2,4839,68,128,4.11050606,0.13067586,979.52292,3008656476
2,4840,69,128,3.19471502,0.131913296,970.334332,3008656476
2,4841,70,128,3.78082967,0.133739956,957.081218,3008656476
2,4842,71,128,3.52705121,0.136548959,937.392719,3008656476
2,4843,72,128,3.28812814,0.152662954,838.448338,3008656476
2,4844,73,128,3.19849777,0.151078478,847.241789,3008656476
2,4845,74,128,2.94711709,0.135429506,945.141157,3008656476
2,4846,75,128,2.87935543,0.143788842,890.194247,3008656476
2,4847,76,128,3.9616611,0.135744264,942.949604,3008656476
2,4848,77,128,3.72178221,0.132214777,968.12174,3008656476
2,4849,78,128,3.29043818,0.132301216,967.489218,3008656476
2,4850,79,128,3.167588,0.133805603,956.61166,3008656476
2,4851,80,128,3.64666152,0.145810117,877.854038,3008656476
2,4852,81,128,3.63800001,0.144629276,885.02137,3008656476
2,4853,82,128,3.60673475,0.130908843,977.779629,3008656476
2,4854,83,128,3.71256733,0.133359974,959.808226,3008656476
2,4855,84,128,2.9443934,0.130460878,981.137042,3008656476
2,4856,85,128,2.91566563,0.131826417,970.973822,3008656476
2,4857,86,128,3.07127261,0.131957186,970.011591,3008656476
2,4858,87,128,2.59756994,0.129466184,988.675159,3008656476
2,4859,88,128,2.68479419,0.144247076,887.366341,3008656476
2,4860,89,128,3.26630116,0.14537743,880.466796,3008656476
2,4861,90,128,2.91838121,0.129198276,990.725294,3008656476
2,4862,91,128,3.04490423,0.129144722,991.13613,3008656476
2,4863,92,128,3.1670084,0.129563757,987.930599,3008656476
2,4864,93,128,2.84981489,0.128724627,994.37072,3008656476
2,4865,94,128,2.74231029,0.127474957,1004.11879,3008656476
2,4866,95,128,3.08360362,0.128768207,994.034187,3008656476
2,4867,96,128,2.74262619,0.142620838,897.48456,3008656476
2,4868,97,128,3.34286356,0.144113388,888.189514,3008656476
2,4869,98,128,3.23580265,0.128404519,996.849651,3008656476
2,4870,99,128,3.18494129,0.128514896,995.993492,3008656476
2,4871,100,128,3.39084816,0.129223536,990.531632,3008656476
2,4872,101,128,2.83002567,0.128630302,995.099895,3008656476
2,4873,102,128,3.15090418,0.129327985,989.73165,3008656476
2,4874,103,128,3.30593729,0.128472159,996.324815,3008656476
2,4875,104,128,2.43706393,0.141641383,903.690696,3008656476
2,4876,105,128,3.37243748,0.144532669,885.612927,3008656476
2,4877,106,128,3.16069221,0.12839965,996.887453,3008656476
2,4878,107,128,2.88243794,0.129162235,991.001743,3008656476
2,4879,108,128,3.27090788,0.128591966,995.396555,3008656476
2,4880,109,128,2.30582404,0.129391363,989.246863,3008656476
2,4881,110,128,2.96204948,0.129047899,991.879767,3008656476
2,4882,111,128,3.03690386,0.128834774,993.520585,3008656476
2,4883,112,128,3.41674852,0.142359493,899.132171,3008656476
2,4884,113,128,3.91928935,0.145892043,877.361077,3008656476
2,4885,114,128,3.73296285,0.128903405,992.991613,3008656476
2,4886,115,128,3.7018714,0.129068246,991.723402,3008656476
2,4887,116,128,2.77314425,0.129422284,989.010517,3008656476
2,4888,117,128,3.30450392,0.130154743,983.44476,3008656476
2,4889,118,128,3.10074711,0.130825687,978.40113,3008656476
2,4890,119,128,3.53887391,0.131860577,970.72228,3008656476
2,4891,120,128,3.2253201,0.138877839,921.673328,3008656476
2,4892,121,128,3.19940972,0.145118743,882.036306,3008656476
2,4893,122,128,2.47951341,0.133110845,961.604594,3008656476
2,4894,123,128,2.69712424,0.133685144,957.473629,3008656476
2,4895,124,128,2.65596747,0.139484025,917.667812,3008656476
2,4896,125,128,2.62319207,0.142632274,897.412601,3008656476
2,4897,126,128,2.65643001,0.132134886,968.707083,3008656476
2,4898,127,128,3.57773972,0.14605491,876.382725,3008656476
2,4899,128,128,3.53529,0.144157142,887.919934,3008656476
2,4900,129,128,3.3606813,0.12335984,1037.61483,3008656476
2,4901,130,128,3.39559722,0.131801028,971.160862,3008656476
2,4902,131,128,3.06834078,0.130648696,979.726579,3008656476
2,4903,132,128,2.65585279,0.131787157,971.26308,3008656476
2,4904,133,128,3.06409097,0.130452579,981.199459,3008656476
2,4905,134,128,3.28304315,0.129697885,986.908923,3008656476
2,4906,135,128,2.91928387,0.145339251,880.698085,3008656476
2,4907,136,128,2.76946378,0.141674284,903.480832,3008656476
2,4908,137,128,2.66662407,0.128900563,993.013506,3008656476
2,4909,138,128,2.29893494,0.128555259,995.680776,3008656476
2,4910,139,128,2.68102741,0.128722138,994.389947,3008656476
2,4911,140,128,2.1879077,0.127358379,1005.03792,3008656476
2,4912,141,128,2.13297606,0.128265315,997.931514,3008656476
2,4913,142,128,2.83532214,0.128984258,992.369162,3008656476
2,4914,143,128,2.44668865,0.147805292,866.004175,3008656476
2,4915,144,128,1.77448237,0.144997966,882.771004,3008656476
2,4916,145,128,1.5388695,0.129541387,988.1012,3008656476
2,4917,146,128,2.61894679,0.129937371,985.089963,3008656476
2,4918,147,128,3.5617795,0.129143386,991.146384,3008656476
2,4919,148,128,3.72558498,0.128691627,994.625703,3008656476
2,4920,149,128,2.74762225,0.12920417,990.6801,3008656476
2,4921,150,128,2.18125749,0.12861074,995.251252,3008656476
2,4922,151,128,1.75218153,0.143240686,893.600859,3008656476
2,4923,152,128,2.64286375,0.142811326,896.287456,3008656476
2,4924,153,128,3.09531546,0.129148079,991.110367,3008656476
2,4925,154,128,2.21683574,0.129229423,990.486509,3008656476
2,4926,155,128,3.50775647,0.128209515,998.365839,3008656476
2,4927,156,128,3.63278151,0.129385536,989.291415,3008656476
2,4928,157,128,3.509552,0.12946222,988.705431,3008656476
2,4929,158,128,2.82004237,0.130274319,982.542077,3008656476
2,4930,159,128,2.54438329,0.142310608,899.441031,3008656476
2,4931,160,128,2.93976545,0.145458193,879.977933,3008656476
2,4932,161,128,2.90123963,0.12982866,985.91482,3008656476
2,4933,162,128,2.54052854,0.130441163,981.285332,3008656476
2,4934,163,128,3.61033297,0.130812445,978.500173,3008656476
2,4935,164,128,3.42662954,0.131998399,969.708731,3008656476
2,4936,165,128,2.96739602,0.130642398,979.77381,3008656476
2,4937,166,128,3.35501981,0.131869045,970.659945,3008656476
2,4938,167,128,2.90141392,0.146685953,872.612526,3008656476
2,4939,168,128,2.81354618,0.147564241,867.418821,3008656476
2,4940,169,128,2.92513776,0.131610892,972.563882,3008656476
2,4941,170,128,3.0156703,0.13196738,969.936662,3008656476
2,4942,171,128,2.76599288,0.131957167,970.011731,3008656476
2,4943,172,128,2.82602668,0.132390321,966.838052,3008656476
2,4944,173,128,2.74150944,0.131686741,972.003704,3008656476
2,4945,174,128,2.51810718,0.130987604,977.191704,3008656476
2,4946,175,128,3.14202571,0.144623124,885.059017,3008656476
2,4947,176,128,2.35616565,0.143920391,889.380574,3008656476
2,4948,177,128,3.54374027,0.129348578,989.574079,3008656476
2,4949,178,128,2.43820953,0.131554578,972.980203,3008656476
2,4950,179,128,3.66325355,0.129967086,984.864737,3008656476
2,4951,180,128,3.00533676,0.129614611,987.542986,3008656476
2,4952,181,128,2.98252821,0.128001073,999.991617,3008656476
2,4953,182,128,3.6545887,0.12823997,998.128743,3008656476
2,4954,183,128,2.19337034,0.138788987,922.263378,3008656476
2,4955,184,128,2.44370556,0.14066292,909.976844,3008656476
2,4956,185,128,3.19072199,0.129448534,988.809962,3008656476
2,4957,186,128,2.61931348,0.127916993,1000.64891,3008656476
2,4958,187,128,2.47022939,0.128556742,995.66929,3008656476
2,4959,188,128,3.30706429,0.128313399,997.55755,3008656476
2,4960,189,128,3.06757307,0.128427072,996.674595,3008656476
2,4961,190,128,3.07035279,0.128392328,996.944303,3008656476
2,4962,191,128,2.48034549,0.141832398,902.473637,3008656476
2,4963,192,128,2.31437445,0.142007807,901.358895,3008656476
2,4964,193,128,3.08544374,0.128320889,997.499324,3008656476
2,4965,194,128,2.80529261,0.128220295,998.281902,3008656476
2,4966,195,128,3.41817331,0.127681387,1002.49538,3008656476
2,4967,196,128,2.95275831,0.128031921,999.750679,3008656476
2,4968,197,128,2.73936534,0.128794065,993.834615,3008656476
2,4969,198,128,2.77727175,0.129457027,988.745091,3008656476
2,4970,199,128,3.34470296,0.142739033,896.741398,3008656476
2,4971,200,128,3.16940284,0.144502536,885.797603,3008656476
2,4972,201,128,2.80497599,0.128943319,992.684235,3008656476
2,4973,202,128,3.7821033,0.12887081,993.242768,3008656476
2,4974,203,128,3.1244359,0.180003855,711.095882,3008656476
2,4975,204,128,2.93354964,0.122162186,1047.78741,3008656476
2,4976,205,128,3.08781552,0.128918168,992.877901,3008656476
2,4977,206,128,2.40266371,0.14253548,898.022022,3008656476
2,4978,207,128,2.57886839,0.128422647,996.708937,3008656476
2,4979,208,128,2.45133972,0.133640012,957.796981,3008656476
2,4980,209,128,2.61067557,0.129174588,990.906973,3008656476
2,4981,210,128,2.29753637,0.129756745,986.461243,3008656476
2,4982,211,128,2.94389939,0.129382628,989.31365,3008656476
2,4983,212,128,2.84363079,0.1283253,997.465036,3008656476
2,4984,213,128,2.69045234,0.128952727,992.611812,3008656476
2,4985,214,128,2.12575626,0.143207215,893.809715,3008656476
2,4986,215,128,2.30841064,0.129417073,989.05034,3008656476
2,4987,216,128,3.28795958,0.136273893,939.284827,3008656476
2,4988,217,128,2.90614414,0.129437551,988.893864,3008656476
2,4989,218,128,2.5396719,0.128493092,996.162502,3008656476
2,4990,219,128,3.27291512,0.128937468,992.729282,3008656476
2,4991,220,128,2.53162169,0.128771943,994.005348,3008656476
2,4992,221,128,2.38164473,0.128904621,992.982245,3008656476
2,4993,222,128,2.75212908,0.143380913,892.726914,3008656476
2,4994,223,128,2.38427758,0.129116908,991.349638,3008656476
2,4995,224,128,2.76241589,0.139407167,918.173741,3008656476
2,4996,225,128,2.78566122,0.129017289,992.115096,3008656476
2,4997,226,128,2.76010799,0.12826465,997.936688,3008656476
2,4998,227,128,3.13440824,0.128717581,994.425152,3008656476
2,4999,228,128,2.745713,0.128859958,993.326414,3008656476
2,5000,229,128,2.73876119,0.128251699,998.037461,3008656476
2,5001,230,128,2.96797514,0.141426307,905.064996,3008656476
2,5002,231,128,3.32292485,0.128779127,993.949897,3008656476
2,5003,232,128,2.8057363,0.139805711,915.556304,3008656476
2,5004,233,128,3.22265553,0.129247128,990.350826,3008656476
2,5005,234,128,3.11085153,0.130034865,984.351389,3008656476
2,5006,235,128,2.43551373,0.129427388,988.971515,3008656476
2,5007,236,128,3.30096531,0.130315985,982.227929,3008656476
2,5008,237,128,2.48108101,0.131402232,974.108263,3008656476
2,5009,238,128,3.09995866,0.14366158,890.982822,3008656476
2,5010,239,128,3.38227201,0.131661131,972.192773,3008656476
2,5011,240,128,3.16058421,0.139589038,916.977449,3008656476
2,5012,241,128,2.58313656,0.13157765,972.809592,3008656476
2,5013,242,128,2.76494098,0.131052646,976.70672,3008656476
2,5014,243,128,2.99160051,0.133031799,962.175968,3008656476
2,5015,244,128,3.35613346,0.134147677,954.172319,3008656476
2,5016,245,128,2.47494435,0.135294106,946.087038,3008656476
2,5017,246,128,3.03421116,0.146383404,874.416064,3008656476
2,5018,247,128,3.12429404,0.148011657,864.79675,3008656476
2,5019,248,128,3.12938046,0.131679575,972.0566,3008656476
2,5020,249,128,1.68352175,0.132416879,966.644139,3008656476
2,5021,250,128,2.52075815,0.130642928,979.769835,3008656476
2,5022,251,128,3.38462496,0.132344843,967.170289,3008656476
2,5023,252,128,3.18851614,0.12984205,985.813148,3008656476
2,5024,253,128,2.83966851,0.131052356,976.708881,3008656476
2,5025,254,128,3.1461792,0.145187844,881.616508,3008656476
2,5026,255,128,3.18293166,0.144767979,884.173426,3008656476
2,5027,256,128,2.71461535,0.129327188,989.737749,3008656476
2,5028,257,128,3.09604597,0.129842389,985.810574,3008656476
2,5029,258,128,2.64482689,0.129268769,990.185031,3008656476
2,5030,259,128,3.01673579,0.130891092,977.912233,3008656476
2,5031,260,128,3.26468658,0.12876616,994.04999,3008656476
2,5032,261,128,2.83514237,0.129104238,991.446927,3008656476
2,5033,262,128,3.19814849,0.14209284,900.819492,3008656476
2,5034,263,128,2.27419853,0.14223562,899.915225,3008656476
2,5035,264,128,2.62012982,0.127492861,1003.97778,3008656476
2,5036,265,128,2.66544318,0.128290678,997.734224,3008656476
2,5037,266,128,2.66296721,0.128907208,992.962318,3008656476
2,5038,267,128,1.96790266,0.128615635,995.213374,3008656476
2,5039,268,128,2.03353477,0.128667577,994.811614,3008656476
2,5040,269,128,2.9396615,0.128584724,995.452617,3008656476
2,5041,270,128,3.41600394,0.142597306,897.632666,3008656476
2,5042,271,128,2.32476187,0.144192868,887.699938,3008656476
2,5043,272,128,2.76988602,0.128559033,995.651546,3008656476
2,5044,273,128,3.23709893,0.129307824,989.885964,3008656476
2,5045,274,128,2.46937418,0.129534447,988.154139,3008656476
2,5046,275,128,2.81771588,0.129241696,990.39245,3008656476
2,5047,276,128,2.96618104,0.129781341,986.27429,3008656476
2,5048,277,128,3.53936577,0.129429237,988.957387,3008656476
2,5049,278,128,2.47763395,0.142430811,898.681957,3008656476
2,5050,279,128,2.55567431,0.14202561,901.245909,3008656476
2,5051,280,128,2.72197914,0.128556105,995.674223,3008656476
2,5052,281,128,2.52586985,0.129227977,990.497592,3008656476
2,5053,282,128,1.98060179,0.128953155,992.608517,3008656476
2,5054,283,128,2.38155437,0.128932905,992.764415,3008656476
2,5055,284,128,2.20555401,0.130517198,980.713668,3008656476
2,5056,285,128,2.23609948,0.129909969,985.297749,3008656476
2,5057,286,128,2.66524553,0.148407703,862.488924,3008656476
2,5058,287,128,2.31940293,0.145843022,877.655977,3008656476
2,5059,288,128,2.19453597,0.131667062,972.14898,3008656476
2,5060,289,128,2.95233202,0.133555382,958.403908,3008656476
2,5061,290,128,2.48644304,0.139036678,920.620385,3008656476
2,5062,291,128,3.23876643,0.135430712,945.132741,3008656476
2,5063,292,128,2.86385322,0.131536961,973.110516,3008656476
2,5064,293,128,2.39360094,0.146914858,871.252927,3008656476
2,5065,294,128,2.36821175,0.132238094,967.951035,3008656476
2,5066,295,128,2.78061032,0.147124799,870.009685,3008656476
2,5067,296,128,3.37804055,0.131377803,974.289393,3008656476
2,5068,297,128,2.70587373,0.131319955,974.71858,3008656476
2,5069,298,128,2.85843968,0.131625663,972.454741,3008656476
2,5070,299,128,3.08908796,0.131666333,972.154362,3008656476
2,5071,300,128,2.60643697,0.130446955,981.241762,3008656476
2,5072,301,128,2.8516748,0.144612866,885.121798,3008656476
2,5073,302,128,2.7195034,0.130063352,984.135793,3008656476
2,5074,303,128,2.91827464,0.135928902,941.668756,3008656476
2,5075,304,128,2.51159859,0.131614144,972.539851,3008656476
2,5076,305,128,2.63990235,0.130925689,977.65382,3008656476
2,5077,306,128,2.65565681,0.130993422,977.148303,3008656476
2,5078,307,128,2.22463608,0.131965159,969.952986,3008656476
2,5079,308,128,3.31783366,0.129876176,985.554117,3008656476
2,5080,309,128,3.13710785,0.144161499,887.893098,3008656476
2,5081,310,128,2.62928367,0.143399492,892.611251,3008656476
2,5082,311,128,2.51045704,0.125096843,1023.20728,3008656476
2,5083,312,128,2.52216697,0.129730376,986.661751,3008656476
2,5084,313,128,2.66882539,0.129583028,987.783678,3008656476
2,5085,314,128,1.90612829,0.129515673,988.297378,3008656476
2,5086,315,128,2.69867849,0.130048514,984.248078,3008656476
2,5087,316,128,2.88821483,0.12921072,990.62988,3008656476
2,5088,317,128,2.71151948,0.142172427,900.315221,3008656476
2,5089,318,128,2.98800015,0.1409824,907.914747,3008656476
2,5090,319,128,3.04981375,0.121896025,1050.07526,3008656476
2,5091,320,128,3.49080849,0.128749239,994.180634,3008656476
2,5092,321,128,2.85943151,0.127987481,1000.09781,3008656476
2,5093,322,128,2.86362171,0.128005472,999.957252,3008656476
2,5094,323,128,2.87298393,0.127722822,1002.17015,3008656476
2,5095,324,128,2.06835985,0.128196991,998.463373,3008656476
2,5096,325,128,3.32568049,0.144965522,882.968572,3008656476
2,5097,326,128,2.99722052,0.128448872,996.505442,3008656476
2,5098,327,128,3.32845569,0.135380756,945.481498,3008656476
2,5099,328,128,3.12004352,0.127325069,1005.30085,3008656476
2,5100,329,128,3.07647896,0.128243533,998.101011,3008656476
2,5101,330,128,3.88566589,0.129512204,988.323849,3008656476
2,5102,331,128,3.13256621,0.127558216,1003.46339,3008656476
2,5103,332,128,2.6392982,0.129639877,987.35052,3008656476
2,5104,333,128,3.34250927,0.143144193,894.203232,3008656476
2,5105,334,128,2.97856283,0.129869457,985.605107,3008656476
2,5106,335,128,3.41082931,0.140588449,910.458867,3008656476
2,5107,336,128,3.0726428,0.129784609,986.249456,3008656476
2,5108,337,128,3.25356293,0.129801797,986.118859,3008656476
2,5109,338,128,2.85172296,0.128517764,995.971265,3008656476
2,5110,339,128,3.16800141,0.12977259,986.340798,3008656476
2,5111,340,128,2.7375164,0.129198271,990.725333,3008656476
2,5112,341,128,2.82523656,0.143407476,892.561557,3008656476
2,5113,342,128,3.01866102,0.129241629,990.392964,3008656476
2,5114,343,128,2.68910909,0.137263352,932.514019,3008656476
2,5115,344,128,3.39923,0.128452071,996.480625,3008656476
2,5116,345,128,2.4238801,0.128828646,993.567844,3008656476
2,5117,346,128,2.61319804,0.129594796,987.693981,3008656476
2,5118,347,128,3.76111579,0.129230372,990.479235,3008656476
2,5119,348,128,3.13505554,0.12881815,993.648799,3008656476
2,5120,349,128,3.37177014,0.14361855,891.249772,3008656476
2,5121,350,128,3.35763359,0.129157738,991.036247,3008656476
2,5122,351,128,3.20467496,0.13869235,922.905986,3008656476
2,5123,352,128,3.69364452,0.129153071,991.072059,3008656476
2,5124,353,128,3.34560919,0.128716648,994.43236,3008656476
2,5125,354,128,2.7723434,0.129274505,990.141095,3008656476
2,5126,355,128,3.02500653,0.128895024,993.056179,3008656476
2,5127,356,128,3.17830896,0.129835131,985.865682,3008656476
2,5128,357,128,2.89790916,0.144021802,888.754329,3008656476
2,5129,358,128,1.92650497,0.129822055,985.964981,3008656476
2,5130,359,128,2.62240195,0.138638535,923.264228,3008656476
2,5131,360,128,2.63261986,0.130851096,978.211142,3008656476
2,5132,361,128,2.63844609,0.131643538,972.322698,3008656476
2,5133,362,128,2.58531761,0.130904219,977.814168,3008656476
2,5134,363,128,2.8128593,0.130911433,977.760285,3008656476
2,5135,364,128,3.14691997,0.132166769,968.473399,3008656476
2,5136,365,128,3.150208,0.14603231,876.518354,3008656476
2,5137,366,128,3.16711521,0.146384916,874.407032,3008656476
2,5138,367,128,3.163311,0.131622774,972.476085,3008656476
2,5139,368,128,2.54273629,0.139420982,918.08276,3008656476
2,5140,369,128,2.94863129,0.143496263,892.009292,3008656476
2,5141,370,128,2.83555007,0.143763433,890.351582,3008656476
2,5142,371,128,2.51205778,0.143695596,890.771906,3008656476
2,5143,372,128,2.98595762,0.153233502,835.326468,3008656476
2,5144,373,128,3.44534636,0.138258556,925.801655,3008656476
2,5145,374,128,3.14753485,0.146211633,875.443338,3008656476
2,5146,375,128,2.53626633,0.131657493,972.219637,3008656476
2,5147,376,128,3.59275699,0.133979516,955.369924,3008656476
2,5148,377,128,2.20150328,0.131124533,976.171255,3008656476
2,5149,378,128,2.91651988,0.132597389,965.328209,3008656476
2,5150,379,128,2.00937605,0.130348104,981.985898,3008656476
2,5151,380,128,2.60270834,0.143574735,891.521757,3008656476
2,5152,381,128,2.40612602,0.131114952,976.242587,3008656476
2,5153,382,128,2.14668655,0.144684643,884.682696,3008656476
2,5154,383,128,2.3370204,0.12930859,989.8801,3008656476
2,5155,384,128,3.65611744,0.129906035,985.327587,3008656476
2,5156,385,128,3.83794856,0.129716106,986.770294,3008656476
2,5157,386,128,2.89652896,0.131529558,973.165287,3008656476
2,5158,387,128,2.33758283,0.128386431,996.990095,3008656476
2,5159,388,128,3.15167403,0.143426497,892.443186,3008656476
2,5160,389,128,3.64691806,0.129269069,990.182733,3008656476
2,5161,390,128,3.18367362,0.138905923,921.486984,3008656476
2,5162,391,128,3.27976131,0.128152234,998.812085,3008656476
2,5163,392,128,2.38794255,0.128840261,993.478273,3008656476
2,5164,393,128,3.2201972,0.127649865,1002.74293,3008656476
2,5165,394,128,2.73902512,0.128447357,996.517196,3008656476
2,5166,395,128,3.13441539,0.128964793,992.518943,3008656476
2,5167,396,128,2.90259743,0.148632285,861.185711,3008656476
2,5168,397,128,3.55966306,0.129952122,984.978144,3008656476
2,5169,398,128,2.96855187,0.13708728,933.71172,3008656476
2,5170,399,128,3.59261942,0.129753101,986.488947,3008656476
2,5171,400,128,2.91514087,0.128930406,992.783657,3008656476
2,5172,401,128,3.25934744,0.128853098,993.379298,3008656476
2,5173,402,128,2.97132683,0.129196887,990.735946,3008656476
2,5174,403,128,2.69960093,0.129586433,987.757723,3008656476
2,5175,404,128,2.88935757,0.14197334,901.577719,3008656476
2,5176,405,128,2.65078688,0.129306671,989.894791,3008656476
2,5177,406,128,2.76055956,0.139368779,918.426644,3008656476
2,5178,407,128,1.83604705,0.128448773,996.50621,3008656476
2,5179,408,128,2.39137363,0.129461313,988.712358,3008656476
2,5180,409,128,3.23359394,0.128866444,993.276419,3008656476
2,5181,410,128,2.14833117,0.129835909,985.859775,3008656476
2,5182,411,128,3.14344978,0.129748569,986.523404,3008656476
2,5183,412,128,2.35376906,0.142509842,898.183579,3008656476
2,5184,413,128,2.47549939,0.127948313,1000.40397,3008656476
2,5185,414,128,2.53606772,0.138622215,923.372924,3008656476
2,5186,415,128,3.46442509,0.128652458,994.928523,3008656476
2,5187,416,128,2.80298924,0.127808766,1001.49625,3008656476
2,5188,417,128,2.28102922,0.128140548,998.903173,3008656476
2,5189,418,128,2.70143604,0.129021665,992.081446,3008656476
2,5190,419,128,1.95255673,0.129392759,989.236191,3008656476
2,5191,420,128,1.66670465,0.142757265,896.626872,3008656476
2,5192,421,128,3.05194187,0.129984766,984.73078,3008656476
2,5193,422,128,2.49165559,0.141080221,907.285225,3008656476
2,5194,423,128,2.91623688,0.131548625,973.024233,3008656476
2,5195,424,128,3.52059078,0.129770764,986.354677,3008656476
2,5196,425,128,3.62884736,0.132214342,968.124926,3008656476
2,5197,426,128,4.09972382,0.131124956,976.168106,3008656476
2,5198,427,128,2.91707945,0.131671625,972.115291,3008656476
2,5199,428,128,2.02721572,0.147256105,869.233911,3008656476
2,5200,429,128,1.92389619,0.144004337,888.862118,3008656476
2,5201,430,128,2.07953453,0.128771757,994.006784,3008656476
2,5202,431,128,2.00312662,0.133213264,960.865278,3008656476
2,5203,432,128,2.30430126,0.134352258,952.71938,3008656476
2,5204,433,128,2.11432171,0.138781184,922.315233,3008656476
2,5205,434,128,3.00196886,0.131533591,973.135448,3008656476
2,5206,435,128,3.16618085,0.132210493,968.15311,3008656476
2,5207,436,128,3.64084888,0.147027494,870.58547,3008656476
2,5208,437,128,2.34557009,0.144963465,882.981101,3008656476
2,5209,438,128,2.26319623,0.131813383,971.069834,3008656476
2,5210,439,128,2.92448497,0.13112679,976.154453,3008656476
2,5211,440,128,2.70428228,0.131290197,974.939507,3008656476
2,5212,441,128,2.40442157,0.131242983,975.290237,3008656476
2,5213,442,128,2.46884036,0.131622184,972.480444,3008656476
2,5214,443,128,2.39804673,0.130680493,979.488193,3008656476
2,5215,444,128,2.30854845,0.138935547,921.290503,3008656476
2,5216,445,128,2.49924135,0.147579719,867.327847,3008656476
2,5217,446,128,2.60111499,0.130503397,980.817381,3008656476
2,5218,447,128,3.18761587,0.129841848,985.814681,3008656476
2,5219,448,128,2.90491843,0.130005055,984.5771,3008656476
2,5220,449,128,3.00182676,0.132312713,967.40515,3008656476
2,5221,450,128,2.81919122,0.129799317,986.137701,3008656476
2,5222,451,128,3.49208474,0.138849605,921.860743,3008656476
2,5223,452,128,2.89317417,0.128500611,996.104213,3008656476
2,5224,453,128,2.54858804,0.144391633,886.477958,3008656476
2,5225,454,128,3.12994027,0.129808092,986.071038,3008656476
2,5226,455,128,3.4772799,0.129675129,987.08211,3008656476
2,5227,456,128,3.22659397,0.129957094,984.94046,3008656476
2,5228,457,128,3.35665345,0.129093004,991.533205,3008656476
2,5229,458,128,3.0990572,0.131251734,975.225211,3008656476
2,5230,459,128,2.26963496,0.137069587,933.832244,3008656476
2,5231,460,128,3.25050831,0.127852335,1001.15497,3008656476
2,5232,461,128,3.24466777,0.146026606,876.552592,3008656476
2,5233,462,128,3.05088353,0.129012929,992.148624,3008656476
2,5234,463,128,2.35189176,0.128476882,996.288188,3008656476
2,5235,464,128,2.40318394,0.128516755,995.979085,3008656476
2,5236,465,128,2.3939786,0.12911975,991.327818,3008656476
2,5237,466,128,2.33434439,0.127822779,1001.38646,3008656476
2,5238,467,128,2.70396757,0.138332311,925.308043,3008656476
2,5239,468,128,3.60169744,0.126144973,1014.70552,3008656476
2,5240,469,128,3.3404696,0.142741816,896.723914,3008656476
2,5241,470,128,3.3382318,0.128090663,999.292197,3008656476
2,5242,471,128,2.0189395,0.127411416,1004.61955,3008656476
2,5243,472,128,3.64943075,0.128353156,997.24856,3008656476
2,5244,473,128,3.18679714,0.128683283,994.690196,3008656476
2,5245,474,128,2.65931892,0.129269678,990.178068,3008656476
2,5246,475,128,2.1233151,0.128921738,992.850407,3008656476
2,5247,476,128,2.68279552,0.130616895,979.965111,3008656476
2,5248,477,128,2.80326748,0.144456179,886.081862,3008656476
2,5249,478,128,3.13486242,0.129108795,991.411933,3008656476
2,5250,479,128,3.56363487,0.129832909,985.882555,3008656476
2,5251,480,128,3.19156694,0.128732973,994.306253,3008656476
2,5252,481,128,2.51674104,0.128651146,994.938669,3008656476
2,5253,482,128,2.4503746,0.129325964,989.747117,3008656476
2,5254,483,128,3.12074256,0.129608193,987.591888,3008656476
2,5255,484,128,3.15916467,0.132847963,963.507434,3008656476
2,5256,485,128,2.63206053,0.142074897,900.933259,3008656476
2,5257,486,128,2.20881104,0.12946765,988.663964,3008656476
2,5258,487,128,3.04744649,0.129381747,989.320387,3008656476
2,5259,488,128,2.5048821,0.129487073,988.515664,3008656476
2,5260,489,128,3.5442872,0.12876726,994.041498,3008656476
2,5261,490,128,3.59265995,0.129115634,991.35942,3008656476
2,5262,491,128,3.44201684,0.128628688,995.112381,3008656476
2,5263,492,128,2.69944644,0.137953009,927.852179,3008656476
2,5264,493,128,2.91298509,0.142109983,900.710825,3008656476
2,5265,494,128,2.94429851,0.128893621,993.066988,3008656476
2,5266,495,128,3.11604071,0.129171115,990.933615,3008656476
2,5267,496,128,3.44994855,0.128587532,995.430879,3008656476
2,5268,497,128,3.67722893,0.128461822,996.404986,3008656476
2,5269,498,128,3.6358223,0.128931419,992.775857,3008656476
2,5270,499,128,3.09184694,0.129630101,987.424981,3008656476
2,5271,500,128,3.48371339,0.143170128,894.041249,3008656476
2,5272,501,128,3.66615272,0.146134216,875.907118,3008656476
2,5273,502,128,2.77049208,0.13072744,979.136438,3008656476
2,5274,503,128,3.33956909,0.130330116,982.121431,3008656476
2,5275,504,128,3.48505354,0.131768881,971.397792,3008656476
2,5276,505,128,3.46158528,0.13123973,975.314411,3008656476
2,5277,506,128,3.52163577,0.13098091,977.241645,3008656476
2,5278,507,128,2.74335861,0.145923536,877.171726,3008656476
2,5279,508,128,3.31254029,0.133878916,956.087813,3008656476
2,5280,509,128,3.35196614,0.152248705,840.729647,3008656476
2,5281,510,128,3.23448324,0.143330339,893.041912,3008656476
2,5282,511,128,3.41508436,0.133025748,962.219735,3008656476
2,5283,512,128,3.34558582,0.132698154,964.595182,3008656476
2,5284,513,128,3.50871944,0.13129151,974.929757,3008656476
2,5285,514,128,3.07682991,0.132299449,967.50214,3008656476
2,5286,515,128,3.59344935,0.145767025,878.113551,3008656476
2,5287,516,128,3.09059191,0.130713104,979.243825,3008656476
2,5288,517,128,3.31301546,0.139215252,919.439488,3008656476
2,5289,518,128,3.58613992,0.131486201,973.486184,3008656476
2,5290,519,128,3.24063468,0.131764867,971.427384,3008656476
2,5291,520,128,2.83848619,0.13147817,973.545646,3008656476
2,5292,521,128,3.13065815,0.131593952,972.689079,3008656476
2,5293,522,128,2.70235896,0.130992045,977.158575,3008656476
2,5294,523,128,3.14273787,0.145867423,877.509161,3008656476
2,5295,524,128,2.52162361,0.1412783,906.013167,3008656476
2,5296,525,128,2.90980554,0.123130522,1039.54729,3008656476
2,5297,526,128,3.43715906,0.131030805,976.869523,3008656476
2,5298,527,128,3.00526595,0.129207371,990.655556,3008656476
2,5299,528,128,3.5203886,0.130265782,982.606468,3008656476
2,5300,529,128,2.67210698,0.130154725,983.444896,3008656476
2,5301,530,128,2.45201635,0.129543335,988.086342,3008656476
2,5302,531,128,3.43207598,0.142964369,895.327982,3008656476
2,5303,532,128,3.93106699,0.136976406,934.467502,3008656476
2,5304,533,128,3.51882029,0.126371522,1012.88643,3008656476
2,5305,534,128,3.37247634,0.128860932,993.318906,3008656476
2,5306,535,128,3.28688121,0.129064939,991.748813,3008656476
2,5307,536,128,3.15619159,0.130189446,983.182615,3008656476
2,5308,537,128,3.33724284,0.129343374,989.613894,3008656476
2,5309,538,128,2.34685826,0.127655405,1002.69942,3008656476
2,5310,539,128,2.72354865,0.142642839,897.346133,3008656476
2,5311,540,128,2.95496225,0.128213168,998.337394,3008656476
2,5312,541,128,3.30990934,0.134159458,954.088529,3008656476
2,5313,542,128,3.20863557,0.130330525,982.118349,3008656476
2,5314,543,128,3.58682299,0.129403869,989.151259,3008656476
2,5315,544,128,2.63977766,0.128385277,996.999056,3008656476
2,5316,545,128,2.28685236,0.128528989,995.884283,3008656476
2,5317,546,128,2.84877467,0.128728977,994.337118,3008656476
2,5318,547,128,3.4715457,0.145051656,882.444251,3008656476
2,5319,548,128,3.36045527,0.128347769,997.290416,3008656476
2,5320,549,128,3.36712456,0.135302396,946.029071,3008656476
2,5321,550,128,2.8522954,0.128014117,999.889723,3008656476
2,5322,551,128,2.44462562,0.129253499,990.302011,3008656476
2,5323,552,128,2.94446731,0.12838341,997.013555,3008656476
2,5324,553,128,3.38564992,0.128714523,994.448777,3008656476
2,5325,554,128,3.71585035,0.128459256,996.42489,3008656476
2,5326,555,128,3.59595227,0.149041096,858.823529,3008656476
2,5327,556,128,2.64288235,0.129254313,990.295775,3008656476
2,5328,557,128,2.9389379,0.13751481,930.808834,3008656476
2,5329,558,128,3.9421804,0.129007535,992.190107,3008656476
2,5330,559,128,3.95734715,0.129190971,990.781314,3008656476
2,5331,560,128,3.62776732,0.129665088,987.158548,3008656476
2,5332,561,128,3.34061766,0.130225739,982.908609,3008656476
2,5333,562,128,3.56759763,0.129142041,991.156706,3008656476
2,5334,563,128,3.86444688,0.145308021,880.887367,3008656476
2,5335,564,128,3.32691789,0.128896401,993.04557,3008656476
2,5336,565,128,2.95056248,0.13580101,942.555582,3008656476
2,5337,566,128,2.27669263,0.128703356,994.535061,3008656476
2,5338,567,128,3.48050594,0.129264737,990.215916,3008656476
2,5339,568,128,3.27233434,0.128774995,993.98179,3008656476
2,5340,569,128,3.47171426,0.129551968,988.020498,3008656476
2,5341,570,128,3.84673738,0.129174358,990.908737,3008656476
2,5342,571,128,2.6956799,0.141597017,903.973846,3008656476
2,5343,572,128,2.58768725,0.129033067,991.993781,3008656476
2,5344,573,128,3.52310991,0.138973377,921.039718,3008656476
2,5345,574,128,3.12927461,0.128940326,992.707278,3008656476
2,5346,575,128,3.26979876,0.129018811,992.103392,3008656476
2,5347,576,128,2.6613884,0.128932829,992.765,3008656476
2,5348,577,128,3.77782202,0.128859355,993.331062,3008656476
2,5349,578,128,2.84301853,0.127659861,1002.66442,3008656476
2,5350,579,128,2.87133431,0.142170025,900.330432,3008656476
2,5351,580,128,2.65371609,0.129203102,990.688289,3008656476
2,5352,581,128,3.15327597,0.143282269,893.34152,3008656476
2,5353,582,128,3.22235346,0.131297672,974.884003,3008656476
2,5354,583,128,2.91420436,0.131964446,969.958226,3008656476
2,5355,584,128,3.25961852,0.130731996,979.102316,3008656476
2,5356,585,128,2.69671345,0.131629245,972.428278,3008656476
2,5357,586,128,3.77891064,0.132827237,963.657778,3008656476
2,5358,587,128,3.38236189,0.148340848,862.877634,3008656476
2,5359,588,128,3.04860044,0.149744555,854.789011,3008656476
2,5360,589,128,3.7376225,0.140254773,912.624913,3008656476
2,5361,590,128,3.32391787,0.132968223,962.636013,3008656476
2,5362,591,128,3.1933701,0.131888878,970.513981,3008656476
2,5363,592,128,3.10579896,0.131958814,969.999624,3008656476
2,5364,593,128,2.76127577,0.131817773,971.037494,3008656476
2,5365,594,128,2.74649358,0.131858547,970.737225,3008656476
2,5366,595,128,2.92812133,0.140665303,909.961428,3008656476
2,5367,596,128,3.06780195,0.144597821,885.213893,3008656476
2,5368,597,128,3.01873541,0.131399957,974.125129,3008656476
2,5369,598,128,2.7778635,0.131341894,974.555765,3008656476
2,5370,599,128,3.42485237,0.131732015,971.669643,3008656476
2,5371,600,128,3.29690838,0.13093673,977.571381,3008656476
2,5372,601,128,2.84617662,0.132063771,969.228722,3008656476
2,5373,602,128,3.32783484,0.138913316,921.437942,3008656476
2,5374,603,128,2.51361465,0.127690821,1002.42131,3008656476
2,5375,604,128,3.463799,0.145426306,880.170882,3008656476
2,5376,605,128,2.30637908,0.130258509,982.661332,3008656476
2,5377,606,128,2.46091676,0.129817478,985.999743,3008656476
2,5378,607,128,2.27216244,0.130094161,983.902729,3008656476
2,5379,608,128,3.21282244,0.128647537,994.966581,3008656476
2,5380,609,128,2.6157999,0.12822786,998.223007,3008656476
2,5381,610,128,2.6656394,0.141465631,904.81341,3008656476
2,5382,611,128,2.23400235,0.123989627,1032.34442,3008656476
2,5383,612,128,2.83151007,0.14438517,886.517639,3008656476
2,5384,613,128,3.09610724,0.128677358,994.735997,3008656476
2,5385,614,128,3.48160458,0.128227318,998.227226,3008656476
2,5386,615,128,2.46131682,0.1279447,1000.43222,3008656476
2,5387,616,128,3.18384242,0.128639361,995.029818,3008656476
2,5388,617,128,3.3770678,0.127807559,1001.50571,3008656476
2,5389,618,128,2.7175231,0.128866054,993.279425,3008656476
2,5390,619,128,2.92418981,0.131054344,976.694065,3008656476
2,5391,620,128,2.77832413,0.142521073,898.1128,3008656476
2,5392,621,128,2.70325923,0.128640789,995.018773,3008656476
2,5393,622,128,3.20746684,0.128370589,997.113132,3008656476
2,5394,623,128,3.3803494,0.128361976,997.180037,3008656476
2,5395,624,128,3.31266665,0.127806067,1001.5174,3008656476
2,5396,625,128,3.37199903,0.128323422,997.479634,3008656476
2,5397,626,128,3.24857354,0.129310162,989.868066,3008656476
2,5398,627,128,2.55399108,0.134391423,952.441734,3008656476
2,5399,628,128,3.02334809,0.143983269,888.992179,3008656476
2,5400,629,128,3.71422338,0.129921397,985.211081,3008656476
2,5401,630,128,3.51986027,0.129449813,988.800192,3008656476
2,5402,631,128,2.70216155,0.129384189,989.301714,3008656476
2,5403,632,128,3.89519644,0.129618874,987.510507,3008656476
2,5404,633,128,3.42041206,0.128716516,994.433379,3008656476
2,5405,634,128,3.48024464,0.129482983,988.546889,3008656476
2,5406,635,128,2.57878065,0.139130207,920.001506,3008656476
2,5407,636,128,2.99196148,0.141449875,904.914197,3008656476
2,5408,637,128,2.94877124,0.129181677,990.852596,3008656476
2,5409,638,128,2.98498893,0.128479841,996.265243,3008656476
2,5410,639,128,3.7924993,0.129038881,991.949085,3008656476
2,5411,640,128,3.0470221,0.129053679,991.835343,3008656476
2,5412,641,128,3.1686368,0.130183292,983.229092,3008656476
2,5413,642,128,2.57202673,0.129656475,987.224124,3008656476
2,5414,643,128,3.21296072,0.139404339,918.192367,3008656476
2,5415,644,128,3.47081184,0.142710796,896.918829,3008656476
2,5416,645,128,4.0187068,0.1298072,986.077814,3008656476
2,5417,646,128,3.02179503,0.128555702,995.677345,3008656476
2,5418,647,128,2.92120528,0.129161096,991.010482,3008656476
2,5419,648,128,3.23436928,0.129146781,991.120328,3008656476
2,5420,649,128,3.05852413,0.128856032,993.356679,3008656476
2,5421,650,128,2.64121127,0.129146307,991.123966,3008656476
2,5422,651,128,2.77040219,0.139947827,914.626563,3008656476
2,5423,652,128,2.17077231,0.161418342,792.970603,3008656476
2,5424,653,128,2.49185944,0.171244658,747.468572,3008656476
2,5425,654,128,3.67283106,0.131678977,972.061015,3008656476
2,5426,655,128,3.66455984,0.132887664,963.219581,3008656476
2,5427,656,128,3.48481917,0.132812103,963.767587,3008656476
2,5428,657,128,2.87183499,0.140284927,912.428746,3008656476
2,5429,658,128,3.16485834,0.147080479,870.271846,3008656476
2,5430,659,128,3.63044739,0.147350508,868.677019,3008656476
2,5431,660,128,3.17219877,0.130994236,977.142231,3008656476
2,5432,661,128,3.27386212,0.132121675,968.803945,3008656476
2,5433,662,128,3.1692884,0.130046725,984.261618,3008656476
2,5434,663,128,2.66033745,0.129661909,987.182751,3008656476
2,5435,664,128,2.36697745,0.129677943,987.060691,3008656476
2,5436,665,128,3.87138367,0.123370949,1037.5214,3008656476
2,5437,666,128,3.57120323,0.142582199,897.727773,3008656476
2,5438,667,128,3.02735066,0.143847981,889.828269,3008656476
2,5439,668,128,2.5757966,0.128635332,995.060984,3008656476
2,5440,669,128,2.61160159,0.128764805,994.06045,3008656476
2,5441,670,128,2.952775,0.129473677,988.617941,3008656476
2,5442,671,128,2.35082841,0.128808485,993.723356,3008656476
2,5443,672,128,2.72555184,0.129306132,989.898917,3008656476
2,5444,673,128,2.80651498,0.129933132,985.122101,3008656476
2,5445,674,128,3.52310705,0.1408599,908.704323,3008656476
2,5446,675,128,3.33099127,0.142327443,899.334642,3008656476
2,5447,676,128,2.93888927,0.128762202,994.080545,3008656476
2,5448,677,128,3.71686864,0.129748309,986.525381,3008656476
2,5449,678,128,3.16091013,0.129635202,987.386127,3008656476
2,5450,679,128,3.03807139,0.128078602,999.386299,3008656476
2,5451,680,128,3.22711635,0.129529424,988.192459,3008656476
2,5452,681,128,3.33261228,0.129084125,991.601407,3008656476
2,5453,682,128,3.07409954,0.143095379,894.508271,3008656476
2,5454,683,128,2.88894725,0.14046926,911.231397,3008656476
2,5455,684,128,2.91645598,0.128613313,995.231341,3008656476
2,5456,685,128,2.5893383,0.128442756,996.552892,3008656476
2,5457,686,128,2.74931979,0.128831518,993.545694,3008656476
2,5458,687,128,2.32306099,0.128029688,999.768116,3008656476
2,5459,688,128,3.36680436,0.129592154,987.714117,3008656476
2,5460,689,128,2.29525924,0.129302879,989.923821,3008656476
2,5461,690,128,2.80614519,0.148068237,864.466293,3008656476
2,5462,691,128,3.08614898,0.146456211,873.98137,3008656476
2,5463,692,128,3.09330702,0.132646431,964.971308,3008656476
2,5464,693,128,2.56387472,0.131392162,974.18292,3008656476
2,5465,694,128,3.3255868,0.1386555,923.151263,3008656476
2,5466,695,128,3.05709863,0.131916992,970.307146,3008656476
2,5467,696,128,3.62955546,0.131067984,976.592422,3008656476
2,5468,697,128,3.38383198,0.14867193,860.956066,3008656476
2,5469,698,128,2.81683612,0.1308681,978.08404,3008656476
2,5470,699,128,2.74796319,0.144304325,887.014301,3008656476
2,5471,700,128,3.53501344,0.129867787,985.617781,3008656476
2,5472,701,128,3.06336856,0.128125392,999.021334,3008656476
2,5473,702,128,2.78632903,0.128005932,999.953658,3008656476
2,5474,703,128,2.23855734,0.128511668,996.018509,3008656476
2,5475,704,128,3.10470176,0.128085299,999.334045,3008656476
2,5476,705,128,3.41528344,0.141069682,907.353006,3008656476
2,5477,706,128,3.12464643,0.12933742,989.65945,3008656476
2,5478,707,128,3.17822576,0.14364768,891.069038,3008656476
2,5479,708,128,2.48795342,0.12846818,996.355673,3008656476
2,5480,709,128,3.40190125,0.128550921,995.714375,3008656476
2,5481,710,128,2.23396611,0.128948233,992.646406,3008656476
2,5482,711,128,3.22459507,0.127678753,1002.51606,3008656476
2,5483,712,128,3.08229637,0.129335061,989.677501,3008656476
2,5484,713,128,3.28717589,0.141597808,903.968796,3008656476
2,5485,714,128,2.24068999,0.130482743,980.972633,3008656476
2,5486,715,128,1.8282057,0.143037016,894.873254,3008656476
2,5487,716,128,2.37571502,0.128796428,993.816381,3008656476
2,5488,717,128,3.20747757,0.129740304,986.58625,3008656476
2,5489,718,128,3.71886778,0.12999261,984.671359,3008656476
2,5490,719,128,3.57438111,0.127465478,1004.19346,3008656476
2,5491,720,128,3.39025521,0.128829231,993.563332,3008656476
2,5492,721,128,3.43989682,0.141397048,905.252279,3008656476
2,5493,722,128,2.77316332,0.127742908,1002.01257,3008656476
2,5494,723,128,3.59012628,0.145082557,882.2563,3008656476
2,5495,724,128,2.86833763,0.128769871,994.021342,3008656476
2,5496,725,128,3.18720436,0.128848083,993.417962,3008656476
2,5497,726,128,2.82979131,0.130009644,984.542347,3008656476
2,5498,727,128,3.30460262,0.129077166,991.654868,3008656476
2,5499,728,128,2.97330761,0.129675084,987.082453,3008656476
2,5500,729,128,3.24906087,0.144474335,885.970508,3008656476
2,5501,730,128,3.08875489,0.131900715,970.426885,3008656476
2,5502,731,128,3.62758899,0.144030654,888.699707,3008656476
2,5503,732,128,3.00967574,0.131779017,971.323075,3008656476
2,5504,733,128,2.56814432,0.130782721,978.722564,3008656476
2,5505,734,128,2.06101155,0.131615786,972.527718,3008656476
2,5506,735,128,2.09136105,0.132867331,963.366984,3008656476
2,5507,736,128,1.97304809,0.133494472,958.841202,3008656476
2,5508,737,128,2.00804687,0.149992789,853.374358,3008656476
2,5509,738,128,2.18636656,0.131951427,970.053927,3008656476
2,5510,739,128,2.63291693,0.136724285,936.19067,3008656476
2,5511,740,128,2.43873668,0.133665726,957.612724,3008656476
2,5512,741,128,2.75401473,0.131460481,973.676644,3008656476
2,5513,742,128,2.84988451,0.13234967,967.135014,3008656476
2,5514,743,128,2.8658905,0.131123915,976.175856,3008656476
2,5515,744,128,2.61921191,0.130989739,977.175777,3008656476
2,5516,745,128,2.16572142,0.144980123,882.879648,3008656476
2,5517,746,128,2.10276723,0.143990288,888.948844,3008656476
2,5518,747,128,2.24246979,0.128882359,993.153764,3008656476
2,5519,748,128,2.97252798,0.128740917,994.244899,3008656476
2,5520,749,128,3.73275208,0.127646853,1002.76659,3008656476
2,5521,750,128,2.5120151,0.128945448,992.667845,3008656476
2,5522,751,128,3.24078751,0.128780767,993.937239,3008656476
2,5523,752,128,2.41034484,0.128163553,998.723873,3008656476
2,5524,753,128,2.76390982,0.141768505,902.880368,3008656476
2,5525,754,128,2.96324468,0.143001023,895.098492,3008656476
2,5526,755,128,2.84888172,0.129285579,990.056285,3008656476
2,5527,756,128,3.40838814,0.128283081,997.79331,3008656476
2,5528,757,128,2.20511818,0.129931151,985.137121,3008656476
2,5529,758,128,2.884902,0.129415476,989.062545,3008656476
2,5530,759,128,2.57781172,0.129677982,987.060394,3008656476
2,5531,760,128,3.02187467,0.129549421,988.039923,3008656476
2,5532,761,128,3.54131985,0.14248045,898.368864,3008656476
2,5533,762,128,3.90076256,0.142010008,901.344925,3008656476
2,5534,763,128,3.32068706,0.12905781,991.803596,3008656476
2,5535,764,128,3.63058424,0.130372561,981.801684,3008656476
2,5536,765,128,3.68658686,0.129232513,990.462826,3008656476
2,5537,766,128,3.11666608,0.129634808,987.389128,3008656476
2,5538,767,128,3.65123224,0.129292408,990.003992,3008656476
2,5539,768,128,2.877002,0.128772424,994.001635,3008656476
2,5540,769,128,2.93607807,0.151274628,846.143214,3008656476
2,5541,770,128,2.4063046,0.14175791,902.94785,3008656476
2,5542,771,128,3.49374104,0.129927718,985.16315,3008656476
2,5543,772,128,2.75921345,0.13037133,981.810955,3008656476
2,5544,773,128,2.91373467,0.130100381,983.855689,3008656476
2,5545,774,128,2.80788445,0.13141395,974.021403,3008656476
2,5546,775,128,3.09255171,0.131125707,976.162516,3008656476
2,5547,776,128,3.34983063,0.130881227,977.985941,3008656476
2,5548,777,128,3.2845161,0.148867512,859.824943,3008656476
2,5549,778,128,2.6429882,0.154221888,829.97298,3008656476
2,5550,779,128,2.90685868,0.139413351,918.133013,3008656476
2,5551,780,128,2.52538228,0.143246732,893.563143,3008656476
2,5552,781,128,2.6570487,0.139194271,919.578077,3008656476
2,5553,782,128,2.06395459,0.138815513,922.087145,3008656476
2,5554,783,128,2.02982879,0.133328189,960.037041,3008656476
2,5555,784,128,2.7504034,0.146230215,875.332092,3008656476
2,5556,785,128,2.83707094,0.133403823,959.492743,3008656476
2,5557,786,128,2.80382252,0.136552202,937.370457,3008656476
2,5558,787,128,3.47288156,0.132738805,964.299777,3008656476
2,5559,788,128,3.41904116,0.130914787,977.735235,3008656476
2,5560,789,128,3.4589355,0.132760372,964.143125,3008656476
2,5561,790,128,3.3151958,0.131139646,976.058758,3008656476
2,5562,791,128,3.79270887,0.131796438,971.194684,3008656476
2,5563,792,128,2.93297219,0.144711757,884.516937,3008656476
2,5564,793,128,3.27052283,0.143456134,892.258814,3008656476
2,5565,794,128,2.57311082,0.131092892,976.406867,3008656476
2,5566,795,128,2.73473573,0.128862881,993.303882,3008656476
2,5567,796,128,3.56140184,0.128617875,995.196041,3008656476
2,5568,797,128,2.98453879,0.129475382,988.604923,3008656476
2,5569,798,128,2.89002442,0.128310299,997.581652,3008656476
2,5570,799,128,2.82243466,0.129009045,992.178494,3008656476
2,5571,800,128,3.48948598,0.141402959,905.214438,3008656476
2,5572,801,128,3.19178891,0.136368041,938.636348,3008656476
2,5573,802,128,3.6083765,0.125477648,1020.102,3008656476
2,5574,803,128,2.87267494,0.128643406,994.998531,3008656476
2,5575,804,128,3.17239881,0.128248418,998.062994,3008656476
2,5576,805,128,4.10296202,0.128720103,994.405668,3008656476
2,5577,806,128,3.81952,0.128710163,994.482464,3008656476
2,5578,807,128,3.30708528,0.128608612,995.26772,3008656476
2,5579,808,128,2.76585174,0.140541075,910.765767,3008656476
2,5580,809,128,2.75925708,0.129598919,987.662559,3008656476
2,5581,810,128,2.77886724,0.133680843,957.504435,3008656476
2,5582,811,128,3.0157814,0.12841608,996.759907,3008656476
2,5583,812,128,3.62566662,0.128429035,996.659361,3008656476
2,5584,813,128,3.15056229,0.128913024,992.917519,3008656476
2,5585,814,128,2.38490009,0.128604632,995.298521,3008656476
2,5586,815,128,2.62598753,0.128363139,997.171002,3008656476
2,5587,816,128,3.61286426,0.142473691,898.411483,3008656476
2,5588,817,128,3.4070797,0.128235175,998.166065,3008656476
2,5589,818,128,3.12382197,0.140344812,912.039413,3008656476
2,5590,819,128,2.87027359,0.12875296,994.151901,3008656476
2,5591,820,128,2.7882278,0.128782597,993.923115,3008656476
2,5592,821,128,2.97475719,0.130001519,984.60388,3008656476
2,5593,822,128,2.84405613,0.129688408,986.981042,3008656476
2,5594,823,128,3.90815187,0.128733823,994.299688,3008656476
2,5595,824,128,3.27575803,0.146390654,874.372759,3008656476
2,5596,825,128,3.04498076,0.129770891,986.353712,3008656476
2,5597,826,128,3.27069712,0.136796413,935.697049,3008656476
2,5598,827,128,3.09320092,0.128894311,993.061672,3008656476
2,5599,828,128,2.86016464,0.129667662,987.138952,3008656476
2,5600,829,128,3.02407289,0.12804019,999.686114,3008656476
2,5601,830,128,3.32490206,0.129181946,990.850533,3008656476
2,5602,831,128,2.24919224,0.128830442,993.553992,3008656476
2,5603,832,128,3.38687634,0.142803499,896.336581,3008656476
2,5604,833,128,3.7665832,0.129019454,992.098447,3008656476
2,5605,834,128,3.7655828,0.139692391,916.299013,3008656476
2,5606,835,128,3.49631238,0.129415001,989.066175,3008656476
2,5607,836,128,2.80827332,0.129362903,989.464499,3008656476
2,5608,837,128,3.51138258,0.128971412,992.468005,3008656476
2,5609,838,128,3.31650972,0.128114651,999.105091,3008656476
2,5610,839,128,3.258708,0.128702485,994.541791,3008656476
2,5611,840,128,3.20030403,0.141029196,907.613485,3008656476
2,5612,841,128,2.87072325,0.129872168,985.584533,3008656476
2,5613,842,128,2.5934875,0.142144847,900.489907,3008656476
2,5614,843,128,3.57942557,0.130521418,980.68196,3008656476
2,5615,844,128,2.59582877,0.131891632,970.493716,3008656476
2,5616,845,128,3.16703081,0.13149573,973.415639,3008656476
2,5617,846,128,2.84239507,0.133697135,957.387756,3008656476
2,5618,847,128,3.74311852,0.132922568,962.96665,3008656476
2,5619,848,128,2.79638696,0.146095087,876.141714,3008656476
2,5620,849,128,2.86278391,0.142371342,899.05734,3008656476
2,5621,850,128,2.696666,0.132584127,965.424768,3008656476
2,5622,851,128,2.8616116,0.130400393,981.592134,3008656476
2,5623,852,128,2.16761708,0.132934978,962.876753,3008656476
2,5624,853,128,2.95696259,0.130728033,979.131997,3008656476
2,5625,854,128,3.81139755,0.131055008,976.689117,3008656476
2,5626,855,128,2.98894382,0.131618552,972.50728,3008656476
2,5627,856,128,3.62960482,0.143317226,893.123622,3008656476
2,5628,857,128,3.07741046,0.142618567,897.498851,3008656476
2,5629,858,128,3.23724365,0.128850335,993.400599,3008656476
2,5630,859,128,2.97656012,0.128436378,996.60238,3008656476
2,5631,860,128,3.27457166,0.127692659,1002.40688,3008656476
2,5632,861,128,3.37896633,0.128881611,993.159528,3008656476
2,5633,862,128,2.8459568,0.127514603,1003.8066,3008656476
2,5634,863,128,2.47625875,0.12849358,996.158719,3008656476
2,5635,864,128,2.99861503,0.144598237,885.211346,3008656476
2,5636,865,128,2.8110528,0.142126236,900.607823,3008656476
2,5637,866,128,2.9784112,0.128996096,992.278092,3008656476
2,5638,867,128,2.92741656,0.129232558,990.462481,3008656476
2,5639,868,128,3.14639449,0.128615568,995.213892,3008656476
2,5640,869,128,3.07205343,0.129508657,988.350918,3008656476
2,5641,870,128,3.42040062,0.129965962,984.873255,3008656476
2,5642,871,128,2.68555355,0.12887664,993.197836,3008656476
2,5643,872,128,2.89784193,0.13877512,922.355535,3008656476
2,5644,873,128,2.52065253,0.143809789,890.064584,3008656476
2,5645,874,128,3.06671262,0.130700472,979.338468,3008656476
2,5646,875,128,2.55318832,0.130113105,983.759476,3008656476
2,5647,876,128,3.15265799,0.129290458,990.018923,3008656476
2,5648,877,128,2.35593772,0.129746298,986.540672,3008656476
2,5649,878,128,2.65835142,0.128944633,992.674119,3008656476
2,5650,879,128,2.9536047,0.129373342,989.38466,3008656476
2,5651,880,128,3.32378197,0.134664291,950.511818,3008656476
2,5652,881,128,3.79450393,0.14365499,891.023695,3008656476
2,5653,882,128,4.33866119,0.129109408,991.407226,3008656476
2,5654,883,128,3.57711101,0.128775909,993.974735,3008656476
2,5655,884,128,2.49663067,0.129483543,988.542613,3008656476
2,5656,885,128,3.53298855,0.128476456,996.291492,3008656476
2,5657,886,128,3.11762452,0.128914008,992.90994,3008656476
2,5658,887,128,3.50839806,0.128331796,997.414546,3008656476
2,5659,888,128,2.67399478,0.135439552,945.071053,3008656476
2,5660,889,128,3.27087927,0.143395791,892.634289,3008656476
2,5661,890,128,2.46410632,0.128905385,992.97636,3008656476
2,5662,891,128,2.58973145,0.129000414,992.244878,3008656476
2,5663,892,128,3.23491073,0.129775858,986.31596,3008656476
2,5664,893,128,3.34063649,0.129514647,988.305207,3008656476
2,5665,894,128,3.52961946,0.130480745,980.987655,3008656476
2,5666,895,128,3.26880026,0.129567282,987.903721,3008656476
2,5667,896,128,2.32894659,0.143365015,892.82591,3008656476
2,5668,897,128,2.94747543,0.146179256,875.637238,3008656476
2,5669,898,128,2.38078952,0.139685673,916.343081,3008656476
2,5670,899,128,3.06508231,0.139022922,920.711478,3008656476
2,5671,900,128,2.62238979,0.131431902,973.888364,3008656476
2,5672,901,128,2.50412941,0.132748146,964.231922,3008656476
2,5673,902,128,2.53011489,0.131684774,972.018223,3008656476
2,5674,903,128,3.0101397,0.147732392,866.431514,3008656476
2,5675,904,128,2.31519818,0.131431239,973.893277,3008656476
2,5676,905,128,2.72041655,0.145471967,879.894612,3008656476
2,5677,906,128,3.50860763,0.131709876,971.83297,3008656476
2,5678,907,128,3.32583952,0.130322573,982.178275,3008656476
2,5679,908,128,3.23267746,0.129827343,985.924822,3008656476
2,5680,909,128,2.81618524,0.130092698,983.913794,3008656476
2,5681,910,128,3.0826242,0.129321745,989.779406,3008656476
2,5682,911,128,2.87118554,0.146390337,874.374652,3008656476
2,5683,912,128,3.58965039,0.128444271,996.541138,3008656476
2,5684,913,128,2.78604531,0.141578289,904.093424,3008656476
2,5685,914,128,3.63724446,0.127569658,1003.37339,3008656476
2,5686,915,128,3.25881052,0.1283648,997.158099,3008656476
2,5687,916,128,2.8230195,0.12857266,995.54602,3008656476
2,5688,917,128,2.46501231,0.128721905,994.391747,3008656476
2,5689,918,128,2.8587656,0.128803499,993.761823,3008656476
2,5690,919,128,2.63242841,0.148647606,861.096949,3008656476
2,5691,920,128,2.88671875,0.128683409,994.689222,3008656476
2,5692,921,128,2.7812736,0.142365859,899.091966,3008656476
2,5693,922,128,3.12485361,0.129502057,988.401288,3008656476
2,5694,923,128,3.61401033,0.129745072,986.549994,3008656476
2,5695,924,128,2.60793591,0.128474427,996.307226,3008656476
2,5696,925,128,3.48240876,0.129409122,989.111108,3008656476
2,5697,926,128,2.75878477,0.128409465,996.811255,3008656476
2,5698,927,128,2.57448506,0.141291993,905.925363,3008656476
2,5699,928,128,3.16062999,0.12914692,991.119262,3008656476
2,5700,929,128,2.96610928,0.143295671,893.257969,3008656476
2,5701,930,128,2.39783049,0.128959324,992.561034,3008656476
2,5702,931,128,2.78115344,0.128906776,992.965645,3008656476
2,5703,932,128,2.76569843,0.1291605,991.015055,3008656476
2,5704,933,128,2.70624161,0.129830368,985.90185,3008656476
2,5705,934,128,2.82428241,0.128867907,993.265142,3008656476
2,5706,935,128,2.90539479,0.142241671,899.876943,3008656476
2,5707,936,128,2.62752199,0.129684229,987.012846,3008656476
2,5708,937,128,2.88841319,0.145408237,880.280255,3008656476
2,5709,938,128,3.21219802,0.131129806,976.132002,3008656476
2,5710,939,128,3.23969293,0.132104063,968.933105,3008656476
2,5711,940,128,2.96818614,0.13163438,972.390344,3008656476
2,5712,941,128,2.58425426,0.138953553,921.17112,3008656476
2,5713,942,128,2.74418688,0.138710493,922.785272,3008656476
2,5714,943,128,2.69362235,0.145200311,881.540812,3008656476
2,5715,944,128,3.80876875,0.144195629,887.682941,3008656476
2,5716,945,128,3.55514288,0.133751508,956.998556,3008656476
2,5717,946,128,2.79699492,0.130654774,979.681003,3008656476
2,5718,947,128,3.5031569,0.13141017,974.049421,3008656476
2,5719,948,128,3.86253262,0.130915599,977.72917,3008656476
2,5720,949,128,3.8860836,0.130872263,978.052928,3008656476
2,5721,950,128,3.07481694,0.130831726,978.355968,3008656476
2,5722,951,128,2.64378428,0.141675373,903.473887,3008656476
2,5723,952,128,2.4722805,0.143356859,892.876706,3008656476
2,5724,953,128,3.22031832,0.131156615,975.932476,3008656476
2,5725,954,128,3.17314029,0.130451401,981.20832,3008656476
2,5726,955,128,2.41555142,0.129768117,986.374797,3008656476
2,5727,956,128,3.3864975,0.129472772,988.624852,3008656476
2,5728,957,128,3.17240238,0.129156254,991.047634,3008656476
2,5729,958,128,2.94498444,0.128507606,996.049993,3008656476
2,5730,959,128,3.05461168,0.133839967,956.366046,3008656476
2,5731,960,128,3.09844637,0.145522803,879.587236,3008656476
2,5732,961,128,2.9539175,0.130657037,979.664034,3008656476
2,5733,962,128,3.04484439,0.129850118,985.751896,3008656476
2,5734,963,128,2.7187047,0.128703881,994.531004,3008656476
2,5735,964,128,2.47777128,0.129287967,990.037998,3008656476
2,5736,965,128,2.7473762,0.128475315,996.30034,3008656476
2,5737,966,128,3.0468688,0.128755149,994.135,3008656476
2,5738,967,128,3.75935268,0.133133219,961.442989,3008656476
2,5739,968,128,3.08808422,0.144752637,884.267138,3008656476
2,5740,969,128,2.82604313,0.131158065,975.921687,3008656476
2,5741,970,128,2.58734632,0.129566688,987.90825,3008656476
2,5742,971,128,3.02196693,0.128544872,995.761231,3008656476
2,5743,972,128,2.46319914,0.129095626,991.513066,3008656476
2,5744,973,128,2.62389946,0.129193514,990.761812,3008656476
2,5745,974,128,3.08959675,0.128378214,997.053908,3008656476
2,5746,975,128,3.18811011,0.132877605,963.292498,3008656476
2,5747,976,128,3.23581409,0.145118694,882.036604,3008656476
2,5748,977,128,3.09422612,0.129965419,984.87737,3008656476
2,5749,978,128,3.22285056,0.128866266,993.277791,3008656476
2,5750,979,128,3.2506566,0.128914765,992.90411,3008656476
2,5751,980,128,2.81096888,0.129526352,988.215896,3008656476
2,5752,981,128,3.07951903,0.128351163,997.264045,3008656476
2,5753,982,128,2.72044611,0.129251624,990.316377,3008656476
2,5754,983,128,2.70296931,0.13446882,951.893532,3008656476
2,5755,984,128,2.88894725,0.142214208,900.050718,3008656476
2,5756,985,128,2.8659606,0.129655405,987.232272,3008656476
2,5757,986,128,2.68552828,0.129002931,992.225518,3008656476
2,5758,987,128,2.5673821,0.129759607,986.439486,3008656476
2,5759,988,128,2.92542529,0.128982135,992.385496,3008656476
2,5760,989,128,3.21594453,0.128116901,999.087544,3008656476
2,5761,990,128,2.44391489,0.128984571,992.366754,3008656476
2,5762,991,128,2.54802752,0.140706776,909.693219,3008656476
2,5763,992,128,2.93353653,0.142834043,896.144906,3008656476
2,5764,993,128,2.03822327,0.128057669,999.549664,3008656476
2,5765,994,128,2.35694456,0.127737171,1002.05758,3008656476
2,5766,995,128,2.04459405,0.128599215,995.340446,3008656476
2,5767,996,128,2.97774053,0.128298536,997.673115,3008656476
2,5768,997,128,2.80910492,0.127118184,1006.93698,3008656476
2,5769,998,128,2.57712793,0.128152207,998.812295,3008656476
2,5770,999,128,2.78973579,0.141650016,903.63562,3008656476
2,5771,1000,128,3.2554028,0.142302939,899.489504,3008656476
2,5772,1001,128,2.67149019,0.12848805,996.201592,3008656476
2,5773,1002,128,2.68525219,0.128167651,998.69194,3008656476
2,5774,1003,128,2.7169075,0.128495943,996.1404,3008656476
2,5775,1004,128,3.11012721,0.129065145,991.74723,3008656476
2,5776,1005,128,2.78837156,0.129384433,989.299849,3008656476
2,5777,1006,128,3.07276106,0.128706889,994.507761,3008656476
2,5778,1007,128,3.08971572,0.140059746,913.895703,3008656476
2,5779,1008,128,2.69156241,0.142225305,899.980492,3008656476
2,5780,1009,128,2.59751582,0.128391904,996.947596,3008656476
2,5781,1010,128,2.93638849,0.128868092,993.263717,3008656476
2,5782,1011,128,2.2953043,0.128186355,998.546218,3008656476
2,5783,1012,128,2.90320516,0.129107953,991.418399,3008656476
2,5784,1013,128,2.51738429,0.128516276,995.982797,3008656476
2,5785,1014,128,2.89803076,0.128686172,994.667865,3008656476
2,5786,1015,128,1.85461354,0.139292549,918.929267,3008656476
2,5787,1016,128,2.43197942,0.142420563,898.746623,3008656476
2,5788,1017,128,2.47196269,0.128316508,997.533381,3008656476
2,5789,1018,128,2.78901601,0.129329347,989.721227,3008656476
2,5790,1019,128,3.32937407,0.127936807,1000.49394,3008656476
2,5791,1020,128,3.37682056,0.127964629,1000.27641,3008656476
2,5792,1021,128,3.02496743,0.128095707,999.252848,3008656476
2,5793,1022,128,2.93621016,0.128969122,992.485628,3008656476
2,5794,1023,128,3.82440925,0.140411814,911.604204,3008656476
2,5795,1024,128,3.38220668,0.144362719,886.655508,3008656476
2,5796,1025,128,3.2090838,0.129378457,989.345545,3008656476
2,5797,1026,128,2.78861547,0.129346448,989.590375,3008656476
2,5798,1027,128,2.63356662,0.129263558,990.224948,3008656476
2,5799,1028,128,2.5028038,0.129207575,990.653992,3008656476
2,5800,1029,128,2.90152192,0.129643035,987.326469,3008656476
2,5801,1030,128,2.2902,0.130663028,979.619116,3008656476
2,5802,1031,128,3.00593495,0.142267042,899.716464,3008656476
2,5803,1032,128,2.49805641,0.145962153,876.939654,3008656476
2,5804,1033,128,2.77216387,0.13277318,964.050119,3008656476
2,5805,1034,128,3.13654613,0.138908702,921.468548,3008656476
2,5806,1035,128,3.20696473,0.142654186,897.274756,3008656476
2,5807,1036,128,3.06636548,0.142793505,896.399315,3008656476
2,5808,1037,128,2.89392877,0.138330712,925.318739,3008656476
2,5809,1038,128,2.76063418,0.143546851,891.694935,3008656476
2,5810,1039,128,2.61946464,0.143061477,894.720247,3008656476
2,5811,1040,128,3.1001811,0.141303845,905.849377,3008656476
2,5812,1041,128,3.08472085,0.131740083,971.610136,3008656476
2,5813,1042,128,2.8650372,0.133688603,957.448856,3008656476
2,5814,1043,128,1.99116051,0.131195285,975.644818,3008656476
2,5815,1044,128,2.3986938,0.131148612,975.99203,3008656476
2,5816,1045,128,2.70124412,0.130829337,978.373834,3008656476
2,5817,1046,128,2.65941429,0.145280719,881.052908,3008656476
2,5818,1047,128,2.53548789,0.142982659,895.213454,3008656476
2,5819,1048,128,3.29679656,0.127079731,1007.24167,3008656476
2,5820,1049,128,3.24212575,0.129147825,991.112316,3008656476
2,5821,1050,128,3.39655614,0.129237238,990.426614,3008656476
2,5822,1051,128,2.94383883,0.128659225,994.876193,3008656476
2,5823,1052,128,2.68562222,0.13066511,979.603507,3008656476
2,5824,1053,128,2.59114337,0.128383097,997.015986,3008656476
2,5825,1054,128,3.32361364,0.142130849,900.578593,3008656476
2,5826,1055,128,2.77597022,0.142636548,897.385711,3008656476
2,5827,1056,128,3.37494731,0.125259331,1021.87996,3008656476
2,5828,1057,128,3.34190845,0.128487919,996.202608,3008656476
2,5829,1058,128,3.03373575,0.128539429,995.803397,3008656476
2,5830,1059,128,2.39138556,0.12798487,1000.11822,3008656476
2,5831,1060,128,3.4252162,0.128541255,995.789251,3008656476
2,5832,1061,128,3.73222733,0.127428802,1004.48249,3008656476
2,5833,1062,128,3.32903862,0.141691799,903.36915,3008656476
2,5834,1063,128,3.1373477,0.127652135,1002.7251,3008656476
2,5835,1064,128,2.66558099,0.134147662,954.172425,3008656476
2,5836,1065,128,2.86136603,0.129178404,990.877701,3008656476
2,5837,1066,128,2.9028492,0.129616689,987.527154,3008656476
2,5838,1067,128,2.99962258,0.129410468,989.10082,3008656476
2,5839,1068,128,3.15939665,0.128801151,993.779939,3008656476
2,5840,1069,128,3.5715158,0.127910939,1000.69627,3008656476
2,5841,1070,128,3.32561803,0.14155358,904.251238,3008656476
2,5842,1071,128,3.57183051,0.12724381,1005.94284,3008656476
2,5843,1072,128,2.58300567,0.138647234,923.206301,3008656476
2,5844,1073,128,3.32718706,0.127678966,1002.51438,3008656476
2,5845,1074,128,3.05289268,0.127318159,1005.35541,3008656476
2,5846,1075,128,3.17885828,0.127359827,1005.02649,3008656476
2,5847,1076,128,3.57497811,0.129096401,991.507114,3008656476
2,5848,1077,128,3.21304297,0.127367728,1004.96415,3008656476
2,5849,1078,128,3.36740708,0.143994916,888.920273,3008656476
2,5850,1079,128,3.88382053,0.126941675,1008.3371,3008656476
2,5851,1080,128,2.77450895,0.142618028,897.502243,3008656476
2,5852,1081,128,1.66129327,0.128807114,993.733933,3008656476
2,5853,1082,128,2.66609573,0.128044957,999.648897,3008656476
2,5854,1083,128,3.11660743,0.12863211,995.085908,3008656476
2,5855,1084,128,3.18092656,0.127899985,1000.78198,3008656476
2,5856,1085,128,3.09809899,0.128364969,997.156787,3008656476
2,5857,1086,128,3.14275408,0.142919251,895.610627,3008656476
2,5858,1087,128,2.64932442,0.128133268,998.959927,3008656476
2,5859,1088,128,2.84319162,0.143186276,893.940422,3008656476
2,5860,1089,128,2.81107783,0.129376037,989.36405,3008656476
2,5861,1090,128,2.92806673,0.128689478,994.642313,3008656476
2,5862,1091,128,3.20223522,0.12923614,990.435028,3008656476
2,5863,1092,128,2.61206198,0.128401109,996.876125,3008656476
2,5864,1093,128,3.45632219,0.12874504,994.213059,3008656476
2,5865,1094,128,3.46137428,0.146594606,873.156274,3008656476
2,5866,1095,128,2.90703583,0.128540222,995.797253,3008656476
2,5867,1096,128,2.73686576,0.139695951,916.275662,3008656476
2,5868,1097,128,2.93592596,0.128371563,997.105566,3008656476
2,5869,1098,128,3.0690589,0.128361408,997.18445,3008656476
2,5870,1099,128,3.53523231,0.128743636,994.223901,3008656476
2,5871,1100,128,3.19842029,0.129838739,985.838287,3008656476
2,5872,1101,128,3.06725597,0.195268389,655.508045,3008656476
2,5873,1102,128,2.94475603,0.12358787,1035.70035,3008656476
2,5874,1103,128,3.13245559,0.140544023,910.746663,3008656476
2,5875,1104,128,2.77486396,0.128291583,997.727185,3008656476
2,5876,1105,128,3.48822141,0.128396624,996.910947,3008656476
2,5877,1106,128,2.68822885,0.128236772,998.153634,3008656476
2,5878,1107,128,2.75848293,0.128922495,992.844577,3008656476
2,5879,1108,128,2.63993907,0.128729595,994.332344,3008656476
2,5880,1109,128,2.26467037,0.12972275,986.719754,3008656476
2,5881,1110,128,2.69864178,0.138681509,922.978131,3008656476
2,5882,1111,128,2.84733701,0.142323136,899.361858,3008656476
2,5883,1112,128,2.3843801,0.130840863,978.287647,3008656476
2,5884,1113,128,2.45142317,0.131346544,974.521263,3008656476
2,5885,1114,128,3.29172206,0.129739904,986.589292,3008656476
2,5886,1115,128,2.10622454,0.131272349,975.072062,3008656476
2,5887,1116,128,2.48165822,0.130636485,979.818157,3008656476
2,5888,1117,128,2.1868701,0.130237485,982.819962,3008656476
2,5889,1118,128,2.84765387,0.13577452,942.739477,3008656476
2,5890,1119,128,2.64060211,0.14623166,875.323442,3008656476
2,5891,1120,128,2.01891232,0.13239173,966.827762,3008656476
2,5892,1121,128,2.7179985,0.132634302,965.059551,3008656476
2,5893,1122,128,2.53093863,0.131788409,971.253853,3008656476
2,5894,1123,128,2.06198788,0.138960696,921.123769,3008656476
2,5895,1124,128,1.72667325,0.138917404,921.410826,3008656476
2,5896,1125,128,3.00064659,0.154279345,829.66388,3008656476
2,5897,1126,128,2.31336045,0.142768282,896.557682,3008656476
2,5898,1127,128,3.63236117,0.148023716,864.726298,3008656476
2,5899,1128,128,3.23252535,0.131889705,970.507895,3008656476
2,5900,1129,128,1.96672761,0.132624988,965.127326,3008656476
2,5901,1130,128,2.82421589,0.131554621,972.979885,3008656476
2,5902,1131,128,2.58271527,0.130875219,978.030837,3008656476
2,5903,1132,128,2.55640864,0.133172973,961.155985,3008656476
2,5904,1133,128,2.42460275,0.146185553,875.59952,3008656476
2,5905,1134,128,3.40568519,0.132409617,966.697155,3008656476
2,5906,1135,128,3.14351106,0.140676584,909.888457,3008656476
2,5907,1136,128,3.00636554,0.130953312,977.447596,3008656476
2,5908,1137,128,3.0685575,0.131984102,969.813773,3008656476
2,5909,1138,128,2.88539577,0.130293709,982.395858,3008656476
2,5910,1139,128,2.53351808,0.130850817,978.213227,3008656476
2,5911,1140,128,2.76357532,0.132615588,965.195736,3008656476
2,5912,1141,128,2.89431334,0.145674836,878.669258,3008656476
2,5913,1142,128,2.85106945,0.143031083,894.910374,3008656476
2,5914,1143,128,2.56559229,0.129375714,989.366521,3008656476
2,5915,1144,128,2.59184957,0.12859585,995.366491,3008656476
2,5916,1145,128,3.28557658,0.128365348,997.153842,3008656476
2,5917,1146,128,3.46009064,0.128886379,993.122788,3008656476
2,5918,1147,128,3.15756345,0.127855293,1001.1318,3008656476
2,5919,1148,128,3.24113989,0.128199543,998.443497,3008656476
2,5920,1149,128,2.97258019,0.144635341,884.984258,3008656476
2,5921,1150,128,3.2616148,0.13583124,942.345811,3008656476
2,5922,1151,128,3.07018566,0.124303789,1029.7353,3008656476
2,5923,1152,128,3.38346386,0.129347588,989.581653,3008656476
2,5924,1153,128,3.1908989,0.128552278,995.703865,3008656476
2,5925,1154,128,2.98223281,0.130277416,982.51872,3008656476
2,5926,1155,128,3.18635058,0.128631268,995.092422,3008656476
2,5927,1156,128,3.04197359,0.12815611,998.781876,3008656476
2,5928,1157,128,3.55687928,0.142131303,900.575716,3008656476
2,5929,1158,128,2.91774035,0.127067092,1007.34185,3008656476
2,5930,1159,128,3.20962191,0.136511601,937.649248,3008656476
2,5931,1160,128,3.32969975,0.128160857,998.744882,3008656476
2,5932,1161,128,3.317662,0.128889729,993.096975,3008656476
2,5933,1162,128,2.56653476,0.127672166,1002.56778,3008656476
2,5934,1163,128,2.82536483,0.128360217,997.193702,3008656476
2,5935,1164,128,2.960989,0.127619735,1002.97967,3008656476
2,5936,1165,128,3.55315852,0.141909102,901.985836,3008656476
2,5937,1166,128,3.13480115,0.127954476,1000.35578,3008656476
2,5938,1167,128,3.47176719,0.1408625,908.68755,3008656476
2,5939,1168,128,2.8506391,0.128138308,998.920635,3008656476
2,5940,1169,128,3.58696055,0.128217675,998.302301,3008656476
2,5941,1170,128,2.9796319,0.128819804,993.636041,3008656476
2,5942,1171,128,3.37459779,0.129089851,991.557423,3008656476
2,5943,1172,128,2.97752738,0.128773942,993.989918,3008656476
2,5944,1173,128,3.11636758,0.142610171,897.55169,3008656476
2,5945,1174,128,3.54451275,0.128488352,996.199251,3008656476
2,5946,1175,128,3.49092841,0.140487292,911.114437,3008656476
2,5947,1176,128,3.27626514,0.128062035,999.515586,3008656476
2,5948,1177,128,3.00141954,0.129219981,990.558883,3008656476
2,5949,1178,128,2.89290524,0.12848898,996.194382,3008656476
2,5950,1179,128,3.18851137,0.128823175,993.610039,3008656476
2,5951,1180,128,3.64930224,0.128693975,994.607556,3008656476
2,5952,1181,128,3.12040114,0.145531181,879.536599,3008656476
2,5953,1182,128,3.43116713,0.128757655,994.115651,3008656476
2,5954,1183,128,2.50204253,0.139310591,918.810258,3008656476
2,5955,1184,128,2.50654244,0.1288246,993.599049,3008656476
2,5956,1185,128,3.62571192,0.128185921,998.549599,3008656476
2,5957,1186,128,3.4055295,0.128503554,996.0814,3008656476
2,5958,1187,128,3.38009453,0.127575539,1003.32713,3008656476
2,5959,1188,128,3.33294702,0.128634019,995.071141,3008656476
2,5960,1189,128,3.01088405,0.141315388,905.775385,3008656476
2,5961,1190,128,2.85125184,0.128687039,994.661164,3008656476
2,5962,1191,128,2.30747843,0.144410094,886.364633,3008656476
2,5963,1192,128,2.9416573,0.129667438,987.140657,3008656476
2,5964,1193,128,2.70238042,0.130070822,984.079273,3008656476
2,5965,1194,128,2.20355558,0.130173733,983.301293,3008656476
2,5966,1195,128,2.31937718,0.13071575,979.224003,3008656476
2,5967,1196,128,2.15909576,0.131082328,976.485556,3008656476
2,5968,1197,128,2.83167744,0.145100942,882.144514,3008656476
2,5969,1198,128,2.51602054,0.13200023,969.69528,3008656476
2,5970,1199,128,3.42223787,0.135717496,943.135585,3008656476
2,5971,1200,128,3.05178785,0.133754192,956.979352,3008656476
2,5972,1201,128,3.56204462,0.138994881,920.897224,3008656476
2,5973,1202,128,3.01058435,0.142332521,899.302556,3008656476
2,5974,1203,128,3.03929329,0.142624776,897.459779,3008656476
2,5975,1204,128,3.02028465,0.147244324,869.303458,3008656476
2,5976,1205,128,3.17907858,0.12933719,989.66121,3008656476
2,5977,1206,128,3.14283609,0.147041129,870.504742,3008656476
2,5978,1207,128,3.02071333,0.131834225,970.916316,3008656476
2,5979,1208,128,3.0680573,0.131578858,972.800661,3008656476
2,5980,1209,128,2.86498523,0.131094172,976.397334,3008656476
2,5981,1210,128,2.92415714,0.130261852,982.636114,3008656476
2,5982,1211,128,3.36493731,0.130572376,980.299233,3008656476
2,5983,1212,128,2.97844601,0.147213628,869.484719,3008656476
2,5984,1213,128,2.8710351,0.129535549,988.145733,3008656476
2,5985,1214,128,3.47227526,0.143609789,891.304144,3008656476
2,5986,1215,128,3.47126746,0.128323802,997.47668,3008656476
2,5987,1216,128,2.93495822,0.127676079,1002.53705,3008656476
2,5988,1217,128,3.18519759,0.126977739,1008.05071,3008656476
2,5989,1218,128,2.9604075,0.126821368,1009.29364,3008656476
2,5990,1219,128,3.53353024,0.126889168,1008.75435,3008656476
2,5991,1220,128,2.33307886,0.141636011,903.724971,3008656476
2,5992,1221,128,2.84855604,0.127703124,1002.32474,3008656476
2,5993,1222,128,2.88708258,0.140638391,910.135555,3008656476
2,5994,1223,128,2.80627251,0.127659355,1002.66839,3008656476
2,5995,1224,128,3.46027231,0.128065103,999.491641,3008656476
2,5996,1225,128,3.61449671,0.128087187,999.319315,3008656476
2,5997,1226,128,3.13006997,0.128473255,996.316315,3008656476
2,5998,1227,128,3.22983837,0.12783714,1001.27396,3008656476
2,5999,1228,128,3.39294291,0.140940773,908.1829,3008656476
2,6000,1229,128,3.10265326,0.129403548,989.153713,3008656476
2,6001,1230,128,3.02807331,0.143918998,889.389183,3008656476
2,6002,1231,128,2.4487896,0.127371883,1004.93136,3008656476
2,6003,1232,128,3.42655253,0.128619796,995.181177,3008656476
2,6004,1233,128,3.22512317,0.128221991,998.268698,3008656476
2,6005,1234,128,2.7081511,0.127173419,1006.49964,3008656476
2,6006,1235,128,3.07450914,0.128628725,995.112095,3008656476
2,6007,1236,128,3.09084916,0.140050423,913.95654,3008656476
2,6008,1237,128,3.05346918,0.129456952,988.745664,3008656476
2,6009,1238,128,2.88456702,0.140139504,913.375575,3008656476
2,6010,1239,128,3.26555562,0.127597656,1003.15322,3008656476
2,6011,1240,128,3.29851651,0.127032962,1007.6125,3008656476
2,6012,1241,128,1.98872149,0.12832797,997.444283,3008656476
2,6013,1242,128,2.88174272,0.128051602,999.597022,3008656476
2,6014,1243,128,2.0463419,0.128480867,996.257287,3008656476
2,6015,1244,128,3.02958012,0.138514475,924.091146,3008656476
2,6016,1245,128,2.40329313,0.125701584,1018.2847,3008656476
2,6017,1246,128,2.62211871,0.144546795,885.526379,3008656476
2,6018,1247,128,2.18398571,0.128643299,994.999359,3008656476
2,6019,1248,128,1.45393062,0.129333159,989.692056,3008656476
2,6020,1249,128,1.71849918,0.130499037,980.85015,3008656476
2,6021,1250,128,2.10164714,0.130135034,983.593703,3008656476
2,6022,1251,128,1.7548666,0.130824107,978.412946,3008656476
2,6023,1252,128,2.2943449,0.144087892,888.346677,3008656476
2,6024,1253,128,2.35695076,0.13156198,972.925461,3008656476
2,6025,1254,128,2.1290257,0.146145401,875.840082,3008656476
2,6026,1255,128,1.75528407,0.132731338,964.354025,3008656476
2,6027,1256,128,2.1261487,0.136320242,938.965469,3008656476
2,6028,1257,128,2.44914937,0.138128842,926.671057,3008656476
2,6029,1258,128,1.7848711,0.138444153,924.560534,3008656476
2,6030,1259,128,3.03867722,0.132983688,962.524065,3008656476
2,6031,1260,128,3.50303364,0.146467789,873.912284,3008656476
2,6032,1261,128,3.27454543,0.134068184,954.738076,3008656476
2,6033,1262,128,3.63283324,0.145793482,877.954201,3008656476
2,6034,1263,128,3.51857448,0.132018154,969.563625,3008656476
2,6035,1264,128,3.10906386,0.131207782,975.551892,3008656476
2,6036,1265,128,3.12200403,0.13084988,978.220232,3008656476
2,6037,1266,128,2.7119956,0.131847979,970.815032,3008656476
2,6038,1267,128,3.118469,0.130661756,979.628653,3008656476
2,6039,1268,128,3.04075956,0.144288868,887.109323,3008656476
2,6040,1269,128,3.09760308,0.129059137,991.793398,3008656476
2,6041,1270,128,2.18935966,0.137216106,932.8351,3008656476
2,6042,1271,128,2.60704565,0.130754048,978.937187,3008656476
2,6043,1272,128,2.47476315,0.130650064,979.716321,3008656476
2,6044,1273,128,3.60641384,0.131489664,973.460545,3008656476
2,6045,1274,128,2.45122051,0.131417584,973.994469,3008656476
2,6046,1275,128,3.35936785,0.129574568,987.848171,3008656476
2,6047,1276,128,3.32077885,0.140994299,907.838125,3008656476
2,6048,1277,128,2.43793964,0.128703944,994.530517,3008656476
2,6049,1278,128,2.90006447,0.134565989,951.206177,3008656476
2,6050,1279,128,3.22491407,0.131294719,974.905929,3008656476
2,6051,1280,128,2.79575658,0.130527318,980.637632,3008656476
2,6052,1281,128,3.18883324,0.129497223,988.438185,3008656476
2,6053,1282,128,3.07650113,0.129516817,988.288648,3008656476
2,6054,1283,128,2.30448222,0.129743044,986.565415,3008656476
2,6055,1284,128,2.80407572,0.14313583,894.255477,3008656476
2,6056,1285,128,3.27420688,0.129528125,988.202369,3008656476
2,6057,1286,128,2.84413671,0.134273225,953.280149,3008656476
2,6058,1287,128,3.07266831,0.12924094,990.398244,3008656476
2,6059,1288,128,2.43880415,0.129200838,990.705649,3008656476
2,6060,1289,128,2.79017735,0.128384435,997.005595,3008656476
2,6061,1290,128,2.93314695,0.129308503,989.880766,3008656476
2,6062,1291,128,2.89388728,0.12903943,991.944865,3008656476
2,6063,1292,128,3.17737722,0.143336677,893.002424,3008656476
2,6064,1293,128,2.54506421,0.127644309,1002.78658,3008656476
2,6065,1294,128,2.52592063,0.134816101,949.441491,3008656476
2,6066,1295,128,2.53774095,0.129632414,987.407362,3008656476
2,6067,1296,128,2.66782475,0.128653296,994.922042,3008656476
2,6068,1297,128,3.08170438,0.128187882,998.534323,3008656476
2,6069,1298,128,2.88702869,0.128879678,993.174424,3008656476
2,6070,1299,128,3.17888999,0.127807875,1001.50323,3008656476
2,6071,1300,128,2.86769915,0.143025758,894.943693,3008656476
2,6072,1301,128,2.81372023,0.128203224,998.414829,3008656476
2,6073,1302,128,2.6034646,0.138762577,922.438908,3008656476
2,6074,1303,128,2.81851888,0.12837963,997.042911,3008656476
2,6075,1304,128,2.80362058,0.128016297,999.872696,3008656476
2,6076,1305,128,3.10200977,0.12809953,999.223026,3008656476
2,6077,1306,128,2.98312306,0.128082499,999.355892,3008656476
2,6078,1307,128,3.12055731,0.128375189,997.077403,3008656476
2,6079,1308,128,2.25656581,0.141759434,902.938142,3008656476
2,6080,1309,128,3.1227529,0.127637604,1002.83926,3008656476
2,6081,1310,128,3.71647644,0.142943016,895.461727,3008656476
2,6082,1311,128,2.79587626,0.127683734,1002.47695,3008656476
2,6083,1312,128,2.60009217,0.128358117,997.210017,3008656476
2,6084,1313,128,3.08406925,0.128904856,992.980435,3008656476
2,6085,1314,128,2.5703342,0.128223389,998.257814,3008656476
2,6086,1315,128,2.58739305,0.128381219,997.03057,3008656476
2,6087,1316,128,3.05794859,0.142889233,895.798776,3008656476
2,6088,1317,128,2.86014795,0.128091326,999.287024,3008656476
2,6089,1318,128,2.02824855,0.14451591,885.715628,3008656476
2,6090,1319,128,2.91845298,0.128485846,996.218681,3008656476
2,6091,1320,128,3.21074271,0.129167472,990.961563,3008656476
2,6092,1321,128,2.98465729,0.129004501,992.213442,3008656476
2,6093,1322,128,3.33803654,0.127836813,1001.27653,3008656476
2,6094,1323,128,2.70510936,0.128343678,997.322205,3008656476
2,6095,1324,128,1.91268051,0.145706497,878.478329,3008656476
2,6096,1325,128,2.42039728,0.128609388,995.261714,3008656476
2,6097,1326,128,3.40770507,0.142206609,900.098813,3008656476
2,6098,1327,128,3.19059181,0.128665834,994.825091,3008656476
2,6099,1328,128,3.17191553,0.129609354,987.583041,3008656476
2,6100,1329,128,2.70558763,0.129196465,990.739182,3008656476
2,6101,1330,128,2.93160152,0.129123189,991.301415,3008656476
2,6102,1331,128,2.48601651,0.129747453,986.53189,3008656476
2,6103,1332,128,3.03349829,0.144698759,884.596391,3008656476
2,6104,1333,128,2.73731017,0.129574752,987.846768,3008656476
2,6105,1334,128,3.27689505,0.140843246,908.811772,3008656476
2,6106,1335,128,2.62719607,0.131736927,971.633413,3008656476
2,6107,1336,128,3.28020072,0.132219532,968.086924,3008656476
2,6108,1337,128,2.42150974,0.139404834,918.189107,3008656476
2,6109,1338,128,2.63554478,0.131759941,971.463702,3008656476
2,6110,1339,128,2.76198769,0.131922446,970.267031,3008656476
2,6111,1340,128,2.51472187,0.145704614,878.489682,3008656476
2,6112,1341,128,2.63666201,0.144296281,887.063749,3008656476
2,6113,1342,128,2.8111546,0.131833877,970.918878,3008656476
2,6114,1343,128,2.51150322,0.131332749,974.623626,3008656476
2,6115,1344,128,3.07914138,0.13145242,973.736353,3008656476
2,6116,1345,128,2.8182404,0.130795555,978.626529,3008656476
2,6117,1346,128,3.04903102,0.131462399,973.662439,3008656476
2,6118,1347,128,2.5872848,0.146161495,875.743642,3008656476
2,6119,1348,128,2.13150692,0.124208294,1030.527,3008656476
2,6120,1349,128,3.15361667,0.142544382,897.96594,3008656476
2,6121,1350,128,2.99913025,0.129749142,986.519048,3008656476
2,6122,1351,128,3.19162178,0.129897385,985.393201,3008656476
2,6123,1352,128,2.54287696,0.129445342,988.834345,3008656476
2,6124,1353,128,2.30501962,0.128468392,996.354029,3008656476
2,6125,1354,128,3.01102519,0.128282112,997.800847,3008656476
2,6126,1355,128,2.45825648,0.131270502,975.085781,3008656476
2,6127,1356,128,2.53247881,0.130314028,982.242679,3008656476
2,6128,1357,128,2.80173922,0.145400005,880.330094,3008656476
2,6129,1358,128,3.154881,0.130265623,982.607668,3008656476
2,6130,1359,128,2.53824759,0.130383235,981.721308,3008656476
2,6131,1360,128,2.42510295,0.129586634,987.756191,3008656476
2,6132,1361,128,3.21539855,0.128913795,992.911581,3008656476
2,6133,1362,128,3.1772356,0.12802173,999.830263,3008656476
2,6134,1363,128,2.60424376,0.128503003,996.085671,3008656476
2,6135,1364,128,2.42512584,0.131414688,974.015933,3008656476
2,6136,1365,128,2.76762342,0.145298193,880.94695,3008656476
2,6137,1366,128,3.32059717,0.129544208,988.079683,3008656476
2,6138,1367,128,3.29364753,0.128550487,995.717737,3008656476
2,6139,1368,128,3.01960492,0.128906554,992.967355,3008656476
2,6140,1369,128,2.78658581,0.128479603,996.267088,3008656476
2,6141,1370,128,2.631881,0.12790411,1000.7497,3008656476
2,6142,1371,128,3.18374038,0.127967435,1000.25448,3008656476
2,6143,1372,128,2.76749206,0.132493689,966.083751,3008656476
2,6144,1373,128,3.36695671,0.143906141,889.468643,3008656476
2,6145,1374,128,3.53367233,0.127990351,1000.07539,3008656476
2,6146,1375,128,3.48538685,0.127789606,1001.64641,3008656476
2,6147,1376,128,3.57521462,0.127823139,1001.38364,3008656476
2,6148,1377,128,3.05039811,0.127667729,1002.60262,3008656476
2,6149,1378,128,2.6082902,0.126819618,1009.30757,3008656476
2,6150,1379,128,2.79942203,0.127914736,1000.66657,3008656476
2,6151,1380,128,3.15301609,0.142331353,899.309936,3008656476
2,6152,1381,128,2.51667047,0.139249883,919.210826,3008656476
2,6153,1382,128,2.91200089,0.129560463,987.955716,3008656476
2,6154,1383,128,2.73703909,0.128964982,992.517488,3008656476
2,6155,1384,128,2.21082878,0.129296462,989.972951,3008656476
2,6156,1385,128,2.94131041,0.129031497,992.005851,3008656476
2,6157,1386,128,1.97723877,0.12919018,990.78738,3008656476
2,6158,1387,128,2.58607173,0.128348267,997.286547,3008656476
2,6159,1388,128,3.12176085,0.142578731,897.749609,3008656476
2,6160,1389,128,2.69316816,0.14131398,905.78441,3008656476
2,6161,1390,128,2.31895328,0.128752258,994.157322,3008656476
2,6162,1391,128,2.61182451,0.128310825,997.577562,3008656476
2,6163,1392,128,2.60065436,0.129087907,991.572355,3008656476
2,6164,1393,128,2.87033939,0.127876734,1000.96394,3008656476
2,6165,1394,128,3.29199004,0.1286721,994.776645,3008656476
2,6166,1395,128,2.79956913,0.129220393,990.555724,3008656476
2,6167,1396,128,2.73886776,0.141304031,905.848185,3008656476
2,6168,1397,128,3.40097618,0.142133435,900.562208,3008656476
2,6169,1398,128,2.613482,0.12870409,994.529389,3008656476
2,6170,1399,128,3.16273046,0.129018304,992.10729,3008656476
2,6171,1400,128,3.42748928,0.129087096,991.578585,3008656476
2,6172,1401,128,3.34917235,0.128904989,992.979411,3008656476
2,6173,1402,128,2.85680437,0.129210472,990.631781,3008656476
2,6174,1403,128,3.15019202,0.13026174,982.636958,3008656476
2,6175,1404,128,2.3877213,0.144061367,888.510242,3008656476
2,6176,1405,128,2.89560533,0.146705935,872.493672,3008656476
2,6177,1406,128,3.46790075,0.135018776,948.016297,3008656476
2,6178,1407,128,3.15084553,0.132600886,965.302751,3008656476
2,6179,1408,128,3.37189746,0.131479641,973.534754,3008656476
2,6180,1409,128,3.51932573,0.131679093,972.060158,3008656476
2,6181,1410,128,3.11058164,0.131251679,975.22562,3008656476
2,6182,1411,128,3.71647668,0.146934798,871.134692,3008656476
2,6183,1412,128,3.22747755,0.130198917,983.111096,3008656476
2,6184,1413,128,3.42185855,0.143554447,891.647752,3008656476
2,6185,1414,128,3.33268428,0.127500793,1003.91532,3008656476
2,6186,1415,128,3.37364841,0.127658437,1002.6756,3008656476
2,6187,1416,128,3.16103053,0.1275441,1003.57445,3008656476
2,6188,1417,128,3.43304849,0.127826846,1001.3546,3008656476
2,6189,1418,128,3.42483521,0.127716182,1002.22226,3008656476
2,6190,1419,128,3.51448965,0.137474425,931.082272,3008656476
2,6191,1420,128,3.34504485,0.129002349,992.229994,3008656476
2,6192,1421,128,3.14026713,0.14543198,880.136542,3008656476
2,6193,1422,128,3.78867984,0.128034741,999.72866,3008656476
2,6194,1423,128,3.1260283,0.12825438,998.016598,3008656476
2,6195,1424,128,3.37605906,0.12941769,989.045624,3008656476
2,6196,1425,128,4.10657978,0.128693813,994.608808,3008656476
2,6197,1426,128,3.07691598,0.129181617,990.853056,3008656476
2,6198,1427,128,3.35380459,0.141573398,904.124658,3008656476
2,6199,1428,128,3.09784842,0.129480905,988.562754,3008656476
2,6200,1429,128,3.93504167,0.143075503,894.632535,3008656476
2,6201,1430,128,3.56955624,0.128914717,992.90448,3008656476
2,6202,1431,128,3.52904868,0.128784352,993.909571,3008656476
2,6203,1432,128,3.95234919,0.129157186,991.040483,3008656476
2,6204,1433,128,2.79444504,0.129281418,990.08815,3008656476
2,6205,1434,128,3.06038642,0.12796983,1000.23576,3008656476
2,6206,1435,128,3.61217427,0.141667158,903.526278,3008656476
2,6207,1436,128,2.49462318,0.129013729,992.142472,3008656476
2,6208,1437,128,3.50716519,0.141365478,905.454442,3008656476
2,6209,1438,128,3.26317286,0.128036956,999.711365,3008656476
2,6210,1439,128,3.3670187,0.129816713,986.005554,3008656476
2,6211,1440,128,3.5343852,0.129648062,987.288186,3008656476
2,6212,1441,128,3.74502802,0.130097965,983.87396,3008656476
2,6213,1442,128,3.53613234,0.131561742,972.927221,3008656476
2,6214,1443,128,2.69656634,0.14204344,901.13278,3008656476
2,6215,1444,128,3.64160824,0.131063668,976.624582,3008656476
2,6216,1445,128,3.49572277,0.145645522,878.846107,3008656476
2,6217,1446,128,3.74013448,0.133107314,961.630102,3008656476
2,6218,1447,128,3.26755714,0.132107515,968.907787,3008656476
2,6219,1448,128,2.86118317,0.132562178,965.584618,3008656476
2,6220,1449,128,3.8283205,0.131691659,971.967405,3008656476
2,6221,1450,128,2.80292606,0.131641644,972.336687,3008656476
2,6222,1451,128,3.15840554,0.145986946,876.790723,3008656476
2,6223,1452,128,3.122967,0.131950813,970.058441,3008656476
2,6224,1453,128,3.25108719,0.146216945,875.411533,3008656476
2,6225,1454,128,3.2087841,0.131232818,975.365781,3008656476
2,6226,1455,128,2.29237914,0.131096716,976.378386,3008656476
2,6227,1456,128,3.59371924,0.129885738,985.481562,3008656476
2,6228,1457,128,3.37825227,0.128774125,993.988505,3008656476
2,6229,1458,128,3.66216493,0.129780454,986.281031,3008656476
2,6230,1459,128,3.57271242,0.142295896,899.534025,3008656476
2,6231,1460,128,3.07687497,0.130595445,980.126068,3008656476
2,6232,1461,128,2.19441509,0.142221822,900.002533,3008656476
2,6233,1462,128,2.43576717,0.127885502,1000.89532,3008656476
2,6234,1463,128,3.27333665,0.128467254,996.362855,3008656476
2,6235,1464,128,2.33481002,0.128269997,997.895088,3008656476
2,6236,1465,128,3.06504655,0.128559507,995.647875,3008656476
2,6237,1466,128,3.89700079,0.12793006,1000.5467,3008656476
2,6238,1467,128,3.30112839,0.143977863,889.025558,3008656476
2,6239,1468,128,2.86737847,0.128513022,996.008015,3008656476
2,6240,1469,128,3.82040858,0.142722953,896.84243,3008656476
2,6241,1470,128,2.90134072,0.128047284,999.63073,3008656476
2,6242,1471,128,3.89796567,0.129126421,991.276603,3008656476
2,6243,1472,128,3.40802956,0.129112284,991.385142,3008656476
2,6244,1473,128,3.69922614,0.128118859,999.072276,3008656476
2,6245,1474,128,3.03788114,0.12880858,993.722623,3008656476
2,6246,1475,128,3.02590299,0.149015119,858.973243,3008656476
2,6247,1476,128,3.10935092,0.128759396,994.102209,3008656476
2,6248,1477,128,3.56685853,0.140726878,909.563275,3008656476
2,6249,1478,128,3.28970861,0.128164615,998.715597,3008656476
2,6250,1479,128,3.46637344,0.128439858,996.575378,3008656476
2,6251,1480,128,3.19709349,0.129103066,991.455927,3008656476
2,6252,1481,128,3.65805197,0.128512718,996.010372,3008656476
2,6253,1482,128,3.12754726,0.129366157,989.439611,3008656476
2,6254,1483,128,2.85218024,0.143936855,889.278844,3008656476
2,6255,1484,128,3.10064006,0.130986404,977.200657,3008656476
2,6256,1485,128,3.38710451,0.1497507,854.753934,3008656476
2,6257,1486,128,3.71228337,0.135363871,945.599435,3008656476
2,6258,1487,128,3.60092473,0.140009365,914.224559,3008656476
2,6259,1488,128,3.10004187,0.132162665,968.503473,3008656476
2,6260,1489,128,2.84988427,0.132805252,963.817304,3008656476
2,6261,1490,128,3.32869959,0.130966977,977.34561,3008656476
2,6262,1491,128,3.24660969,0.143920031,889.382799,3008656476
2,6263,1492,128,3.46075058,0.14410528,888.239487,3008656476
2,6264,1493,128,3.08747125,0.132101959,968.948538,3008656476
2,6265,1494,128,2.37528634,0.129637805,987.366301,3008656476
2,6266,1495,128,2.89259696,0.128800452,993.785332,3008656476
2,6267,1496,128,3.1126256,0.128268962,997.90314,3008656476
2,6268,1497,128,3.06056404,0.12788506,1000.89878,3008656476
2,6269,1498,128,3.21404958,0.128024361,999.809716,3008656476
2,6270,1499,128,2.87849736,0.135433341,945.114394,3008656476
2,6271,1500,128,3.40678906,0.142638502,897.373417,3008656476
2,6272,1501,128,3.64709926,0.128956085,992.585964,3008656476
2,6273,1502,128,2.97125888,0.127392204,1004.77106,3008656476
2,6274,1503,128,3.2475481,0.128065915,999.485304,3008656476
2,6275,1504,128,3.08698702,0.127727326,1002.13481,3008656476
2,6276,1505,128,3.37989879,0.128169413,998.67821,3008656476
2,6277,1506,128,2.7898798,0.127501779,1003.90756,3008656476
2,6278,1507,128,3.24943399,0.14108751,907.238352,3008656476
2,6279,1508,128,2.93174505,0.13961072,916.83504,3008656476
2,6280,1509,128,3.55543089,0.124073958,1031.64276,3008656476
2,6281,1510,128,3.95969033,0.128122627,999.042893,3008656476
2,6282,1511,128,2.93216848,0.128323169,997.481601,3008656476
2,6283,1512,128,3.26604962,0.128293071,997.715613,3008656476
2,6284,1513,128,3.55068088,0.129600854,987.647813,3008656476
2,6285,1514,128,4.01336765,0.129813788,986.027771,3008656476
2,6286,1515,128,3.12821937,0.143160159,894.103505,3008656476
2,6287,1516,128,3.54956007,0.129160253,991.01695,3008656476
2,6288,1517,128,3.70468974,0.131453194,973.730619,3008656476
2,6289,1518,128,3.69233727,0.128558365,995.65672,3008656476
2,6290,1519,128,2.94296145,0.129941142,985.061375,3008656476
2,6291,1520,128,3.47431159,0.128931007,992.779029,3008656476
2,6292,1521,128,2.8541491,0.129298167,989.959896,3008656476
2,6293,1522,128,3.70192695,0.128645315,994.983766,3008656476
2,6294,1523,128,4.09432459,0.144257546,887.301937,3008656476
2,6295,1524,128,3.77386498,0.127404447,1004.67451,3008656476
2,6296,1525,128,3.04255176,0.138582506,923.637504,3008656476
2,6297,1526,128,2.57040048,0.128798047,993.803889,3008656476
2,6298,1527,128,2.47246003,0.129799179,986.138749,3008656476
2,6299,1528,128,3.16087842,0.130216688,982.976928,3008656476
2,6300,1529,128,3.73999023,0.129907536,985.316202,3008656476
2,6301,1530,128,3.71658421,0.128661196,994.860952,3008656476
2,6302,1531,128,4.30607367,0.144553315,885.486438,3008656476
2,6303,1532,128,4.10063601,0.129366062,989.440337,3008656476
2,6304,1533,128,3.4552052,0.136517007,937.612117,3008656476
2,6305,1534,128,3.45664239,0.128993404,992.2988,3008656476
2,6306,1535,128,2.80350518,0.129464996,988.684231,3008656476
2,6307,1536,128,3.29133463,0.128709967,994.483978,3008656476
2,6308,1537,128,3.20429087,0.12940055,989.17663,3008656476
2,6309,1538,128,3.43284655,0.128530639,995.871498,3008656476
2,6310,1539,128,3.0208106,0.144548226,885.517613,3008656476
2,6311,1540,128,3.97921562,0.128830053,993.556992,3008656476
2,6312,1541,128,3.65066791,0.136743498,936.059132,3008656476
2,6313,1542,128,3.90328097,0.129200502,990.708225,3008656476
2,6314,1543,128,3.38008118,0.129920934,985.214592,3008656476
2,6315,1544,128,4.03300762,0.12903814,991.954782,3008656476
2,6316,1545,128,3.38396668,0.129385045,989.295169,3008656476
2,6317,1546,128,2.95954847,0.130203433,983.076998,3008656476
2,6318,1547,128,3.50448275,0.145015499,882.664273,3008656476
2,6319,1548,128,3.27565956,0.131862874,970.705371,3008656476
2,6320,1549,128,3.73411345,0.13781561,928.777226,3008656476
2,6321,1550,128,3.3637321,0.139891188,914.996876,3008656476
2,6322,1551,128,2.947474,0.19188769,667.05686,3008656476
2,6323,1552,128,3.50567317,0.132042689,969.38347,3008656476
2,6324,1553,128,4.2586689,0.132231021,968.002811,3008656476
2,6325,1554,128,3.87498546,0.144022646,888.749121,3008656476
2,6326,1555,128,3.19368434,0.130911749,977.757925,3008656476
2,6327,1556,128,3.59851789,0.143792034,890.174486,3008656476
2,6328,1557,128,3.7429719,0.130906883,977.794269,3008656476
2,6329,1558,128,3.35036278,0.131084407,976.470069,3008656476
2,6330,1559,128,3.09478641,0.129611885,987.563756,3008656476
2,6331,1560,128,3.17524028,0.128284184,997.784731,3008656476
2,6332,1561,128,3.66904068,0.13039377,981.641991,3008656476
2,6333,1562,128,4.07971001,0.14604191,876.460737,3008656476
2,6334,1563,128,4.09102297,0.129071684,991.696986,3008656476
2,6335,1564,128,3.53778315,0.143885258,889.597738,3008656476
2,6336,1565,128,3.48595333,0.129135682,991.205514,3008656476
2,6337,1566,128,2.74862385,0.129099578,991.482714,3008656476
2,6338,1567,128,2.44043756,0.128095909,999.251272,3008656476
2,6339,1568,128,1.98629582,0.128011157,999.912844,3008656476
2,6340,1569,128,2.81598306,0.127323377,1005.31421,3008656476
2,6341,1570,128,3.14580297,0.142108256,900.721771,3008656476
2,6342,1571,128,3.33591247,0.128201658,998.427025,3008656476
2,6343,1572,128,2.47436595,0.141664097,903.545801,3008656476
2,6344,1573,128,3.14392757,0.127902743,1000.7604,3008656476
2,6345,1574,128,3.70048594,0.127965099,1000.27274,3008656476
2,6346,1575,128,3.74487233,0.127776151,1001.75188,3008656476
2,6347,1576,128,3.47416997,0.127942316,1000.45086,3008656476
2,6348,1577,128,3.56750703,0.128079495,999.379331,3008656476
2,6349,1578,128,3.06959605,0.142922353,895.591189,3008656476
2,6350,1579,128,3.29926491,0.127631609,1002.88636,3008656476
2,6351,1580,128,3.71426845,0.141526357,904.425174,3008656476
2,6352,1581,128,3.18479538,0.129156353,991.046875,3008656476
2,6353,1582,128,3.1443038,0.129375583,989.367522,3008656476
2,6354,1583,128,3.13130283,0.128029782,999.767382,3008656476
2,6355,1584,128,3.59475541,0.12882607,993.587711,3008656476
2,6356,1585,128,3.61623931,0.128060263,999.529417,3008656476
2,6357,1586,128,3.83342624,0.144626475,885.03851,3008656476
2,6358,1587,128,3.12707806,0.128376117,997.070195,3008656476
2,6359,1588,128,3.2567122,0.141178788,906.651784,3008656476
2,6360,1589,128,3.56815958,0.127823998,1001.37691,3008656476
2,6361,1590,128,3.0175643,0.129131517,991.237484,3008656476
2,6362,1591,128,2.86153555,0.128596549,995.361081,3008656476
2,6363,1592,128,3.31528091,0.128447485,996.516203,3008656476
2,6364,1593,128,3.76328349,0.12833367,997.399981,3008656476
2,6365,1594,128,3.62281251,0.141687687,903.395367,3008656476
2,6366,1595,128,3.07910037,0.129569261,987.888632,3008656476
2,6367,1596,128,3.16447735,0.144889268,883.433271,3008656476
2,6368,1597,128,3.19237113,0.129849423,985.757172,3008656476
2,6369,1598,128,3.16203308,0.130367688,981.838383,3008656476
2,6370,1599,128,3.14993978,0.13016797,983.344827,3008656476
2,6371,1600,128,2.4790349,0.130452718,981.198414,3008656476
2,6372,1601,128,2.87507486,0.130332816,982.101085,3008656476
2,6373,1602,128,2.98552775,0.149043538,858.809457,3008656476
2,6374,1603,128,3.12124991,0.1309747,977.28798,3008656476
2,6375,1604,128,2.65042901,0.143804057,890.100062,3008656476
2,6376,1605,128,2.28414536,0.138982747,920.977623,3008656476
2,6377,1606,128,2.16434526,0.142715472,896.889442,3008656476
2,6378,1607,128,3.42582798,0.133567193,958.319159,3008656476
2,6379,1608,128,3.21582055,0.1315963,972.671724,3008656476
2,6380,1609,128,3.17459965,0.135964693,941.420873,3008656476
2,6381,1610,128,3.37059069,0.129149597,991.098718,3008656476
2,6382,1611,128,3.64839005,0.14728957,869.036416,3008656476
2,6383,1612,128,3.68380046,0.131791141,971.233719,3008656476
2,6384,1613,128,3.07840061,0.13156573,972.89773,3008656476
2,6385,1614,128,2.86470985,0.12931856,989.803784,3008656476
2,6386,1615,128,2.86967611,0.128909128,992.947528,3008656476
2,6387,1616,128,3.01371861,0.128740308,994.249602,3008656476
2,6388,1617,128,3.29707479,0.141330248,905.680149,3008656476
2,6389,1618,128,2.13046837,0.122527765,1044.66118,3008656476
2,6390,1619,128,3.46093154,0.143464839,892.204675,3008656476
2,6391,1620,128,4.03565264,0.128351089,997.26462,3008656476
2,6392,1621,128,3.5212388,0.128384708,997.003475,3008656476
2,6393,1622,128,3.07105494,0.127583629,1003.26351,3008656476
2,6394,1623,128,3.52434182,0.128316955,997.529906,3008656476
2,6395,1624,128,3.31690669,0.12836172,997.182026,3008656476
2,6396,1625,128,2.9370079,0.127829614,1001.33291,3008656476
2,6397,1626,128,3.43785071,0.133235073,960.707996,3008656476
2,6398,1627,128,3.43662596,0.136704738,936.324533,3008656476
2,6399,1628,128,3.25248241,0.127541685,1003.59345,3008656476
2,6400,1629,128,2.8340373,0.129095738,991.512206,3008656476
2,6401,1630,128,3.36209917,0.127482693,1004.05786,3008656476
2,6402,1631,128,3.19526863,0.128952925,992.610288,3008656476
2,6403,1632,128,3.39437294,0.127910972,1000.69602,3008656476
2,6404,1633,128,3.15339327,0.127219271,1006.13688,3008656476
2,6405,1634,128,3.28730679,0.140885527,908.53903,3008656476
2,6406,1635,128,3.07044697,0.127758185,1001.89276,3008656476
2,6407,1636,128,2.87669492,0.138510211,924.119594,3008656476
2,6408,1637,128,3.16075611,0.128327302,997.449475,3008656476
2,6409,1638,128,3.52700901,0.127770809,1001.79377,3008656476
2,6410,1639,128,3.82524395,0.129323901,989.762905,3008656476
2,6411,1640,128,3.01915264,0.127715239,1002.22966,3008656476
2,6412,1641,128,2.32175231,0.127799762,1001.56681,3008656476
2,6413,1642,128,3.4466548,0.139453702,917.867351,3008656476
2,6414,1643,128,2.70705533,0.128013638,999.893464,3008656476
2,6415,1644,128,2.81959963,0.140271645,912.515142,3008656476
2,6416,1645,128,2.1521728,0.128036827,999.712372,3008656476
2,6417,1646,128,3.72200346,0.129146243,991.124457,3008656476
2,6418,1647,128,3.16934705,0.127446078,1004.34632,3008656476
2,6419,1648,128,2.64695668,0.128996711,992.273361,3008656476
2,6420,1649,128,2.52171206,0.128837663,993.498306,3008656476
2,6421,1650,128,2.77367687,0.143659749,890.994178,3008656476
2,6422,1651,128,2.88822269,0.129854608,985.717811,3008656476
2,6423,1652,128,3.1742208,0.141664151,903.545457,3008656476
2,6424,1653,128,2.57775784,0.128220866,998.277457,3008656476
2,6425,1654,128,2.71391273,0.129168668,990.952388,3008656476
2,6426,1655,128,2.88241482,0.12846313,996.394841,3008656476
2,6427,1656,128,3.27009368,0.127077153,1007.2621,3008656476
2,6428,1657,128,3.39816308,0.128537148,995.821068,3008656476
2,6429,1658,128,3.53927183,0.144641328,884.947627,3008656476
2,6430,1659,128,3.35463381,0.128891621,993.082397,3008656476
2,6431,1660,128,2.47191191,0.141853413,902.339939,3008656476
2,6432,1661,128,2.67076588,0.128736836,994.276417,3008656476
2,6433,1662,128,3.08182907,0.127463074,1004.2124,3008656476
2,6434,1663,128,3.45608854,0.128062811,999.50953,3008656476
2,6435,1664,128,3.50529432,0.128269891,997.895913,3008656476
2,6436,1665,128,3.07863832,0.12889225,993.077551,3008656476
2,6437,1666,128,3.32444096,0.145342831,880.676392,3008656476
2,6438,1667,128,3.4612453,0.129724928,986.703188,3008656476
2,6439,1668,128,3.60378361,0.141769751,902.872433,3008656476
2,6440,1669,128,3.3267355,0.131904939,970.395809,3008656476
2,6441,1670,128,3.40479255,0.131135076,976.092773,3008656476
2,6442,1671,128,2.43863201,0.132835702,963.596368,3008656476
2,6443,1672,128,3.10591507,0.138761311,922.447324,3008656476
2,6444,1673,128,3.18021178,0.138587393,923.604934,3008656476
2,6445,1674,128,3.42980218,0.137789751,928.95153,3008656476
2,6446,1675,128,3.1116116,0.145017727,882.650712,3008656476
2,6447,1676,128,3.14566565,0.133855922,956.252051,3008656476
2,6448,1677,128,3.91099882,0.130918184,977.709865,3008656476
2,6449,1678,128,3.65878344,0.131720446,971.754985,3008656476
2,6450,1679,128,3.67749977,0.130894256,977.888594,3008656476
2,6451,1680,128,3.39229584,0.130458247,981.156829,3008656476
2,6452,1681,128,3.75109696,0.149849418,854.190838,3008656476
2,6453,1682,128,3.49497795,0.128106624,999.167693,3008656476
2,6454,1683,128,3.43561745,0.142759715,896.611485,3008656476
2,6455,1684,128,3.06881523,0.128413984,996.776177,3008656476
2,6456,1685,128,2.60021758,0.128406647,996.833131,3008656476
2,6457,1686,128,3.56424713,0.128752505,994.155415,3008656476
2,6458,1687,128,2.99272776,0.129018415,992.106437,3008656476
2,6459,1688,128,2.97096801,0.128627251,995.123498,3008656476
2,6460,1689,128,3.17198777,0.142850021,896.044671,3008656476
2,6461,1690,128,3.33425045,0.128726778,994.354104,3008656476
2,6462,1691,128,3.40745258,0.141482658,904.704519,3008656476
2,6463,1692,128,3.18330622,0.129753216,986.488073,3008656476
2,6464,1693,128,3.31897902,0.127029313,1007.64144,3008656476
2,6465,1694,128,3.43896127,0.128316575,997.53286,3008656476
2,6466,1695,128,3.55512333,0.128166996,998.697044,3008656476
2,6467,1696,128,3.39966321,0.128986747,992.350013,3008656476
2,6468,1697,128,3.41029334,0.142637057,897.382508,3008656476
2,6469,1698,128,3.79805732,0.128980878,992.395167,3008656476
2,6470,1699,128,3.66336417,0.140769265,909.289396,3008656476
2,6471,1700,128,3.57161999,0.128750991,994.167105,3008656476
2,6472,1701,128,3.42524076,0.128267062,997.917922,3008656476
2,6473,1702,128,2.13252115,0.128709054,994.491032,3008656476
2,6474,1703,128,2.59057927,0.128869342,993.254082,3008656476
2,6475,1704,128,2.37986279,0.128315728,997.539444,3008656476
2,6476,1705,128,2.59997272,0.14075061,909.409913,3008656476
2,6477,1706,128,3.01979637,0.128172922,998.650869,3008656476
2,6478,1707,128,3.13192725,0.143023354,894.958735,3008656476
2,6479,1708,128,3.88505149,0.129057306,991.807469,3008656476
2,6480,1709,128,3.09586644,0.129154448,991.061493,3008656476
2,6481,1710,128,3.60322118,0.12938153,989.322046,3008656476
2,6482,1711,128,3.27273512,0.129503921,988.387062,3008656476
2,6483,1712,128,2.74582434,0.129915323,985.257143,3008656476
2,6484,1713,128,3.06309628,0.141635833,903.726107,3008656476
2,6485,1714,128,3.3417201,0.130349464,981.975653,3008656476
2,6486,1715,128,2.97668552,0.145230012,881.360528,3008656476
2,6487,1716,128,3.02560282,0.13041058,981.515457,3008656476
2,6488,1717,128,3.86894393,0.131055775,976.683401,3008656476
2,6489,1718,128,2.68225813,0.131883821,970.551194,3008656476
2,6490,1719,128,3.3034451,0.132578039,965.4691,3008656476
2,6491,1720,128,3.7982676,0.132858455,963.431345,3008656476
2,6492,1721,128,3.24689293,0.149425313,856.615238,3008656476
2,6493,1722,128,3.5807333,0.132570958,965.520669,3008656476
2,6494,1723,128,3.33811712,0.144891092,883.42215,3008656476
2,6495,1724,128,3.74970078,0.133373848,959.708383,3008656476
2,6496,1725,128,2.80308843,0.130509453,980.771868,3008656476
2,6497,1726,128,3.99774432,0.13249399,966.081556,3008656476
2,6498,1727,128,3.41022468,0.13005951,984.164864,3008656476
2,6499,1728,128,3.25977397,0.130522043,980.677264,3008656476
2,6500,1729,128,3.64285207,0.146271676,875.083977,3008656476
2,6501,1730,128,2.78045678,0.130353692,981.943803,3008656476
2,6502,1731,128,2.71365333,0.143781606,890.239048,3008656476
2,6503,1732,128,3.27831388,0.129723863,986.711288,3008656476
2,6504,1733,128,2.62967205,0.12928412,990.067458,3008656476
2,6505,1734,128,3.23373199,0.128692572,994.6184,3008656476
2,6506,1735,128,2.49780345,0.128691681,994.625286,3008656476
2,6507,1736,128,2.93502903,0.129393564,989.230036,3008656476
2,6508,1737,128,2.12065673,0.142088449,900.847331,3008656476
2,6509,1738,128,2.59256029,0.127755079,1001.91711,3008656476
2,6510,1739,128,1.97660553,0.143616976,891.25954,3008656476
2,6511,1740,128,2.18648267,0.12750238,1003.90283,3008656476
2,6512,1741,128,2.59591031,0.127084069,1007.20728,3008656476
2,6513,1742,128,2.75656605,0.128541893,995.784308,3008656476
2,6514,1743,128,2.98303008,0.127558581,1003.46052,3008656476
2,6515,1744,128,3.50335526,0.128089885,999.298266,3008656476
2,6516,1745,128,2.02870584,0.139209662,919.476408,3008656476
2,6517,1746,128,3.7041502,0.127065657,1007.35323,3008656476
2,6518,1747,128,3.93613195,0.143072627,894.650519,3008656476
2,6519,1748,128,3.0352149,0.128328716,997.438484,3008656476
2,6520,1749,128,3.71106911,0.128139768,998.909254,3008656476
2,6521,1750,128,2.87090325,0.128996235,992.277023,3008656476
2,6522,1751,128,3.6002388,0.129301826,989.931882,3008656476
2,6523,1752,128,2.95962167,0.128833319,993.531805,3008656476
2,6524,1753,128,3.57189012,0.142419305,898.754561,3008656476
2,6525,1754,128,3.48541355,0.128339742,997.352792,3008656476
2,6526,1755,128,3.79550219,0.142347764,899.206257,3008656476
2,6527,1756,128,2.9242599,0.129282297,990.081418,3008656476
2,6528,1757,128,2.80664968,0.129458563,988.73336,3008656476
2,6529,1758,128,2.84430861,0.128611846,995.242693,3008656476
2,6530,1759,128,3.2845459,0.128976956,992.425345,3008656476
2,6531,1760,128,3.51680875,0.129473612,988.618438,3008656476
2,6532,1761,128,2.74456358,0.147686829,866.698817,3008656476
2,6533,1762,128,3.91407871,0.128241147,998.119582,3008656476
2,6534,1763,128,2.89194918,0.141401806,905.221819,3008656476
2,6535,1764,128,3.04682565,0.128304615,997.625845,3008656476
2,6536,1765,128,2.30383396,0.129387577,989.27581,3008656476
2,6537,1766,128,3.29898167,0.130592547,980.147818,3008656476
2,6538,1767,128,3.60098839,0.130949944,977.472736,3008656476
2,6539,1768,128,3.09933925,0.130149486,983.484483,3008656476
2,6540,1769,128,2.76158667,0.145524475,879.57713,3008656476
2,6541,1770,128,2.71742821,0.132608895,965.244451,3008656476
2,6542,1771,128,2.65494466,0.138128654,926.672318,3008656476
2,6543,1772,128,2.467103,0.132727695,964.380493,3008656476
2,6544,1773,128,2.47483897,0.139207506,919.490649,3008656476
2,6545,1774,128,2.34112978,0.135197322,946.764315,3008656476
2,6546,1775,128,2.91074944,0.131892145,970.489941,3008656476
2,6547,1776,128,2.86454654,0.134058849,954.804558,3008656476
2,6548,1777,128,2.68886971,0.139264981,919.111173,3008656476
2,6549,1778,128,2.24288845,0.147292988,869.016249,3008656476
2,6550,1779,128,3.01922655,0.131395943,974.154887,3008656476
2,6551,1780,128,2.60278082,0.130545203,980.503282,3008656476
2,6552,1781,128,1.86885905,0.132350145,967.131543,3008656476
2,6553,1782,128,2.08298659,0.130737249,979.062975,3008656476
2,6554,1783,128,2.51244426,0.131153042,975.959063,3008656476
2,6555,1784,128,2.82935095,0.141488577,904.666671,3008656476
2,6556,1785,128,2.80050206,0.125719413,1018.14029,3008656476
2,6557,1786,128,2.07182479,0.14490716,883.324192,3008656476
2,6558,1787,128,2.18318295,0.130334901,982.085374,3008656476
2,6559,1788,128,2.04067373,0.129876701,985.550133,3008656476
2,6560,1789,128,2.55255079,0.129267597,990.194008,3008656476
2,6561,1790,128,2.02457809,0.129067621,991.728204,3008656476
2,6562,1791,128,3.41905808,0.129015557,992.128414,3008656476
2,6563,1792,128,2.98511481,0.137766162,929.11059,3008656476
2,6564,1793,128,2.55524778,0.125406694,1020.67917,3008656476
2,6565,1794,128,2.99304342,0.14282359,896.210493,3008656476
2,6566,1795,128,1.99585414,0.130241659,982.788464,3008656476
2,6567,1796,128,2.9394474,0.129316871,989.816712,3008656476
2,6568,1797,128,3.11415768,0.127734453,1002.0789,3008656476
2,6569,1798,128,3.02690291,0.129919952,985.222039,3008656476
2,6570,1799,128,2.37981224,0.129260914,990.245203,3008656476
2,6571,1800,128,2.47446656,0.134080246,954.652186,3008656476
2,6572,1801,128,2.83047152,0.126191591,1014.33066,3008656476
2,6573,1802,128,2.14659286,0.143982599,888.996315,3008656476
2,6574,1803,128,3.0060153,0.127008527,1007.80635,3008656476
2,6575,1804,128,2.48161101,0.128991421,992.314055,3008656476
2,6576,1805,128,3.43619347,0.127991643,1000.06529,3008656476
2,6577,1806,128,2.88245368,0.128304527,997.62653,3008656476
2,6578,1807,128,3.17115808,0.127427597,1004.49199,3008656476
2,6579,1808,128,3.03085136,0.128029877,999.76664,3008656476
2,6580,1809,128,3.86077499,0.134952785,948.47987,3008656476
2,6581,1810,128,2.90866899,0.140619084,910.260516,3008656476
2,6582,1811,128,2.77066374,0.127698787,1002.35878,3008656476
2,6583,1812,128,2.39270663,0.12828884,997.748518,3008656476
2,6584,1813,128,2.28582644,0.127915853,1000.65783,3008656476
2,6585,1814,128,3.41968369,0.12806234,999.513206,3008656476
2,6586,1815,128,3.52748442,0.129631542,987.414005,3008656476
2,6587,1816,128,2.79852891,0.127885099,1000.89847,3008656476
2,6588,1817,128,3.12915587,0.141958179,901.674006,3008656476
2,6589,1818,128,2.11144233,0.141963951,901.637346,3008656476
2,6590,1819,128,1.9774487,0.129977028,984.789404,3008656476
2,6591,1820,128,2.80912614,0.128630667,995.097071,3008656476
2,6592,1821,128,3.21800065,0.128029139,999.772403,3008656476
2,6593,1822,128,4.04652596,0.129777669,986.302197,3008656476
2,6594,1823,128,3.41413188,0.117268671,1091.51062,3008656476
2,6595,1824,128,2.92517209,0.128806344,993.739874,3008656476
2,6596,1825,128,2.53608012,0.1351479,947.110536,3008656476
2,6597,1826,128,3.39430571,0.142173468,900.308629,3008656476
2,6598,1827,128,2.67858267,0.128741469,994.240636,3008656476
2,6599,1828,128,2.79064465,0.127819145,1001.41493,3008656476
2,6600,1829,128,3.05587077,0.128349865,997.27413,3008656476
2,6601,1830,128,2.93294787,0.128044842,999.649795,3008656476
2,6602,1831,128,3.42781925,0.127903864,1000.75163,3008656476
2,6603,1832,128,2.84935498,0.127278476,1005.66886,3008656476
2,6604,1833,128,3.03061485,0.141982769,901.517845,3008656476
2,6605,1834,128,3.36153769,0.143111254,894.409045,3008656476
2,6606,1835,128,2.91497421,0.130237806,982.817539,3008656476
2,6607,1836,128,2.20207715,0.129867289,985.62156,3008656476
2,6608,1837,128,3.23187566,0.129146226,991.124588,3008656476
2,6609,1838,128,3.62831926,0.131292395,974.923186,3008656476
2,6610,1839,128,3.43023729,0.129702321,986.875169,3008656476
2,6611,1840,128,3.46200442,0.131643564,972.322506,3008656476
2,6612,1841,128,3.37185788,0.142174771,900.300377,3008656476
2,6613,1842,128,3.32922602,0.143693949,890.782116,3008656476
2,6614,1843,128,3.28873396,0.139050608,920.528158,3008656476
2,6615,1844,128,3.26337218,0.142796417,896.381035,3008656476
2,6616,1845,128,2.42119908,0.138919618,921.396141,3008656476
2,6617,1846,128,2.7421608,0.132684592,964.693775,3008656476
2,6618,1847,128,2.24264526,0.131592737,972.69806,3008656476
2,6619,1848,128,3.03063607,0.145311722,880.864931,3008656476
2,6620,1849,128,3.24773431,0.131551901,973.000002,3008656476
2,6621,1850,128,3.62464094,0.144839328,883.737875,3008656476
2,6622,1851,128,2.85482287,0.130883228,977.97099,3008656476
2,6623,1852,128,2.4564116,0.130672297,979.549629,3008656476
2,6624,1853,128,2.87179399,0.130196926,983.12613,3008656476
2,6625,1854,128,3.65144038,0.130485689,980.950486,3008656476
2,6626,1855,128,2.97488379,0.129216984,990.581857,3008656476
2,6627,1856,128,2.86271262,0.142458318,898.508432,3008656476
2,6628,1857,128,2.18087816,0.129267739,990.19292,3008656476
2,6629,1858,128,3.2079556,0.145928274,877.143246,3008656476
2,6630,1859,128,2.56954122,0.128247382,998.071056,3008656476
2,6631,1860,128,3.23099041,0.11627917,1100.79905,3008656476
2,6632,1861,128,3.32618117,0.128520337,995.951326,3008656476
2,6633,1862,128,3.09378123,0.128775335,993.979165,3008656476
2,6634,1863,128,3.06934357,0.128938354,992.72246,3008656476
2,6635,1864,128,3.43172407,0.143016743,895.000105,3008656476
2,6636,1865,128,3.16538095,0.128723401,994.38019,3008656476
2,6637,1866,128,3.05698299,0.144942824,883.106845,3008656476
2,6638,1867,128,3.97756934,0.128979553,992.405362,3008656476
2,6639,1868,128,3.01698732,0.127788607,1001.65424,3008656476
2,6640,1869,128,2.91740036,0.128744945,994.213792,3008656476
2,6641,1870,128,3.27365303,0.130001503,984.604001,3008656476
2,6642,1871,128,2.59796739,0.128205029,998.400773,3008656476
2,6643,1872,128,3.27881646,0.147814755,865.948734,3008656476
2,6644,1873,128,2.98761797,0.128149164,998.836013,3008656476
2,6645,1874,128,3.58115554,0.142348918,899.198967,3008656476
2,6646,1875,128,2.87055254,0.127643056,1002.79642,3008656476
2,6647,1876,128,2.59091878,0.129227936,990.497906,3008656476
2,6648,1877,128,2.71810532,0.129037012,991.963453,3008656476
2,6649,1878,128,2.48806858,0.129369594,989.413324,3008656476
2,6650,1879,128,1.90574551,0.129251031,990.320921,3008656476
2,6651,1880,128,2.57598972,0.14624541,875.241144,3008656476
2,6652,1881,128,2.84007859,0.130671857,979.552927,3008656476
2,6653,1882,128,2.93804407,0.139419915,918.089787,3008656476
2,6654,1883,128,2.4241662,0.130861504,978.13334,3008656476
2,6655,1884,128,2.65884614,0.131277411,975.034463,3008656476
2,6656,1885,128,2.65387058,0.131141485,976.045071,3008656476
2,6657,1886,128,2.93351316,0.131651053,972.267195,3008656476
2,6658,1887,128,2.34559536,0.132875608,963.306975,3008656476
2,6659,1888,128,2.49455762,0.14559231,879.167313,3008656476
2,6660,1889,128,3.29486418,0.142576703,897.762378,3008656476
2,6661,1890,128,3.24321961,0.13660866,936.983058,3008656476
2,6662,1891,128,2.99229312,0.142904863,895.700799,3008656476
2,6663,1892,128,2.95683956,0.142501279,898.237552,3008656476
2,6664,1893,128,2.60582423,0.132449233,966.408012,3008656476
2,6665,1894,128,2.93481398,0.131097718,976.370924,3008656476
2,6666,1895,128,2.97471285,0.144158903,887.909087,3008656476
2,6667,1896,128,3.27960992,0.132828263,963.650334,3008656476
2,6668,1897,128,3.13401294,0.131664611,972.167077,3008656476
2,6669,1898,128,3.50665379,0.130677692,979.509188,3008656476
2,6670,1899,128,4.68737984,0.128469963,996.341845,3008656476
2,6671,1900,128,3.52043176,0.129369763,989.412031,3008656476
2,6672,1901,128,2.74010277,0.128900248,993.015933,3008656476
2,6673,1902,128,2.98223662,0.129336898,989.663445,3008656476
2,6674,1903,128,3.50719476,0.144915724,883.271991,3008656476
2,6675,1904,128,2.12783408,0.128696313,994.589488,3008656476
2,6676,1905,128,3.29025102,0.139205199,919.505887,3008656476
2,6677,1906,128,2.44425797,0.126773286,1009.67644,3008656476
2,6678,1907,128,2.54311419,0.127822401,1001.38942,3008656476
2,6679,1908,128,2.87282157,0.128283747,997.78813,3008656476
2,6680,1909,128,2.61582661,0.12757503,1003.33114,3008656476
2,6681,1910,128,2.90099001,0.127805477,1001.52202,3008656476
2,6682,1911,128,2.53772068,0.140452967,911.337103,3008656476
2,6683,1912,128,2.81321812,0.127708958,1002.27895,3008656476
2,6684,1913,128,2.90825033,0.145538248,879.493891,3008656476
2,6685,1914,128,3.02708912,0.127788842,1001.6524,3008656476
2,6686,1915,128,2.21885705,0.128832505,993.538083,3008656476
2,6687,1916,128,3.20486951,0.129129936,991.24962,3008656476
2,6688,1917,128,2.6511848,0.128794871,993.828396,3008656476
2,6689,1918,128,2.72140241,0.128524027,995.922731,3008656476
2,6690,1919,128,2.44479203,0.142453645,898.537907,3008656476
2,6691,1920,128,2.7391119,0.12819731,998.460888,3008656476
2,6692,1921,128,2.99825764,0.141669023,903.514384,3008656476
2,6693,1922,128,3.19706559,0.128603518,995.307142,3008656476
2,6694,1923,128,3.05165696,0.128377895,997.056386,3008656476
2,6695,1924,128,2.78319049,0.128622005,995.164086,3008656476
2,6696,1925,128,2.41841745,0.128724041,994.375247,3008656476
2,6697,1926,128,2.88184834,0.128752889,994.15245,3008656476
2,6698,1927,128,3.00861573,0.143402729,892.591103,3008656476
2,6699,1928,128,3.28072047,0.128484892,996.226078,3008656476
2,6700,1929,128,4.02185535,0.143308834,893.175922,3008656476
2,6701,1930,128,3.49035025,0.128285197,997.776852,3008656476
2,6702,1931,128,2.06756806,0.129387244,989.278356,3008656476
2,6703,1932,128,2.05114841,0.128595498,995.369216,3008656476
2,6704,1933,128,2.50905323,0.129455798,988.754478,3008656476
2,6705,1934,128,2.58821845,0.130418566,981.455355,3008656476
2,6706,1935,128,2.10877776,0.14256779,897.818504,3008656476
2,6707,1936,128,3.15126681,0.131025958,976.90566,3008656476
2,6708,1937,128,3.01956725,0.144242274,887.395882,3008656476
2,6709,1938,128,3.26203132,0.130408639,981.530066,3008656476
2,6710,1939,128,2.62270236,0.131609335,972.575388,3008656476
2,6711,1940,128,2.57251382,0.130572525,980.298114,3008656476
2,6712,1941,128,1.97261333,0.131433008,973.880169,3008656476
2,6713,1942,128,3.4885273,0.132783738,963.973465,3008656476
2,6714,1943,128,2.88132954,0.145147938,881.858894,3008656476
2,6715,1944,128,3.11028481,0.131930763,970.205865,3008656476
2,6716,1945,128,3.19592857,0.155373984,823.818742,3008656476
2,6717,1946,128,2.08057928,0.142966205,895.316484,3008656476
2,6718,1947,128,2.57425141,0.1387864,922.280569,3008656476
2,6719,1948,128,3.35227919,0.138994442,920.900132,3008656476
2,6720,1949,128,3.0646112,0.13253308,965.796615,3008656476
2,6721,1950,128,3.68350649,0.131884651,970.545086,3008656476
2,6722,1951,128,3.63881612,0.143686668,890.827255,3008656476
2,6723,1952,128,2.87059164,0.143646579,891.075868,3008656476
2,6724,1953,128,2.83295655,0.132547949,965.688273,3008656476
2,6725,1954,128,3.05062485,0.130414754,981.484043,3008656476
2,6726,1955,128,2.88009834,0.132193095,968.280529,3008656476
2,6727,1956,128,3.31887937,0.13028536,982.458812,3008656476
2,6728,1957,128,2.99567199,0.130027594,984.406433,3008656476
2,6729,1958,128,2.82045102,0.130871624,978.057703,3008656476
2,6730,1959,128,2.16423774,0.135188975,946.822772,3008656476
2,6731,1960,128,3.06502628,0.142177698,900.281843,3008656476
2,6732,1961,128,2.94511294,0.130549162,980.473548,3008656476
2,6733,1962,128,2.9399159,0.131455754,973.711657,3008656476
2,6734,1963,128,2.2996254,0.130151275,983.470965,3008656476
2,6735,1964,128,2.27697945,0.131585453,972.751904,3008656476
2,6736,1965,128,2.67303967,0.129979727,984.768956,3008656476
2,6737,1966,128,2.96089888,0.141363913,905.464466,3008656476
2,6738,1967,128,3.07025599,0.126078128,1015.2435,3008656476
2,6739,1968,128,3.50248957,0.147170782,869.737853,3008656476
2,6740,1969,128,2.73231983,0.129038376,991.952968,3008656476
2,6741,1970,128,2.82273936,0.130647062,979.738833,3008656476
2,6742,1971,128,2.94901037,0.128918983,992.871624,3008656476
2,6743,1972,128,3.51292658,0.12783411,1001.2977,3008656476
2,6744,1973,128,2.86172581,0.128233788,998.176861,3008656476
2,6745,1974,128,1.40875399,0.138294668,925.559907,3008656476
2,6746,1975,128,2.35386658,0.123090708,1039.88353,3008656476
2,6747,1976,128,2.55263638,0.14390258,889.490654,3008656476
2,6748,1977,128,2.49013972,0.128313491,997.556835,3008656476
2,6749,1978,128,2.81934166,0.128194518,998.482634,3008656476
2,6750,1979,128,2.96302152,0.128460687,996.41379,3008656476
2,6751,1980,128,3.41648221,0.127610463,1003.05255,3008656476
2,6752,1981,128,3.31232667,0.127970364,1000.23158,3008656476
2,6753,1982,128,2.8248868,0.127819055,1001.41563,3008656476
2,6754,1983,128,3.25960732,0.135748173,942.922451,3008656476
2,6755,1984,128,2.35891557,0.144753617,884.261151,3008656476
2,6756,1985,128,2.2605896,0.128368715,997.127688,3008656476
2,6757,1986,128,2.16875958,0.12845389,996.466514,3008656476
2,6758,1987,128,2.95090246,0.128773318,993.994734,3008656476
2,6759,1988,128,3.25577641,0.127674923,1002.54613,3008656476
2,6760,1989,128,3.47873569,0.129141344,991.162056,3008656476
2,6761,1990,128,2.36059785,0.128243277,998.103004,3008656476
2,6762,1991,128,2.17971683,0.139609631,916.842191,3008656476
2,6763,1992,128,2.2466383,0.159373628,803.144169,3008656476
2,6764,1993,128,2.84391189,0.168949113,757.624575,3008656476
2,6765,1994,128,2.7175808,0.128998527,992.259392,3008656476
2,6766,1995,128,2.69819713,0.128587405,995.431862,3008656476
2,6767,1996,128,2.60298634,0.128576851,995.51357,3008656476
2,6768,1997,128,3.15320873,0.128958167,992.569939,3008656476
2,6769,1998,128,2.99551845,0.143006288,895.065537,3008656476
2,6770,1999,128,3.76211548,0.128236846,998.153058,3008656476
2,6771,2000,128,2.88706207,0.142172853,900.312523,3008656476
2,6772,2001,128,2.17710614,0.129108625,991.413238,3008656476
2,6773,2002,128,2.9966929,0.129305295,989.905324,3008656476
2,6774,2003,128,2.99659204,0.12839122,996.952907,3008656476
2,6775,2004,128,2.46785307,0.128384602,997.004298,3008656476
2,6776,2005,128,2.414505,0.128104425,999.184845,3008656476
2,6777,2006,128,2.62797594,0.142275004,899.666114,3008656476
2,6778,2007,128,2.55454683,0.12888824,993.108448,3008656476
2,6779,2008,128,2.74903059,0.143169652,894.044221,3008656476
2,6780,2009,128,2.57029605,0.129285734,990.055098,3008656476
2,6781,2010,128,2.65011883,0.129507048,988.363197,3008656476
2,6782,2011,128,3.26454163,0.129460675,988.71723,3008656476
2,6783,2012,128,3.70297694,0.12979753,986.151277,3008656476
2,6784,2013,128,3.10072112,0.129822444,985.962027,3008656476
2,6785,2014,128,3.77195644,0.143738938,890.50331,3008656476
2,6786,2015,128,3.07479358,0.130066466,984.112231,3008656476
2,6787,2016,128,3.25953269,0.144958975,883.008451,3008656476
2,6788,2017,128,3.8235178,0.130249318,982.730673,3008656476
2,6789,2018,128,3.23374367,0.130819148,978.450035,3008656476
2,6790,2019,128,3.21599627,0.131778586,971.326252,3008656476
2,6791,2020,128,2.82342839,0.132468835,966.265009,3008656476
2,6792,2021,128,3.53884554,0.139013149,920.776207,3008656476
2,6793,2022,128,3.54150558,0.153723118,832.66591,3008656476
2,6794,2023,128,3.50125909,0.146294566,874.947057,3008656476
2,6795,2024,128,3.59231758,0.135212351,946.659081,3008656476
2,6796,2025,128,3.28597975,0.13564031,943.672276,3008656476
2,6797,2026,128,2.93637204,0.13165798,972.21604,3008656476
2,6798,2027,128,3.42351484,0.132290384,967.568436,3008656476
2,6799,2028,128,3.3747499,0.131295191,974.902424,3008656476
2,6800,2029,128,3.72766805,0.131673253,972.103271,3008656476
2,6801,2030,128,3.45055604,0.137244716,932.640642,3008656476
2,6802,2031,128,3.36271453,0.146490785,873.775098,3008656476
2,6803,2032,128,2.78362727,0.130789428,978.672374,3008656476
2,6804,2033,128,2.96103668,0.131192137,975.668229,3008656476
2,6805,2034,128,2.85267568,0.13276099,964.138637,3008656476
2,6806,2035,128,3.44237018,0.130908751,977.780317,3008656476
2,6807,2036,128,2.39161396,0.132925186,962.947684,3008656476
2,6808,2037,128,2.73432088,0.141016906,907.692585,3008656476
2,6809,2038,128,3.05269837,0.127773084,1001.77593,3008656476
2,6810,2039,128,3.56274962,0.142690512,897.046329,3008656476
2,6811,2040,128,2.99825144,0.12964885,987.282186,3008656476
2,6812,2041,128,3.980762,0.129218499,990.570243,3008656476
2,6813,2042,128,3.7704432,0.12904173,991.927185,3008656476
2,6814,2043,128,3.99996972,0.128107822,999.15835,3008656476
2,6815,2044,128,2.93049502,0.128292386,997.72094,3008656476
2,6816,2045,128,2.98653316,0.140209828,912.91746,3008656476
2,6817,2046,128,2.93085575,0.121373866,1054.59276,3008656476
2,6818,2047,128,3.02182913,0.143302705,893.214123,3008656476
2,6819,2048,128,3.2343924,0.130498532,980.853946,3008656476
2,6820,2049,128,2.9168303,0.128772101,994.004128,3008656476
2,6821,2050,128,3.34096766,0.129196045,990.742402,3008656476
2,6822,2051,128,3.23051786,0.128675074,994.753654,3008656476
2,6823,2052,128,2.67514729,0.128994634,992.289338,3008656476
2,6824,2053,128,3.26838779,0.128334407,997.394253,3008656476
2,6825,2054,128,3.79882479,0.132114898,968.853641,3008656476
2,6826,2055,128,2.87428331,0.145491721,879.775145,3008656476
2,6827,2056,128,2.93232703,0.127035487,1007.59247,3008656476
2,6828,2057,128,3.25412107,0.127930626,1000.54228,3008656476
2,6829,2058,128,2.90815926,0.127621178,1002.96833,3008656476
2,6830,2059,128,3.05646801,0.127921652,1000.61247,3008656476
2,6831,2060,128,2.39641738,0.128719897,994.407259,3008656476
2,6832,2061,128,3.58943558,0.126835195,1009.18361,3008656476
2,6833,2062,128,3.11743855,0.135273174,946.233434,3008656476
2,6834,2063,128,2.66402411,0.140247648,912.671277,3008656476
2,6835,2064,128,2.95340896,0.128520476,995.950248,3008656476
2,6836,2065,128,2.63176584,0.128026379,999.793957,3008656476
2,6837,2066,128,2.98397708,0.128365918,997.149415,3008656476
2,6838,2067,128,2.64604521,0.127652593,1002.7215,3008656476
2,6839,2068,128,2.65306282,0.128368536,997.129078,3008656476
2,6840,2069,128,2.73510098,0.128227841,998.223155,3008656476
2,6841,2070,128,3.04274297,0.14249667,898.266605,3008656476
2,6842,2071,128,3.41133404,0.14213442,900.555967,3008656476
2,6843,2072,128,2.76355267,0.129418294,989.041008,3008656476
2,6844,2073,128,3.32313371,0.128436699,996.599889,3008656476
2,6845,2074,128,2.72723103,0.128159157,998.75813,3008656476
2,6846,2075,128,3.4264977,0.12839788,996.901195,3008656476
2,6847,2076,128,3.27824998,0.128772162,994.003657,3008656476
2,6848,2077,128,3.00234675,0.128461093,996.410641,3008656476
2,6849,2078,128,2.50835919,0.14377529,890.278156,3008656476
2,6850,2079,128,3.55497956,0.142729898,896.798791,3008656476
2,6851,2080,128,3.08771563,0.129109642,991.405429,3008656476
2,6852,2081,128,2.89254475,0.129215699,990.591708,3008656476
2,6853,2082,128,2.85519838,0.128371477,997.106234,3008656476
2,6854,2083,128,3.31598496,0.128338886,997.359444,3008656476
2,6855,2084,128,2.44479585,0.129188102,990.803317,3008656476
2,6856,2085,128,2.98729396,0.128578019,995.504527,3008656476
2,6857,2086,128,2.96930742,0.148807299,860.17286,3008656476
2,6858,2087,128,2.49347186,0.141889181,902.112473,3008656476
2,6859,2088,128,2.60148549,0.130246519,982.751792,3008656476
2,6860,2089,128,3.08042288,0.12941991,989.028659,3008656476
2,6861,2090,128,2.76986933,0.131540919,973.081236,3008656476
2,6862,2091,128,2.30974007,0.131263559,975.137357,3008656476
2,6863,2092,128,2.04249287,0.130958869,977.40612,3008656476
2,6864,2093,128,2.07914019,0.132195812,968.260628,3008656476
2,6865,2094,128,3.25306153,0.13670265,936.338835,3008656476
2,6866,2095,128,2.26118493,0.149381373,856.867208,3008656476
2,6867,2096,128,3.02441216,0.142718887,896.867981,3008656476
2,6868,2097,128,3.06976104,0.13610115,940.476991,3008656476
2,6869,2098,128,3.03741574,0.131440465,973.824918,3008656476
2,6870,2099,128,2.90205455,0.131063983,976.622235,3008656476
2,6871,2100,128,2.69471097,0.1314004,974.121844,3008656476
2,6872,2101,128,2.81098461,0.144481728,885.925174,3008656476
2,6873,2102,128,2.69185281,0.130996044,977.128744,3008656476
2,6874,2103,128,1.84562898,0.144825383,883.822969,3008656476
2,6875,2104,128,2.68388772,0.12919353,990.761689,3008656476
2,6876,2105,128,2.49391103,0.129672581,987.101506,3008656476
2,6877,2106,128,2.2496593,0.129275872,990.130625,3008656476
2,6878,2107,128,2.94764471,0.129487841,988.509801,3008656476
2,6879,2108,128,2.69817376,0.129698802,986.901945,3008656476
2,6880,2109,128,3.01759601,0.141747146,903.016418,3008656476
2,6881,2110,128,3.02031636,0.12742234,1004.53343,3008656476
2,6882,2111,128,2.74923515,0.144940369,883.121803,3008656476
2,6883,2112,128,2.79815769,0.127369132,1004.95307,3008656476
2,6884,2113,128,2.98177648,0.127820493,1001.40437,3008656476
2,6885,2114,128,1.95728636,0.127176175,1006.47782,3008656476
2,6886,2115,128,3.24076748,0.127929734,1000.54925,3008656476
2,6887,2116,128,2.47750854,0.126714061,1010.14835,3008656476
2,6888,2117,128,2.98627806,0.14671254,872.454393,3008656476
2,6889,2118,128,2.77218318,0.128408036,996.822348,3008656476
2,6890,2119,128,3.31161714,0.144017633,888.780057,3008656476
2,6891,2120,128,1.85133016,0.128358708,997.205425,3008656476
2,6892,2121,128,2.21360731,0.128690842,994.63177,3008656476
2,6893,2122,128,2.45185399,0.127678757,1002.51603,3008656476
2,6894,2123,128,1.98607314,0.128148575,998.840604,3008656476
2,6895,2124,128,2.43975759,0.129328848,989.725046,3008656476
2,6896,2125,128,1.61408448,0.142204692,900.110947,3008656476
2,6897,2126,128,1.8123951,0.128531561,995.864354,3008656476
2,6898,2127,128,3.70976043,0.142443094,898.604463,3008656476
2,6899,2128,128,2.91930699,0.128003321,999.974055,3008656476
2,6900,2129,128,2.35988498,0.127649589,1002.7451,3008656476
2,6901,2130,128,3.13989019,0.12862361,995.151668,3008656476
2,6902,2131,128,2.42981791,0.129719063,986.7478,3008656476
2,6903,2132,128,3.06525922,0.12934023,989.637949,3008656476
2,6904,2133,128,2.46827722,0.143890077,889.567944,3008656476
2,6905,2134,128,3.37416267,0.130053208,984.212554,3008656476
2,6906,2135,128,2.4967885,0.142614888,897.522003,3008656476
2,6907,2136,128,3.18394947,0.130665546,979.600238,3008656476
2,6908,2137,128,2.83876324,0.129818135,985.994753,3008656476
2,6909,2138,128,2.95007277,0.130634692,979.831606,3008656476
2,6910,2139,128,3.67177987,0.131711548,971.820633,3008656476
2,6911,2140,128,3.28797984,0.131211458,975.524561,3008656476
2,6912,2141,128,2.68118954,0.147489648,867.857519,3008656476
2,6913,2142,128,2.65560722,0.138952171,921.180282,3008656476
2,6914,2143,128,2.59270692,0.141503222,904.573042,3008656476
2,6915,2144,128,3.10260129,0.131613982,972.541048,3008656476
2,6916,2145,128,3.44648218,0.131783619,971.289155,3008656476
2,6917,2146,128,3.24885082,0.131292446,974.922807,3008656476
2,6918,2147,128,3.04730964,0.131414532,974.01709,3008656476
2,6919,2148,128,2.56629801,0.129989404,984.695645,3008656476
2,6920,2149,128,3.03051114,0.144071901,888.445277,3008656476
2,6921,2150,128,2.93673205,0.14121521,906.417942,3008656476
2,6922,2151,128,2.79244995,0.125802415,1017.46854,3008656476
2,6923,2152,128,3.07593489,0.129612639,987.558011,3008656476
2,6924,2153,128,2.6132524,0.130213713,982.999387,3008656476
2,6925,2154,128,2.45196629,0.129819927,985.981143,3008656476
2,6926,2155,128,3.4374783,0.129127611,991.267468,3008656476
2,6927,2156,128,3.17672372,0.128425755,996.684816,3008656476
2,6928,2157,128,2.78774405,0.142301028,899.501583,3008656476
2,6929,2158,128,1.49937081,0.128574619,995.530852,3008656476
2,6930,2159,128,3.39758325,0.124292843,1029.82599,3008656476
2,6931,2160,128,4.03505373,0.127863441,1001.06801,3008656476
2,6932,2161,128,3.41383147,0.127095446,1007.11712,3008656476
2,6933,2162,128,2.40491676,0.127720027,1002.19208,3008656476
2,6934,2163,128,2.03235292,0.127307461,1005.43989,3008656476
2,6935,2164,128,2.37300658,0.127717665,1002.21062,3008656476
2,6936,2165,128,3.15114737,0.140607374,910.336324,3008656476
2,6937,2166,128,2.86046743,0.127682643,1002.48551,3008656476
2,6938,2167,128,2.61167097,0.137233864,932.714392,3008656476
2,6939,2168,128,2.92330527,0.127601535,1003.12273,3008656476
2,6940,2169,128,3.12947965,0.127322955,1005.31754,3008656476
2,6941,2170,128,2.56936789,0.128021059,999.835504,3008656476
2,6942,2171,128,2.56208181,0.128320495,997.502387,3008656476
2,6943,2172,128,3.04953241,0.128258821,997.982041,3008656476
2,6944,2173,128,3.58949804,0.143612756,891.28573,3008656476
2,6945,2174,128,3.17081499,0.127717871,1002.209,3008656476
2,6946,2175,128,2.7043376,0.141419569,905.108118,3008656476
2,6947,2176,128,1.36340201,0.128017579,999.862683,3008656476
2,6948,2177,128,2.26340175,0.128322313,997.488254,3008656476
2,6949,2178,128,2.33054757,0.128351872,997.258536,3008656476
2,6950,2179,128,3.23361874,0.128372975,997.094599,3008656476
2,6951,2180,128,3.14047027,0.129636897,987.373217,3008656476
2,6952,2181,128,2.33924365,0.142348439,899.201993,3008656476
2,6953,2182,128,2.79270625,0.128470884,996.334703,3008656476
2,6954,2183,128,3.29728794,0.142243684,899.864208,3008656476
2,6955,2184,128,2.90410113,0.12846997,996.341791,3008656476
2,6956,2185,128,2.98415089,0.128422895,996.707012,3008656476
2,6957,2186,128,3.10332274,0.128096969,999.243003,3008656476
2,6958,2187,128,3.09885383,0.128209536,998.365675,3008656476
2,6959,2188,128,2.65596819,0.128619797,995.18117,3008656476
2,6960,2189,128,2.69838977,0.144663003,884.815035,3008656476
2,6961,2190,128,2.63645434,0.128395382,996.92059,3008656476
2,6962,2191,128,3.24191451,0.138607768,923.469167,3008656476
2,6963,2192,128,2.65732408,0.128526668,995.902267,3008656476
2,6964,2193,128,1.75677729,0.129139187,991.178611,3008656476
2,6965,2194,128,2.74021268,0.128799008,993.796474,3008656476
2,6966,2195,128,2.52897882,0.129034652,991.981596,3008656476
2,6967,2196,128,3.10983872,0.129618683,987.511962,3008656476
2,6968,2197,128,3.11705971,0.143992662,888.934187,3008656476
2,6969,2198,128,3.20748448,0.129986232,984.719674,3008656476
2,6970,2199,128,2.42960739,0.140714333,909.644364,3008656476
2,6971,2200,128,2.94517064,0.13148011,973.531282,3008656476
2,6972,2201,128,3.07995605,0.132427652,966.565502,3008656476
2,6973,2202,128,2.59218717,0.138437058,924.607918,3008656476
2,6974,2203,128,3.48595238,0.13114296,976.034093,3008656476
2,6975,2204,128,3.53281879,0.130760609,978.888069,3008656476
2,6976,2205,128,2.43896747,0.143923523,889.36122,3008656476
2,6977,2206,128,2.65636063,0.148028579,864.697891,3008656476
2,6978,2207,128,2.70621085,0.129883688,985.497116,3008656476
2,6979,2208,128,2.73644471,0.130289686,982.426191,3008656476
2,6980,2209,128,2.9280653,0.131238503,975.32353,3008656476
2,6981,2210,128,2.39865708,0.129203491,990.685306,3008656476
2,6982,2211,128,2.14994287,0.128267373,997.915503,3008656476
2,6983,2212,128,2.47761726,0.129698912,986.901108,3008656476
2,6984,2213,128,2.56805325,0.140378956,911.81758,3008656476
2,6985,2214,128,2.53388071,0.144414769,886.33594,3008656476
2,6986,2215,128,2.95913959,0.128360697,997.189973,3008656476
2,6987,2216,128,2.06893635,0.128643623,994.996853,3008656476
2,6988,2217,128,3.11829615,0.12774091,1002.02825,3008656476
2,6989,2218,128,2.7982583,0.128511409,996.020517,3008656476
2,6990,2219,128,3.43962097,0.127654295,1002.70813,3008656476
2,6991,2220,128,2.5101428,0.128127219,999.007088,3008656476
2,6992,2221,128,1.84844708,0.140069417,913.832603,3008656476
2,6993,2222,128,2.64005208,0.142205166,900.107947,3008656476
2,6994,2223,128,2.68257356,0.127837652,1001.26995,3008656476
2,6995,2224,128,2.46883368,0.128281534,997.805343,3008656476
2,6996,2225,128,2.46912217,0.129136523,991.199058,3008656476
2,6997,2226,128,2.9300096,0.128562519,995.624549,3008656476
2,6998,2227,128,2.6894362,0.128432977,996.628771,3008656476
2,6999,2228,128,2.6919229,0.128161506,998.739824,3008656476
2,7000,2229,128,2.59512782,0.143744503,890.468834,3008656476
2,7001,2230,128,3.09122896,0.141230179,906.32187,3008656476
2,7002,2231,128,2.0655961,0.129338789,989.648975,3008656476
2,7003,2232,128,2.90851212,0.128724576,994.371114,3008656476
2,7004,2233,128,2.30622458,0.128600358,995.331599,3008656476
2,7005,2234,128,2.75665331,0.128724938,994.368317,3008656476
2,7006,2235,128,2.03465819,0.128469374,996.346413,3008656476
2,7007,2236,128,2.50912476,0.128584086,995.457556,3008656476
2,7008,2237,128,3.53780937,0.141968649,901.607509,3008656476
2,7009,2238,128,2.68483639,0.140033526,914.066821,3008656476
2,7010,2239,128,2.57361555,0.128346056,997.303727,3008656476
2,7011,2240,128,2.64245105,0.12860026,995.332358,3008656476
2,7012,2241,128,2.52636886,0.1280144,999.887513,3008656476
2,7013,2242,128,3.39893508,0.128591854,995.397422,3008656476
2,7014,2243,128,2.81239152,0.128957612,992.574211,3008656476
2,7015,2244,128,3.03466249,0.130410881,981.513191,3008656476
2,7016,2245,128,2.97549176,0.14732809,868.8092,3008656476
2,7017,2246,128,2.06762409,0.144813448,883.895811,3008656476
2,7018,2247,128,2.26265931,0.13155282,972.993205,3008656476
2,7019,2248,128,2.52061629,0.138922666,921.375926,3008656476
2,7020,2249,128,2.87916613,0.142969187,895.29781,3008656476
2,7021,2250,128,2.93392062,0.142946451,895.440209,3008656476
2,7022,2251,128,2.10782766,0.131992701,969.750592,3008656476
2,7023,2252,128,2.01390791,0.149047542,858.786386,3008656476
2,7024,2253,128,2.8058691,0.139021711,920.719498,3008656476
2,7025,2254,128,3.39292812,0.149849998,854.187532,3008656476
2,7026,2255,128,2.62485957,0.132167729,968.466364,3008656476
2,7027,2256,128,2.93567061,0.132166933,968.472197,3008656476
2,7028,2257,128,2.67749381,0.134847696,949.219036,3008656476
2,7029,2258,128,3.01522779,0.131653937,972.245896,3008656476
2,7030,2259,128,2.69385862,0.130840868,978.28761,3008656476
2,7031,2260,128,2.65215015,0.146704661,872.501249,3008656476
2,7032,2261,128,2.53757477,0.132645475,964.978263,3008656476
2,7033,2262,128,2.31692147,0.137029285,934.106895,3008656476
2,7034,2263,128,2.7783246,0.13201845,969.561451,3008656476
2,7035,2264,128,2.04756927,0.131512342,973.292682,3008656476
2,7036,2265,128,2.31975603,0.111368199,1149.34067,3008656476
2,7037,2266,128,2.88115382,0.111673468,1146.19884,3008656476
2,7038,2267,128,2.42032671,0.111580642,1147.15239,3008656476
2,7039,2268,128,2.65560794,0.125015699,1023.87141,3008656476
2,7040,2269,128,1.80201006,0.111415789,1148.84974,3008656476
2,7041,2270,128,2.30996203,0.123275835,1038.32191,3008656476
2,7042,2271,128,2.56054425,0.111528008,1147.69377,3008656476
2,7043,2272,128,2.91650724,0.111421192,1148.79403,3008656476
2,7044,2273,128,2.2337563,0.111394348,1149.07087,3008656476
2,7045,2274,128,2.20337033,0.111481589,1148.17165,3008656476
2,7046,2275,128,2.51183987,0.111290712,1150.1409,3008656476
2,7047,2276,128,2.85363698,0.111415885,1148.84875,3008656476
2,7048,2277,128,2.12115049,0.111449423,1148.50303,3008656476
2,7049,2278,128,2.20033121,0.113521303,1127.54167,3008656476
2,7050,2279,128,2.20129442,0.111533511,1147.63714,3008656476
2,7051,2280,128,2.15337777,0.120048888,1066.23228,3008656476
2,7052,2281,128,2.70102811,0.111279825,1150.25343,3008656476
2,7053,2282,128,3.00233102,0.111615876,1146.79026,3008656476
2,7054,2283,128,2.24335885,0.111496055,1148.02268,3008656476
2,7055,2284,128,2.34209085,0.111456041,1148.43483,3008656476
2,7056,2285,128,1.91305637,0.111368862,1149.33382,3008656476
2,7057,2286,128,2.1307559,0.111433745,1148.66462,3008656476
2,7058,2287,128,2.14513874,0.124695478,1026.50074,3008656476
2,7059,2288,128,1.99516213,0.111326062,1149.77569,3008656476
2,7060,2289,128,2.03306556,0.124659042,1026.80077,3008656476
2,7061,2290,128,2.6814034,0.111542235,1147.54738,3008656476
2,7062,2291,128,3.1708045,0.1114342,1148.65993,3008656476
2,7063,2292,128,2.15066195,0.111495237,1148.0311,3008656476
2,7064,2293,128,2.86025,0.11130829,1149.95927,3008656476
2,7065,2294,128,3.21468377,0.111586717,1147.08994,3008656476
2,7066,2295,128,3.43637419,0.111439594,1148.60433,3008656476
2,7067,2296,128,3.43030524,0.126868971,1008.91494,3008656476
2,7068,2297,128,2.62555575,0.111236093,1150.70564,3008656476
2,7069,2298,128,2.49316573,0.124575219,1027.49167,3008656476
2,7070,2299,128,3.40260434,0.111376735,1149.25258,3008656476
2,7071,2300,128,2.84525847,0.111369101,1149.33136,3008656476
2,7072,2301,128,3.20195079,0.111340027,1149.63148,3008656476
2,7073,2302,128,3.75976086,0.111362442,1149.40008,3008656476
2,7074,2303,128,2.89018536,0.111510158,1147.87749,3008656476
2,7075,2304,128,2.69993782,0.111401717,1148.99486,3008656476
2,7076,2305,128,3.20645761,0.129448011,988.813957,3008656476
2,7077,2306,128,3.74185538,0.111881048,1144.07223,3008656476
2,7078,2307,128,3.12458634,0.12276218,1042.6664,3008656476
2,7079,2308,128,3.11919904,0.111386504,1149.15179,3008656476
2,7080,2309,128,3.53538251,0.111318287,1149.856,3008656476
2,7081,2310,128,2.83444262,0.111511033,1147.86848,3008656476
2,7082,2311,128,2.71456957,0.111368386,1149.33874,3008656476
2,7083,2312,128,2.64661145,0.111431556,1148.68718,3008656476
2,7084,2313,128,3.21694899,0.111401823,1148.99376,3008656476
2,7085,2314,128,3.73470545,0.111552468,1147.44212,3008656476
2,7086,2315,128,3.48598099,0.116556714,1098.17784,3008656476
2,7087,2316,128,4.00834465,0.111365334,1149.37023,3008656476
2,7088,2317,128,3.410743,0.11360532,1126.7078,3008656476
2,7089,2318,128,3.49894762,0.11144919,1148.50543,3008656476
2,7090,2319,128,3.39550567,0.111325751,1149.7789,3008656476
2,7091,2320,128,3.60914874,0.111428139,1148.72241,3008656476
2,7092,2321,128,3.64532256,0.111334089,1149.6928,3008656476
2,7093,2322,128,3.45833349,0.111448395,1148.51362,3008656476
2,7094,2323,128,3.41857886,0.11129163,1150.13142,3008656476
2,7095,2324,128,3.05120015,0.125874915,1016.88251,3008656476
2,7096,2325,128,3.76305413,0.111260156,1150.45677,3008656476
2,7097,2326,128,3.42708421,0.124513867,1027.99795,3008656476
2,7098,2327,128,3.93318772,0.111341625,1149.61498,3008656476
2,7099,2328,128,3.46244836,0.111442435,1148.57505,3008656476
2,7100,2329,128,3.02419329,0.11143655,1148.6357,3008656476
2,7101,2330,128,3.53042102,0.111369063,1149.33175,3008656476
2,7102,2331,128,3.34940863,0.111476683,1148.22218,3008656476
2,7103,2332,128,2.83670044,0.111476321,1148.22591,3008656476
2,7104,2333,128,2.85260653,0.125190208,1022.44418,3008656476
2,7105,2334,128,2.44433355,0.11144724,1148.52553,3008656476
2,7106,2335,128,3.19502807,0.124420999,1028.76525,3008656476
2,7107,2336,128,3.75418162,0.111384384,1149.17366,3008656476
2,7108,2337,128,3.53082085,0.111391773,1149.09743,3008656476
2,7109,2338,128,3.01184225,0.11141985,1148.80787,3008656476
2,7110,2339,128,2.86780357,0.111407045,1148.93991,3008656476
2,7111,2340,128,2.76233315,0.111397506,1149.03829,3008656476
2,7112,2341,128,3.50299335,0.111289224,1150.15628,3008656476
2,7113,2342,128,3.24286842,0.124502206,1028.09423,3008656476
2,7114,2343,128,3.45652843,0.111668312,1146.25177,3008656476
2,7115,2344,128,3.19770074,0.122961026,1040.98025,3008656476
2,7116,2345,128,3.63624191,0.111455519,1148.44021,3008656476
2,7117,2346,128,3.52921987,0.111595088,1147.00389,3008656476
2,7118,2347,128,3.47313595,0.111374063,1149.28015,3008656476
2,7119,2348,128,3.47094607,0.111481421,1148.17338,3008656476
2,7120,2349,128,3.48712254,0.111286748,1150.18187,3008656476
2,7121,2350,128,3.19475579,0.111513828,1147.83971,3008656476
2,7122,2351,128,3.31820107,0.111447012,1148.52788,3008656476
2,7123,2352,128,2.68554902,0.120611662,1061.25724,3008656476
2,7124,2353,128,2.89212489,0.111187679,1151.20669,3008656476
2,7125,2354,128,3.43716717,0.114057664,1122.23936,3008656476
2,7126,2355,128,3.00723028,0.111501894,1147.96256,3008656476
2,7127,2356,128,3.30573678,0.111403236,1148.97919,3008656476
2,7128,2357,128,2.64021325,0.11139541,1149.05991,3008656476
2,7129,2358,128,2.90263009,0.111524386,1147.73104,3008656476
2,7130,2359,128,3.08310652,0.111582094,1147.13746,3008656476
2,7131,2360,128,3.2101686,0.111464233,1148.35043,3008656476
2,7132,2361,128,2.58908439,0.127123377,1006.89584,3008656476
2,7133,2362,128,2.47559071,0.111512593,1147.85242,3008656476
2,7134,2363,128,2.27796793,0.12595079,1016.26993,3008656476
2,7135,2364,128,2.1599741,0.111477136,1148.21751,3008656476
2,7136,2365,128,2.52079463,0.111335387,1149.67939,3008656476
2,7137,2366,128,2.41968536,0.111446006,1148.53824,3008656476
2,7138,2367,128,3.11231446,0.111305042,1149.99283,3008656476
2,7139,2368,128,2.70960736,0.111513064,1147.84757,3008656476
2,7140,2369,128,2.72082567,0.111477735,1148.21134,3008656476
2,7141,2370,128,2.5269289,0.127795174,1001.60277,3008656476
2,7142,2371,128,2.43351769,0.111460239,1148.39158,3008656476
2,7143,2372,128,3.42470694,0.125904452,1016.64395,3008656476
2,7144,2373,128,3.38841653,0.111334954,1149.68386,3008656476
2,7145,2374,128,3.51242518,0.111454468,1148.45104,3008656476
2,7146,2375,128,2.39318037,0.111427211,1148.73197,3008656476
2,7147,2376,128,2.58738494,0.111645597,1146.48498,3008656476
2,7148,2377,128,3.50396705,0.111504075,1147.94011,3008656476
2,7149,2378,128,3.02700663,0.111491818,1148.06631,3008656476
2,7150,2379,128,2.30964422,0.125002888,1023.97634,3008656476
2,7151,2380,128,2.92850757,0.111693945,1145.98871,3008656476
2,7152,2381,128,2.40898156,0.123559134,1035.94122,3008656476
2,7153,2382,128,2.77754426,0.111468604,1148.3054,3008656476
2,7154,2383,128,2.97411799,0.130638517,979.802917,3008656476
2,7155,2384,64,2.39643288,0.128529886,497.938666,3008656476
3,7156,0,128,1.92805278,0.126686406,1010.36886,3008656476
3,7157,1,128,2.49058771,0.141333121,905.661738,3008656476
3,7158,2,128,2.35541105,0.132614265,965.205365,3008656476
3,7159,3,128,2.67375588,0.132390177,966.839103,3008656476
3,7160,4,128,3.24516869,0.133623922,957.912312,3008656476
3,7161,5,128,3.54116607,0.149658746,855.279116,3008656476
3,7162,6,128,3.33440065,0.149342691,857.089149,3008656476
3,7163,7,128,3.44604683,0.133762279,956.921495,3008656476
3,7164,8,128,3.74790716,0.133552228,958.426542,3008656476
3,7165,9,128,3.38141036,0.132913649,963.031269,3008656476
3,7166,10,128,2.90574503,0.133403524,959.494893,3008656476
3,7167,11,128,3.23338509,0.132744474,964.258595,3008656476
3,7168,12,128,2.50451946,0.14627763,875.048358,3008656476
3,7169,13,128,2.23392916,0.131516159,973.264434,3008656476
3,7170,14,128,2.32966781,0.144529477,885.632486,3008656476
3,7171,15,128,2.40387511,0.131496154,973.4125,3008656476
3,7172,16,128,3.17758799,0.130582431,980.223748,3008656476
3,7173,17,128,3.1116612,0.133383046,959.642202,3008656476
3,7174,18,128,2.99239588,0.1302994,982.35295,3008656476
3,7175,19,128,3.09063625,0.129559995,987.959285,3008656476
3,7176,20,128,2.86330318,0.14433442,886.829351,3008656476
3,7177,21,128,3.33731198,0.129286037,990.052777,3008656476
3,7178,22,128,2.68519044,0.141983449,901.513528,3008656476
3,7179,23,128,1.87944508,0.129274388,990.141992,3008656476
3,7180,24,128,2.3192811,0.130403922,981.56557,3008656476
3,7181,25,128,2.83347964,0.12958193,987.792048,3008656476
3,7182,26,128,2.76449394,0.129514603,988.305543,3008656476
3,7183,27,128,3.02991056,0.12999015,984.689994,3008656476
3,7184,28,128,2.68837571,0.142688749,897.057413,3008656476
3,7185,29,128,2.65099502,0.129255519,990.286535,3008656476
3,7186,30,128,2.33619237,0.138195413,926.224664,3008656476
3,7187,31,128,2.79815698,0.129561559,987.947359,3008656476
3,7188,32,128,3.09927464,0.12970661,986.842536,3008656476
3,7189,33,128,2.97655964,0.128462444,996.400162,3008656476
3,7190,34,128,2.99792719,0.130304557,982.314072,3008656476
3,7191,35,128,3.02221537,0.129743773,986.559871,3008656476
3,7192,36,128,3.03536272,0.14672401,872.38619,3008656476
3,7193,37,128,2.58615637,0.129989044,984.698372,3008656476
3,7194,38,128,2.62857723,0.137032106,934.087666,3008656476
3,7195,39,128,2.03622937,0.129975641,984.799913,3008656476
3,7196,40,128,2.97951531,0.128699021,994.56856,3008656476
3,7197,41,128,2.91024661,0.129361217,989.477395,3008656476
3,7198,42,128,3.06249857,0.129538962,988.119698,3008656476
3,7199,43,128,3.32170963,0.12970443,986.859123,3008656476
3,7200,44,128,3.54416442,0.150625221,849.791284,3008656476
3,7201,45,128,3.25338602,0.128464293,996.385821,3008656476
3,7202,46,128,2.55202055,0.132982915,962.52966,3008656476
3,7203,47,128,3.10361743,0.129122657,991.3055,3008656476
3,7204,48,128,2.65942025,0.130083218,983.985498,3008656476
3,7205,49,128,3.01736999,0.129362385,989.468461,3008656476
3,7206,50,128,2.43422747,0.129774206,986.328516,3008656476
3,7207,51,128,3.39868927,0.12908013,991.632097,3008656476
3,7208,52,128,2.39532852,0.141141329,906.89241,3008656476
3,7209,53,128,3.18040967,0.129561933,987.944507,3008656476
3,7210,54,128,2.30873084,0.137010775,934.233092,3008656476
3,7211,55,128,2.51914096,0.129258576,990.263114,3008656476
3,7212,56,128,3.39120388,0.129685599,987.00242,3008656476
3,7213,57,128,2.72017908,0.12949268,988.472862,3008656476
3,7214,58,128,2.7304256,0.129652391,987.255222,3008656476
3,7215,59,128,2.91950703,0.128994557,992.28993,3008656476
3,7216,60,128,2.76215577,0.143448139,892.308544,3008656476
3,7217,61,128,3.46094179,0.130662415,979.623712,3008656476
3,7218,62,128,2.5646019,0.136357528,938.708716,3008656476
3,7219,63,128,3.25226283,0.129986904,984.714583,3008656476
3,7220,64,128,2.36570001,0.12969315,986.944954,3008656476
3,7221,65,128,3.22325611,0.130355853,981.927524,3008656476
3,7222,66,128,2.94861126,0.130372204,981.804373,3008656476
3,7223,67,128,3.4012084,0.131377198,974.29388,3008656476
3,7224,68,128,3.82653952,0.145486605,879.806082,3008656476
3,7225,69,128,2.92443609,0.130766488,978.84406,3008656476
3,7226,70,128,3.48917198,0.132426083,966.576954,3008656476
3,7227,71,128,3.23277783,0.12961738,987.521889,3008656476
3,7228,72,128,3.00954843,0.130073073,984.062243,3008656476
3,7229,73,128,2.98529935,0.130605882,980.047744,3008656476
3,7230,74,128,2.68597603,0.131668345,972.139507,3008656476
3,7231,75,128,2.64629292,0.131167793,975.849308,3008656476
3,7232,76,128,3.72493339,0.145659931,878.75917,3008656476
3,7233,77,128,3.42939758,0.142164773,900.363693,3008656476
3,7234,78,128,2.98187375,0.125087579,1023.28306,3008656476
3,7235,79,128,2.88443708,0.130862266,978.127645,3008656476
3,7236,80,128,3.28860545,0.131255259,975.19902,3008656476
3,7237,81,128,3.3855617,0.132023163,969.52684,3008656476
3,7238,82,128,3.33657169,0.132124182,968.785563,3008656476
3,7239,83,128,3.44533277,0.131700802,971.899928,3008656476
3,7240,84,128,2.73679709,0.145251001,881.23317,3008656476
3,7241,85,128,2.68913245,0.145775839,878.060458,3008656476
3,7242,86,128,2.85927963,0.134141978,954.212856,3008656476
3,7243,87,128,2.3078475,0.133354312,959.848977,3008656476
3,7244,88,128,2.45520282,0.133280121,960.383282,3008656476
3,7245,89,128,2.95558262,0.133281705,960.371868,3008656476
3,7246,90,128,2.68304563,0.133055315,962.005915,3008656476
3,7247,91,128,2.82474637,0.139226379,919.366006,3008656476
3,7248,92,128,2.86200309,0.139954183,914.585025,3008656476
3,7249,93,128,2.58134842,0.147617614,867.105195,3008656476
3,7250,94,128,2.48975754,0.13242151,966.610334,3008656476
3,7251,95,128,2.80418015,0.135419206,945.213045,3008656476
3,7252,96,128,2.50098252,0.132548162,965.686721,3008656476
3,7253,97,128,3.09053254,0.133164095,961.220065,3008656476
3,7254,98,128,2.92586231,0.132261139,967.782381,3008656476
3,7255,99,128,2.92068934,0.146794059,871.969894,3008656476
3,7256,100,128,3.12970281,0.13151937,973.240672,3008656476
3,7257,101,128,2.61265469,0.147322629,868.841405,3008656476
3,7258,102,128,2.94069338,0.132295092,967.534003,3008656476
3,7259,103,128,2.97843933,0.130869052,978.076925,3008656476
3,7260,104,128,2.29056144,0.129910647,985.292607,3008656476
3,7261,105,128,3.05932355,0.130492118,980.902157,3008656476
3,7262,106,128,2.89873767,0.130903933,977.816304,3008656476
3,7263,107,128,2.56638861,0.144375395,886.577661,3008656476
3,7264,108,128,2.92826319,0.129533911,988.158228,3008656476
3,7265,109,128,2.05387282,0.14456471,885.416641,3008656476
3,7266,110,128,2.64121723,0.12924896,990.336789,3008656476
3,7267,111,128,2.82749033,0.1286667,994.818395,3008656476
3,7268,112,128,3.03986382,0.13041021,981.518242,3008656476
3,7269,113,128,3.53212786,0.128910167,992.939525,3008656476
3,7270,114,128,3.40511203,0.129899512,985.377066,3008656476
3,7271,115,128,3.30999541,0.143647992,891.067102,3008656476
3,7272,116,128,2.52178764,0.130130479,983.628132,3008656476
3,7273,117,128,2.95522332,0.138167496,926.41181,3008656476
3,7274,118,128,2.81607604,0.128570203,995.565046,3008656476
3,7275,119,128,3.26197767,0.129878699,985.534972,3008656476
3,7276,120,128,2.90407991,0.129497205,988.438322,3008656476
3,7277,121,128,2.96048331,0.129198884,990.720632,3008656476
3,7278,122,128,2.27293038,0.129855688,985.709613,3008656476
3,7279,123,128,2.4874754,0.144308512,886.988565,3008656476
3,7280,124,128,2.35914826,0.129807176,986.077996,3008656476
3,7281,125,128,2.36545062,0.136609392,936.978037,3008656476
3,7282,126,128,2.39848137,0.129669577,987.124374,3008656476
3,7283,127,128,3.2808423,0.129285972,990.053275,3008656476
3,7284,128,128,3.18033648,0.129982166,984.750477,3008656476
3,7285,129,128,3.01104069,0.130458839,981.152377,3008656476
3,7286,130,128,2.95871329,0.1298274,985.924389,3008656476
3,7287,131,128,2.73189068,0.150258668,851.864333,3008656476
3,7288,132,128,2.34567642,0.132574092,965.497844,3008656476
3,7289,133,128,2.73400044,0.131638934,972.356704,3008656476
3,7290,134,128,2.8483603,0.130560559,980.387959,3008656476
3,7291,135,128,2.5768702,0.129094798,991.519426,3008656476
3,7292,136,128,2.50666618,0.129090457,991.552768,3008656476
3,7293,137,128,2.39614487,0.129510962,988.333327,3008656476
3,7294,138,128,2.11933804,0.129346583,989.589342,3008656476
3,7295,139,128,2.47234201,0.147057274,870.409171,3008656476
3,7296,140,128,1.92382741,0.142175618,900.295014,3008656476
3,7297,141,128,1.9142437,0.125659105,1018.62893,3008656476
3,7298,142,128,2.59042048,0.129552209,988.01866,3008656476
3,7299,143,128,2.11413097,0.128430412,996.648675,3008656476
3,7300,144,128,1.54919231,0.129177073,990.887911,3008656476
3,7301,145,128,1.34979296,0.1291472,991.117113,3008656476
3,7302,146,128,2.36055899,0.130291152,982.415137,3008656476
3,7303,147,128,3.17325068,0.142753963,896.647612,3008656476
3,7304,148,128,3.3546648,0.13021254,983.008242,3008656476
3,7305,149,128,2.53327036,0.133043962,962.088005,3008656476
3,7306,150,128,1.9242835,0.128758531,994.108887,3008656476
3,7307,151,128,1.52296019,0.128476005,996.294989,3008656476
3,7308,152,128,2.43379688,0.130086373,983.961633,3008656476
3,7309,153,128,2.74824715,0.130695106,979.378677,3008656476
3,7310,154,128,1.96305406,0.129238926,990.413678,3008656476
3,7311,155,128,3.18520927,0.143552838,891.657746,3008656476
3,7312,156,128,3.20347404,0.131692098,971.964164,3008656476
3,7313,157,128,3.18074703,0.132848779,963.501516,3008656476
3,7314,158,128,2.45437741,0.129537543,988.130522,3008656476
3,7315,159,128,2.21997833,0.129935202,985.106407,3008656476
3,7316,160,128,2.51167464,0.130898599,977.85615,3008656476
3,7317,161,128,2.61564827,0.130792061,978.652672,3008656476
3,7318,162,128,2.30676389,0.130194198,983.14673,3008656476
3,7319,163,128,3.23637915,0.145238184,881.310937,3008656476
3,7320,164,128,3.05174971,0.135139101,947.172203,3008656476
3,7321,165,128,2.68501306,0.129999427,984.619725,3008656476
3,7322,166,128,3.02102351,0.131264888,975.127484,3008656476
3,7323,167,128,2.59725857,0.130821919,978.42931,3008656476
3,7324,168,128,2.47692513,0.130776106,978.77207,3008656476
3,7325,169,128,2.58780122,0.130526943,980.640449,3008656476
3,7326,170,128,2.71671224,0.131977514,969.862184,3008656476
3,7327,171,128,2.47811127,0.147206367,869.527607,3008656476
3,7328,172,128,2.50739837,0.146377372,874.452098,3008656476
3,7329,173,128,2.46416903,0.133322108,960.080829,3008656476
3,7330,174,128,2.0941906,0.132243591,967.9108,3008656476
3,7331,175,128,2.83271074,0.133809659,956.582663,3008656476
3,7332,176,128,2.01378632,0.132763317,964.121739,3008656476
3,7333,177,128,3.21243882,0.133909643,955.868428,3008656476
3,7334,178,128,2.11144733,0.13327728,960.403754,3008656476
3,7335,179,128,3.32327533,0.148451276,862.235768,3008656476
3,7336,180,128,2.6691339,0.15029551,851.655515,3008656476
3,7337,181,128,2.71888041,0.132800417,963.852395,3008656476
3,7338,182,128,3.15511489,0.135377776,945.502311,3008656476
3,7339,183,128,1.94053495,0.132178228,968.389439,3008656476
3,7340,184,128,2.10168076,0.133308253,960.180612,3008656476
3,7341,185,128,2.76869106,0.131561029,972.932494,3008656476
3,7342,186,128,2.28087687,0.146167226,875.709306,3008656476
3,7343,187,128,2.18328857,0.132345725,967.163843,3008656476
3,7344,188,128,3.00761342,0.145389684,880.392587,3008656476
3,7345,189,128,2.76328349,0.130435503,981.327913,3008656476
3,7346,190,128,2.70674086,0.130922918,977.674512,3008656476
3,7347,191,128,2.15160894,0.130201461,983.091887,3008656476
3,7348,192,128,2.0093205,0.132692831,964.633877,3008656476
3,7349,193,128,2.79764318,0.129598581,987.665135,3008656476
3,7350,194,128,2.5223496,0.144761426,884.213451,3008656476
3,7351,195,128,3.06980586,0.12980667,986.08184,3008656476
3,7352,196,128,2.66109395,0.141823691,902.529042,3008656476
3,7353,197,128,2.49172735,0.129851106,985.744396,3008656476
3,7354,198,128,2.45876861,0.129295279,989.982009,3008656476
3,7355,199,128,2.89958286,0.129577527,987.825613,3008656476
3,7356,200,128,2.78799415,0.129278417,990.111134,3008656476
3,7357,201,128,2.50471592,0.129091849,991.542076,3008656476
3,7358,202,128,3.36622453,0.142400559,898.872876,3008656476
3,7359,203,128,2.66474414,0.129131362,991.238674,3008656476
3,7360,204,128,2.6834147,0.142483931,898.346916,3008656476
3,7361,205,128,2.67072964,0.129332642,989.696012,3008656476
3,7362,206,128,2.06958485,0.128999535,992.251639,3008656476
3,7363,207,128,2.36088014,0.130255913,982.680917,3008656476
3,7364,208,128,2.1449039,0.128795519,993.823395,3008656476
3,7365,209,128,2.38525987,0.129876984,985.547986,3008656476
3,7366,210,128,2.094028,0.143279362,893.359645,3008656476
3,7367,211,128,2.53689814,0.129791242,986.199053,3008656476
3,7368,212,128,2.6372788,0.140438973,911.427913,3008656476
3,7369,213,128,2.39948058,0.129662557,987.177817,3008656476
3,7370,214,128,1.89104116,0.129858941,985.684921,3008656476
3,7371,215,128,2.0307467,0.130177151,983.275475,3008656476
3,7372,216,128,2.866009,0.130284776,982.463216,3008656476
3,7373,217,128,2.60037112,0.131136902,976.079182,3008656476
3,7374,218,128,2.22690272,0.146910953,871.276085,3008656476
3,7375,219,128,2.87223816,0.129048321,991.876524,3008656476
3,7376,220,128,2.23455954,0.136225092,939.621314,3008656476
3,7377,221,128,2.15801048,0.129441003,988.867492,3008656476
3,7378,222,128,2.4912343,0.129838893,985.837117,3008656476
3,7379,223,128,2.08396912,0.129213156,990.611204,3008656476
3,7380,224,128,2.42496634,0.129302145,989.92944,3008656476
3,7381,225,128,2.53449798,0.128939455,992.713983,3008656476
3,7382,226,128,2.43723345,0.145012683,882.681413,3008656476
3,7383,227,128,2.81915307,0.129621637,987.489457,3008656476
3,7384,228,128,2.37601495,0.135681388,943.386576,3008656476
3,7385,229,128,2.47191262,0.129040821,991.934173,3008656476
3,7386,230,128,2.54348755,0.129000056,992.247631,3008656476
3,7387,231,128,2.93547034,0.129278278,990.112198,3008656476
3,7388,232,128,2.41035652,0.129590721,987.725039,3008656476
3,7389,233,128,2.84663224,0.129687296,986.989504,3008656476
3,7390,234,128,2.63329792,0.144238542,887.418843,3008656476
3,7391,235,128,2.12439966,0.131219782,975.462678,3008656476
3,7392,236,128,2.9251318,0.135125571,947.267042,3008656476
3,7393,237,128,2.22032118,0.129883641,985.497473,3008656476
3,7394,238,128,2.80992818,0.143739066,890.502517,3008656476
3,7395,239,128,3.0974319,0.173022129,739.789764,3008656476
3,7396,240,128,2.84070873,0.130510684,980.762617,3008656476
3,7397,241,128,2.28949833,0.145885743,877.398966,3008656476
3,7398,242,128,2.43543744,0.131585995,972.747898,3008656476
3,7399,243,128,2.6394577,0.14643704,874.095789,3008656476
3,7400,244,128,3.04509377,0.132246575,967.88896,3008656476
3,7401,245,128,2.21167755,0.133950708,955.57539,3008656476
3,7402,246,128,2.64922452,0.132683869,964.699032,3008656476
3,7403,247,128,2.71802497,0.134270174,953.301811,3008656476
3,7404,248,128,2.77276111,0.133914427,955.834281,3008656476
3,7405,249,128,1.49539506,0.15005224,853.036249,3008656476
3,7406,250,128,2.15258408,0.134227145,953.607409,3008656476
3,7407,251,128,3.0242393,0.146544793,873.453075,3008656476
3,7408,252,128,2.90985894,0.132035212,969.438365,3008656476
3,7409,253,128,2.52088928,0.132238699,967.946607,3008656476
3,7410,254,128,2.70330906,0.133259764,960.529992,3008656476
3,7411,255,128,2.8420732,0.132607515,965.254496,3008656476
3,7412,256,128,2.50413918,0.131772053,971.374408,3008656476
3,7413,257,128,2.81443429,0.143935401,889.287827,3008656476
3,7414,258,128,2.28703189,0.131222746,975.440645,3008656476
3,7415,259,128,2.75074077,0.135492676,944.700509,3008656476
3,7416,260,128,2.92172718,0.133683303,957.486815,3008656476
3,7417,261,128,2.47346783,0.132208699,968.166248,3008656476
3,7418,262,128,2.88450241,0.131435321,973.86303,3008656476
3,7419,263,128,2.01910973,0.132764096,964.116082,3008656476
3,7420,264,128,2.29803038,0.131242088,975.296888,3008656476
3,7421,265,128,2.42021537,0.144278985,887.170089,3008656476
3,7422,266,128,2.31420374,0.147590255,867.265932,3008656476
3,7423,267,128,1.6988914,0.129347066,989.585647,3008656476
3,7424,268,128,1.84050262,0.128904583,992.982538,3008656476
3,7425,269,128,2.57734776,0.129742433,986.570061,3008656476
3,7426,270,128,3.04741478,0.129414407,989.070715,3008656476
3,7427,271,128,2.10214734,0.128155083,998.78988,3008656476
3,7428,272,128,2.44340825,0.129757876,986.452645,3008656476
3,7429,273,128,2.90488505,0.143228612,893.676188,3008656476
3,7430,274,128,2.17703772,0.142849307,896.049149,3008656476
3,7431,275,128,2.53847337,0.130175693,983.286488,3008656476
3,7432,276,128,2.68522787,0.129182494,990.846329,3008656476
3,7433,277,128,3.04593563,0.129937682,985.087605,3008656476
3,7434,278,128,2.20929909,0.130248913,982.733729,3008656476
3,7435,279,128,2.25683141,0.129887009,985.471919,3008656476
3,7436,280,128,2.4311583,0.129940756,985.064301,3008656476
3,7437,281,128,2.21189141,0.137383666,931.697368,3008656476
3,7438,282,128,1.73154056,0.144120399,888.146306,3008656476
3,7439,283,128,2.13078952,0.128867697,993.266761,3008656476
3,7440,284,128,1.97047865,0.130826216,978.397174,3008656476
3,7441,285,128,2.00585866,0.13037903,981.752971,3008656476
3,7442,286,128,2.43811989,0.130200865,983.096387,3008656476
3,7443,287,128,2.06036592,0.129806361,986.084187,3008656476
3,7444,288,128,1.94623327,0.129345574,989.597062,3008656476
3,7445,289,128,2.6061089,0.134840098,949.272523,3008656476
3,7446,290,128,2.22857738,0.143729354,890.562689,3008656476
3,7447,291,128,2.91009188,0.13103759,976.818942,3008656476
3,7448,292,128,2.54071164,0.129916804,985.245912,3008656476
3,7449,293,128,2.03638458,0.129939952,985.070396,3008656476
3,7450,294,128,2.06382823,0.13070359,979.315105,3008656476
3,7451,295,128,2.42630172,0.130983809,977.220017,3008656476
3,7452,296,128,3.03129435,0.130345221,982.007618,3008656476
3,7453,297,128,2.40122175,0.132427429,966.56713,3008656476
3,7454,298,128,2.58214426,0.140734958,909.511054,3008656476
3,7455,299,128,2.76778316,0.129870365,985.598216,3008656476
3,7456,300,128,2.39093971,0.12943613,988.904721,3008656476
3,7457,301,128,2.48338556,0.129861961,985.661998,3008656476
3,7458,302,128,2.39982533,0.129816425,986.007741,3008656476
3,7459,303,128,2.59994411,0.13075058,978.963153,3008656476
3,7460,304,128,2.24937153,0.129219891,990.559573,3008656476
3,7461,305,128,2.34290433,0.133623236,957.917229,3008656476
3,7462,306,128,2.39661717,0.14184706,902.380352,3008656476
3,7463,307,128,2.06288624,0.130132225,983.614935,3008656476
3,7464,308,128,2.93083334,0.129802744,986.111665,3008656476
3,7465,309,128,2.79006481,0.130619262,979.947353,3008656476
3,7466,310,128,2.36154342,0.129055397,991.82214,3008656476
3,7467,311,128,2.19432092,0.130269599,982.577677,3008656476
3,7468,312,128,2.24179363,0.13050808,980.782186,3008656476
3,7469,313,128,2.39568639,0.133108555,961.621137,3008656476
3,7470,314,128,1.69991708,0.143259401,893.484121,3008656476
3,7471,315,128,2.33910227,0.129249196,990.33498,3008656476
3,7472,316,128,2.51084089,0.12947685,988.593714,3008656476
3,7473,317,128,2.39578629,0.130637954,979.807139,3008656476
3,7474,318,128,2.71541071,0.12903164,992.004752,3008656476
3,7475,319,128,2.70941448,0.129420303,989.025655,3008656476
3,7476,320,128,3.11621165,0.129563504,987.932528,3008656476
3,7477,321,128,2.46883392,0.133020692,962.256308,3008656476
3,7478,322,128,2.49960828,0.143108667,894.425213,3008656476
3,7479,323,128,2.48792601,0.13072691,979.140408,3008656476
3,7480,324,128,1.79497969,0.129642579,987.329942,3008656476
3,7481,325,128,2.96712089,0.129821238,985.971186,3008656476
3,7482,326,128,2.67031693,0.129804344,986.09951,3008656476
3,7483,327,128,2.99994421,0.129681709,987.032026,3008656476
3,7484,328,128,2.81971622,0.129620262,987.499933,3008656476
3,7485,329,128,2.68098187,0.13257177,965.514755,3008656476
3,7486,330,128,3.4609251,0.143763181,890.353143,3008656476
3,7487,331,128,2.78042269,0.128851542,993.391294,3008656476
3,7488,332,128,2.32748652,0.128467044,996.364484,3008656476
3,7489,333,128,2.91316628,0.129717599,986.758936,3008656476
3,7490,334,128,2.61121035,0.130093549,983.907357,3008656476
3,7491,335,128,3.0977006,0.130195936,983.133606,3008656476
3,7492,336,128,2.69863701,0.130281676,982.486593,3008656476
3,7493,337,128,2.84238529,0.132691763,964.641641,3008656476
3,7494,338,128,2.50361776,0.143492688,892.031516,3008656476
3,7495,339,128,2.87437463,0.130882122,977.979254,3008656476
3,7496,340,128,2.46474791,0.130215681,982.98453,3008656476
3,7497,341,128,2.56278348,0.131569345,972.870998,3008656476
3,7498,342,128,2.6101799,0.130867051,978.09188,3008656476
3,7499,343,128,2.35006738,0.132252861,967.842957,3008656476
3,7500,344,128,3.03227639,0.140774216,909.257417,3008656476
3,7501,345,128,2.16163373,0.127725758,1002.14712,3008656476
3,7502,346,128,2.25698304,0.142745471,896.700954,3008656476
3,7503,347,128,3.29314327,0.13174248,971.592458,3008656476
3,7504,348,128,2.77728033,0.131903014,970.409971,3008656476
3,7505,349,128,2.98864222,0.131825057,970.98384,3008656476
3,7506,350,128,3.01502514,0.132563434,965.575469,3008656476
3,7507,351,128,2.83157802,0.132787563,963.945697,3008656476
3,7508,352,128,3.17487597,0.146756294,872.194279,3008656476
3,7509,353,128,2.89819121,0.134096798,954.534351,3008656476
3,7510,354,128,2.44780636,0.145385707,880.41667,3008656476
3,7511,355,128,2.6426301,0.133051823,962.031163,3008656476
3,7512,356,128,2.83272767,0.133359245,959.813472,3008656476
3,7513,357,128,2.52713895,0.132860943,963.413303,3008656476
3,7514,358,128,1.72616971,0.133465437,959.049795,3008656476
3,7515,359,128,2.30301952,0.134625658,950.784582,3008656476
3,7516,360,128,2.36118984,0.148121956,864.15278,3008656476
3,7517,361,128,2.34009194,0.133787539,956.740822,3008656476
3,7518,362,128,2.25590467,0.146071263,876.284612,3008656476
3,7519,363,128,2.43672609,0.13236008,967.05895,3008656476
3,7520,364,128,2.77123427,0.132590035,965.38175,3008656476
3,7521,365,128,2.75970769,0.131514601,973.275963,3008656476
3,7522,366,128,2.7649281,0.13094806,977.486799,3008656476
3,7523,367,128,2.75923586,0.131196116,975.638639,3008656476
3,7524,368,128,2.17679214,0.145718141,878.408132,3008656476
3,7525,369,128,2.60896277,0.14481864,883.864121,3008656476
3,7526,370,128,2.52991128,0.124278963,1029.941,3008656476
3,7527,371,128,2.32334399,0.1316631,972.178234,3008656476
3,7528,372,128,2.72023749,0.131076962,976.525532,3008656476
3,7529,373,128,3.13157225,0.132235676,967.968735,3008656476
3,7530,374,128,2.82298017,0.130655688,979.674149,3008656476
3,7531,375,128,2.16312218,0.130535588,980.575504,3008656476
3,7532,376,128,3.22082758,0.143162165,894.090977,3008656476
3,7533,377,128,1.9169662,0.144076075,888.419538,3008656476
3,7534,378,128,2.58315802,0.129557096,987.981392,3008656476
3,7535,379,128,1.77674365,0.128890688,993.089586,3008656476
3,7536,380,128,2.2169857,0.128953795,992.603591,3008656476
3,7537,381,128,2.17050123,0.128677231,994.736979,3008656476
3,7538,382,128,1.88284552,0.130163206,983.380818,3008656476
3,7539,383,128,2.06864357,0.128288812,997.748736,3008656476
3,7540,384,128,3.3165772,0.140094977,913.665877,3008656476
3,7541,385,128,3.20514727,0.142338848,899.262582,3008656476
3,7542,386,128,2.60229349,0.130414527,981.485751,3008656476
3,7543,387,128,2.08008504,0.128650998,994.939814,3008656476
3,7544,388,128,2.85364437,0.128761289,994.087594,3008656476
3,7545,389,128,3.22221947,0.129889346,985.454188,3008656476
3,7546,390,128,2.87751698,0.1296649,987.159979,3008656476
3,7547,391,128,2.92534709,0.130749055,978.974571,3008656476
3,7548,392,128,2.13624096,0.137135327,933.384583,3008656476
3,7549,393,128,2.81893897,0.142269568,899.70049,3008656476
3,7550,394,128,2.41388392,0.130988451,977.185386,3008656476
3,7551,395,128,2.79002166,0.129769492,986.364345,3008656476
3,7552,396,128,2.64352226,0.129739914,986.589216,3008656476
3,7553,397,128,3.20446968,0.1295324,988.169755,3008656476
3,7554,398,128,2.56261039,0.130748484,978.978846,3008656476
3,7555,399,128,3.27314425,0.130152256,983.463552,3008656476
3,7556,400,128,2.54974818,0.137122142,933.474333,3008656476
3,7557,401,128,2.94034767,0.130017662,984.481631,3008656476
3,7558,402,128,2.69263268,0.130191357,983.168184,3008656476
3,7559,403,128,2.4721663,0.129320149,989.791622,3008656476
3,7560,404,128,2.61553311,0.129662071,987.181517,3008656476
3,7561,405,128,2.29949832,0.128974577,992.44365,3008656476
3,7562,406,128,2.45552039,0.129320503,989.788912,3008656476
3,7563,407,128,1.69020855,0.129818831,985.989467,3008656476
3,7564,408,128,2.07784963,0.133041484,962.105925,3008656476
3,7565,409,128,2.86264277,0.142465608,898.462456,3008656476
3,7566,410,128,1.99424863,0.128977534,992.420897,3008656476
3,7567,411,128,2.74335003,0.12896279,992.534358,3008656476
3,7568,412,128,2.1032939,0.129765501,986.394681,3008656476
3,7569,413,128,2.16718197,0.129724024,986.710064,3008656476
3,7570,414,128,2.28055382,0.129947154,985.015801,3008656476
3,7571,415,128,3.06177354,0.130156237,983.433472,3008656476
3,7572,416,128,2.49465799,0.133645046,957.760903,3008656476
3,7573,417,128,2.06380558,0.14501348,882.676562,3008656476
3,7574,418,128,2.36778831,0.12955612,987.988834,3008656476
3,7575,419,128,1.64705503,0.130119618,983.710235,3008656476
3,7576,420,128,1.52709401,0.130654423,979.683635,3008656476
3,7577,421,128,2.66314435,0.130583299,980.217233,3008656476
3,7578,422,128,2.26309323,0.131231903,975.372581,3008656476
3,7579,423,128,2.59329557,0.139290806,918.940766,3008656476
3,7580,424,128,3.08115363,0.129081235,991.623608,3008656476
3,7581,425,128,3.20749187,0.143628945,891.185269,3008656476
3,7582,426,128,3.64121819,0.131592292,972.701349,3008656476
3,7583,427,128,2.5421586,0.131716419,971.784695,3008656476
3,7584,428,128,1.8065356,0.13207961,969.112492,3008656476
3,7585,429,128,1.65200007,0.131717859,971.774071,3008656476
3,7586,430,128,1.84716678,0.131639361,972.35355,3008656476
3,7587,431,128,1.76014757,0.144779994,884.10005,3008656476
3,7588,432,128,1.9870826,0.134337648,952.822994,3008656476
3,7589,433,128,1.87670565,0.145479259,879.850508,3008656476
3,7590,434,128,2.57742023,0.132554819,965.638224,3008656476
3,7591,435,128,2.62033939,0.133080833,961.821452,3008656476
3,7592,436,128,3.16184568,0.131188509,975.695211,3008656476
3,7593,437,128,2.0728941,0.133328015,960.038294,3008656476
3,7594,438,128,2.05561209,0.131358111,974.43545,3008656476
3,7595,439,128,2.60627103,0.147115567,870.064281,3008656476
3,7596,440,128,2.36503744,0.131627845,972.43862,3008656476
3,7597,441,128,2.09382319,0.145930925,877.127312,3008656476
3,7598,442,128,2.10896826,0.134010017,955.152479,3008656476
3,7599,443,128,2.0209136,0.131184351,975.726137,3008656476
3,7600,444,128,1.91964507,0.130260141,982.649021,3008656476
3,7601,445,128,2.17343497,0.130107369,983.802847,3008656476
3,7602,446,128,2.31212163,0.130256495,982.676526,3008656476
3,7603,447,128,2.85488677,0.145305489,880.902717,3008656476
3,7604,448,128,2.58688736,0.129028016,992.032614,3008656476
3,7605,449,128,2.65177917,0.145810711,877.850462,3008656476
3,7606,450,128,2.42419505,0.129793921,986.178698,3008656476
3,7607,451,128,3.16354847,0.129312656,989.848975,3008656476
3,7608,452,128,2.40846229,0.129238929,990.413655,3008656476
3,7609,453,128,2.26633048,0.128939759,992.711643,3008656476
3,7610,454,128,2.71844339,0.129071395,991.699206,3008656476
3,7611,455,128,3.01645494,0.145857856,877.566718,3008656476
3,7612,456,128,2.80061126,0.128590481,995.40805,3008656476
3,7613,457,128,2.87081385,0.137346565,931.949044,3008656476
3,7614,458,128,2.67358398,0.128730434,994.325864,3008656476
3,7615,459,128,2.01893711,0.128858543,993.337322,3008656476
3,7616,460,128,2.94480968,0.129655129,987.234373,3008656476
3,7617,461,128,2.94006753,0.130031449,984.377249,3008656476
3,7618,462,128,2.59106445,0.129114768,991.366069,3008656476
3,7619,463,128,2.05913305,0.143614658,891.273926,3008656476
3,7620,464,128,2.16018629,0.129026174,992.046776,3008656476
3,7621,465,128,2.00573373,0.138317635,925.406222,3008656476
3,7622,466,128,2.03017497,0.129086439,991.583632,3008656476
3,7623,467,128,2.43680215,0.129366765,989.43496,3008656476
3,7624,468,128,3.16026258,0.129149496,991.099493,3008656476
3,7625,469,128,3.00061107,0.129235856,990.437205,3008656476
3,7626,470,128,2.8874011,0.130295965,982.378848,3008656476
3,7627,471,128,1.75066102,0.14248894,898.315336,3008656476
3,7628,472,128,3.28903913,0.129578605,987.817395,3008656476
3,7629,473,128,2.68313575,0.138039511,927.270744,3008656476
3,7630,474,128,2.25710773,0.130194187,983.146813,3008656476
3,7631,475,128,1.86078417,0.129030025,992.017168,3008656476
3,7632,476,128,2.30072761,0.130765287,978.85305,3008656476
3,7633,477,128,2.53273654,0.129641101,987.341198,3008656476
3,7634,478,128,2.6874876,0.130048906,984.245112,3008656476
3,7635,479,128,3.14175367,0.144896575,883.388721,3008656476
3,7636,480,128,2.82802296,0.130218469,982.963484,3008656476
3,7637,481,128,2.27187181,0.133841592,956.354434,3008656476
3,7638,482,128,2.19252849,0.12993455,985.11135,3008656476
3,7639,483,128,2.71462584,0.130800215,978.591664,3008656476
3,7640,484,128,2.70890689,0.129526806,988.212432,3008656476
3,7641,485,128,2.30090666,0.129764758,986.400329,3008656476
3,7642,486,128,1.9080472,0.13018175,983.240738,3008656476
3,7643,487,128,2.72749805,0.145517356,879.62016,3008656476
3,7644,488,128,2.14836359,0.130671229,979.557635,3008656476
3,7645,489,128,3.10615706,0.133026,962.217912,3008656476
3,7646,490,128,3.15451217,0.129899968,985.373607,3008656476
3,7647,491,128,2.95335865,0.129574906,987.845594,3008656476
3,7648,492,128,2.3727107,0.129569797,987.884545,3008656476
3,7649,493,128,2.54636359,0.130052275,984.219615,3008656476
3,7650,494,128,2.56973171,0.130611213,980.007743,3008656476
3,7651,495,128,2.68800449,0.14436464,886.64371,3008656476
3,7652,496,128,3.10879564,0.130180114,983.253095,3008656476
3,7653,497,128,3.27316213,0.133597523,958.101596,3008656476
3,7654,498,128,3.28131509,0.12997939,984.771509,3008656476
3,7655,499,128,2.82292414,0.130635722,979.82388,3008656476
3,7656,500,128,3.04789448,0.130633473,979.840749,3008656476
3,7657,501,128,3.14824247,0.129564702,987.923393,3008656476
3,7658,502,128,2.39294863,0.129656884,987.22101,3008656476
3,7659,503,128,3.01605701,0.145354898,880.60328,3008656476
3,7660,504,128,3.07640839,0.129884907,985.487867,3008656476
3,7661,505,128,3.09754252,0.133729163,957.158462,3008656476
3,7662,506,128,3.09107494,0.129891539,985.43755,3008656476
3,7663,507,128,2.34383559,0.128486037,996.2172,3008656476
3,7664,508,128,2.95215702,0.130258108,982.664357,3008656476
3,7665,509,128,2.94641256,0.12886967,993.251554,3008656476
3,7666,510,128,2.84906983,0.12919739,990.732088,3008656476
3,7667,511,128,3.05007195,0.145722403,878.382441,3008656476
3,7668,512,128,2.9746089,0.12921367,990.607263,3008656476
3,7669,513,128,3.08472967,0.13341103,959.44091,3008656476
3,7670,514,128,2.72326326,0.129614845,987.541203,3008656476
3,7671,515,128,3.25016403,0.129510876,988.333984,3008656476
3,7672,516,128,2.821311,0.12948209,988.553707,3008656476
3,7673,517,128,3.00610352,0.129615512,987.536121,3008656476
3,7674,518,128,3.18105054,0.13002772,984.405479,3008656476
3,7675,519,128,2.7934792,0.147826512,865.879863,3008656476
3,7676,520,128,2.42400861,0.140502243,911.017485,3008656476
3,7677,521,128,2.79215527,0.125140296,1022.85198,3008656476
3,7678,522,128,2.32208824,0.129819658,985.983186,3008656476
3,7679,523,128,2.80123043,0.1290184,992.106552,3008656476
3,7680,524,128,2.24525523,0.130782311,978.725632,3008656476
3,7681,525,128,2.58028388,0.130040375,984.309681,3008656476
3,7682,526,128,3.09963012,0.131002241,977.082522,3008656476
3,7683,527,128,2.72738123,0.150225741,852.051048,3008656476
3,7684,528,128,3.06136417,0.147360386,868.618789,3008656476
3,7685,529,128,2.328897,0.133305173,960.202797,3008656476
3,7686,530,128,1.94053948,0.132790224,963.926381,3008656476
3,7687,531,128,3.1042366,0.139873021,915.115718,3008656476
3,7688,532,128,3.531353,0.134025646,955.041097,3008656476
3,7689,533,128,3.20390391,0.1332175,960.834725,3008656476
3,7690,534,128,2.99172354,0.14527088,881.112581,3008656476
3,7691,535,128,2.8535068,0.14475299,884.264981,3008656476
3,7692,536,128,2.82246971,0.148036609,864.650986,3008656476
3,7693,537,128,3.02579904,0.139849933,915.266795,3008656476
3,7694,538,128,2.11649823,0.136841841,935.386422,3008656476
3,7695,539,128,2.38357759,0.133076369,961.853716,3008656476
3,7696,540,128,2.5747633,0.13382965,956.439773,3008656476
3,7697,541,128,2.87389016,0.133853532,956.269126,3008656476
3,7698,542,128,2.79906559,0.144740793,884.339496,3008656476
3,7699,543,128,3.20945311,0.132519489,965.895665,3008656476
3,7700,544,128,2.28946257,0.145856308,877.576032,3008656476
3,7701,545,128,2.03219843,0.131307824,974.80863,3008656476
3,7702,546,128,2.53821158,0.131803787,971.140533,3008656476
3,7703,547,128,3.10813427,0.131717755,971.774838,3008656476
3,7704,548,128,3.03321576,0.131962821,969.970171,3008656476
3,7705,549,128,2.95415521,0.13420553,953.760996,3008656476
3,7706,550,128,2.55717731,0.143572735,891.534176,3008656476
3,7707,551,128,2.22571158,0.144107726,888.224411,3008656476
3,7708,552,128,2.62834764,0.125038632,1023.68362,3008656476
3,7709,553,128,2.97208762,0.132051094,969.321769,3008656476
3,7710,554,128,3.29939246,0.131404978,974.087907,3008656476
3,7711,555,128,3.28028297,0.129871161,985.592175,3008656476
3,7712,556,128,2.26879597,0.130635576,979.824975,3008656476
3,7713,557,128,2.63694668,0.129677187,987.066445,3008656476
3,7714,558,128,3.36402416,0.13607234,940.676114,3008656476
3,7715,559,128,3.52426553,0.14341629,892.506702,3008656476
3,7716,560,128,3.17952824,0.126851022,1009.0577,3008656476
3,7717,561,128,3.05772734,0.132091943,969.022009,3008656476
3,7718,562,128,3.22221327,0.129500812,988.410791,3008656476
3,7719,563,128,3.43490505,0.131099771,976.355634,3008656476
3,7720,564,128,2.92493796,0.13070768,979.284461,3008656476
3,7721,565,128,2.61535454,0.130537629,980.560172,3008656476
3,7722,566,128,1.95608425,0.136049489,940.834111,3008656476
3,7723,567,128,3.04375982,0.143466721,892.192971,3008656476
3,7724,568,128,2.78156662,0.125183357,1022.50014,3008656476
3,7725,569,128,3.03779817,0.131952622,970.045142,3008656476
3,7726,570,128,3.36295557,0.130982527,977.229581,3008656476
3,7727,571,128,2.35887647,0.129492616,988.47335,3008656476
3,7728,572,128,2.26797819,0.130184506,983.219923,3008656476
3,7729,573,128,3.106323,0.129704795,986.856346,3008656476
3,7730,574,128,2.77170181,0.133946537,955.605146,3008656476
3,7731,575,128,2.97266006,0.143556858,891.632777,3008656476
3,7732,576,128,2.25729752,0.127859587,1001.09818,3008656476
3,7733,577,128,3.36695242,0.131722268,971.741543,3008656476
3,7734,578,128,2.44871593,0.132100963,968.955843,3008656476
3,7735,579,128,2.5702529,0.131422596,973.957325,3008656476
3,7736,580,128,2.356565,0.130341183,982.038041,3008656476
3,7737,581,128,2.90784788,0.139640187,916.641568,3008656476
3,7738,582,128,2.81659245,0.132328651,967.288634,3008656476
3,7739,583,128,2.57971191,0.142821612,896.222905,3008656476
3,7740,584,128,2.92412853,0.129063994,991.756074,3008656476
3,7741,585,128,2.34102798,0.130131436,983.620898,3008656476
3,7742,586,128,3.27008128,0.128724559,994.371245,3008656476
3,7743,587,128,3.01399088,0.129208867,990.644086,3008656476
3,7744,588,128,2.7551918,0.129537162,988.133428,3008656476
3,7745,589,128,3.32018995,0.144158819,887.909605,3008656476
3,7746,590,128,2.89053154,0.129880928,985.518059,3008656476
3,7747,591,128,2.75347018,0.140511329,910.958575,3008656476
3,7748,592,128,2.71098685,0.130770304,978.815496,3008656476
3,7749,593,128,2.45609903,0.129155472,991.053635,3008656476
3,7750,594,128,2.44176245,0.129763661,986.408668,3008656476
3,7751,595,128,2.61902189,0.130691263,979.407476,3008656476
3,7752,596,128,2.80939674,0.129946485,985.020872,3008656476
3,7753,597,128,2.78112435,0.144330453,886.853726,3008656476
3,7754,598,128,2.46186161,0.130840742,978.288552,3008656476
3,7755,599,128,3.10456538,0.144248934,887.354911,3008656476
3,7756,600,128,2.92746568,0.130548188,980.480863,3008656476
3,7757,601,128,2.52201104,0.130806722,978.542983,3008656476
3,7758,602,128,2.96680737,0.129995376,984.650408,3008656476
3,7759,603,128,2.18693018,0.129808694,986.066465,3008656476
3,7760,604,128,3.12616181,0.129409281,989.109892,3008656476
3,7761,605,128,2.04959607,0.143696062,890.769018,3008656476
3,7762,606,128,2.26457477,0.130342101,982.031124,3008656476
3,7763,607,128,2.13115287,0.14414418,887.999779,3008656476
3,7764,608,128,2.92817521,0.130359008,981.903759,3008656476
3,7765,609,128,2.30334234,0.129124002,991.295174,3008656476
3,7766,610,128,2.41491151,0.129181007,990.857735,3008656476
3,7767,611,128,1.98127222,0.129612355,987.560175,3008656476
3,7768,612,128,2.48150206,0.129491944,988.47848,3008656476
3,7769,613,128,2.67584896,0.143894008,889.543642,3008656476
3,7770,614,128,3.11408067,0.128969312,992.484166,3008656476
3,7771,615,128,2.1754601,0.144552165,885.493483,3008656476
3,7772,616,128,2.86272502,0.130212393,983.009351,3008656476
3,7773,617,128,3.08346653,0.130608233,980.030103,3008656476
3,7774,618,128,2.4409914,0.131184875,975.722239,3008656476
3,7775,619,128,2.63843441,0.130320038,982.197381,3008656476
3,7776,620,128,2.41549134,0.131995568,969.729529,3008656476
3,7777,621,128,2.44675231,0.144683508,884.689636,3008656476
3,7778,622,128,2.91730142,0.133196424,960.98676,3008656476
3,7779,623,128,2.94101572,0.145877195,877.450379,3008656476
3,7780,624,128,3.05710554,0.13182337,970.996266,3008656476
3,7781,625,128,2.95552468,0.133152559,961.303342,3008656476
3,7782,626,128,2.7882483,0.133700349,957.364741,3008656476
3,7783,627,128,2.36067533,0.132875613,963.306939,3008656476
3,7784,628,128,2.48674655,0.133196274,960.987843,3008656476
3,7785,629,128,3.30861115,0.153684843,832.873285,3008656476
3,7786,630,128,3.1715374,0.134276124,953.259568,3008656476
3,7787,631,128,2.32620668,0.142048057,901.103491,3008656476
3,7788,632,128,3.49030995,0.131629826,972.423985,3008656476
3,7789,633,128,3.0814476,0.132750754,964.212979,3008656476
3,7790,634,128,3.11576128,0.132639503,965.02171,3008656476
3,7791,635,128,2.2968452,0.132646739,964.969067,3008656476
3,7792,636,128,2.70403695,0.136618344,936.916641,3008656476
3,7793,637,128,2.56648731,0.13207775,969.12614,3008656476
3,7794,638,128,2.65685821,0.143622283,891.226607,3008656476
3,7795,639,128,3.34664321,0.125667946,1018.55727,3008656476
3,7796,640,128,2.70080447,0.132775559,964.032846,3008656476
3,7797,641,128,2.75829268,0.132110011,968.889481,3008656476
3,7798,642,128,2.26632547,0.132470433,966.253353,3008656476
3,7799,643,128,2.81753087,0.130557166,980.413438,3008656476
3,7800,644,128,3.13488078,0.139150424,919.86784,3008656476
3,7801,645,128,3.627316,0.128243552,998.100864,3008656476
3,7802,646,128,2.6577456,0.141082226,907.272331,3008656476
3,7803,647,128,2.55241561,0.130142314,983.538682,3008656476
3,7804,648,128,2.81390262,0.130446249,981.247073,3008656476
3,7805,649,128,2.71537471,0.129798243,986.14586,3008656476
3,7806,650,128,2.34234309,0.129273287,990.150425,3008656476
3,7807,651,128,2.52127886,0.128958495,992.567415,3008656476
3,7808,652,128,1.87334061,0.139153508,919.847454,3008656476
3,7809,653,128,2.21287584,0.126422669,1012.47665,3008656476
3,7810,654,128,3.34828162,0.142284206,899.60793,3008656476
3,7811,655,128,3.26194549,0.126069044,1015.31665,3008656476
3,7812,656,128,3.09896898,0.130609539,980.020303,3008656476
3,7813,657,128,2.50514603,0.12922837,990.494579,3008656476
3,7814,658,128,2.78272653,0.129863926,985.647084,3008656476
3,7815,659,128,3.14905643,0.129447416,988.818502,3008656476
3,7816,660,128,2.86665535,0.138520663,924.049865,3008656476
3,7817,661,128,2.9803834,0.125204819,1022.32487,3008656476
3,7818,662,128,2.85330915,0.131331613,974.632056,3008656476
3,7819,663,128,2.30230451,0.135589481,944.026034,3008656476
3,7820,664,128,2.09431577,0.133915911,955.823688,3008656476
3,7821,665,128,3.55616665,0.132131186,968.734209,3008656476
3,7822,666,128,3.23409367,0.134079013,954.660965,3008656476
3,7823,667,128,2.68717408,0.13100355,977.072759,3008656476
3,7824,668,128,2.27242064,0.148952307,859.335465,3008656476
3,7825,669,128,2.3274529,0.130113173,983.758962,3008656476
3,7826,670,128,2.59081435,0.143079908,894.604992,3008656476
3,7827,671,128,2.07876587,0.129294797,989.985699,3008656476
3,7828,672,128,2.31253457,0.128683784,994.686323,3008656476
3,7829,673,128,2.51986957,0.128973437,992.452423,3008656476
3,7830,674,128,3.08897138,0.129362628,989.466602,3008656476
3,7831,675,128,2.95553899,0.128875726,993.20488,3008656476
3,7832,676,128,2.55186605,0.14471064,884.523764,3008656476
3,7833,677,128,3.31918526,0.130093396,983.908514,3008656476
3,7834,678,128,2.82482743,0.143829951,889.939815,3008656476
3,7835,679,128,2.56833673,0.129712391,986.798555,3008656476
3,7836,680,128,2.80705619,0.129787696,986.225998,3008656476
3,7837,681,128,2.94638872,0.129778105,986.298883,3008656476
3,7838,682,128,2.80750465,0.130298347,982.360889,3008656476
3,7839,683,128,2.54147005,0.130569822,980.318408,3008656476
3,7840,684,128,2.59011555,0.142457638,898.512721,3008656476
3,7841,685,128,2.26863146,0.130686799,979.44093,3008656476
3,7842,686,128,2.35414481,0.206926402,618.577421,3008656476
3,7843,687,128,2.04277635,0.129622501,987.482875,3008656476
3,7844,688,128,2.9654851,0.13012202,983.692076,3008656476
3,7845,689,128,1.98283172,0.129032963,991.99458,3008656476
3,7846,690,128,2.4857502,0.129797829,986.149006,3008656476
3,7847,691,128,2.79101133,0.128959906,992.556555,3008656476
3,7848,692,128,2.64985919,0.147600236,867.207285,3008656476
3,7849,693,128,2.22682977,0.129408954,989.112392,3008656476
3,7850,694,128,2.94035959,0.144765207,884.190357,3008656476
3,7851,695,128,2.63518143,0.131990654,969.765632,3008656476
3,7852,696,128,3.26698589,0.131490156,973.456903,3008656476
3,7853,697,128,3.02571583,0.132639366,965.022707,3008656476
3,7854,698,128,2.55772519,0.134116334,954.395309,3008656476
3,7855,699,128,2.44484997,0.132876531,963.300284,3008656476
3,7856,700,128,3.16560936,0.136543679,937.428967,3008656476
3,7857,701,128,2.74718189,0.144047506,888.595739,3008656476
3,7858,702,128,2.37664032,0.126665121,1010.53865,3008656476
3,7859,703,128,1.97581637,0.131883107,970.556449,3008656476
3,7860,704,128,2.69805455,0.131389603,974.201893,3008656476
3,7861,705,128,2.99232721,0.131612824,972.549605,3008656476
3,7862,706,128,2.75671935,0.131745035,971.573616,3008656476
3,7863,707,128,2.86455989,0.140480009,911.161673,3008656476
3,7864,708,128,2.14710927,0.127726786,1002.13905,3008656476
3,7865,709,128,3.0160687,0.143054242,894.765497,3008656476
3,7866,710,128,2.00538898,0.128558749,995.653746,3008656476
3,7867,711,128,2.88970685,0.130586561,980.192747,3008656476
3,7868,712,128,2.7138555,0.129043229,991.915663,3008656476
3,7869,713,128,2.94859529,0.128515657,995.987594,3008656476
3,7870,714,128,2.01887465,0.128835932,993.511655,3008656476
3,7871,715,128,1.60939968,0.136743234,936.060939,3008656476
3,7872,716,128,2.11871123,0.12512938,1022.94121,3008656476
3,7873,717,128,2.89077115,0.13904595,920.558995,3008656476
3,7874,718,128,3.3370533,0.122898646,1041.50863,3008656476
3,7875,719,128,3.1558125,0.129979007,984.774411,3008656476
3,7876,720,128,3.01621556,0.12964994,987.273885,3008656476
3,7877,721,128,2.97951055,0.1289,993.017843,3008656476
3,7878,722,128,2.47365165,0.129743214,986.564122,3008656476
3,7879,723,128,3.07778192,0.128083153,999.350789,3008656476
3,7880,724,128,2.56279588,0.137863923,928.451746,3008656476
3,7881,725,128,2.78143215,0.12935796,989.502308,3008656476
3,7882,726,128,2.5265739,0.13763215,930.015262,3008656476
3,7883,727,128,3.02861857,0.131097281,976.374178,3008656476
3,7884,728,128,2.72043943,0.132274125,967.687369,3008656476
3,7885,729,128,2.86603498,0.13110365,976.326746,3008656476
3,7886,730,128,2.66959977,0.130652175,979.700491,3008656476
3,7887,731,128,3.22110581,0.130180398,983.25095,3008656476
3,7888,732,128,2.6814568,0.135750185,942.908476,3008656476
3,7889,733,128,2.27461553,0.130984921,977.21172,3008656476
3,7890,734,128,1.80647302,0.138994513,920.899662,3008656476
3,7891,735,128,1.92720175,0.131821767,971.008073,3008656476
3,7892,736,128,1.73376572,0.132162165,968.507137,3008656476
3,7893,737,128,1.78179777,0.132827721,963.654266,3008656476
3,7894,738,128,2.05638433,0.132170927,968.442931,3008656476
3,7895,739,128,2.37767887,0.143240745,893.600491,3008656476
3,7896,740,128,2.19140339,0.126398209,1012.67258,3008656476
3,7897,741,128,2.55122995,0.145880969,877.427679,3008656476
3,7898,742,128,2.59644079,0.127499779,1003.92331,3008656476
3,7899,743,128,2.61895752,0.13324488,960.637287,3008656476
3,7900,744,128,2.37041903,0.12998061,984.762266,3008656476
3,7901,745,128,1.90201604,0.130160783,983.399124,3008656476
3,7902,746,128,1.93280256,0.130411046,981.51195,3008656476
3,7903,747,128,2.01243138,0.146479083,873.844902,3008656476
3,7904,748,128,2.66950917,0.129945087,985.031469,3008656476
3,7905,749,128,3.28440142,0.144335233,886.824356,3008656476
3,7906,750,128,2.32783031,0.130387324,981.690521,3008656476
3,7907,751,128,2.79311132,0.128321763,997.49253,3008656476
3,7908,752,128,2.11583233,0.128399085,996.891839,3008656476
3,7909,753,128,2.44321728,0.129660282,987.195138,3008656476
3,7910,754,128,2.63457131,0.128805338,993.747635,3008656476
3,7911,755,128,2.45989084,0.145008343,882.707832,3008656476
3,7912,756,128,3.03903937,0.129588668,987.740687,3008656476
3,7913,757,128,1.94505119,0.143946236,889.220889,3008656476
3,7914,758,128,2.71336913,0.129486181,988.522474,3008656476
3,7915,759,128,2.24388719,0.129807916,986.072375,3008656476
3,7916,760,128,2.7730279,0.130043199,984.288306,3008656476
3,7917,761,128,3.12853003,0.130117309,983.727691,3008656476
3,7918,762,128,3.53146052,0.129568172,987.896935,3008656476
3,7919,763,128,2.94412422,0.143516925,891.88087,3008656476
3,7920,764,128,3.24795508,0.129917777,985.238533,3008656476
3,7921,765,128,3.36852407,0.143624597,891.212248,3008656476
3,7922,766,128,2.7307806,0.130222308,982.934506,3008656476
3,7923,767,128,3.18057609,0.130277251,982.519964,3008656476
3,7924,768,128,2.58776712,0.129740372,986.585733,3008656476
3,7925,769,128,2.49474454,0.129968906,984.850946,3008656476
3,7926,770,128,2.13291216,0.129269713,990.1778,3008656476
3,7927,771,128,3.16067195,0.142186336,900.22715,3008656476
3,7928,772,128,2.55411458,0.128736305,994.280518,3008656476
3,7929,773,128,2.58237696,0.142662849,897.220271,3008656476
3,7930,774,128,2.57725906,0.129326869,989.740191,3008656476
3,7931,775,128,2.72827959,0.128442541,996.554561,3008656476
3,7932,776,128,3.03646135,0.130093621,983.906813,3008656476
3,7933,777,128,2.94071937,0.129784849,986.247632,3008656476
3,7934,778,128,2.35288739,0.130872781,978.049057,3008656476
3,7935,779,128,2.64363837,0.143490523,892.044975,3008656476
3,7936,780,128,2.24907231,0.130830385,978.365997,3008656476
3,7937,781,128,2.34164858,0.144697649,884.603177,3008656476
3,7938,782,128,1.82908309,0.1320888,969.045067,3008656476
3,7939,783,128,1.74808097,0.131842556,970.854964,3008656476
3,7940,784,128,2.52661633,0.132728257,964.37641,3008656476
3,7941,785,128,2.5881362,0.132021834,969.5366,3008656476
3,7942,786,128,2.38205671,0.131712522,971.813447,3008656476
3,7943,787,128,3.0795002,0.146274482,875.06719,3008656476
3,7944,788,128,3.11138463,0.133188048,961.047195,3008656476
3,7945,789,128,3.04607177,0.147305881,868.940188,3008656476
3,7946,790,128,2.94573236,0.133327438,960.042448,3008656476
3,7947,791,128,3.38982177,0.132784766,963.966002,3008656476
3,7948,792,128,2.58227348,0.134074765,954.691213,3008656476
3,7949,793,128,2.90031576,0.132488601,966.120851,3008656476
3,7950,794,128,2.28514361,0.131792882,971.220889,3008656476
3,7951,795,128,2.47529149,0.144813922,883.892917,3008656476
3,7952,796,128,3.12578201,0.131918834,970.293597,3008656476
3,7953,797,128,2.65817451,0.144178331,887.789442,3008656476
3,7954,798,128,2.58494759,0.132832342,963.620742,3008656476
3,7955,799,128,2.54743648,0.132145509,968.62921,3008656476
3,7956,800,128,3.12396479,0.132803744,963.828249,3008656476
3,7957,801,128,2.87610197,0.132138861,968.677943,3008656476
3,7958,802,128,3.35419631,0.142587316,897.695557,3008656476
3,7959,803,128,2.65972304,0.129890401,985.446184,3008656476
3,7960,804,128,2.87469649,0.143272447,893.402763,3008656476
3,7961,805,128,3.7370894,0.123930195,1032.83949,3008656476
3,7962,806,128,3.39107609,0.131327437,974.663048,3008656476
3,7963,807,128,2.90829706,0.13113004,976.13026,3008656476
3,7964,808,128,2.43870544,0.130549503,980.470987,3008656476
3,7965,809,128,2.36539483,0.130244937,982.763729,3008656476
3,7966,810,128,2.37568045,0.13533384,945.809267,3008656476
3,7967,811,128,2.68277073,0.130032551,984.368906,3008656476
3,7968,812,128,3.29897976,0.145084891,882.242107,3008656476
3,7969,813,128,2.90947723,0.128702784,994.539481,3008656476
3,7970,814,128,2.10870862,0.129555887,987.990611,3008656476
3,7971,815,128,2.17984295,0.12923293,990.45963,3008656476
3,7972,816,128,3.24280429,0.130269423,982.579005,3008656476
3,7973,817,128,3.12065625,0.130232912,982.854472,3008656476
3,7974,818,128,2.74193454,0.143372692,892.778103,3008656476
3,7975,819,128,2.51252675,0.130157905,983.420869,3008656476
3,7976,820,128,2.43137312,0.141838729,902.433354,3008656476
3,7977,821,128,2.68353772,0.129714099,986.785561,3008656476
3,7978,822,128,2.59192967,0.130785172,978.704222,3008656476
3,7979,823,128,3.39198637,0.130252271,982.708394,3008656476
3,7980,824,128,2.90111303,0.131763111,971.44033,3008656476
3,7981,825,128,2.68457675,0.129958271,984.93154,3008656476
3,7982,826,128,2.9232378,0.143074083,894.641415,3008656476
3,7983,827,128,2.69336796,0.129909349,985.302451,3008656476
3,7984,828,128,2.50600123,0.142741188,896.72786,3008656476
3,7985,829,128,2.73469329,0.130128617,983.642207,3008656476
3,7986,830,128,3.06104827,0.129561903,987.944736,3008656476
3,7987,831,128,2.07535362,0.130325242,982.158161,3008656476
3,7988,832,128,3.09915924,0.130531079,980.609377,3008656476
3,7989,833,128,3.32723999,0.130942684,977.526931,3008656476
3,7990,834,128,3.30064702,0.143123315,894.333673,3008656476
3,7991,835,128,3.10493994,0.130127158,983.653236,3008656476
3,7992,836,128,2.46548676,0.145437976,880.100257,3008656476
3,7993,837,128,3.03025031,0.129671532,987.109491,3008656476
3,7994,838,128,2.79693723,0.12962383,987.472751,3008656476
3,7995,839,128,2.88328409,0.130722967,979.169942,3008656476
3,7996,840,128,2.77884293,0.129826694,985.92975,3008656476
3,7997,841,128,2.51259971,0.130999509,977.102899,3008656476
3,7998,842,128,2.32032657,0.144639882,884.956474,3008656476
3,7999,843,128,3.13675427,0.131669781,972.128905,3008656476
3,8000,844,128,2.30058289,0.14674376,872.268777,3008656476
3,8001,845,128,2.88327312,0.131406879,974.073815,3008656476
3,8002,846,128,2.63548279,0.131267927,975.104909,3008656476
3,8003,847,128,3.41664457,0.120917276,1058.57495,3008656476
3,8004,848,128,2.48013616,0.134399218,952.386494,3008656476
3,8005,849,128,2.56562567,0.132967013,962.644773,3008656476
3,8006,850,128,2.49145293,0.149204653,857.882093,3008656476
3,8007,851,128,2.4904027,0.1399502,914.611055,3008656476
3,8008,852,128,1.92254925,0.147946438,865.177977,3008656476
3,8009,853,128,2.62965107,0.133074651,961.866133,3008656476
3,8010,854,128,3.37535429,0.135444781,945.034567,3008656476
3,8011,855,128,2.72278714,0.1319042,970.401246,3008656476
3,8012,856,128,3.15827656,0.133389599,959.595058,3008656476
3,8013,857,128,2.72186375,0.146929056,871.168736,3008656476
3,8014,858,128,2.94818974,0.132544324,965.714684,3008656476
3,8015,859,128,2.56766677,0.14557404,879.277651,3008656476
3,8016,860,128,2.95494914,0.132950357,962.765373,3008656476
3,8017,861,128,3.00350642,0.133134651,961.432648,3008656476
3,8018,862,128,2.52726388,0.13124193,975.298062,3008656476
3,8019,863,128,2.14538336,0.131317666,974.73557,3008656476
3,8020,864,128,2.64036822,0.130295781,982.380235,3008656476
3,8021,865,128,2.45935917,0.144040707,888.637682,3008656476
3,8022,866,128,2.67372036,0.12893122,992.777389,3008656476
3,8023,867,128,2.57642794,0.142854517,896.01647,3008656476
3,8024,868,128,2.74366474,0.129347781,989.580177,3008656476
3,8025,869,128,2.70844698,0.130101297,983.848762,3008656476
3,8026,870,128,3.09195757,0.130013146,984.515827,3008656476
3,8027,871,128,2.41653752,0.130105916,983.813834,3008656476
3,8028,872,128,2.56383061,0.130062551,984.141853,3008656476
3,8029,873,128,2.22789598,0.142443349,898.602854,3008656476
3,8030,874,128,2.80298281,0.130516318,980.720281,3008656476
3,8031,875,128,2.33026075,0.143098862,894.486498,3008656476
3,8032,876,128,2.74065876,0.131168287,975.845633,3008656476
3,8033,877,128,2.05947518,0.129785213,986.244866,3008656476
3,8034,878,128,2.39141774,0.130721233,979.18293,3008656476
3,8035,879,128,2.64077497,0.130870097,978.069115,3008656476
3,8036,880,128,2.9711585,0.130591611,980.154843,3008656476
3,8037,881,128,3.34221244,0.148082898,864.380707,3008656476
3,8038,882,128,3.90073085,0.130157859,983.421216,3008656476
3,8039,883,128,3.18348408,0.143638997,891.122903,3008656476
3,8040,884,128,2.20371914,0.129452699,988.778148,3008656476
3,8041,885,128,3.19817448,0.130187356,983.198399,3008656476
3,8042,886,128,2.75294828,0.130139485,983.560062,3008656476
3,8043,887,128,3.00938463,0.130319854,982.198768,3008656476
3,8044,888,128,2.31344056,0.131087827,976.444594,3008656476
3,8045,889,128,2.96258402,0.14578224,878.021904,3008656476
3,8046,890,128,2.23701692,0.131400902,974.118123,3008656476
3,8047,891,128,2.23867369,0.147987939,864.935351,3008656476
3,8048,892,128,2.83594036,0.132689948,964.654836,3008656476
3,8049,893,128,2.85336065,0.132126146,968.771162,3008656476
3,8050,894,128,3.08722639,0.131782038,971.300808,3008656476
3,8051,895,128,2.83474898,0.132888172,963.215899,3008656476
3,8052,896,128,2.06996846,0.132923554,962.959507,3008656476
3,8053,897,128,2.54566836,0.142657634,897.25307,3008656476
3,8054,898,128,2.07567143,0.133152217,961.305811,3008656476
3,8055,899,128,2.67080402,0.137671682,929.748211,3008656476
3,8056,900,128,2.25939894,0.132876128,963.303205,3008656476
3,8057,901,128,2.27307916,0.132701649,964.569777,3008656476
3,8058,902,128,2.26653624,0.132985624,962.510053,3008656476
3,8059,903,128,2.81205082,0.132474189,966.225957,3008656476
3,8060,904,128,2.08383942,0.149332418,857.148111,3008656476
3,8061,905,128,2.31311846,0.129411268,989.094705,3008656476
3,8062,906,128,3.10170484,0.14158923,904.023562,3008656476
3,8063,907,128,2.96776938,0.129702274,986.875527,3008656476
3,8064,908,128,2.84195757,0.129629391,987.430389,3008656476
3,8065,909,128,2.45666099,0.129154881,991.05817,3008656476
3,8066,910,128,2.78106451,0.129098807,991.488636,3008656476
3,8067,911,128,2.59852242,0.129637779,987.366499,3008656476
3,8068,912,128,3.20362091,0.143120335,894.352295,3008656476
3,8069,913,128,2.46600938,0.129571636,987.870524,3008656476
3,8070,914,128,3.20810151,0.14105385,907.454848,3008656476
3,8071,915,128,2.99091244,0.129468709,988.655877,3008656476
3,8072,916,128,2.4708693,0.129437104,988.897279,3008656476
3,8073,917,128,2.18437409,0.129085566,991.590338,3008656476
3,8074,918,128,2.57664037,0.130064224,984.129195,3008656476
3,8075,919,128,2.38554597,0.130059517,984.164811,3008656476
3,8076,920,128,2.58582187,0.143276979,893.374504,3008656476
3,8077,921,128,2.48829484,0.128821746,993.621061,3008656476
3,8078,922,128,2.80697536,0.142747892,896.685746,3008656476
3,8079,923,128,3.24586082,0.129370078,989.409622,3008656476
3,8080,924,128,2.37112999,0.130462879,981.121994,3008656476
3,8081,925,128,3.04790854,0.130144827,983.519691,3008656476
3,8082,926,128,2.38754988,0.129462034,988.706851,3008656476
3,8083,927,128,2.21024466,0.129385975,989.288058,3008656476
3,8084,928,128,2.68862247,0.141509584,904.532374,3008656476
3,8085,929,128,2.55023098,0.12920685,990.659551,3008656476
3,8086,930,128,2.15868974,0.14411574,888.175018,3008656476
3,8087,931,128,2.50768948,0.129563555,987.932139,3008656476
3,8088,932,128,2.56033897,0.129763581,986.409276,3008656476
3,8089,933,128,2.4090035,0.128947748,992.650139,3008656476
3,8090,934,128,2.53950238,0.129031738,992.003998,3008656476
3,8091,935,128,2.54555273,0.128933021,992.763522,3008656476
3,8092,936,128,2.29861307,0.142401653,898.86597,3008656476
3,8093,937,128,2.507972,0.129985443,984.725651,3008656476
3,8094,938,128,2.95498538,0.144753991,884.258866,3008656476
3,8095,939,128,2.90655994,0.130244201,982.769283,3008656476
3,8096,940,128,2.68057895,0.130607866,980.032857,3008656476
3,8097,941,128,2.27812839,0.130860113,978.143737,3008656476
3,8098,942,128,2.43668509,0.131231366,975.376573,3008656476
3,8099,943,128,2.34404445,0.132100223,968.961271,3008656476
3,8100,944,128,3.34285641,0.145533218,879.524288,3008656476
3,8101,945,128,3.15488648,0.132399425,966.77157,3008656476
3,8102,946,128,2.57449865,0.145768217,878.106371,3008656476
3,8103,947,128,3.13069081,0.132169481,968.453527,3008656476
3,8104,948,128,3.46322203,0.132513504,965.93929,3008656476
3,8105,949,128,3.44875169,0.133479817,958.946475,3008656476
3,8106,950,128,2.74841785,0.133609233,958.017624,3008656476
3,8107,951,128,2.32630134,0.133360135,959.807067,3008656476
3,8108,952,128,2.23721194,0.153608566,833.286862,3008656476
3,8109,953,128,2.83330345,0.133693482,957.413915,3008656476
3,8110,954,128,2.86512518,0.145772802,878.078752,3008656476
3,8111,955,128,2.0937283,0.133014514,962.301001,3008656476
3,8112,956,128,2.99278784,0.132100302,968.960692,3008656476
3,8113,957,128,2.79028106,0.132650986,964.938172,3008656476
3,8114,958,128,2.57738614,0.132703131,964.559005,3008656476
3,8115,959,128,2.75136709,0.131669978,972.12745,3008656476
3,8116,960,128,2.64500117,0.13652684,937.544588,3008656476
3,8117,961,128,2.5770278,0.133167541,961.195191,3008656476
3,8118,962,128,2.73825836,0.137749599,929.222306,3008656476
3,8119,963,128,2.51381445,0.131786902,971.264959,3008656476
3,8120,964,128,2.25888681,0.132797492,963.873625,3008656476
3,8121,965,128,2.37763143,0.131190192,975.682694,3008656476
3,8122,966,128,2.79794455,0.131239736,975.314367,3008656476
3,8123,967,128,3.4064362,0.141362782,905.47171,3008656476
3,8124,968,128,2.75179338,0.128759943,994.097986,3008656476
3,8125,969,128,2.5105319,0.141384348,905.333595,3008656476
3,8126,970,128,2.35524726,0.129631571,987.413784,3008656476
3,8127,971,128,2.73458791,0.130275316,982.534558,3008656476
3,8128,972,128,2.24464822,0.129383869,989.304161,3008656476
3,8129,973,128,2.31954646,0.13015522,983.441156,3008656476
3,8130,974,128,2.6913383,0.12904663,991.889521,3008656476
3,8131,975,128,2.83497906,0.137366836,931.811518,3008656476
3,8132,976,128,2.90412641,0.127011914,1007.77947,3008656476
3,8133,977,128,2.67933416,0.141036472,907.566661,3008656476
3,8134,978,128,2.82027435,0.126825386,1009.26166,3008656476
3,8135,979,128,2.93240356,0.131528294,973.174639,3008656476
3,8136,980,128,2.53401446,0.133383156,959.641411,3008656476
3,8137,981,128,2.77954197,0.131055426,976.686002,3008656476
3,8138,982,128,2.43119574,0.129566474,987.909882,3008656476
3,8139,983,128,2.37394428,0.144342504,886.779683,3008656476
3,8140,984,128,2.51812363,0.130156872,983.428674,3008656476
3,8141,985,128,2.4872148,0.141375049,905.393143,3008656476
3,8142,986,128,2.35380006,0.129886476,985.475963,3008656476
3,8143,987,128,2.2048533,0.128627146,995.124311,3008656476
3,8144,988,128,2.52569127,0.129590998,987.722928,3008656476
3,8145,989,128,2.64591169,0.12933488,989.678886,3008656476
3,8146,990,128,2.23542047,0.128926209,992.815976,3008656476
3,8147,991,128,2.20929217,0.141429471,905.044748,3008656476
3,8148,992,128,2.61289239,0.128889873,993.095866,3008656476
3,8149,993,128,1.84425974,0.142511485,898.173224,3008656476
3,8150,994,128,2.00210762,0.129782987,986.261782,3008656476
3,8151,995,128,1.84617651,0.129114538,991.367835,3008656476
3,8152,996,128,2.63030577,0.129813057,986.033323,3008656476
3,8153,997,128,2.55350137,0.129885251,985.485257,3008656476
3,8154,998,128,2.29543805,0.129994177,984.65949,3008656476
3,8155,999,128,2.52780819,0.143475276,892.139772,3008656476
3,8156,1000,128,2.84585261,0.129450717,988.793287,3008656476
3,8157,1001,128,2.34000325,0.144048372,888.590397,3008656476
3,8158,1002,128,2.22897601,0.128694588,994.602819,3008656476
3,8159,1003,128,2.27907729,0.129570765,987.877165,3008656476
3,8160,1004,128,2.76487398,0.130204422,983.06953,3008656476
3,8161,1005,128,2.47365952,0.130045419,984.271503,3008656476
3,8162,1006,128,2.66081953,0.129568249,987.896348,3008656476
3,8163,1007,128,2.73506379,0.144794087,884.014,3008656476
3,8164,1008,128,2.37408805,0.129685252,987.005061,3008656476
3,8165,1009,128,2.2725327,0.142441263,898.616014,3008656476
3,8166,1010,128,2.45201564,0.129509091,988.347606,3008656476
3,8167,1011,128,2.0399394,0.129229036,990.489475,3008656476
3,8168,1012,128,2.39828658,0.129575081,987.84426,3008656476
3,8169,1013,128,2.18805003,0.130393639,981.642977,3008656476
3,8170,1014,128,2.54314542,0.128769435,994.024708,3008656476
3,8171,1015,128,1.63334179,0.144205096,887.624665,3008656476
3,8172,1016,128,2.2051661,0.129572748,987.862046,3008656476
3,8173,1017,128,2.23902845,0.142613136,897.533029,3008656476
3,8174,1018,128,2.45906782,0.129934479,985.111889,3008656476
3,8175,1019,128,3.01508355,0.130808734,978.527932,3008656476
3,8176,1020,128,2.97061324,0.13114303,976.033572,3008656476
3,8177,1021,128,2.59822011,0.131001959,977.084625,3008656476
3,8178,1022,128,2.55653763,0.130984362,977.215891,3008656476
3,8179,1023,128,3.26183105,0.14459689,885.219592,3008656476
3,8180,1024,128,2.96225405,0.132203597,968.203611,3008656476
3,8181,1025,128,2.84664869,0.144609111,885.144782,3008656476
3,8182,1026,128,2.47977567,0.131903852,970.403806,3008656476
3,8183,1027,128,2.31877875,0.132080419,969.106556,3008656476
3,8184,1028,128,2.1180017,0.131300541,974.862701,3008656476
3,8185,1029,128,2.62571573,0.132383203,966.890037,3008656476
3,8186,1030,128,1.94572473,0.13347027,959.015068,3008656476
3,8187,1031,128,2.69971538,0.145269871,881.118701,3008656476
3,8188,1032,128,2.17593932,0.132954475,962.735553,3008656476
3,8189,1033,128,2.4133513,0.148692893,860.834687,3008656476
3,8190,1034,128,2.83487964,0.132913218,963.034391,3008656476
3,8191,1035,128,2.81588364,0.138917335,921.411284,3008656476
3,8192,1036,128,2.59821558,0.133849748,956.29616,3008656476
3,8193,1037,128,2.55252528,0.132509483,965.968602,3008656476
3,8194,1038,128,2.38884974,0.133906584,955.890265,3008656476
3,8195,1039,128,2.37064815,0.13688344,935.102157,3008656476
3,8196,1040,128,2.78176594,0.131701044,971.898142,3008656476
3,8197,1041,128,2.73891377,0.137462482,931.163166,3008656476
3,8198,1042,128,2.5850594,0.133638823,957.805502,3008656476
3,8199,1043,128,1.79936278,0.134161879,954.071313,3008656476
3,8200,1044,128,2.18081784,0.132526708,965.843051,3008656476
3,8201,1045,128,2.41233969,0.133080601,961.823129,3008656476
3,8202,1046,128,2.22740173,0.148187296,863.77175,3008656476
3,8203,1047,128,2.13082457,0.130359855,981.897379,3008656476
3,8204,1048,128,2.91206384,0.144721723,884.456026,3008656476
3,8205,1049,128,2.80962563,0.129172042,990.926504,3008656476
3,8206,1050,128,2.95268488,0.129211639,990.622834,3008656476
3,8207,1051,128,2.60424924,0.129311122,989.860717,3008656476
3,8208,1052,128,2.34485936,0.129083226,991.608313,3008656476
3,8209,1053,128,2.31504393,0.129797563,986.151027,3008656476
3,8210,1054,128,2.8540225,0.142057357,901.044499,3008656476
3,8211,1055,128,2.27875972,0.129700033,986.892579,3008656476
3,8212,1056,128,3.03470802,0.142190998,900.197634,3008656476
3,8213,1057,128,2.8796823,0.128615213,995.216639,3008656476
3,8214,1058,128,2.75251675,0.128960733,992.55019,3008656476
3,8215,1059,128,2.02051926,0.13016562,983.362581,3008656476
3,8216,1060,128,2.95736456,0.130082286,983.992548,3008656476
3,8217,1061,128,3.17996407,0.129935316,985.105543,3008656476
3,8218,1062,128,2.92299247,0.14582449,877.767514,3008656476
3,8219,1063,128,2.71868634,0.129497997,988.432277,3008656476
3,8220,1064,128,2.40226293,0.141757128,902.952831,3008656476
3,8221,1065,128,2.5407021,0.131054135,976.695623,3008656476
3,8222,1066,128,2.56427526,0.13045055,981.214721,3008656476
3,8223,1067,128,2.65389562,0.130143216,983.531865,3008656476
3,8224,1068,128,2.73779273,0.129978513,984.778153,3008656476
3,8225,1069,128,3.16290689,0.129070905,991.702971,3008656476
3,8226,1070,128,2.9334321,0.144314385,886.952468,3008656476
3,8227,1071,128,3.18566751,0.129638681,987.359629,3008656476
3,8228,1072,128,2.24987936,0.144009269,888.831677,3008656476
3,8229,1073,128,3.00227046,0.130723689,979.164534,3008656476
3,8230,1074,128,2.80129266,0.129243029,990.382236,3008656476
3,8231,1075,128,2.7887218,0.129783047,986.261326,3008656476
3,8232,1076,128,3.22522664,0.129602053,987.638676,3008656476
3,8233,1077,128,2.81737494,0.129174097,990.91074,3008656476
3,8234,1078,128,2.97506738,0.141751254,902.990248,3008656476
3,8235,1079,128,3.47982144,0.12947433,988.612955,3008656476
3,8236,1080,128,2.44211841,0.146251004,875.207667,3008656476
3,8237,1081,128,1.45137846,0.130770884,978.811155,3008656476
3,8238,1082,128,2.34376073,0.131042227,976.784377,3008656476
3,8239,1083,128,2.88572383,0.131159947,975.907683,3008656476
3,8240,1084,128,2.82902241,0.131924502,970.25191,3008656476
3,8241,1085,128,2.772053,0.131504283,973.352328,3008656476
3,8242,1086,128,2.79616427,0.145418218,880.219836,3008656476
3,8243,1087,128,2.37885857,0.13296881,962.631763,3008656476
3,8244,1088,128,2.46659946,0.148956747,859.309851,3008656476
3,8245,1089,128,2.56546974,0.132200529,968.22608,3008656476
3,8246,1090,128,2.58506203,0.132936042,962.869046,3008656476
3,8247,1091,128,2.85263252,0.133704813,957.332778,3008656476
3,8248,1092,128,2.23812461,0.133008708,962.343007,3008656476
3,8249,1093,128,3.07702971,0.132507737,965.98133,3008656476
3,8250,1094,128,3.0474577,0.145452242,880.013936,3008656476
3,8251,1095,128,2.56933784,0.132345366,967.166467,3008656476
3,8252,1096,128,2.49442363,0.144132395,888.072387,3008656476
3,8253,1097,128,2.56529188,0.134146248,954.182483,3008656476
3,8254,1098,128,2.73064876,0.132688011,964.668918,3008656476
3,8255,1099,128,3.23080349,0.133286758,960.33546,3008656476
3,8256,1100,128,2.80765414,0.132356111,967.08795,3008656476
3,8257,1101,128,2.74886751,0.14211368,900.687393,3008656476
3,8258,1102,128,2.48986411,0.128842999,993.457161,3008656476
3,8259,1103,128,2.84280372,0.142831269,896.16231,3008656476
3,8260,1104,128,2.39469576,0.125007673,1023.93715,3008656476
3,8261,1105,128,3.03927565,0.131886823,970.529103,3008656476
3,8262,1106,128,2.34566784,0.131089821,976.429741,3008656476
3,8263,1107,128,2.46649814,0.130241406,982.790373,3008656476
3,8264,1108,128,2.25294447,0.129781226,986.275164,3008656476
3,8265,1109,128,2.00631452,0.146856521,871.599021,3008656476
3,8266,1110,128,2.36536503,0.128931535,992.774964,3008656476
3,8267,1111,128,2.54753804,0.141342114,905.604115,3008656476
3,8268,1112,128,2.03659844,0.131971608,969.905588,3008656476
3,8269,1113,128,2.17576218,0.128134394,998.951148,3008656476
3,8270,1114,128,2.90842724,0.130034963,984.350647,3008656476
3,8271,1115,128,1.86142135,0.128275842,997.849618,3008656476
3,8272,1116,128,2.24000859,0.129252462,990.309956,3008656476
3,8273,1117,128,1.91765249,0.144043146,888.622635,3008656476
3,8274,1118,128,2.53121972,0.129538424,988.123802,3008656476
3,8275,1119,128,2.3744719,0.141791838,902.731792,3008656476
3,8276,1120,128,1.81210768,0.129777883,986.30057,3008656476
3,8277,1121,128,2.38444209,0.128197733,998.457594,3008656476
3,8278,1122,128,2.13715291,0.129401832,989.16683,3008656476
3,8279,1123,128,1.71507466,0.128973123,992.454839,3008656476
3,8280,1124,128,1.56880271,0.129817633,985.998566,3008656476
3,8281,1125,128,2.57469082,0.143113364,894.395858,3008656476
3,8282,1126,128,2.03470778,0.131324122,974.687651,3008656476
3,8283,1127,128,3.24771929,0.145839724,877.675824,3008656476
3,8284,1128,128,2.88809776,0.130661592,979.629882,3008656476
3,8285,1129,128,1.7213335,0.131364756,974.386159,3008656476
3,8286,1130,128,2.45615864,0.130004128,984.58412,3008656476
3,8287,1131,128,2.42473125,0.129510624,988.335907,3008656476
3,8288,1132,128,2.2388823,0.151533311,844.698761,3008656476
3,8289,1133,128,2.19176841,0.166150752,770.384717,3008656476
3,8290,1134,128,3.0646503,0.130465239,981.104246,3008656476
3,8291,1135,128,2.78104806,0.143589019,891.43307,3008656476
3,8292,1136,128,2.71083546,0.131533933,973.132918,3008656476
3,8293,1137,128,2.72254753,0.130591146,980.158333,3008656476
3,8294,1138,128,2.61707902,0.129754489,986.478395,3008656476
3,8295,1139,128,2.24749517,0.128985881,992.356675,3008656476
3,8296,1140,128,2.40592885,0.130454229,981.187049,3008656476
3,8297,1141,128,2.60231137,0.143705156,890.712648,3008656476
3,8298,1142,128,2.57295251,0.12904072,991.934949,3008656476
3,8299,1143,128,2.26576066,0.148233297,863.503697,3008656476
3,8300,1144,128,2.19396758,0.128782479,993.924026,3008656476
3,8301,1145,128,2.79496431,0.130637448,979.810934,3008656476
3,8302,1146,128,3.0468564,0.129915929,985.252547,3008656476
3,8303,1147,128,2.75879002,0.129901895,985.35899,3008656476
3,8304,1148,128,2.78061008,0.131117306,976.225061,3008656476
3,8305,1149,128,2.59180999,0.143076513,894.62622,3008656476
3,8306,1150,128,2.88180542,0.13363374,957.841934,3008656476
3,8307,1151,128,2.60613847,0.146060591,876.348638,3008656476
3,8308,1152,128,3.03184891,0.133757663,956.954519,3008656476
3,8309,1153,128,2.85817838,0.13338338,959.639799,3008656476
3,8310,1154,128,2.70082831,0.133097572,961.700488,3008656476
3,8311,1155,128,2.95297384,0.133056037,962.000694,3008656476
3,8312,1156,128,2.70853901,0.14623652,875.294352,3008656476
3,8313,1157,128,3.18320179,0.132130103,968.74215,3008656476
3,8314,1158,128,2.41184235,0.145199711,881.544454,3008656476
3,8315,1159,128,2.77651024,0.132533254,965.795347,3008656476
3,8316,1160,128,3.06029272,0.133021826,962.248105,3008656476
3,8317,1161,128,2.96474242,0.131922384,970.267487,3008656476
3,8318,1162,128,2.25259757,0.131231652,975.374447,3008656476
3,8319,1163,128,2.47413111,0.131311474,974.781534,3008656476
3,8320,1164,128,2.51547003,0.145119596,882.031121,3008656476
3,8321,1165,128,3.13747072,0.133238103,960.686148,3008656476
3,8322,1166,128,2.76515245,0.142837146,896.125438,3008656476
3,8323,1167,128,3.08567357,0.129977705,984.784275,3008656476
3,8324,1168,128,2.5663209,0.130783513,978.716637,3008656476
3,8325,1169,128,3.24256015,0.129966747,984.867306,3008656476
3,8326,1170,128,2.77290297,0.129994481,984.657187,3008656476
3,8327,1171,128,3.04041076,0.12900079,992.241985,3008656476
3,8328,1172,128,2.64615512,0.143759768,890.374281,3008656476
3,8329,1173,128,2.75485349,0.12913148,991.237768,3008656476
3,8330,1174,128,3.16050816,0.142827623,896.185187,3008656476
3,8331,1175,128,3.03176045,0.129637394,987.369431,3008656476
3,8332,1176,128,2.87718868,0.128743633,994.223924,3008656476
3,8333,1177,128,2.68829894,0.130106136,983.81217,3008656476
3,8334,1178,128,2.54445601,0.128728545,994.340455,3008656476
3,8335,1179,128,2.72430515,0.128553332,995.695701,3008656476
3,8336,1180,128,3.31434464,0.141190413,906.577134,3008656476
3,8337,1181,128,2.7510283,0.129848842,985.761583,3008656476
3,8338,1182,128,3.07778454,0.144407212,886.382323,3008656476
3,8339,1183,128,2.19478703,0.130000676,984.610265,3008656476
3,8340,1184,128,2.2027576,0.129733086,986.641141,3008656476
3,8341,1185,128,3.25810266,0.129748114,986.526864,3008656476
3,8342,1186,128,3.11588955,0.12928682,990.046781,3008656476
3,8343,1187,128,3.00039673,0.129544866,988.074664,3008656476
3,8344,1188,128,2.91497517,0.142780361,896.481835,3008656476
3,8345,1189,128,2.69564629,0.130017345,984.484032,3008656476
3,8346,1190,128,2.49738693,0.146533908,873.517957,3008656476
3,8347,1191,128,2.05490255,0.128766719,994.045674,3008656476
3,8348,1192,128,2.60996914,0.129858477,985.688443,3008656476
3,8349,1193,128,2.47571945,0.129696906,986.916373,3008656476
3,8350,1194,128,1.94838989,0.128958633,992.566353,3008656476
3,8351,1195,128,2.08109021,0.129664837,987.160459,3008656476
3,8352,1196,128,1.84853673,0.147689451,866.68343,3008656476
3,8353,1197,128,2.54363894,0.12999876,984.624776,3008656476
3,8354,1198,128,2.27452636,0.143406222,892.569361,3008656476
3,8355,1199,128,2.925138,0.130664862,979.605366,3008656476
3,8356,1200,128,2.73944163,0.131650268,972.272992,3008656476
3,8357,1201,128,3.23777485,0.131430847,973.896181,3008656476
3,8358,1202,128,2.71616077,0.131304802,974.831065,3008656476
3,8359,1203,128,2.5815196,0.132067631,969.200394,3008656476
3,8360,1204,128,2.53380585,0.147683004,866.721265,3008656476
3,8361,1205,128,2.78721404,0.134228609,953.597009,3008656476
3,8362,1206,128,2.77531195,0.146366961,874.514297,3008656476
3,8363,1207,128,2.71698284,0.1333461,959.908089,3008656476
3,8364,1208,128,2.67155409,0.133116889,961.560933,3008656476
3,8365,1209,128,2.56662822,0.133431331,959.294935,3008656476
3,8366,1210,128,2.53233743,0.133263985,960.499568,3008656476
3,8367,1211,128,2.97695661,0.147374367,868.536385,3008656476
3,8368,1212,128,2.64645457,0.132776428,964.026536,3008656476
3,8369,1213,128,2.46896362,0.144758309,884.23249,3008656476
3,8370,1214,128,3.00245738,0.132358157,967.073,3008656476
3,8371,1215,128,3.05571055,0.133058282,961.984463,3008656476
3,8372,1216,128,2.58707404,0.132394523,966.807366,3008656476
3,8373,1217,128,2.88779855,0.123004623,1040.61129,3008656476
3,8374,1218,128,2.57680941,0.133557135,958.391328,3008656476
3,8375,1219,128,3.14686894,0.145782571,878.019911,3008656476
3,8376,1220,128,2.02331924,0.131829669,970.94987,3008656476
3,8377,1221,128,2.61069894,0.145849417,877.617495,3008656476
3,8378,1222,128,2.56273866,0.130676737,979.516347,3008656476
3,8379,1223,128,2.49684334,0.131993592,969.744046,3008656476
3,8380,1224,128,2.99388719,0.133385437,959.625,3008656476
3,8381,1225,128,3.16561127,0.130801461,978.582342,3008656476
3,8382,1226,128,2.67004275,0.129973528,984.815923,3008656476
3,8383,1227,128,2.88465524,0.14349632,892.008938,3008656476
3,8384,1228,128,2.99710917,0.129756062,986.466436,3008656476
3,8385,1229,128,2.7610867,0.144207791,887.608077,3008656476
3,8386,1230,128,2.70582294,0.130112039,983.767536,3008656476
3,8387,1231,128,2.18373871,0.128972141,992.462395,3008656476
3,8388,1232,128,3.05221367,0.128991868,992.310616,3008656476
3,8389,1233,128,2.78283548,0.129733416,986.638631,3008656476
3,8390,1234,128,2.48671508,0.12839617,996.914472,3008656476
3,8391,1235,128,2.81845641,0.143083408,894.583109,3008656476
3,8392,1236,128,2.77302694,0.128111285,999.131341,3008656476
3,8393,1237,128,2.62258029,0.145882668,877.41746,3008656476
3,8394,1238,128,2.55386186,0.12820446,998.405204,3008656476
3,8395,1239,128,2.86236906,0.129667284,987.14183,3008656476
3,8396,1240,128,2.9459033,0.130211975,983.012507,3008656476
3,8397,1241,128,1.72882164,0.128710048,994.483352,3008656476
3,8398,1242,128,2.60803795,0.129515017,988.302383,3008656476
3,8399,1243,128,1.7705934,0.143217523,893.745383,3008656476
3,8400,1244,128,2.65141082,0.129391365,989.246848,3008656476
3,8401,1245,128,2.14444447,0.143868611,889.700673,3008656476
3,8402,1246,128,2.27778745,0.129958477,984.929979,3008656476
3,8403,1247,128,1.86172616,0.130599762,980.09367,3008656476
3,8404,1248,128,1.16765153,0.129419513,989.031693,3008656476
3,8405,1249,128,1.46804833,0.130046335,984.26457,3008656476
3,8406,1250,128,1.8841207,0.128840425,993.477008,3008656476
3,8407,1251,128,1.55232859,0.147991572,864.914118,3008656476
3,8408,1252,128,2.06397891,0.129037198,991.962023,3008656476
3,8409,1253,128,2.00892162,0.142600552,897.612234,3008656476
3,8410,1254,128,1.79492378,0.116879337,1095.14653,3008656476
3,8411,1255,128,1.4920212,0.129476251,988.598287,3008656476
3,8412,1256,128,1.85378993,0.129429063,988.958716,3008656476
3,8413,1257,128,2.19902444,0.129815537,986.014486,3008656476
3,8414,1258,128,1.52885449,0.128748699,994.184803,3008656476
3,8415,1259,128,2.71446609,0.140843793,908.808243,3008656476
3,8416,1260,128,3.07359195,0.128633139,995.077948,3008656476
3,8417,1261,128,2.75420976,0.144767251,884.177873,3008656476
3,8418,1262,128,3.17111945,0.130554409,980.434142,3008656476
3,8419,1263,128,3.04614449,0.130990957,977.166691,3008656476
3,8420,1264,128,2.59453201,0.13091822,977.709596,3008656476
3,8421,1265,128,2.68780875,0.131378289,974.285789,3008656476
3,8422,1266,128,2.36963391,0.133354963,959.844292,3008656476
3,8423,1267,128,2.77828979,0.134168353,954.025276,3008656476
3,8424,1268,128,2.66266155,0.133009806,962.335063,3008656476
3,8425,1269,128,2.72112203,0.139948111,914.624707,3008656476
3,8426,1270,128,1.98171389,0.134063989,954.76795,3008656476
3,8427,1271,128,2.31277537,0.13367811,957.52401,3008656476
3,8428,1272,128,2.19810963,0.132896222,963.157553,3008656476
3,8429,1273,128,3.15096641,0.144063484,888.497185,3008656476
3,8430,1274,128,2.1531117,0.145805195,877.883672,3008656476
3,8431,1275,128,2.81200862,0.138856783,921.813089,3008656476
3,8432,1276,128,2.87274051,0.148279824,863.232748,3008656476
3,8433,1277,128,2.08321977,0.132262186,967.77472,3008656476
3,8434,1278,128,2.55580544,0.133597489,958.10184,3008656476
3,8435,1279,128,2.87656498,0.133243001,960.650834,3008656476
3,8436,1280,128,2.4732852,0.132308773,967.433958,3008656476
3,8437,1281,128,2.77919602,0.132637616,965.035439,3008656476
3,8438,1282,128,2.78192401,0.144622094,885.065321,3008656476
3,8439,1283,128,1.9675504,0.132363255,967.035753,3008656476
3,8440,1284,128,2.49547935,0.145959546,876.955317,3008656476
3,8441,1285,128,2.92278385,0.131625592,972.455265,3008656476
3,8442,1286,128,2.43945479,0.13172107,971.750381,3008656476
3,8443,1287,128,2.68159342,0.131204224,975.578347,3008656476
3,8444,1288,128,2.18896079,0.132025666,969.508459,3008656476
3,8445,1289,128,2.34237528,0.131081316,976.493095,3008656476
3,8446,1290,128,2.60941172,0.144895102,883.397701,3008656476
3,8447,1291,128,2.61673522,0.130714792,979.23118,3008656476
3,8448,1292,128,2.77842903,0.143476617,892.131434,3008656476
3,8449,1293,128,2.17020535,0.130268861,982.583244,3008656476
3,8450,1294,128,2.24093509,0.133551026,958.435168,3008656476
3,8451,1295,128,2.22497272,0.130572263,980.300081,3008656476
3,8452,1296,128,2.35931802,0.129792959,986.186007,3008656476
3,8453,1297,128,2.59621024,0.132735306,964.325196,3008656476
3,8454,1298,128,2.6028378,0.142965377,895.321669,3008656476
3,8455,1299,128,2.79860616,0.130820236,978.441898,3008656476
3,8456,1300,128,2.54166484,0.14238479,898.972425,3008656476
3,8457,1301,128,2.39678884,0.128467466,996.361211,3008656476
3,8458,1302,128,2.27563596,0.129281608,990.086695,3008656476
3,8459,1303,128,2.37047291,0.12841075,996.80128,3008656476
3,8460,1304,128,2.40949845,0.128074686,999.416856,3008656476
3,8461,1305,128,2.80553818,0.129010909,992.164159,3008656476
3,8462,1306,128,2.72071981,0.140927052,908.271323,3008656476
3,8463,1307,128,2.75165415,0.129140063,991.171888,3008656476
3,8464,1308,128,2.04199648,0.141651518,903.626038,3008656476
3,8465,1309,128,2.79123282,0.129153527,991.06856,3008656476
3,8466,1310,128,3.17327213,0.129072748,991.688811,3008656476
3,8467,1311,128,2.52560687,0.12824672,998.076208,3008656476
3,8468,1312,128,2.2878623,0.12984821,985.766381,3008656476
3,8469,1313,128,2.70523977,0.128193009,998.494387,3008656476
3,8470,1314,128,2.36727071,0.139158706,919.813095,3008656476
3,8471,1315,128,2.26155591,0.129321659,989.780065,3008656476
3,8472,1316,128,2.73925996,0.14453239,885.614636,3008656476
3,8473,1317,128,2.51260662,0.130051823,984.223035,3008656476
3,8474,1318,128,1.76335442,0.129685936,986.999855,3008656476
3,8475,1319,128,2.59969473,0.13018943,983.182736,3008656476
3,8476,1320,128,2.7782023,0.130335683,982.079482,3008656476
3,8477,1321,128,2.72067666,0.130369099,981.827757,3008656476
3,8478,1322,128,3.04461646,0.133208407,960.900313,3008656476
3,8479,1323,128,2.3875649,0.1287686,994.031154,3008656476
3,8480,1324,128,1.6900574,0.141752069,902.985056,3008656476
3,8481,1325,128,2.13435936,0.129305142,989.906496,3008656476
3,8482,1326,128,2.93319654,0.130226143,982.90556,3008656476
3,8483,1327,128,2.81660986,0.129871348,985.590756,3008656476
3,8484,1328,128,2.8745575,0.130119816,983.708738,3008656476
3,8485,1329,128,2.39278126,0.129341453,989.628592,3008656476
3,8486,1330,128,2.50107431,0.134302831,953.070006,3008656476
3,8487,1331,128,2.12845945,0.129807162,986.078103,3008656476
3,8488,1332,128,2.65400934,0.141040073,907.543489,3008656476
3,8489,1333,128,2.49363995,0.130783701,978.71523,3008656476
3,8490,1334,128,2.84514213,0.129905429,985.332183,3008656476
3,8491,1335,128,2.22639585,0.129767372,986.380459,3008656476
3,8492,1336,128,2.80440402,0.13026508,982.611764,3008656476
3,8493,1337,128,2.12601161,0.129682953,987.022558,3008656476
3,8494,1338,128,2.308779,0.135896485,941.893383,3008656476
3,8495,1339,128,2.48302937,0.129643982,987.319257,3008656476
3,8496,1340,128,2.1904614,0.139903221,914.918178,3008656476
3,8497,1341,128,2.38283658,0.129539576,988.115014,3008656476
3,8498,1342,128,2.47609782,0.129806628,986.082159,3008656476
3,8499,1343,128,2.14324141,0.12919838,990.724497,3008656476
3,8500,1344,128,2.68502378,0.129643728,987.321192,3008656476
3,8501,1345,128,2.52241421,0.129725329,986.700138,3008656476
3,8502,1346,128,2.62227488,0.13744999,931.247794,3008656476
3,8503,1347,128,2.23045182,0.130442854,981.272612,3008656476
3,8504,1348,128,1.85207736,0.140595313,910.414418,3008656476
3,8505,1349,128,2.82208037,0.129994369,984.658035,3008656476
3,8506,1350,128,2.62276387,0.129233021,990.458932,3008656476
3,8507,1351,128,2.73836637,0.129605287,987.614032,3008656476
3,8508,1352,128,2.18735886,0.129568316,987.895837,3008656476
3,8509,1353,128,1.99360776,0.13014501,983.518308,3008656476
3,8510,1354,128,2.69922519,0.135655677,943.565377,3008656476
3,8511,1355,128,2.16632867,0.129034553,991.982357,3008656476
3,8512,1356,128,2.2760725,0.141919883,901.917316,3008656476
3,8513,1357,128,2.52645087,0.129411828,989.090425,3008656476
3,8514,1358,128,2.6510787,0.129862628,985.656936,3008656476
3,8515,1359,128,2.23536849,0.129828131,985.918838,3008656476
3,8516,1360,128,2.04619765,0.129091951,991.541293,3008656476
3,8517,1361,128,2.7598896,0.129885798,985.481107,3008656476
3,8518,1362,128,2.81896257,0.137061853,933.884937,3008656476
3,8519,1363,128,2.3462615,0.129120665,991.320793,3008656476
3,8520,1364,128,2.09391403,0.142496836,898.265559,3008656476
3,8521,1365,128,2.453614,0.129854946,985.715246,3008656476
3,8522,1366,128,2.85911894,0.129472532,988.626684,3008656476
3,8523,1367,128,2.88222671,0.129031221,992.007973,3008656476
3,8524,1368,128,2.69303894,0.128983689,992.37354,3008656476
3,8525,1369,128,2.39443183,0.129368533,989.421438,3008656476
3,8526,1370,128,2.25927639,0.134465662,951.915888,3008656476
3,8527,1371,128,2.81750298,0.129250514,990.324882,3008656476
3,8528,1372,128,2.41975045,0.141468421,904.795566,3008656476
3,8529,1373,128,2.90207553,0.12997981,984.768327,3008656476
3,8530,1374,128,3.10772014,0.130748011,978.982388,3008656476
3,8531,1375,128,3.0645864,0.130694025,979.386778,3008656476
3,8532,1376,128,3.21116781,0.130009443,984.543869,3008656476
3,8533,1377,128,2.68359733,0.130268865,982.583214,3008656476
3,8534,1378,128,2.35127425,0.134861153,949.124319,3008656476
3,8535,1379,128,2.43915272,0.130594672,980.131869,3008656476
3,8536,1380,128,2.83677363,0.142381287,898.994543,3008656476
3,8537,1381,128,2.18399215,0.131286162,974.969472,3008656476
3,8538,1382,128,2.52839136,0.131153189,975.957969,3008656476
3,8539,1383,128,2.40851116,0.13182184,971.007536,3008656476
3,8540,1384,128,1.95457256,0.133664984,957.61804,3008656476
3,8541,1385,128,2.66429663,0.143151841,894.155458,3008656476
3,8542,1386,128,1.78278697,0.129638612,987.360155,3008656476
3,8543,1387,128,2.26815224,0.140272118,912.512065,3008656476
3,8544,1388,128,2.85472035,0.125638824,1018.79336,3008656476
3,8545,1389,128,2.35430884,0.130668421,979.578685,3008656476
3,8546,1390,128,1.94666338,0.131796158,971.196748,3008656476
3,8547,1391,128,2.34995961,0.131919645,970.287632,3008656476
3,8548,1392,128,2.32342219,0.131019509,976.953745,3008656476
3,8549,1393,128,2.54175425,0.14321803,893.742219,3008656476
3,8550,1394,128,2.90393424,0.131817109,971.042386,3008656476
3,8551,1395,128,2.40108347,0.143973747,889.050974,3008656476
3,8552,1396,128,2.37930322,0.132565191,965.562672,3008656476
3,8553,1397,128,2.93130136,0.132978148,962.564165,3008656476
3,8554,1398,128,2.29609632,0.132106666,968.914014,3008656476
3,8555,1399,128,2.83511066,0.133390118,959.591324,3008656476
3,8556,1400,128,3.10161948,0.13629636,939.129996,3008656476
3,8557,1401,128,3.03750896,0.144831854,883.78348,3008656476
3,8558,1402,128,2.41157556,0.132694989,964.618189,3008656476
3,8559,1403,128,2.72416162,0.149266075,857.52908,3008656476
3,8560,1404,128,2.16798592,0.131221243,975.451818,3008656476
3,8561,1405,128,2.60511947,0.131708094,971.846119,3008656476
3,8562,1406,128,3.08933401,0.132980459,962.547437,3008656476
3,8563,1407,128,2.80018473,0.131110949,976.272394,3008656476
3,8564,1408,128,2.86371493,0.131207019,975.557565,3008656476
3,8565,1409,128,2.99707389,0.145221489,881.412254,3008656476
3,8566,1410,128,2.73673296,0.131765953,971.419377,3008656476
3,8567,1411,128,3.25204897,0.146916613,871.242519,3008656476
3,8568,1412,128,2.82927918,0.130266404,982.601777,3008656476
3,8569,1413,128,3.01655865,0.129558492,987.970746,3008656476
3,8570,1414,128,3.0435977,0.129888866,985.45783,3008656476
3,8571,1415,128,3.02306199,0.129617597,987.520236,3008656476
3,8572,1416,128,2.72933555,0.130005264,984.575517,3008656476
3,8573,1417,128,2.93280935,0.144306645,887.000041,3008656476
3,8574,1418,128,3.06735158,0.129328966,989.724143,3008656476
3,8575,1419,128,3.07938099,0.141332242,905.667371,3008656476
3,8576,1420,128,2.94957352,0.128750664,994.16963,3008656476
3,8577,1421,128,2.85337448,0.129523881,988.234749,3008656476
3,8578,1422,128,3.37650871,0.128979152,992.408448,3008656476
3,8579,1423,128,2.76074934,0.129833507,985.878014,3008656476
3,8580,1424,128,3.06319785,0.129982299,984.74947,3008656476
3,8581,1425,128,3.60078859,0.145069612,882.335027,3008656476
3,8582,1426,128,2.6810832,0.129122892,991.303695,3008656476
3,8583,1427,128,2.93376446,0.142452992,898.542026,3008656476
3,8584,1428,128,2.78760314,0.129978012,984.781949,3008656476
3,8585,1429,128,3.64612865,0.130095812,983.890242,3008656476
3,8586,1430,128,3.26814222,0.130515066,980.729688,3008656476
3,8587,1431,128,3.11525273,0.130111306,983.773078,3008656476
3,8588,1432,128,3.4406054,0.130760311,978.8903,3008656476
3,8589,1433,128,2.53522849,0.142015468,901.310271,3008656476
3,8590,1434,128,2.64639807,0.130790645,978.663268,3008656476
3,8591,1435,128,3.23993349,0.143577854,891.50239,3008656476
3,8592,1436,128,2.17888975,0.130874076,978.039379,3008656476
3,8593,1437,128,3.09464622,0.129865468,985.635381,3008656476
3,8594,1438,128,2.92695904,0.129681856,987.030907,3008656476
3,8595,1439,128,3.0310688,0.130536695,980.567188,3008656476
3,8596,1440,128,2.97978759,0.130312106,982.257166,3008656476
3,8597,1441,128,3.25820398,0.132703359,964.557348,3008656476
3,8598,1442,128,3.05926704,0.129222131,990.542402,3008656476
3,8599,1443,128,2.34438324,0.141913974,901.95487,3008656476
3,8600,1444,128,3.26520514,0.129663322,987.171993,3008656476
3,8601,1445,128,3.08782601,0.130044917,984.275302,3008656476
3,8602,1446,128,3.36143684,0.128515523,995.988632,3008656476
3,8603,1447,128,2.96733379,0.130080167,984.008577,3008656476
3,8604,1448,128,2.585495,0.12949343,988.467137,3008656476
3,8605,1449,128,3.30957031,0.13465724,950.561589,3008656476
3,8606,1450,128,2.51149464,0.130048704,984.24664,3008656476
3,8607,1451,128,2.79534292,0.142530107,898.055875,3008656476
3,8608,1452,128,2.85408068,0.128435286,996.610854,3008656476
3,8609,1453,128,2.72857714,0.130093807,983.905406,3008656476
3,8610,1454,128,2.82146192,0.130259417,982.654482,3008656476
3,8611,1455,128,2.01954365,0.130292611,982.404136,3008656476
3,8612,1456,128,3.16761756,0.130458272,981.156641,3008656476
3,8613,1457,128,3.0194695,0.133976839,955.389013,3008656476
3,8614,1458,128,3.26641202,0.130482434,980.974956,3008656476
3,8615,1459,128,3.19732499,0.140840999,908.826272,3008656476
3,8616,1460,128,2.79412675,0.130396429,981.621974,3008656476
3,8617,1461,128,1.95236957,0.131224986,975.423994,3008656476
3,8618,1462,128,2.10833287,0.130646303,979.744524,3008656476
3,8619,1463,128,2.88195705,0.132238175,967.950442,3008656476
3,8620,1464,128,2.178509,0.131284624,974.980893,3008656476
3,8621,1465,128,2.73869801,0.132686049,964.683182,3008656476
3,8622,1466,128,3.59515142,0.130577835,980.25825,3008656476
3,8623,1467,128,2.99359059,0.140098128,913.645327,3008656476
3,8624,1468,128,2.58894491,0.132403893,966.738946,3008656476
3,8625,1469,128,3.37275004,0.131943533,970.111964,3008656476
3,8626,1470,128,2.64072061,0.132924478,962.952813,3008656476
3,8627,1471,128,3.4230454,0.132522525,965.873537,3008656476
3,8628,1472,128,3.04070377,0.143434779,892.391656,3008656476
3,8629,1473,128,3.36460519,0.134375465,952.554843,3008656476
3,8630,1474,128,2.8398242,0.148001793,864.854387,3008656476
3,8631,1475,128,2.74571562,0.133684998,957.474675,3008656476
3,8632,1476,128,2.81782079,0.132706676,964.533239,3008656476
3,8633,1477,128,3.2498033,0.134727705,950.064428,3008656476
3,8634,1478,128,2.94529748,0.132689816,964.655795,3008656476
3,8635,1479,128,3.07116985,0.133216421,960.842508,3008656476
3,8636,1480,128,2.89386415,0.146221551,875.383958,3008656476
3,8637,1481,128,3.24352455,0.132993169,962.455448,3008656476
3,8638,1482,128,2.86348414,0.145865434,877.521127,3008656476
3,8639,1483,128,2.6280663,0.131047292,976.746624,3008656476
3,8640,1484,128,2.76606131,0.130969066,977.330021,3008656476
3,8641,1485,128,3.04216337,0.13088926,977.92592,3008656476
3,8642,1486,128,3.35837817,0.129957238,984.939369,3008656476
3,8643,1487,128,3.23064828,0.130251186,982.71658,3008656476
3,8644,1488,128,2.85873866,0.14527651,881.078434,3008656476
3,8645,1489,128,2.5648663,0.130261487,982.638867,3008656476
3,8646,1490,128,2.96616125,0.145297729,880.949764,3008656476
3,8647,1491,128,2.93358064,0.130261631,982.637781,3008656476
3,8648,1492,128,3.3069768,0.128472786,996.319952,3008656476
3,8649,1493,128,2.77540255,0.130043228,984.288086,3008656476
3,8650,1494,128,2.17794728,0.129206955,990.658746,3008656476
3,8651,1495,128,2.66504431,0.130571008,980.309503,3008656476
3,8652,1496,128,2.79123569,0.145124756,881.99976,3008656476
3,8653,1497,128,2.740978,0.129240885,990.398665,3008656476
3,8654,1498,128,2.84800291,0.147832683,865.843719,3008656476
3,8655,1499,128,2.60261464,0.130071655,984.072971,3008656476
3,8656,1500,128,3.09609461,0.130504579,980.808497,3008656476
3,8657,1501,128,3.30713034,0.13063041,979.863724,3008656476
3,8658,1502,128,2.68842435,0.131143625,976.029144,3008656476
3,8659,1503,128,3.01397395,0.130574574,980.282731,3008656476
3,8660,1504,128,2.83145308,0.144446086,886.143775,3008656476
3,8661,1505,128,2.98654532,0.130483894,980.96398,3008656476
3,8662,1506,128,2.53867841,0.142493163,898.288713,3008656476
3,8663,1507,128,2.89755678,0.129842721,985.808053,3008656476
3,8664,1508,128,2.70064259,0.129783495,986.257921,3008656476
3,8665,1509,128,3.14050174,0.130445864,981.249969,3008656476
3,8666,1510,128,3.57552552,0.129929538,985.149351,3008656476
3,8667,1511,128,2.61410093,0.1299652,984.879029,3008656476
3,8668,1512,128,2.93740153,0.140807625,909.04168,3008656476
3,8669,1513,128,3.23937845,0.129109552,991.40612,3008656476
3,8670,1514,128,3.64143562,0.144804725,883.949056,3008656476
3,8671,1515,128,2.80747199,0.13052788,980.63341,3008656476
3,8672,1516,128,3.16599965,0.13147532,973.56675,3008656476
3,8673,1517,128,3.29163694,0.131694755,971.944555,3008656476
3,8674,1518,128,3.27428079,0.131633217,972.398935,3008656476
3,8675,1519,128,2.67217112,0.135846019,942.243291,3008656476
3,8676,1520,128,3.24221539,0.129805747,986.088852,3008656476
3,8677,1521,128,2.54799724,0.131944933,970.101671,3008656476
3,8678,1522,128,3.37982535,0.142335322,899.284859,3008656476
3,8679,1523,128,3.71277595,0.133622152,957.925,3008656476
3,8680,1524,128,3.45715022,0.134301495,953.079487,3008656476
3,8681,1525,128,2.71954465,0.140113638,913.54419,3008656476
3,8682,1526,128,2.28201604,0.134501549,951.661902,3008656476
3,8683,1527,128,2.31235003,0.146576219,873.265806,3008656476
3,8684,1528,128,2.91438651,0.133276217,960.411414,3008656476
3,8685,1529,128,3.41908979,0.147406189,868.348886,3008656476
3,8686,1530,128,3.29180574,0.132566524,965.552963,3008656476
3,8687,1531,128,3.89800072,0.133504511,958.769101,3008656476
3,8688,1532,128,3.68508911,0.131914738,970.323725,3008656476
3,8689,1533,128,3.25446558,0.132023457,969.524681,3008656476
3,8690,1534,128,3.15831947,0.131972811,969.896746,3008656476
3,8691,1535,128,2.54118943,0.145619618,879.002443,3008656476
3,8692,1536,128,2.97880816,0.129865803,985.632838,3008656476
3,8693,1537,128,2.84588647,0.146684855,872.619058,3008656476
3,8694,1538,128,3.15239787,0.129237068,990.427917,3008656476
3,8695,1539,128,2.74634576,0.129252916,990.306478,3008656476
3,8696,1540,128,3.68386412,0.130203245,983.078417,3008656476
3,8697,1541,128,3.30442762,0.129595703,987.687069,3008656476
3,8698,1542,128,3.52791762,0.129574106,987.851693,3008656476
3,8699,1543,128,3.07635188,0.14404105,888.635566,3008656476
3,8700,1544,128,3.55333495,0.128779262,993.948855,3008656476
3,8701,1545,128,2.94705367,0.143397862,892.621398,3008656476
3,8702,1546,128,2.69204617,0.129776565,986.310587,3008656476
3,8703,1547,128,3.03107071,0.130563483,980.366003,3008656476
3,8704,1548,128,2.8915534,0.129621738,987.488688,3008656476
3,8705,1549,128,3.35734344,0.131026881,976.898779,3008656476
3,8706,1550,128,3.0317173,0.129980811,984.760743,3008656476
3,8707,1551,128,2.54272842,0.143756593,890.393945,3008656476
3,8708,1552,128,3.04801083,0.130632127,979.850845,3008656476
3,8709,1553,128,3.95194364,0.142794483,896.393175,3008656476
3,8710,1554,128,3.47913265,0.130816608,978.469034,3008656476
3,8711,1555,128,2.850214,0.130628476,979.878231,3008656476
3,8712,1556,128,3.29194522,0.131306359,974.819506,3008656476
3,8713,1557,128,3.37833309,0.130481265,980.983745,3008656476
3,8714,1558,128,3.06741929,0.129982769,984.745909,3008656476
3,8715,1559,128,2.80628872,0.143241191,893.597708,3008656476
3,8716,1560,128,2.9217732,0.130328624,982.132674,3008656476
3,8717,1561,128,3.19627571,0.143008821,895.049684,3008656476
3,8718,1562,128,3.7285409,0.130597283,980.112274,3008656476
3,8719,1563,128,3.68276525,0.130201097,983.094636,3008656476
3,8720,1564,128,3.20467544,0.130283346,982.473999,3008656476
3,8721,1565,128,3.11705422,0.130617394,979.961367,3008656476
3,8722,1566,128,2.42565298,0.130518638,980.702848,3008656476
3,8723,1567,128,2.1655705,0.144092908,888.315753,3008656476
3,8724,1568,128,1.76656961,0.132594102,965.352139,3008656476
3,8725,1569,128,2.53154778,0.144816898,883.874753,3008656476
3,8726,1570,128,2.74259377,0.134480756,951.809045,3008656476
3,8727,1571,128,2.96609426,0.180465978,709.274964,3008656476
3,8728,1572,128,2.24537659,0.144595615,885.227398,3008656476
3,8729,1573,128,2.84891963,0.133248655,960.610071,3008656476
3,8730,1574,128,3.34183764,0.147083208,870.255699,3008656476
3,8731,1575,128,3.3715024,0.132710107,964.508302,3008656476
3,8732,1576,128,3.05419827,0.14750355,867.775725,3008656476
3,8733,1577,128,3.15717626,0.132529644,965.821654,3008656476
3,8734,1578,128,2.78213239,0.132165245,968.484566,3008656476
3,8735,1579,128,3.02024055,0.130706699,979.291811,3008656476
3,8736,1580,128,3.3277514,0.1319811,969.835833,3008656476
3,8737,1581,128,2.85876203,0.132920992,962.978067,3008656476
3,8738,1582,128,2.70059872,0.14520485,881.513255,3008656476
3,8739,1583,128,2.79811358,0.130951734,977.459374,3008656476
3,8740,1584,128,3.28245616,0.14387848,889.639646,3008656476
3,8741,1585,128,3.25606561,0.130456485,981.170081,3008656476
3,8742,1586,128,3.40253186,0.128863935,993.295758,3008656476
3,8743,1587,128,2.79880953,0.129489081,988.500335,3008656476
3,8744,1588,128,2.88866496,0.129630444,987.422368,3008656476
3,8745,1589,128,3.21792722,0.129835941,985.859532,3008656476
3,8746,1590,128,2.68000126,0.139493608,917.604769,3008656476
3,8747,1591,128,2.53700948,0.128493782,996.157153,3008656476
3,8748,1592,128,3.0056932,0.142900528,895.727971,3008656476
3,8749,1593,128,3.34455609,0.12889153,993.083099,3008656476
3,8750,1594,128,3.18243551,0.130020617,984.459257,3008656476
3,8751,1595,128,2.68605757,0.13023952,982.804605,3008656476
3,8752,1596,128,2.8080194,0.130370925,981.814005,3008656476
3,8753,1597,128,2.64814949,0.130668683,979.576721,3008656476
3,8754,1598,128,2.96989441,0.134516614,951.555322,3008656476
3,8755,1599,128,2.73561263,0.130876098,978.024268,3008656476
3,8756,1600,128,2.17619228,0.141003656,907.777881,3008656476
3,8757,1601,128,2.62252951,0.130238659,982.811102,3008656476
3,8758,1602,128,2.60335684,0.129238742,990.415088,3008656476
3,8759,1603,128,2.83616352,0.130988052,977.188362,3008656476
3,8760,1604,128,2.30316234,0.13005232,984.219274,3008656476
3,8761,1605,128,2.05602598,0.130052692,984.216459,3008656476
3,8762,1606,128,1.89163482,0.134693906,950.30283,3008656476
3,8763,1607,128,3.11379218,0.13067259,979.547432,3008656476
3,8764,1608,128,2.77659178,0.140716452,909.630666,3008656476
3,8765,1609,128,2.81442332,0.129622479,987.483043,3008656476
3,8766,1610,128,3.14427662,0.129591394,987.71991,3008656476
3,8767,1611,128,3.28354621,0.130261954,982.635344,3008656476
3,8768,1612,128,3.33258247,0.130429394,981.373877,3008656476
3,8769,1613,128,2.80154228,0.130097256,983.879322,3008656476
3,8770,1614,128,2.66873002,0.134549499,951.322754,3008656476
3,8771,1615,128,2.70344496,0.1294511,988.790362,3008656476
3,8772,1616,128,2.74089837,0.141158465,906.782317,3008656476
3,8773,1617,128,3.07808614,0.129040459,991.936955,3008656476
3,8774,1618,128,1.92637217,0.13082514,978.405221,3008656476
3,8775,1619,128,3.19867849,0.129732003,986.649377,3008656476
3,8776,1620,128,3.73097157,0.128626123,995.132225,3008656476
3,8777,1621,128,3.1110158,0.129799836,986.133758,3008656476
3,8778,1622,128,2.80130887,0.13432416,952.918671,3008656476
3,8779,1623,128,3.18396497,0.129738975,986.596356,3008656476
3,8780,1624,128,3.04277182,0.142299626,899.510446,3008656476
3,8781,1625,128,2.67602491,0.129575189,987.843437,3008656476
3,8782,1626,128,3.09644341,0.129156233,991.047796,3008656476
3,8783,1627,128,3.12603641,0.129278765,990.108468,3008656476
3,8784,1628,128,2.91900849,0.130081717,983.996852,3008656476
3,8785,1629,128,2.54351735,0.130331546,982.110655,3008656476
3,8786,1630,128,3.10676789,0.133523851,958.63023,3008656476
3,8787,1631,128,2.92678642,0.130339409,982.051407,3008656476
3,8788,1632,128,3.08522987,0.144783971,884.075766,3008656476
3,8789,1633,128,2.84314847,0.131313323,974.767808,3008656476
3,8790,1634,128,2.96669316,0.131548717,973.023553,3008656476
3,8791,1635,128,2.81338739,0.132966879,962.645743,3008656476
3,8792,1636,128,2.60957336,0.131688129,971.993459,3008656476
3,8793,1637,128,2.97236967,0.14690091,871.335651,3008656476
3,8794,1638,128,3.0681684,0.133411716,959.435976,3008656476
3,8795,1639,128,3.40453529,0.147013258,870.669773,3008656476
3,8796,1640,128,2.63685107,0.143483483,892.088743,3008656476
3,8797,1641,128,2.1427381,0.144077852,888.408581,3008656476
3,8798,1642,128,3.12426686,0.135507796,944.595099,3008656476
3,8799,1643,128,2.42474341,0.133763299,956.914198,3008656476
3,8800,1644,128,2.56487608,0.13246896,966.264097,3008656476
3,8801,1645,128,1.97033727,0.146915571,871.248698,3008656476
3,8802,1646,128,3.27468014,0.132129287,968.748132,3008656476
3,8803,1647,128,2.9048667,0.145505981,879.688925,3008656476
3,8804,1648,128,2.42125463,0.131765931,971.419539,3008656476
3,8805,1649,128,2.24502611,0.130324429,982.164288,3008656476
3,8806,1650,128,2.44686842,0.131401086,974.116759,3008656476
3,8807,1651,128,2.52233219,0.129915047,985.259236,3008656476
3,8808,1652,128,2.76586413,0.130748749,978.976862,3008656476
3,8809,1653,128,2.29497004,0.143648515,891.063858,3008656476
3,8810,1654,128,2.38870025,0.129003243,992.223118,3008656476
3,8811,1655,128,2.62174487,0.144362429,886.657289,3008656476
3,8812,1656,128,2.92221045,0.128805815,993.743955,3008656476
3,8813,1657,128,3.06512356,0.128979684,992.404354,3008656476
3,8814,1658,128,3.14779544,0.128960856,992.549243,3008656476
3,8815,1659,128,2.93662667,0.12964273,987.328792,3008656476
3,8816,1660,128,2.25367761,0.129698549,986.90387,3008656476
3,8817,1661,128,2.40676332,0.145966404,876.914115,3008656476
3,8818,1662,128,2.81189919,0.129670834,987.114805,3008656476
3,8819,1663,128,3.05392432,0.14525073,881.234814,3008656476
3,8820,1664,128,3.18912601,0.128963529,992.528671,3008656476
3,8821,1665,128,2.80023241,0.129878648,985.535359,3008656476
3,8822,1666,128,3.04461956,0.130256703,982.674957,3008656476
3,8823,1667,128,3.186373,0.129901022,985.365612,3008656476
3,8824,1668,128,3.35039234,0.129125825,991.281179,3008656476
3,8825,1669,128,3.05994105,0.137477741,931.059814,3008656476
3,8826,1670,128,2.99412346,0.130042202,984.295852,3008656476
3,8827,1671,128,2.14469171,0.142314881,899.414025,3008656476
3,8828,1672,128,2.91278172,0.130036689,984.337582,3008656476
3,8829,1673,128,2.91655016,0.13025253,982.70644,3008656476
3,8830,1674,128,3.0938952,0.130387903,981.686161,3008656476
3,8831,1675,128,2.80483484,0.130094845,983.897556,3008656476
3,8832,1676,128,2.89475465,0.129067375,991.730094,3008656476
3,8833,1677,128,3.60815859,0.132986456,962.504031,3008656476
3,8834,1678,128,3.30220008,0.130369557,981.824307,3008656476
3,8835,1679,128,3.33987164,0.140261596,912.580518,3008656476
3,8836,1680,128,3.09061289,0.129345001,989.601446,3008656476
3,8837,1681,128,3.36465883,0.129863072,985.653566,3008656476
3,8838,1682,128,3.20092511,0.129933624,985.118371,3008656476
3,8839,1683,128,3.17482114,0.129953076,984.970914,3008656476
3,8840,1684,128,2.84456134,0.130773794,978.789374,3008656476
3,8841,1685,128,2.44917679,0.131385191,974.234608,3008656476
3,8842,1686,128,3.27760172,0.129909089,985.304423,3008656476
3,8843,1687,128,2.72543192,0.143741441,890.487803,3008656476
3,8844,1688,128,2.74009061,0.130861611,978.13254,3008656476
3,8845,1689,128,2.78651762,0.131187239,975.704657,3008656476
3,8846,1690,128,2.93845677,0.131778065,971.330092,3008656476
3,8847,1691,128,3.0557344,0.133154986,961.285821,3008656476
3,8848,1692,128,2.80307245,0.14058414,910.486773,3008656476
3,8849,1693,128,2.86559272,0.13076741,978.837158,3008656476
3,8850,1694,128,3.0141542,0.146601985,873.112325,3008656476
3,8851,1695,128,3.19155741,0.124644806,1026.91804,3008656476
3,8852,1696,128,3.02645183,0.1313607,974.416245,3008656476
3,8853,1697,128,3.02163506,0.130759754,978.894469,3008656476
3,8854,1698,128,3.38706827,0.133045571,962.07637,3008656476
3,8855,1699,128,3.29618096,0.13140393,974.095676,3008656476
3,8856,1700,128,3.1683166,0.145782988,878.017399,3008656476
3,8857,1701,128,3.14780092,0.133045935,962.073738,3008656476
3,8858,1702,128,1.90754914,0.149952413,853.604136,3008656476
3,8859,1703,128,2.29451418,0.132969262,962.628491,3008656476
3,8860,1704,128,2.16356921,0.132888262,963.215246,3008656476
3,8861,1705,128,2.35125852,0.132988486,962.489339,3008656476
3,8862,1706,128,2.7431221,0.132607353,965.255675,3008656476
3,8863,1707,128,2.81697536,0.132041446,969.392595,3008656476
3,8864,1708,128,3.48997331,0.145442029,880.075731,3008656476
3,8865,1709,128,2.73879409,0.130752478,978.948942,3008656476
3,8866,1710,128,3.28725696,0.144212756,887.577518,3008656476
3,8867,1711,128,2.96461105,0.130303577,982.32146,3008656476
3,8868,1712,128,2.4724915,0.130067521,984.104248,3008656476
3,8869,1713,128,2.8120811,0.129284935,990.061216,3008656476
3,8870,1714,128,3.08083677,0.128946346,992.660932,3008656476
3,8871,1715,128,2.72958302,0.128624308,995.146267,3008656476
3,8872,1716,128,2.74226093,0.142970609,895.288905,3008656476
3,8873,1717,128,3.47449684,0.129634932,987.388183,3008656476
3,8874,1718,128,2.36004949,0.144403149,886.407262,3008656476
3,8875,1719,128,2.9574182,0.12887848,993.183656,3008656476
3,8876,1720,128,3.39341807,0.128874349,993.215492,3008656476
3,8877,1721,128,2.93296266,0.12957198,987.867902,3008656476
3,8878,1722,128,3.17794418,0.12934039,989.636725,3008656476
3,8879,1723,128,3.06043315,0.129375465,989.368425,3008656476
3,8880,1724,128,3.36026168,0.143678392,890.878567,3008656476
3,8881,1725,128,2.47664285,0.129521774,988.250825,3008656476
3,8882,1726,128,3.62141538,0.143977624,889.027034,3008656476
3,8883,1727,128,3.1010201,0.129831453,985.893611,3008656476
3,8884,1728,128,2.981282,0.130020403,984.460877,3008656476
3,8885,1729,128,3.31891418,0.129916716,985.246579,3008656476
3,8886,1730,128,2.56335616,0.130209027,983.034763,3008656476
3,8887,1731,128,2.3133173,0.130477281,981.013698,3008656476
3,8888,1732,128,2.96328783,0.148373523,862.68761,3008656476
3,8889,1733,128,2.26332808,0.129553571,988.008273,3008656476
3,8890,1734,128,2.82782745,0.14298033,895.228036,3008656476
3,8891,1735,128,2.19476032,0.131189161,975.690362,3008656476
3,8892,1736,128,2.50099683,0.130933299,977.596998,3008656476
3,8893,1737,128,1.89334369,0.133329852,960.025066,3008656476
3,8894,1738,128,2.31679749,0.13323885,960.680762,3008656476
3,8895,1739,128,1.70290124,0.133063758,961.944875,3008656476
3,8896,1740,128,1.91633379,0.147799671,866.03711,3008656476
3,8897,1741,128,2.33647823,0.135122622,947.287716,3008656476
3,8898,1742,128,2.49021864,0.142947842,895.431496,3008656476
3,8899,1743,128,2.64725232,0.13890672,921.481696,3008656476
3,8900,1744,128,3.08928704,0.139458978,917.832626,3008656476
3,8901,1745,128,1.78097582,0.132080577,969.105397,3008656476
3,8902,1746,128,3.49016762,0.132801235,963.846458,3008656476
3,8903,1747,128,3.51652098,0.147333472,868.777463,3008656476
3,8904,1748,128,2.68491173,0.132680959,964.72019,3008656476
3,8905,1749,128,3.38729644,0.145370371,880.50955,3008656476
3,8906,1750,128,2.58867264,0.132068247,969.195873,3008656476
3,8907,1751,128,3.25907278,0.131837386,970.893036,3008656476
3,8908,1752,128,2.67603636,0.131172684,975.812922,3008656476
3,8909,1753,128,3.06793976,0.129891162,985.44041,3008656476
3,8910,1754,128,3.10302782,0.130210257,983.025477,3008656476
3,8911,1755,128,3.52704239,0.14556471,879.334009,3008656476
3,8912,1756,128,2.60128379,0.129412324,989.086634,3008656476
3,8913,1757,128,2.53206491,0.144607654,885.1537,3008656476
3,8914,1758,128,2.55724096,0.128685327,994.674397,3008656476
3,8915,1759,128,2.89096332,0.129076882,991.65705,3008656476
3,8916,1760,128,3.15555906,0.128686755,994.663359,3008656476
3,8917,1761,128,2.43131185,0.128654485,994.912847,3008656476
3,8918,1762,128,3.55814195,0.129247979,990.344305,3008656476
3,8919,1763,128,2.56729341,0.144995724,882.784654,3008656476
3,8920,1764,128,2.67233658,0.129672453,987.10248,3008656476
3,8921,1765,128,2.04678178,0.143235018,893.63622,3008656476
3,8922,1766,128,2.91111851,0.129401396,989.170163,3008656476
3,8923,1767,128,3.12563133,0.129613411,987.552129,3008656476
3,8924,1768,128,2.81474042,0.130742181,979.026042,3008656476
3,8925,1769,128,2.44395781,0.128460514,996.415132,3008656476
3,8926,1770,128,2.39772058,0.130195823,983.134459,3008656476
3,8927,1771,128,2.30094457,0.145486791,879.804958,3008656476
3,8928,1772,128,2.13549352,0.129235668,990.438646,3008656476
3,8929,1773,128,2.07657814,0.143774043,890.285877,3008656476
3,8930,1774,128,1.99865937,0.130040641,984.307667,3008656476
3,8931,1775,128,2.45071483,0.128182665,998.574963,3008656476
3,8932,1776,128,2.55470777,0.129699684,986.895234,3008656476
3,8933,1777,128,2.32432914,0.130469846,981.069603,3008656476
3,8934,1778,128,1.89333904,0.129934925,985.108507,3008656476
3,8935,1779,128,2.50713015,0.145611702,879.050229,3008656476
3,8936,1780,128,2.29841208,0.131283855,974.986604,3008656476
3,8937,1781,128,1.59338546,0.145238271,881.310409,3008656476
3,8938,1782,128,1.78969836,0.131488857,973.46652,3008656476
3,8939,1783,128,2.19265032,0.134457167,951.97603,3008656476
3,8940,1784,128,2.39454794,0.134249942,953.445477,3008656476
3,8941,1785,128,2.41936731,0.135025205,947.971158,3008656476
3,8942,1786,128,1.73289084,0.14760982,867.15098,3008656476
3,8943,1787,128,1.85321701,0.129546253,988.064085,3008656476
3,8944,1788,128,1.64954555,0.145487044,879.803428,3008656476
3,8945,1789,128,2.19595122,0.127593068,1003.1893,3008656476
3,8946,1790,128,1.76979303,0.132694485,964.621853,3008656476
3,8947,1791,128,2.98192835,0.132656444,964.898471,3008656476
3,8948,1792,128,2.62551117,0.132851677,963.480499,3008656476
3,8949,1793,128,2.18454027,0.132581463,965.444166,3008656476
3,8950,1794,128,2.6768086,0.14446693,886.015921,3008656476
3,8951,1795,128,1.77909029,0.13107461,976.543054,3008656476
3,8952,1796,128,2.66479301,0.144612004,885.127074,3008656476
3,8953,1797,128,2.83735466,0.128756825,994.122059,3008656476
3,8954,1798,128,2.69864702,0.128057472,999.551202,3008656476
3,8955,1799,128,2.11212349,0.1290539,991.833645,3008656476
3,8956,1800,128,2.19808006,0.128848351,993.415896,3008656476
3,8957,1801,128,2.48054171,0.127892997,1000.83666,3008656476
3,8958,1802,128,1.88450563,0.146272525,875.078898,3008656476
3,8959,1803,128,2.64538288,0.128750355,994.172016,3008656476
3,8960,1804,128,2.23710275,0.144865286,883.579521,3008656476
3,8961,1805,128,3.14314556,0.129247578,990.347378,3008656476
3,8962,1806,128,2.52925587,0.129928128,985.160042,3008656476
3,8963,1807,128,2.74075103,0.130091064,983.926152,3008656476
3,8964,1808,128,2.71938276,0.129323301,989.767498,3008656476
3,8965,1809,128,3.4111762,0.13022833,982.889053,3008656476
3,8966,1810,128,2.67710233,0.144652335,884.880289,3008656476
3,8967,1811,128,2.39700484,0.13059798,980.107043,3008656476
3,8968,1812,128,2.0743978,0.142551318,897.922249,3008656476
3,8969,1813,128,1.98198855,0.129977987,984.782139,3008656476
3,8970,1814,128,3.11368012,0.130018672,984.473984,3008656476
3,8971,1815,128,3.00864911,0.129909522,985.301139,3008656476
3,8972,1816,128,2.4560492,0.129469751,988.64792,3008656476
3,8973,1817,128,2.83282804,0.129101152,991.470626,3008656476
3,8974,1818,128,1.89099181,0.143070731,894.662375,3008656476
3,8975,1819,128,1.79581344,0.129378067,989.348527,3008656476
3,8976,1820,128,2.54595804,0.143583461,891.467576,3008656476
3,8977,1821,128,2.95370865,0.129898918,985.381572,3008656476
3,8978,1822,128,3.65929627,0.129562675,987.938849,3008656476
3,8979,1823,128,3.12111306,0.130174748,983.293626,3008656476
3,8980,1824,128,2.64655685,0.13021042,983.024246,3008656476
3,8981,1825,128,2.30389166,0.131023126,976.926776,3008656476
3,8982,1826,128,3.08727121,0.146427314,874.153848,3008656476
3,8983,1827,128,2.39589524,0.131694074,971.949581,3008656476
3,8984,1828,128,2.4204464,0.147657933,866.868426,3008656476
3,8985,1829,128,2.70703721,0.133804334,956.620732,3008656476
3,8986,1830,128,2.64877295,0.132408032,966.708727,3008656476
3,8987,1831,128,3.06875706,0.134266354,953.328933,3008656476
3,8988,1832,128,2.5679512,0.132648412,964.956897,3008656476
3,8989,1833,128,2.7715888,0.132973318,962.599128,3008656476
3,8990,1834,128,3.00480247,0.144970155,882.940354,3008656476
3,8991,1835,128,2.61754107,0.132521674,965.87974,3008656476
3,8992,1836,128,1.96478999,0.145043719,882.49254,3008656476
3,8993,1837,128,2.86759472,0.131802766,971.148056,3008656476
3,8994,1838,128,3.32063603,0.132071753,969.170145,3008656476
3,8995,1839,128,3.07591653,0.131139217,976.061951,3008656476
3,8996,1840,128,3.20063186,0.131604325,972.612412,3008656476
3,8997,1841,128,3.05496025,0.141087092,907.241039,3008656476
3,8998,1842,128,2.98158216,0.13088126,977.985695,3008656476
3,8999,1843,128,2.89919043,0.136778144,935.822027,3008656476
3,9000,1844,128,2.87317348,0.128502196,996.091927,3008656476
3,9001,1845,128,2.21895862,0.131707194,971.85276,3008656476
3,9002,1846,128,2.46092582,0.131586995,972.740505,3008656476
3,9003,1847,128,1.96956253,0.130732695,979.09708,3008656476
3,9004,1848,128,2.79922867,0.130213566,983.000496,3008656476
3,9005,1849,128,2.89394116,0.146112641,876.036455,3008656476
3,9006,1850,128,3.2191813,0.128882584,993.152031,3008656476
3,9007,1851,128,2.61710882,0.14020021,912.980088,3008656476
3,9008,1852,128,2.20214343,0.126710231,1010.17889,3008656476
3,9009,1853,128,2.60710764,0.128731965,994.314038,3008656476
3,9010,1854,128,3.25305724,0.128718524,994.417866,3008656476
3,9011,1855,128,2.61376905,0.129191008,990.78103,3008656476
3,9012,1856,128,2.60720539,0.129427826,988.968168,3008656476
3,9013,1857,128,1.88839269,0.143134035,894.266692,3008656476
3,9014,1858,128,2.89056873,0.129404879,989.143539,3008656476
3,9015,1859,128,2.32650447,0.138701166,922.847325,3008656476
3,9016,1860,128,2.80266905,0.123687589,1034.86535,3008656476
3,9017,1861,128,3.07814479,0.129208735,990.645098,3008656476
3,9018,1862,128,2.68512273,0.128928858,992.795577,3008656476
3,9019,1863,128,2.6826632,0.129114563,991.367643,3008656476
3,9020,1864,128,3.05929303,0.129139137,991.178995,3008656476
3,9021,1865,128,2.77073431,0.142454108,898.534986,3008656476
3,9022,1866,128,2.70993781,0.129611174,987.569174,3008656476
3,9023,1867,128,3.58626795,0.128862521,993.306657,3008656476
3,9024,1868,128,2.6680975,0.133210833,960.882813,3008656476
3,9025,1869,128,2.57041383,0.129240327,990.402941,3008656476
3,9026,1870,128,2.87221122,0.128571187,995.557426,3008656476
3,9027,1871,128,2.28485227,0.129726362,986.692281,3008656476
3,9028,1872,128,2.9943037,0.128255156,998.01056,3008656476
3,9029,1873,128,2.68754053,0.136356524,938.715628,3008656476
3,9030,1874,128,3.24301791,0.129081251,991.623485,3008656476
3,9031,1875,128,2.55094957,0.129127829,991.265794,3008656476
3,9032,1876,128,2.36416674,0.140318946,912.207536,3008656476
3,9033,1877,128,2.44860411,0.128984445,992.367723,3008656476
3,9034,1878,128,2.2518847,0.129772643,986.340395,3008656476
3,9035,1879,128,1.68621123,0.130152934,983.458429,3008656476
3,9036,1880,128,2.39100528,0.12920086,990.70548,3008656476
3,9037,1881,128,2.50900149,0.13813936,926.6005,3008656476
3,9038,1882,128,2.61985755,0.128435605,996.608378,3008656476
3,9039,1883,128,2.2077508,0.129997977,984.630707,3008656476
3,9040,1884,128,2.40016222,0.14070488,909.705477,3008656476
3,9041,1885,128,2.42991781,0.129614116,987.546758,3008656476
3,9042,1886,128,2.643013,0.130222042,982.936514,3008656476
3,9043,1887,128,2.14455032,0.130456197,981.172247,3008656476
3,9044,1888,128,2.24820137,0.130181663,983.241396,3008656476
3,9045,1889,128,2.94338846,0.142417914,898.76334,3008656476
3,9046,1890,128,2.89715505,0.131228707,975.396336,3008656476
3,9047,1891,128,2.72770023,0.129749328,986.517633,3008656476
3,9048,1892,128,2.6238606,0.13422285,953.637924,3008656476
3,9049,1893,128,2.40757442,0.130257101,982.671954,3008656476
3,9050,1894,128,2.65129662,0.129882615,985.505258,3008656476
3,9051,1895,128,2.65589046,0.129527005,988.210914,3008656476
3,9052,1896,128,2.89947248,0.128722578,994.386548,3008656476
3,9053,1897,128,2.80112457,0.144010786,888.822314,3008656476
3,9054,1898,128,3.13026285,0.12913451,991.21451,3008656476
3,9055,1899,128,4.16403961,0.128772328,994.002376,3008656476
3,9056,1900,128,3.12169456,0.134172381,953.996635,3008656476
3,9057,1901,128,2.42724013,0.128749122,994.181537,3008656476
3,9058,1902,128,2.64539814,0.128891935,993.079978,3008656476
3,9059,1903,128,3.15481591,0.128689486,994.642251,3008656476
3,9060,1904,128,1.88388789,0.128907049,992.963542,3008656476
3,9061,1905,128,2.9193387,0.14225323,899.803822,3008656476
3,9062,1906,128,2.25126028,0.129158556,991.029971,3008656476
3,9063,1907,128,2.24448609,0.12937648,989.360663,3008656476
3,9064,1908,128,2.50069189,0.134598972,950.973088,3008656476
3,9065,1909,128,2.27336788,0.128921434,992.852748,3008656476
3,9066,1910,128,2.60632205,0.128934454,992.752488,3008656476
3,9067,1911,128,2.17446828,0.129706678,986.842019,3008656476
3,9068,1912,128,2.49652934,0.129292976,989.999642,3008656476
3,9069,1913,128,2.561656,0.141293479,905.915835,3008656476
3,9070,1914,128,2.73589849,0.130452039,981.203521,3008656476
3,9071,1915,128,1.96906352,0.130958958,977.405456,3008656476
3,9072,1916,128,2.90139246,0.138902715,921.508266,3008656476
3,9073,1917,128,2.3435986,0.130993799,977.145491,3008656476
3,9074,1918,128,2.55029035,0.131436815,973.851961,3008656476
3,9075,1919,128,2.13885331,0.131283429,974.989768,3008656476
3,9076,1920,128,2.39711475,0.131216769,975.485077,3008656476
3,9077,1921,128,2.61587787,0.145261649,881.168573,3008656476
3,9078,1922,128,2.99815035,0.13365585,957.683483,3008656476
3,9079,1923,128,2.7530036,0.145442612,880.072203,3008656476
3,9080,1924,128,2.48041344,0.133143518,961.368619,3008656476
3,9081,1925,128,2.15082788,0.13189281,970.485048,3008656476
3,9082,1926,128,2.59016252,0.131580592,972.787841,3008656476
3,9083,1927,128,2.68212628,0.131073726,976.54964,3008656476
3,9084,1928,128,2.82014775,0.132456225,966.356998,3008656476
3,9085,1929,128,3.42383528,0.145468846,879.91349,3008656476
3,9086,1930,128,3.03871107,0.134190492,953.867879,3008656476
3,9087,1931,128,1.93434191,0.144890397,883.426387,3008656476
3,9088,1932,128,1.86487162,0.132035977,969.432748,3008656476
3,9089,1933,128,2.27528787,0.131835298,970.908413,3008656476
3,9090,1934,128,2.25949407,0.130346913,981.994871,3008656476
3,9091,1935,128,1.91220403,0.129817507,985.999523,3008656476
3,9092,1936,128,2.82996559,0.129966285,984.870807,3008656476
3,9093,1937,128,2.73908567,0.144064458,888.491178,3008656476
3,9094,1938,128,3.03650045,0.12867396,994.762266,3008656476
3,9095,1939,128,2.43238688,0.142681271,897.104428,3008656476
3,9096,1940,128,2.41899204,0.128196884,998.464206,3008656476
3,9097,1941,128,1.83426201,0.127876779,1000.96359,3008656476
3,9098,1942,128,3.12673783,0.128724012,994.375471,3008656476
3,9099,1943,128,2.65761971,0.128493033,996.162959,3008656476
3,9100,1944,128,2.8142035,0.128534301,995.843125,3008656476
3,9101,1945,128,2.85221362,0.14392607,889.345481,3008656476
3,9102,1946,128,1.88626409,0.128337047,997.373736,3008656476
3,9103,1947,128,2.30726838,0.14169431,903.353141,3008656476
3,9104,1948,128,2.9306066,0.129800431,986.129237,3008656476
3,9105,1949,128,2.69593835,0.128306896,997.60811,3008656476
3,9106,1950,128,3.34682012,0.129251999,990.313504,3008656476
3,9107,1951,128,3.29589653,0.128325788,997.461243,3008656476
3,9108,1952,128,2.593045,0.128826912,993.581217,3008656476
3,9109,1953,128,2.59932947,0.143182578,893.96351,3008656476
3,9110,1954,128,2.75330687,0.129234604,990.4468,3008656476
3,9111,1955,128,2.64644694,0.143379013,892.738744,3008656476
3,9112,1956,128,3.01491618,0.128638656,995.035272,3008656476
3,9113,1957,128,2.67205381,0.128790084,993.865335,3008656476
3,9114,1958,128,2.61356521,0.128721444,994.395308,3008656476
3,9115,1959,128,1.8660115,0.129408833,989.113317,3008656476
3,9116,1960,128,2.74501348,0.128764745,994.060913,3008656476
3,9117,1961,128,2.57070518,0.148259451,863.351369,3008656476
3,9118,1962,128,2.5923543,0.130194088,983.14756,3008656476
3,9119,1963,128,2.12874699,0.144118486,888.158095,3008656476
3,9120,1964,128,2.06629944,0.131425505,973.935767,3008656476
3,9121,1965,128,2.38358402,0.131821714,971.008464,3008656476
3,9122,1966,128,2.63255119,0.13149253,973.439328,3008656476
3,9123,1967,128,2.73539424,0.132112788,968.869115,3008656476
3,9124,1968,128,3.21449399,0.132228217,968.023338,3008656476
3,9125,1969,128,2.4228375,0.137928163,928.01932,3008656476
3,9126,1970,128,2.56872869,0.132224669,968.049313,3008656476
3,9127,1971,128,2.66347051,0.149028797,858.894405,3008656476
3,9128,1972,128,3.22894144,0.132617514,965.181718,3008656476
3,9129,1973,128,2.66615701,0.13293324,962.889342,3008656476
3,9130,1974,128,1.30246747,0.132045693,969.361416,3008656476
3,9131,1975,128,2.1871593,0.131796256,971.196025,3008656476
3,9132,1976,128,2.35710049,0.147492232,867.842315,3008656476
3,9133,1977,128,2.30544853,0.132090512,969.032507,3008656476
3,9134,1978,128,2.57923555,0.145683984,878.614083,3008656476
3,9135,1979,128,2.65880561,0.121190255,1056.19053,3008656476
3,9136,1980,128,3.07168388,0.132931361,962.902953,3008656476
3,9137,1981,128,2.94481373,0.131980583,969.839632,3008656476
3,9138,1982,128,2.6306417,0.131436198,973.856532,3008656476
3,9139,1983,128,2.8894763,0.130487299,980.938382,3008656476
3,9140,1984,128,2.11661363,0.144800709,883.973572,3008656476
3,9141,1985,128,2.05915642,0.131822603,971.001915,3008656476
3,9142,1986,128,1.94612062,0.147508429,867.747022,3008656476
3,9143,1987,128,2.68034339,0.128233855,998.17634,3008656476
3,9144,1988,128,2.96167803,0.128906408,992.96848,3008656476
3,9145,1989,128,3.07604194,0.128325524,997.463295,3008656476
3,9146,1990,128,2.17180419,0.127939866,1000.47002,3008656476
3,9147,1991,128,1.99909115,0.129023167,992.069897,3008656476
3,9148,1992,128,1.96725714,0.149611516,855.549114,3008656476
3,9149,1993,128,2.53643918,0.128623623,995.151567,3008656476
3,9150,1994,128,2.42672968,0.140864345,908.675648,3008656476
3,9151,1995,128,2.4203403,0.129994572,984.656498,3008656476
3,9152,1996,128,2.38081717,0.129506209,988.3696,3008656476
3,9153,1997,128,2.93572283,0.129211467,990.624153,3008656476
3,9154,1998,128,2.69258261,0.129959951,984.918808,3008656476
3,9155,1999,128,3.29581761,0.129367237,989.43135,3008656476
3,9156,2000,128,2.58575106,0.142845114,896.075451,3008656476
3,9157,2001,128,2.0197866,0.128755713,994.130645,3008656476
3,9158,2002,128,2.68772292,0.142621672,897.479312,3008656476
3,9159,2003,128,2.77862978,0.128855929,993.357473,3008656476
3,9160,2004,128,2.18792653,0.128502077,996.092849,3008656476
3,9161,2005,128,2.17544699,0.128604514,995.299434,3008656476
3,9162,2006,128,2.33817816,0.130143524,983.529538,3008656476
3,9163,2007,128,2.30335855,0.12912596,991.280142,3008656476
3,9164,2008,128,2.52213836,0.14191255,901.963921,3008656476
3,9165,2009,128,2.25191617,0.129863063,985.653634,3008656476
3,9166,2010,128,2.28094625,0.143453601,892.274569,3008656476
3,9167,2011,128,2.89095926,0.130645344,979.751716,3008656476
3,9168,2012,128,3.28314304,0.131612564,972.551526,3008656476
3,9169,2013,128,2.74376798,0.13102513,976.911834,3008656476
3,9170,2014,128,3.28727031,0.131019743,976.952,3008656476
3,9171,2015,128,2.76046848,0.131820323,971.01871,3008656476
3,9172,2016,128,2.92662883,0.147348334,868.689835,3008656476
3,9173,2017,128,3.42856097,0.132539309,965.751225,3008656476
3,9174,2018,128,2.81285024,0.211114557,606.305893,3008656476
3,9175,2019,128,2.81359768,0.133699296,957.372281,3008656476
3,9176,2020,128,2.51216102,0.132201203,968.221144,3008656476
3,9177,2021,128,3.16292572,0.133171449,961.166984,3008656476
3,9178,2022,128,3.1892755,0.132153969,968.567202,3008656476
3,9179,2023,128,3.11068511,0.148415879,862.44141,3008656476
3,9180,2024,128,3.22510719,0.132204815,968.194691,3008656476
3,9181,2025,128,3.00647998,0.14763815,866.984584,3008656476
3,9182,2026,128,2.49128056,0.130861932,978.130141,3008656476
3,9183,2027,128,2.94700217,0.130420052,981.444172,3008656476
3,9184,2028,128,2.99027157,0.130849247,978.224964,3008656476
3,9185,2029,128,3.34978461,0.129302744,989.924854,3008656476
3,9186,2030,128,3.03591657,0.129620772,987.496047,3008656476
3,9187,2031,128,2.98983097,0.143268237,893.429016,3008656476
3,9188,2032,128,2.51697135,0.128760414,994.09435,3008656476
3,9189,2033,128,2.61530805,0.142642613,897.347555,3008656476
3,9190,2034,128,2.45995331,0.127977874,1000.17289,3008656476
3,9191,2035,128,3.05430412,0.128622008,995.164062,3008656476
3,9192,2036,128,2.11242938,0.128135266,998.94435,3008656476
3,9193,2037,128,2.38096547,0.128603288,995.308922,3008656476
3,9194,2038,128,2.73891091,0.12837004,997.117396,3008656476
3,9195,2039,128,3.26805639,0.14238293,898.984169,3008656476
3,9196,2040,128,2.66299915,0.129186327,990.816931,3008656476
3,9197,2041,128,3.60732126,0.145682793,878.621266,3008656476
3,9198,2042,128,3.40022159,0.129635823,987.381397,3008656476
3,9199,2043,128,3.48095036,0.129259937,990.252687,3008656476
3,9200,2044,128,2.62067604,0.130461108,981.135313,3008656476
3,9201,2045,128,2.61742878,0.129079785,991.634747,3008656476
3,9202,2046,128,2.60833478,0.128890541,993.090719,3008656476
3,9203,2047,128,2.69939494,0.142313193,899.424694,3008656476
3,9204,2048,128,2.93947244,0.128897084,993.040308,3008656476
3,9205,2049,128,2.4971149,0.142142012,900.507867,3008656476
3,9206,2050,128,3.11353016,0.128794114,993.834237,3008656476
3,9207,2051,128,2.8232789,0.129147864,991.112017,3008656476
3,9208,2052,128,2.39853287,0.128483902,996.233754,3008656476
3,9209,2053,128,2.92752934,0.129614445,987.544251,3008656476
3,9210,2054,128,3.32183146,0.128158219,998.76544,3008656476
3,9211,2055,128,2.56124854,0.144821,883.849718,3008656476
3,9212,2056,128,2.64404798,0.129959181,984.924643,3008656476
3,9213,2057,128,2.79650354,0.142998049,895.117108,3008656476
3,9214,2058,128,2.62294269,0.130596497,980.118173,3008656476
3,9215,2059,128,2.77897263,0.130892577,977.901138,3008656476
3,9216,2060,128,2.13911581,0.131273472,975.06372,3008656476
3,9217,2061,128,3.27385139,0.132009942,969.623939,3008656476
3,9218,2062,128,2.76585412,0.131349675,974.498034,3008656476
3,9219,2063,128,2.3367095,0.14742786,868.221244,3008656476
3,9220,2064,128,2.69100928,0.14359366,891.404258,3008656476
3,9221,2065,128,2.32498193,0.146974796,870.89762,3008656476
3,9222,2066,128,2.69187665,0.132766959,964.095291,3008656476
3,9223,2067,128,2.31664348,0.134046644,954.891493,3008656476
3,9224,2068,128,2.26212001,0.131193634,975.657096,3008656476
3,9225,2069,128,2.43298793,0.132784361,963.968942,3008656476
3,9226,2070,128,2.4930234,0.145759051,878.16159,3008656476
3,9227,2071,128,2.94128942,0.131152694,975.961653,3008656476
3,9228,2072,128,2.44533944,0.142562764,897.850157,3008656476
3,9229,2073,128,2.89747,0.125950719,1016.2705,3008656476
3,9230,2074,128,2.40909648,0.132636205,965.045705,3008656476
3,9231,2075,128,3.03097701,0.131712156,971.816147,3008656476
3,9232,2076,128,2.88156796,0.130334767,982.086384,3008656476
3,9233,2077,128,2.68695641,0.130070588,984.081044,3008656476
3,9234,2078,128,2.19967818,0.142686182,897.073551,3008656476
3,9235,2079,128,3.18437982,0.129586475,987.757403,3008656476
3,9236,2080,128,2.67865205,0.143567296,891.567952,3008656476
3,9237,2081,128,2.53836036,0.128761124,994.088868,3008656476
3,9238,2082,128,2.5561595,0.128073065,999.429505,3008656476
3,9239,2083,128,2.96823835,0.12865193,994.932606,3008656476
3,9240,2084,128,2.19623733,0.128766948,994.043906,3008656476
3,9241,2085,128,2.57963467,0.129067272,991.730886,3008656476
3,9242,2086,128,2.66407228,0.146341635,874.665641,3008656476
3,9243,2087,128,2.15774679,0.129296248,989.974589,3008656476
3,9244,2088,128,2.32898164,0.144089074,888.339389,3008656476
3,9245,2089,128,2.5495801,0.130658288,979.654655,3008656476
3,9246,2090,128,2.48563147,0.129755351,986.471841,3008656476
3,9247,2091,128,2.09943461,0.130250592,982.721061,3008656476
3,9248,2092,128,1.78529465,0.129074594,991.674628,3008656476
3,9249,2093,128,1.91901982,0.130291572,982.411971,3008656476
3,9250,2094,128,2.93499804,0.143172565,894.026031,3008656476
3,9251,2095,128,2.02684307,0.129414146,989.072709,3008656476
3,9252,2096,128,2.7936244,0.142467413,898.451072,3008656476
3,9253,2097,128,2.7445581,0.128328875,997.437249,3008656476
3,9254,2098,128,2.67214274,0.128956734,992.580969,3008656476
3,9255,2099,128,2.60001779,0.128476246,996.29312,3008656476
3,9256,2100,128,2.35779953,0.128158206,998.765541,3008656476
3,9257,2101,128,2.47287273,0.128804659,993.752873,3008656476
3,9258,2102,128,2.49942374,0.141895563,902.071899,3008656476
3,9259,2103,128,1.63619006,0.129147788,991.1126,3008656476
3,9260,2104,128,2.39165068,0.141443964,904.952013,3008656476
3,9261,2105,128,2.22326541,0.129683511,987.018311,3008656476
3,9262,2106,128,1.98616731,0.13020074,983.097331,3008656476
3,9263,2107,128,2.51721978,0.12941339,989.078487,3008656476
3,9264,2108,128,2.45416141,0.130912947,977.748977,3008656476
3,9265,2109,128,2.67043734,0.130744983,979.005061,3008656476
3,9266,2110,128,2.69142175,0.147957142,865.115386,3008656476
3,9267,2111,128,2.42127776,0.131234821,975.350894,3008656476
3,9268,2112,128,2.49303651,0.144076443,888.417269,3008656476
3,9269,2113,128,2.60039258,0.133671939,957.568215,3008656476
3,9270,2114,128,1.71093702,0.133272457,960.43851,3008656476
3,9271,2115,128,2.7892859,0.132351886,967.118821,3008656476
3,9272,2116,128,2.21735287,0.135720402,943.115391,3008656476
3,9273,2117,128,2.63041377,0.136116591,940.370304,3008656476
3,9274,2118,128,2.48786521,0.146899496,871.344038,3008656476
3,9275,2119,128,2.88305354,0.133656317,957.680137,3008656476
3,9276,2120,128,1.62783408,0.145627693,878.953703,3008656476
3,9277,2121,128,1.96388268,0.132537163,965.766862,3008656476
3,9278,2122,128,2.19603229,0.131886136,970.534158,3008656476
3,9279,2123,128,1.84644711,0.131361779,974.408241,3008656476
3,9280,2124,128,2.1765914,0.130969761,977.324835,3008656476
3,9281,2125,128,1.43062246,0.142216757,900.034586,3008656476
3,9282,2126,128,1.63103998,0.127128677,1006.85387,3008656476
3,9283,2127,128,3.34689569,0.129069325,991.715111,3008656476
3,9284,2128,128,2.50580049,0.14511889,882.035412,3008656476
3,9285,2129,128,2.09067607,0.129281561,990.087055,3008656476
3,9286,2130,128,2.75012517,0.128665195,994.830032,3008656476
3,9287,2131,128,2.18298626,0.128694269,994.605284,3008656476
3,9288,2132,128,2.6665535,0.12794278,1000.44723,3008656476
3,9289,2133,128,2.21281385,0.137076956,933.782043,3008656476
3,9290,2134,128,3.04193258,0.128369843,997.118926,3008656476
3,9291,2135,128,2.19217467,0.128107355,999.161992,3008656476
3,9292,2136,128,2.85078287,0.143772987,890.292416,3008656476
3,9293,2137,128,2.4916501,0.128135526,998.942323,3008656476
3,9294,2138,128,2.67134213,0.128037092,999.710303,3008656476
3,9295,2139,128,3.0591681,0.128457792,996.436246,3008656476
3,9296,2140,128,2.98422647,0.127979321,1000.16158,3008656476
3,9297,2141,128,2.30031753,0.140634748,910.159131,3008656476
3,9298,2142,128,2.28970623,0.123993057,1032.31587,3008656476
3,9299,2143,128,2.34896278,0.130081427,983.999045,3008656476
3,9300,2144,128,2.74189353,0.140382383,911.795321,3008656476
3,9301,2145,128,3.07477546,0.128137642,998.925827,3008656476
3,9302,2146,128,2.8356812,0.129192935,990.766252,3008656476
3,9303,2147,128,2.69170213,0.129340418,989.636511,3008656476
3,9304,2148,128,1.97732878,0.129763598,986.409147,3008656476
3,9305,2149,128,2.57030749,0.132471176,966.247933,3008656476
3,9306,2150,128,2.31296992,0.12808681,999.322257,3008656476
3,9307,2151,128,2.49392128,0.129240936,990.398274,3008656476
3,9308,2152,128,2.74272799,0.140583467,910.491132,3008656476
3,9309,2153,128,2.26021957,0.128582697,995.468309,3008656476
3,9310,2154,128,2.18826938,0.129701834,986.878875,3008656476
3,9311,2155,128,3.06871796,0.12869245,994.619342,3008656476
3,9312,2156,128,2.83077741,0.129547543,988.054247,3008656476
3,9313,2157,128,2.44917631,0.129585639,987.763775,3008656476
3,9314,2158,128,1.3196907,0.131624969,972.459868,3008656476
3,9315,2159,128,2.88714576,0.128230186,998.2049,3008656476
3,9316,2160,128,3.35577798,0.14467162,884.762333,3008656476
3,9317,2161,128,2.91837311,0.129243086,990.381799,3008656476
3,9318,2162,128,2.06961846,0.129282092,990.082988,3008656476
3,9319,2163,128,1.80063713,0.12946144,988.711388,3008656476
3,9320,2164,128,2.17683983,0.130040194,984.311051,3008656476
3,9321,2165,128,2.76707101,0.129052166,991.846971,3008656476
3,9322,2166,128,2.5678668,0.134771233,949.757579,3008656476
3,9323,2167,128,2.31332636,0.129596413,987.681658,3008656476
3,9324,2168,128,2.67930412,0.144456086,886.082432,3008656476
3,9325,2169,128,2.75005627,0.129479194,988.575817,3008656476
3,9326,2170,128,2.2588954,0.129688467,986.980592,3008656476
3,9327,2171,128,2.35355043,0.129443971,988.844818,3008656476
3,9328,2172,128,2.59445953,0.129501685,988.404128,3008656476
3,9329,2173,128,3.19263148,0.128005675,999.955666,3008656476
3,9330,2174,128,2.84756541,0.136626985,936.857386,3008656476
3,9331,2175,128,2.42253232,0.129638694,987.35953,3008656476
3,9332,2176,128,1.14821124,0.142305344,899.474302,3008656476
3,9333,2177,128,2.01314545,0.127881441,1000.9271,3008656476
3,9334,2178,128,2.06690645,0.128992902,992.302662,3008656476
3,9335,2179,128,2.91897702,0.128036899,999.71181,3008656476
3,9336,2180,128,2.70279694,0.128959825,992.557178,3008656476
3,9337,2181,128,2.07392073,0.130015408,984.498699,3008656476
3,9338,2182,128,2.52739453,0.137818593,928.757124,3008656476
3,9339,2183,128,2.92914891,0.129224765,990.522211,3008656476
3,9340,2184,128,2.47490048,0.141851807,902.350155,3008656476
3,9341,2185,128,2.55448771,0.12971764,986.758624,3008656476
3,9342,2186,128,2.68320584,0.129349381,989.567936,3008656476
3,9343,2187,128,2.65913224,0.128637867,995.041375,3008656476
3,9344,2188,128,2.2442944,0.129433201,988.927099,3008656476
3,9345,2189,128,2.41150546,0.127986807,1000.10308,3008656476
3,9346,2190,128,2.19656897,0.134733217,950.025561,3008656476
3,9347,2191,128,2.83217359,0.128594086,995.380145,3008656476
3,9348,2192,128,2.23706436,0.144633571,884.995089,3008656476
3,9349,2193,128,1.47500372,0.129570382,987.880085,3008656476
3,9350,2194,128,2.35625386,0.130496129,980.872007,3008656476
3,9351,2195,128,2.15273261,0.130982381,977.23067,3008656476
3,9352,2196,128,2.77605987,0.131610077,972.569904,3008656476
3,9353,2197,128,2.76635075,0.131389367,974.203643,3008656476
3,9354,2198,128,2.82753396,0.13443926,952.102831,3008656476
3,9355,2199,128,2.06906652,0.131039202,976.806925,3008656476
3,9356,2200,128,2.68687105,0.146948292,871.054697,3008656476
3,9357,2201,128,2.7871902,0.131974572,969.883805,3008656476
3,9358,2202,128,2.28859353,0.130953086,977.449283,3008656476
3,9359,2203,128,3.10259986,0.142820168,896.231966,3008656476
3,9360,2204,128,3.16988945,0.139080538,920.330061,3008656476
3,9361,2205,128,2.16495299,0.142962023,895.342674,3008656476
3,9362,2206,128,2.3545444,0.131678096,972.067518,3008656476
3,9363,2207,128,2.46539235,0.146576695,873.26297,3008656476
3,9364,2208,128,2.38694739,0.13224888,967.872091,3008656476
3,9365,2209,128,2.66700578,0.130092961,983.911804,3008656476
3,9366,2210,128,2.03334403,0.13240988,966.695235,3008656476
3,9367,2211,128,1.9470104,0.131906443,970.384745,3008656476
3,9368,2212,128,2.1865778,0.130100094,983.857859,3008656476
3,9369,2213,128,2.2748692,0.143524626,891.833015,3008656476
3,9370,2214,128,2.19618297,0.130572514,980.298197,3008656476
3,9371,2215,128,2.64336824,0.143465077,892.203195,3008656476
3,9372,2216,128,1.75940847,0.132024031,969.520466,3008656476
3,9373,2217,128,2.79339266,0.129148987,991.103399,3008656476
3,9374,2218,128,2.52193689,0.129286696,990.047731,3008656476
3,9375,2219,128,3.03818655,0.12821275,998.340649,3008656476
3,9376,2220,128,2.17267632,0.12976731,986.380931,3008656476
3,9377,2221,128,1.59979796,0.142241425,899.878499,3008656476
3,9378,2222,128,2.28942013,0.127983733,1000.1271,3008656476
3,9379,2223,128,2.34484005,0.140356905,911.960833,3008656476
3,9380,2224,128,2.13815284,0.127487288,1004.02167,3008656476
3,9381,2225,128,2.21758318,0.127756565,1001.90546,3008656476
3,9382,2226,128,2.52955675,0.127462635,1004.21586,3008656476
3,9383,2227,128,2.38772655,0.125175721,1022.56251,3008656476
3,9384,2228,128,2.39595938,0.111458212,1148.41247,3008656476
3,9385,2229,128,2.36024451,0.124999925,1024.00061,3008656476
3,9386,2230,128,2.62437177,0.111484732,1148.13928,3008656476
3,9387,2231,128,1.81132042,0.111495784,1148.02547,3008656476
3,9388,2232,128,2.61378288,0.124648718,1026.88581,3008656476
3,9389,2233,128,2.08426499,0.111461878,1148.37469,3008656476
3,9390,2234,128,2.47866845,0.111616742,1146.78137,3008656476
3,9391,2235,128,1.76028061,0.111551581,1147.45124,3008656476
3,9392,2236,128,2.25220299,0.111426075,1148.74368,3008656476
3,9393,2237,128,3.13696122,0.11151009,1147.87819,3008656476
3,9394,2238,128,2.34393954,0.122698809,1043.20491,3008656476
3,9395,2239,128,2.30267978,0.106786294,1198.6557,3008656476
3,9396,2240,128,2.37996292,0.111514788,1147.82983,3008656476
3,9397,2241,128,2.29893374,0.12596629,1016.14487,3008656476
3,9398,2242,128,3.07978225,0.111445243,1148.54611,3008656476
3,9399,2243,128,2.53887415,0.111389108,1149.12492,3008656476
3,9400,2244,128,2.74983978,0.111407071,1148.93964,3008656476
3,9401,2245,128,2.63859153,0.111714866,1145.7741,3008656476
3,9402,2246,128,1.83954537,0.11148984,1148.08668,3008656476
3,9403,2247,128,1.9991405,0.111501971,1147.96177,3008656476
3,9404,2248,128,2.11528111,0.128852589,993.383222,3008656476
3,9405,2249,128,2.49910545,0.111497345,1148.0094,3008656476
3,9406,2250,128,2.60514808,0.123460328,1036.77029,3008656476
3,9407,2251,128,1.87624943,0.111359424,1149.43123,3008656476
3,9408,2252,128,1.77962101,0.111415004,1148.85783,3008656476
3,9409,2253,128,2.45989132,0.11153592,1147.61236,3008656476
3,9410,2254,128,3.10775495,0.111435359,1148.64798,3008656476
3,9411,2255,128,2.27368569,0.111463674,1148.35619,3008656476
3,9412,2256,128,2.57884812,0.111421331,1148.7926,3008656476
3,9413,2257,128,2.38504529,0.128387747,996.979875,3008656476
3,9414,2258,128,2.7270236,0.111511709,1147.86152,3008656476
3,9415,2259,128,2.47216201,0.123299148,1038.12558,3008656476
3,9416,2260,128,2.39934731,0.111061345,1152.51621,3008656476
3,9417,2261,128,2.25662041,0.111429444,1148.70895,3008656476
3,9418,2262,128,2.09156871,0.111374504,1149.2756,3008656476
3,9419,2263,128,2.48220563,0.111509563,1147.88361,3008656476
3,9420,2264,128,1.80533183,0.111404562,1148.96552,3008656476
3,9421,2265,128,2.12201881,0.111571004,1147.25148,3008656476
3,9422,2266,128,2.54635143,0.126684564,1010.38355,3008656476
3,9423,2267,128,2.20785236,0.111418423,1148.82258,3008656476
3,9424,2268,128,2.35462093,0.12600927,1015.79828,3008656476
3,9425,2269,128,1.5513339,0.10721186,1193.89776,3008656476
3,9426,2270,128,1.99881911,0.111467594,1148.31581,3008656476
3,9427,2271,128,2.29180884,0.11153428,1147.62923,3008656476
3,9428,2272,128,2.62206912,0.111274836,1150.305,3008656476
3,9429,2273,128,2.03088498,0.111749775,1145.41618,3008656476
3,9430,2274,128,1.9836657,0.11153675,1147.60382,3008656476
3,9431,2275,128,2.28042674,0.124998157,1024.0151,3008656476
3,9432,2276,128,2.48132324,0.111770476,1145.20403,3008656476
3,9433,2277,128,1.85395432,0.111365963,1149.36374,3008656476
3,9434,2278,128,1.88043416,0.125403176,1020.7078,3008656476
3,9435,2279,128,1.95386529,0.111369282,1149.32949,3008656476
3,9436,2280,128,1.93724597,0.111363728,1149.38681,3008656476
3,9437,2281,128,2.44194126,0.111445506,1148.5434,3008656476
3,9438,2282,128,2.73123813,0.111437726,1148.62358,3008656476
3,9439,2283,128,2.04705262,0.111393274,1149.08195,3008656476
3,9440,2284,128,2.06634045,0.11153495,1147.62234,3008656476
3,9441,2285,128,1.75162649,0.113286843,1129.87525,3008656476
3,9442,2286,128,1.85012984,0.111497279,1148.01008,3008656476
3,9443,2287,128,1.95275068,0.124582264,1027.43357,3008656476
3,9444,2288,128,1.80811059,0.111392171,1149.09332,3008656476
3,9445,2289,128,1.81934345,0.11152124,1147.76342,3008656476
3,9446,2290,128,2.35324407,0.11164711,1146.46944,3008656476
3,9447,2291,128,2.84346056,0.111517521,1147.8017,3008656476
3,9448,2292,128,1.86899924,0.111454461,1148.45111,3008656476
3,9449,2293,128,2.55723667,0.111373265,1149.28839,3008656476
3,9450,2294,128,2.81446266,0.127043947,1007.52537,3008656476
3,9451,2295,128,3.07292056,0.111310642,1149.93497,3008656476
3,9452,2296,128,2.97587967,0.123586892,1035.70854,3008656476
3,9453,2297,128,2.27037048,0.111548049,1147.48757,3008656476
3,9454,2298,128,2.20024514,0.111573102,1147.22991,3008656476
3,9455,2299,128,2.99616766,0.111505772,1147.92264,3008656476
3,9456,2300,128,2.49831963,0.111358505,1149.44072,3008656476
3,9457,2301,128,2.85390759,0.111516595,1147.81123,3008656476
3,9458,2302,128,3.33619595,0.11150932,1147.88611,3008656476
3,9459,2303,128,2.45048046,0.126627653,1010.83766,3008656476
3,9460,2304,128,2.38911033,0.111305065,1149.99259,3008656476
3,9461,2305,128,2.88301396,0.125133199,1022.91,3008656476
3,9462,2306,128,3.29874706,0.111518867,1147.78784,3008656476
3,9463,2307,128,2.7897737,0.111465727,1148.33504,3008656476
3,9464,2308,128,2.78464794,0.111510772,1147.87117,3008656476
3,9465,2309,128,3.18143034,0.111557278,1147.39264,3008656476
3,9466,2310,128,2.4454217,0.111532166,1147.65098,3008656476
3,9467,2311,128,2.30941081,0.111393486,1149.07976,3008656476
3,9468,2312,128,2.27958059,0.126997841,1007.89115,3008656476
3,9469,2313,128,2.80463123,0.111461127,1148.38243,3008656476
3,9470,2314,128,3.36357117,0.111470819,1148.28258,3008656476
3,9471,2315,128,3.13152742,0.113549987,1127.25684,3008656476
3,9472,2316,128,3.63014984,0.111480327,1148.18465,3008656476
3,9473,2317,128,3.02673268,0.111480326,1148.18466,3008656476
3,9474,2318,128,3.19357967,0.111416494,1148.84247,3008656476
3,9475,2319,128,3.01272702,0.111384083,1149.17676,3008656476
3,9476,2320,128,3.24059939,0.111753088,1145.38222,3008656476
3,9477,2321,128,3.22456717,0.111466196,1148.33021,3008656476
3,9478,2322,128,3.15627551,0.113804554,1124.73531,3008656476
3,9479,2323,128,3.06520438,0.111388378,1149.13245,3008656476
3,9480,2324,128,2.74830508,0.12338989,1037.36214,3008656476
3,9481,2325,128,3.3770678,0.111402307,1148.98877,3008656476
3,9482,2326,128,3.09935975,0.111648853,1146.45154,3008656476
3,9483,2327,128,3.53470778,0.111340013,1149.63162,3008656476
3,9484,2328,128,3.08778548,0.111612619,1146.82373,3008656476
3,9485,2329,128,2.73056507,0.111506636,1147.91374,3008656476
3,9486,2330,128,3.11734056,0.111375753,1149.26271,3008656476
3,9487,2331,128,2.94430542,0.124912174,1024.71998,3008656476
3,9488,2332,128,2.58139706,0.111325071,1149.78593,3008656476
3,9489,2333,128,2.59239101,0.12379438,1033.97262,3008656476
3,9490,2334,128,2.21151257,0.111546307,1147.50549,3008656476
3,9491,2335,128,2.88140535,0.111481498,1148.17259,3008656476
3,9492,2336,128,3.36984348,0.11154318,1147.53766,3008656476
3,9493,2337,128,3.16382623,0.111467226,1148.3196,3008656476
3,9494,2338,128,2.70171833,0.11156679,1147.29482,3008656476
3,9495,2339,128,2.5734067,0.111409983,1148.90961,3008656476
3,9496,2340,128,2.54091024,0.125905858,1016.6326,3008656476
3,9497,2341,128,3.19347262,0.111417523,1148.83186,3008656476
3,9498,2342,128,2.83705521,0.125756515,1017.83991,3008656476
3,9499,2343,128,3.13983417,0.111417008,1148.83717,3008656476
3,9500,2344,128,2.92836928,0.111531749,1147.65527,3008656476
3,9501,2345,128,3.3383441,0.130017141,984.485576,3008656476
3,9502,2346,128,3.1412971,0.131907634,970.375983,3008656476
3,9503,2347,128,3.16872263,0.131144581,976.022029,3008656476
3,9504,2348,128,3.10627627,0.141654252,903.608598,3008656476
3,9505,2349,128,3.10087562,0.129633437,987.39957,3008656476
3,9506,2350,128,2.89856553,0.14666007,872.766527,3008656476
3,9507,2351,128,3.08053851,0.128500906,996.101926,3008656476
3,9508,2352,128,2.40968847,0.132928656,962.922547,3008656476
3,9509,2353,128,2.64658308,0.134111519,954.429574,3008656476
3,9510,2354,128,3.16027498,0.133384279,959.633331,3008656476
3,9511,2355,128,2.70116901,0.133036626,962.141057,3008656476
3,9512,2356,128,3.00188684,0.14766935,866.801405,3008656476
3,9513,2357,128,2.3944149,0.132588785,965.390851,3008656476
3,9514,2358,128,2.65620065,0.147884601,865.539746,3008656476
3,9515,2359,128,2.83856821,0.132850237,963.490942,3008656476
3,9516,2360,128,2.92288876,0.134237109,953.536626,3008656476
3,9517,2361,128,2.33942056,0.133471248,959.00804,3008656476
3,9518,2362,128,2.19768453,0.134364058,952.635712,3008656476
3,9519,2363,128,2.10245109,0.133834024,956.408514,3008656476
3,9520,2364,128,1.96183884,0.146067669,876.306173,3008656476
3,9521,2365,128,2.25199437,0.133447635,959.177733,3008656476
3,9522,2366,128,2.1400795,0.146317558,874.80957,3008656476
3,9523,2367,128,2.71635413,0.13320483,960.926117,3008656476
3,9524,2368,128,2.34261894,0.133479165,958.951159,3008656476
3,9525,2369,128,2.48716092,0.134499246,951.678198,3008656476
3,9526,2370,128,2.26494551,0.132683453,964.702057,3008656476
3,9527,2371,128,2.12427211,0.132938437,962.8517,3008656476
3,9528,2372,128,3.07513118,0.147221064,869.440802,3008656476
3,9529,2373,128,3.11943793,0.132832787,963.617514,3008656476
3,9530,2374,128,3.19720817,0.142315799,899.408224,3008656476
3,9531,2375,128,2.16572523,0.133206195,960.91627,3008656476
3,9532,2376,128,2.35276222,0.13336329,959.78436,3008656476
3,9533,2377,128,3.21982503,0.132836312,963.591943,3008656476
3,9534,2378,128,2.67977762,0.134415555,952.27074,3008656476
3,9535,2379,128,2.09947681,0.1455203,879.602365,3008656476
3,9536,2380,128,2.70435429,0.133486597,958.897769,3008656476
3,9537,2381,128,2.2109344,0.145352561,880.617439,3008656476
3,9538,2382,128,2.5465529,0.133677623,957.527499,3008656476
3,9539,2383,128,2.73841119,0.133057199,961.992293,3008656476
3,9540,2384,64,1.95157325,0.130584346,490.104687,3008656476
4,9541,0,128,1.77151513,0.127741939,1002.02017,3008656476
4,9542,1,128,2.13736701,0.143528912,891.806384,3008656476
4,9543,2,128,2.02545881,0.138138445,926.606637,3008656476
4,9544,3,128,2.35498857,0.132875605,963.306997,3008656476
4,9545,4,128,2.94876575,0.132721929,964.42239,3008656476
4,9546,5,128,3.0930953,0.146401371,874.308752,3008656476
4,9547,6,128,2.98134327,0.134533769,951.433985,3008656476
4,9548,7,128,2.95683837,0.146672133,872.694747,3008656476
4,9549,8,128,3.37549591,0.132880836,963.269075,3008656476
4,9550,9,128,3.0498817,0.132246469,967.889736,3008656476
4,9551,10,128,2.6527493,0.132060234,969.254681,3008656476
4,9552,11,128,2.98286104,0.133451579,959.149386,3008656476
4,9553,12,128,2.20704341,0.131907901,970.374019,3008656476
4,9554,13,128,1.98570311,0.147359542,868.623764,3008656476
4,9555,14,128,2.1015842,0.131781875,971.302009,3008656476
4,9556,15,128,2.13080096,0.144552068,885.494077,3008656476
4,9557,16,128,2.84912872,0.13116253,975.888464,3008656476
4,9558,17,128,2.7722888,0.132957777,962.711643,3008656476
4,9559,18,128,2.66036892,0.128723945,994.375988,3008656476
4,9560,19,128,2.74866438,0.130211815,983.013715,3008656476
4,9561,20,128,2.49235344,0.128961812,992.541885,3008656476
4,9562,21,128,2.99498796,0.143459345,892.238843,3008656476
4,9563,22,128,2.33577371,0.1298277,985.922111,3008656476
4,9564,23,128,1.61637819,0.145132547,881.952413,3008656476
4,9565,24,128,2.0106461,0.129209692,990.637761,3008656476
4,9566,25,128,2.48592377,0.129666231,987.149846,3008656476
4,9567,26,128,2.43087792,0.128812943,993.688965,3008656476
4,9568,27,128,2.66098213,0.128746477,994.201962,3008656476
4,9569,28,128,2.41872692,0.130503717,980.814976,3008656476
4,9570,29,128,2.36768007,0.137486041,931.003606,3008656476
4,9571,30,128,2.0620091,0.129340712,989.634261,3008656476
4,9572,31,128,2.50470018,0.144720783,884.461771,3008656476
4,9573,32,128,2.81000257,0.129778763,986.293882,3008656476
4,9574,33,128,2.66233492,0.13041616,981.473462,3008656476
4,9575,34,128,2.69206333,0.129862356,985.659,3008656476
4,9576,35,128,2.71046615,0.130943189,977.523161,3008656476
4,9577,36,128,2.7261529,0.130398655,981.605217,3008656476
4,9578,37,128,2.33096361,0.134325532,952.908938,3008656476
4,9579,38,128,2.33109426,0.12995834,984.931017,3008656476
4,9580,39,128,1.76576245,0.143097505,894.494981,3008656476
4,9581,40,128,2.73167229,0.130579372,980.246712,3008656476
4,9582,41,128,2.6248126,0.13009456,983.899711,3008656476
4,9583,42,128,2.64172316,0.130918905,977.70448,3008656476
4,9584,43,128,3.01336551,0.130659373,979.64652,3008656476
4,9585,44,128,3.20313168,0.13828415,925.630305,3008656476
4,9586,45,128,2.85154676,0.125025856,1023.78823,3008656476
4,9587,46,128,2.29332972,0.129949218,985.000156,3008656476
4,9588,47,128,2.74502444,0.140270013,912.525758,3008656476
4,9589,48,128,2.33287525,0.129481494,988.558257,3008656476
4,9590,49,128,2.7425158,0.129460045,988.722042,3008656476
4,9591,50,128,2.21650076,0.129260649,990.247233,3008656476
4,9592,51,128,3.07707429,0.129677523,987.063888,3008656476
4,9593,52,128,2.18994021,0.129156559,991.045294,3008656476
4,9594,53,128,2.80036259,0.1336819,957.496864,3008656476
4,9595,54,128,2.04271555,0.13004778,984.253634,3008656476
4,9596,55,128,2.22780633,0.141466971,904.80484,3008656476
4,9597,56,128,3.07761168,0.128906312,992.969219,3008656476
4,9598,57,128,2.43703866,0.129708491,986.828225,3008656476
4,9599,58,128,2.45872307,0.129553522,988.008647,3008656476
4,9600,59,128,2.59916091,0.129255119,990.289599,3008656476
4,9601,60,128,2.5136435,0.12873174,994.315776,3008656476
4,9602,61,128,2.98058128,0.136074784,940.659219,3008656476
4,9603,62,128,2.23235703,0.129573782,987.854163,3008656476
4,9604,63,128,2.88497949,0.14181299,902.597146,3008656476
4,9605,64,128,2.14124107,0.130115414,983.742018,3008656476
4,9606,65,128,2.97863197,0.130282898,982.477378,3008656476
4,9607,66,128,2.61935878,0.130315052,982.234961,3008656476
4,9608,67,128,3.05542707,0.130457573,981.161899,3008656476
4,9609,68,128,3.47263432,0.131971465,969.906639,3008656476
4,9610,69,128,2.60043931,0.133114539,961.577908,3008656476
4,9611,70,128,3.13124967,0.130485902,980.948884,3008656476
4,9612,71,128,2.87931633,0.142052845,901.073118,3008656476
4,9613,72,128,2.6687634,0.131376876,974.296268,3008656476
4,9614,73,128,2.7268424,0.131771118,971.381301,3008656476
4,9615,74,128,2.37535906,0.132451153,966.394003,3008656476
4,9616,75,128,2.33708668,0.131475182,973.567772,3008656476
4,9617,76,128,3.39946938,0.14644242,874.063676,3008656476
4,9618,77,128,3.01698327,0.129170683,990.93693,3008656476
4,9619,78,128,2.67263675,0.147782948,866.135111,3008656476
4,9620,79,128,2.55539393,0.129547384,988.055459,3008656476
4,9621,80,128,2.8551538,0.139276,919.038456,3008656476
4,9622,81,128,3.03115916,0.133509846,958.730789,3008656476
4,9623,82,128,2.97079301,0.136392045,938.471155,3008656476
4,9624,83,128,3.11339617,0.13297204,962.60838,3008656476
4,9625,84,128,2.42042661,0.147297463,868.989848,3008656476
4,9626,85,128,2.43314624,0.131801159,971.159897,3008656476
4,9627,86,128,2.60801673,0.14669058,872.585002,3008656476
4,9628,87,128,2.00196767,0.132254751,967.829125,3008656476
4,9629,88,128,2.20589328,0.131043243,976.776803,3008656476
4,9630,89,128,2.61461806,0.13198558,969.802913,3008656476
4,9631,90,128,2.3706708,0.131741244,971.601574,3008656476
4,9632,91,128,2.49437475,0.13129923,974.872435,3008656476
4,9633,92,128,2.5262394,0.146741902,872.279821,3008656476
4,9634,93,128,2.2960279,0.130027259,984.408969,3008656476
4,9635,94,128,2.15944839,0.142589339,897.68282,3008656476
4,9636,95,128,2.44092607,0.128842211,993.463237,3008656476
4,9637,96,128,2.21394944,0.129594177,987.698699,3008656476
4,9638,97,128,2.7839992,0.129435171,988.912048,3008656476
4,9639,98,128,2.57826138,0.128569807,995.568112,3008656476
4,9640,99,128,2.56194043,0.129150071,991.09508,3008656476
4,9641,100,128,2.86147189,0.143378837,892.73984,3008656476
4,9642,101,128,2.34556556,0.129384492,989.299398,3008656476
4,9643,102,128,2.66549206,0.142515825,898.145873,3008656476
4,9644,103,128,2.52707863,0.130407646,981.53754,3008656476
4,9645,104,128,2.11959314,0.129578487,987.818294,3008656476
4,9646,105,128,2.62887764,0.130548681,980.47716,3008656476
4,9647,106,128,2.56302929,0.129805517,986.090599,3008656476
4,9648,107,128,2.19309974,0.129822219,985.963736,3008656476
4,9649,108,128,2.49797487,0.142757412,896.625949,3008656476
4,9650,109,128,1.75389707,0.130753449,978.941672,3008656476
4,9651,110,128,2.24477983,0.144208799,887.601872,3008656476
4,9652,111,128,2.58579445,0.130047828,984.25327,3008656476
4,9653,112,128,2.62588048,0.130079872,984.010808,3008656476
4,9654,113,128,3.02954888,0.129593023,987.707494,3008656476
4,9655,114,128,3.00252819,0.129141065,991.164197,3008656476
4,9656,115,128,2.89525723,0.129498576,988.427857,3008656476
4,9657,116,128,2.19188857,0.147979353,864.985536,3008656476
4,9658,117,128,2.51730204,0.13063552,979.825395,3008656476
4,9659,118,128,2.49514437,0.147249744,869.27146,3008656476
4,9660,119,128,2.86472535,0.132817596,963.727728,3008656476
4,9661,120,128,2.58785701,0.131491091,973.449981,3008656476
4,9662,121,128,2.66369176,0.133513925,958.701499,3008656476
4,9663,122,128,1.99051011,0.133621776,957.927696,3008656476
4,9664,123,128,2.18586302,0.149473158,856.341043,3008656476
4,9665,124,128,2.08903122,0.137966377,927.762276,3008656476
4,9666,125,128,2.10549593,0.150700997,849.363989,3008656476
4,9667,126,128,2.08661509,0.132360229,967.057861,3008656476
4,9668,127,128,2.90561318,0.132156511,968.548572,3008656476
4,9669,128,128,2.77027988,0.132450272,966.400431,3008656476
4,9670,129,128,2.53364968,0.132673506,964.774384,3008656476
4,9671,130,128,2.38171148,0.131755986,971.492863,3008656476
4,9672,131,128,2.34975076,0.145778093,878.046882,3008656476
4,9673,132,128,2.03645802,0.131386726,974.223226,3008656476
4,9674,133,128,2.43594313,0.145614721,879.032004,3008656476
4,9675,134,128,2.41880512,0.13092701,977.643956,3008656476
4,9676,135,128,2.22182131,0.129815686,986.013354,3008656476
4,9677,136,128,2.19392085,0.129970083,984.842027,3008656476
4,9678,137,128,2.09882116,0.128154767,998.792343,3008656476
4,9679,138,128,1.88679528,0.128679921,994.716184,3008656476
4,9680,139,128,2.21636605,0.144871277,883.542981,3008656476
4,9681,140,128,1.62234998,0.128593257,995.386562,3008656476
4,9682,141,128,1.68396902,0.143293693,893.270299,3008656476
4,9683,142,128,2.26868701,0.129342724,989.618867,3008656476
4,9684,143,128,1.80240083,0.129575387,987.841927,3008656476
4,9685,144,128,1.30621696,0.129361737,989.473417,3008656476
4,9686,145,128,1.1664654,0.129342683,989.619181,3008656476
4,9687,146,128,2.08839369,0.129977018,984.78948,3008656476
4,9688,147,128,2.73423386,0.149191397,857.958318,3008656476
4,9689,148,128,2.88937974,0.129653309,987.248231,3008656476
4,9690,149,128,2.28060603,0.144848864,883.679695,3008656476
4,9691,150,128,1.61035514,0.129860789,985.670894,3008656476
4,9692,151,128,1.29966569,0.130063241,984.136632,3008656476
4,9693,152,128,2.15410542,0.129714212,986.784702,3008656476
4,9694,153,128,2.33544135,0.12971517,986.777414,3008656476
4,9695,154,128,1.66863596,0.129631137,987.417089,3008656476
4,9696,155,128,2.75491047,0.143716551,890.642025,3008656476
4,9697,156,128,2.74202514,0.13025102,982.717832,3008656476
4,9698,157,128,2.80056524,0.144871006,883.544634,3008656476
4,9699,158,128,2.06810474,0.130724568,979.15795,3008656476
4,9700,159,128,1.8483392,0.131639329,972.353786,3008656476
4,9701,160,128,2.12381744,0.132705444,964.542193,3008656476
4,9702,161,128,2.28766942,0.132836105,963.593445,3008656476
4,9703,162,128,1.96504009,0.132853208,963.469395,3008656476
4,9704,163,128,2.82928014,0.145861883,877.54249,3008656476
4,9705,164,128,2.62821555,0.13361176,957.999505,3008656476
4,9706,165,128,2.32224274,0.158987041,805.097064,3008656476
4,9707,166,128,2.63224196,0.135399561,945.350185,3008656476
4,9708,167,128,2.2600193,0.14402811,888.715404,3008656476
4,9709,168,128,2.11157608,0.14401129,888.819203,3008656476
4,9710,169,128,2.18612647,0.133646791,957.748398,3008656476
4,9711,170,128,2.35603738,0.144505454,885.779716,3008656476
4,9712,171,128,2.12662625,0.132735906,964.320837,3008656476
4,9713,172,128,2.16467261,0.147294703,869.006131,3008656476
4,9714,173,128,2.18274021,0.132020612,969.545574,3008656476
4,9715,174,128,1.7033726,0.131468827,973.614833,3008656476
4,9716,175,128,2.48090959,0.131041756,976.787887,3008656476
4,9717,176,128,1.60715604,0.131236045,975.341797,3008656476
4,9718,177,128,2.78491139,0.130760753,978.886991,3008656476
4,9719,178,128,1.77695584,0.14386305,889.735064,3008656476
4,9720,179,128,2.86699557,0.13042764,981.387074,3008656476
4,9721,180,128,2.23430419,0.14511373,882.066776,3008656476
4,9722,181,128,2.28310204,0.12950728,988.361426,3008656476
4,9723,182,128,2.66634226,0.129071494,991.698446,3008656476
4,9724,183,128,1.64150703,0.128528275,995.889815,3008656476
4,9725,184,128,1.73473346,0.129363252,989.46183,3008656476
4,9726,185,128,2.28614306,0.128403301,996.859107,3008656476
4,9727,186,128,1.96261644,0.14387671,889.65059,3008656476
4,9728,187,128,1.8838501,0.129463902,988.692586,3008656476
4,9729,188,128,2.64621449,0.142377887,899.016011,3008656476
4,9730,189,128,2.38205886,0.128419927,996.730048,3008656476
4,9731,190,128,2.18952942,0.12932661,989.742173,3008656476
4,9732,191,128,1.74670684,0.129499988,988.41708,3008656476
4,9733,192,128,1.6712811,0.130730206,979.115722,3008656476
4,9734,193,128,2.42911077,0.130021087,984.455698,3008656476
4,9735,194,128,2.2002368,0.143685537,890.834267,3008656476
4,9736,195,128,2.59958744,0.1298465,985.779363,3008656476
4,9737,196,128,2.28704119,0.143362164,892.843666,3008656476
4,9738,197,128,2.15266991,0.129799146,986.139,3008656476
4,9739,198,128,2.03861117,0.130235135,982.837696,3008656476
4,9740,199,128,2.39724469,0.129445444,988.833566,3008656476
4,9741,200,128,2.24770021,0.1299011,985.36502,3008656476
4,9742,201,128,2.14967012,0.129752353,986.494634,3008656476
4,9743,202,128,2.93479228,0.14626885,875.100884,3008656476
4,9744,203,128,2.2082026,0.130362886,981.87455,3008656476
4,9745,204,128,2.3802917,0.148168564,863.880951,3008656476
4,9746,205,128,2.17272019,0.131815122,971.057023,3008656476
4,9747,206,128,1.78832471,0.132534535,965.786012,3008656476
4,9748,207,128,2.10992217,0.132552079,965.658185,3008656476
4,9749,208,128,1.77686989,0.132764954,964.109851,3008656476
4,9750,209,128,2.0966804,0.137088202,933.70544,3008656476
4,9751,210,128,1.8263433,0.144906538,883.327983,3008656476
4,9752,211,128,1.98552167,0.147062593,870.37769,3008656476
4,9753,212,128,2.23421764,0.133291825,960.298953,3008656476
4,9754,213,128,1.90570831,0.132229897,968.011039,3008656476
4,9755,214,128,1.60646546,0.131017788,976.966578,3008656476
4,9756,215,128,1.68721437,0.131155562,975.940311,3008656476
4,9757,216,128,2.38760257,0.131586676,972.742863,3008656476
4,9758,217,128,2.32595062,0.146314755,874.826329,3008656476
4,9759,218,128,1.84398317,0.129487145,988.515115,3008656476
4,9760,219,128,2.44734693,0.144085031,888.364316,3008656476
4,9761,220,128,1.88617957,0.129135695,991.205414,3008656476
4,9762,221,128,1.9107641,0.129580708,987.801363,3008656476
4,9763,222,128,2.21875787,0.129709923,986.817331,3008656476
4,9764,223,128,1.76925051,0.129646204,987.302336,3008656476
4,9765,224,128,2.10121202,0.130066102,984.114985,3008656476
4,9766,225,128,2.18622422,0.143253536,893.520702,3008656476
4,9767,226,128,2.12302709,0.130542275,980.525274,3008656476
4,9768,227,128,2.4131403,0.143083589,894.581978,3008656476
4,9769,228,128,1.82899654,0.129669098,987.12802,3008656476
4,9770,229,128,2.06664705,0.130141416,983.545469,3008656476
4,9771,230,128,2.05114985,0.117955099,1085.15868,3008656476
4,9772,231,128,2.49743032,0.130584142,980.210905,3008656476
4,9773,232,128,2.00238156,0.129488929,988.501496,3008656476
4,9774,233,128,2.39411259,0.143907818,889.458278,3008656476
4,9775,234,128,2.26993537,0.129469565,988.64934,3008656476
4,9776,235,128,1.74936986,0.143807874,890.076436,3008656476
4,9777,236,128,2.44329667,0.129589196,987.736663,3008656476
4,9778,237,128,1.86158872,0.130048878,984.245324,3008656476
4,9779,238,128,2.41551685,0.130648354,979.729144,3008656476
4,9780,239,128,2.57288814,0.131382845,974.252004,3008656476
4,9781,240,128,2.4532733,0.131893064,970.483179,3008656476
4,9782,241,128,1.97200525,0.14644662,874.038609,3008656476
4,9783,242,128,2.02761722,0.131774354,971.357446,3008656476
4,9784,243,128,2.27209878,0.146465507,873.9259,3008656476
4,9785,244,128,2.57229352,0.133968855,955.44595,3008656476
4,9786,245,128,1.89946675,0.136124978,940.312365,3008656476
4,9787,246,128,2.20022249,0.132293578,967.545076,3008656476
4,9788,247,128,2.31720424,0.134331854,952.864091,3008656476
4,9789,248,128,2.30829549,0.132727457,964.382223,3008656476
4,9790,249,128,1.27810943,0.14501021,882.696467,3008656476
4,9791,250,128,1.75954771,0.131246448,975.264489,3008656476
4,9792,251,128,2.60070038,0.14104406,907.517835,3008656476
4,9793,252,128,2.58736515,0.132408822,966.702959,3008656476
4,9794,253,128,2.17569351,0.138282645,925.64038,3008656476
4,9795,254,128,2.24303246,0.17757237,720.832864,3008656476
4,9796,255,128,2.35887694,0.131599016,972.65165,3008656476
4,9797,256,128,2.16279292,0.145083154,882.25267,3008656476
4,9798,257,128,2.54215288,0.131451823,973.740775,3008656476
4,9799,258,128,1.90820384,0.144179713,887.780932,3008656476
4,9800,259,128,2.40143442,0.131068359,976.589628,3008656476
4,9801,260,128,2.49897718,0.12990806,985.312228,3008656476
4,9802,261,128,2.13826156,0.130750974,978.960203,3008656476
4,9803,262,128,2.60245919,0.129280993,990.091405,3008656476
4,9804,263,128,1.78345096,0.12912799,991.264559,3008656476
4,9805,264,128,1.99973047,0.144863365,883.591238,3008656476
4,9806,265,128,2.11761522,0.12904723,991.884909,3008656476
4,9807,266,128,1.99316442,0.142656076,897.262869,3008656476
4,9808,267,128,1.41660118,0.129503415,988.390924,3008656476
4,9809,268,128,1.65318525,0.12903899,991.948248,3008656476
4,9810,269,128,2.23312473,0.129157022,991.041741,3008656476
4,9811,270,128,2.66038108,0.130712824,979.245923,3008656476
4,9812,271,128,1.87020934,0.129543224,988.087189,3008656476
4,9813,272,128,2.11453724,0.149653048,855.311681,3008656476
4,9814,273,128,2.51535273,0.129760569,986.432173,3008656476
4,9815,274,128,1.84297907,0.145149827,881.847417,3008656476
4,9816,275,128,2.15948868,0.129593742,987.702014,3008656476
4,9817,276,128,2.28315139,0.130349176,981.977822,3008656476
4,9818,277,128,2.52345824,0.130567208,980.338034,3008656476
4,9819,278,128,1.92240751,0.128651675,994.934578,3008656476
4,9820,279,128,2.01919031,0.129542151,988.095373,3008656476
4,9821,280,128,2.21330237,0.143930645,889.317212,3008656476
4,9822,281,128,1.93588912,0.129974366,984.809574,3008656476
4,9823,282,128,1.49839509,0.147811003,865.970715,3008656476
4,9824,283,128,1.90232933,0.132740271,964.289127,3008656476
4,9825,284,128,1.74775028,0.13193413,970.181105,3008656476
4,9826,285,128,1.76565552,0.132848894,963.500682,3008656476
4,9827,286,128,2.1114099,0.133886858,956.031099,3008656476
4,9828,287,128,1.73063874,0.136443031,938.120467,3008656476
4,9829,288,128,1.63821208,0.157017511,815.195701,3008656476
4,9830,289,128,2.15267515,0.15270769,838.202713,3008656476
4,9831,290,128,1.9142971,0.132660721,964.867363,3008656476
4,9832,291,128,2.52189159,0.132978913,962.558628,3008656476
4,9833,292,128,2.21190739,0.132188942,968.31095,3008656476
4,9834,293,128,1.7089175,0.132115223,968.851258,3008656476
4,9835,294,128,1.73175216,0.132166518,968.475238,3008656476
4,9836,295,128,2.01733136,0.144823464,883.83468,3008656476
4,9837,296,128,2.5889504,0.130814846,978.482213,3008656476
4,9838,297,128,2.0054636,0.144220936,887.527176,3008656476
4,9839,298,128,2.21266222,0.129798997,986.140132,3008656476
4,9840,299,128,2.36146593,0.130452636,981.199031,3008656476
4,9841,300,128,2.13218999,0.129140326,991.169869,3008656476
4,9842,301,128,2.0862987,0.128768447,994.032335,3008656476
4,9843,302,128,2.0505147,0.129462967,988.699726,3008656476
4,9844,303,128,2.24592304,0.145612115,879.047736,3008656476
4,9845,304,128,1.85915709,0.130148477,983.492108,3008656476
4,9846,305,128,1.88995552,0.142183183,900.247113,3008656476
4,9847,306,128,2.13940191,0.128389693,996.964764,3008656476
4,9848,307,128,1.84184587,0.12850165,996.096159,3008656476
4,9849,308,128,2.5271337,0.129329457,989.720385,3008656476
4,9850,309,128,2.2924335,0.129803931,986.102647,3008656476
4,9851,310,128,2.0736177,0.130498667,980.852931,3008656476
4,9852,311,128,1.83778059,0.143948947,889.204143,3008656476
4,9853,312,128,1.86707997,0.130631603,979.854775,3008656476
4,9854,313,128,2.02065706,0.145245831,881.264537,3008656476
4,9855,314,128,1.47060442,0.128367889,997.134104,3008656476
4,9856,315,128,1.94950056,0.129947495,985.013216,3008656476
4,9857,316,128,2.14025283,0.129599401,987.658886,3008656476
4,9858,317,128,1.97141743,0.129624669,987.46636,3008656476
4,9859,318,128,2.35126352,0.130040581,984.308121,3008656476
4,9860,319,128,2.37018824,0.14547991,879.846571,3008656476
4,9861,320,128,2.69859171,0.131196622,975.634876,3008656476
4,9862,321,128,2.06349111,0.146053442,876.391533,3008656476
4,9863,322,128,2.08577514,0.131615167,972.532292,3008656476
4,9864,323,128,2.13929033,0.13291638,963.011481,3008656476
4,9865,324,128,1.50468636,0.131990232,969.768733,3008656476
4,9866,325,128,2.50360084,0.132282364,967.627098,3008656476
4,9867,326,128,2.24209237,0.134384708,952.489326,3008656476
4,9868,327,128,2.56888413,0.15350477,833.85031,3008656476
4,9869,328,128,2.40067816,0.154311857,829.489078,3008656476
4,9870,329,128,2.25412226,0.132330195,967.277347,3008656476
4,9871,330,128,2.96748257,0.132318578,967.36227,3008656476
4,9872,331,128,2.37192249,0.13910476,920.169806,3008656476
4,9873,332,128,1.93655682,0.136416549,938.302581,3008656476
4,9874,333,128,2.47450709,0.144006748,888.847237,3008656476
4,9875,334,128,2.25687742,0.147197548,869.579703,3008656476
4,9876,335,128,2.60665751,0.133822611,956.490081,3008656476
4,9877,336,128,2.31591392,0.146944025,871.079991,3008656476
4,9878,337,128,2.31825924,0.131922133,970.269333,3008656476
4,9879,338,128,2.06384802,0.131744787,971.575445,3008656476
4,9880,339,128,2.44131804,0.130938218,977.560272,3008656476
4,9881,340,128,2.15829515,0.13174607,971.565983,3008656476
4,9882,341,128,2.23291397,0.130783526,978.71654,3008656476
4,9883,342,128,2.17647314,0.143884292,889.60371,3008656476
4,9884,343,128,1.97482336,0.130433598,981.342246,3008656476
4,9885,344,128,2.5365026,0.145938848,877.079693,3008656476
4,9886,345,128,1.89628816,0.130310508,982.269212,3008656476
4,9887,346,128,1.91489112,0.130550916,980.460375,3008656476
4,9888,347,128,2.70816755,0.128807019,993.734666,3008656476
4,9889,348,128,2.27032661,0.129782987,986.261782,3008656476
4,9890,349,128,2.53835511,0.129782049,986.26891,3008656476
4,9891,350,128,2.56117225,0.14108444,907.258093,3008656476
4,9892,351,128,2.31944847,0.129331369,989.705753,3008656476
4,9893,352,128,2.61980534,0.14178098,902.800926,3008656476
4,9894,353,128,2.40182662,0.130110139,983.781902,3008656476
4,9895,354,128,2.02122784,0.128780237,993.94133,3008656476
4,9896,355,128,2.21703362,0.12912811,991.263637,3008656476
4,9897,356,128,2.51531148,0.128879192,993.17817,3008656476
4,9898,357,128,2.11449146,0.129591029,987.722692,3008656476
4,9899,358,128,1.50554979,0.143553466,891.653846,3008656476
4,9900,359,128,1.81353295,0.129610891,987.57133,3008656476
4,9901,360,128,1.98852575,0.143511787,891.912802,3008656476
4,9902,361,128,1.9688375,0.130944291,977.514934,3008656476
4,9903,362,128,1.90776598,0.130039348,984.317454,3008656476
4,9904,363,128,2.04447865,0.130092854,983.912614,3008656476
4,9905,364,128,2.25339317,0.129747889,986.528575,3008656476
4,9906,365,128,2.3611393,0.129976606,984.792602,3008656476
4,9907,366,128,2.32629919,0.149304967,857.305705,3008656476
4,9908,367,128,2.22513318,0.129095845,991.511384,3008656476
4,9909,368,128,1.78957152,0.142205146,900.108073,3008656476
4,9910,369,128,2.1480124,0.130806726,978.542954,3008656476
4,9911,370,128,2.18087602,0.129845319,985.788329,3008656476
4,9912,371,128,2.07010579,0.130631381,979.85644,3008656476
4,9913,372,128,2.37359524,0.131507448,973.328902,3008656476
4,9914,373,128,2.63249898,0.131521634,973.223918,3008656476
4,9915,374,128,2.45540452,0.147415036,868.296773,3008656476
4,9916,375,128,1.67485237,0.147669152,866.802567,3008656476
4,9917,376,128,2.72334266,0.129947701,985.011655,3008656476
4,9918,377,128,1.60748494,0.133399771,959.521887,3008656476
4,9919,378,128,2.14803076,0.144220009,887.53288,3008656476
4,9920,379,128,1.52088368,0.144105508,888.238082,3008656476
4,9921,380,128,1.83764601,0.131739398,971.615188,3008656476
4,9922,381,128,1.7916193,0.151539479,844.66438,3008656476
4,9923,382,128,1.5901109,0.143884887,889.600031,3008656476
4,9924,383,128,1.72539198,0.149436241,856.552595,3008656476
4,9925,384,128,2.7757082,0.132581952,965.440605,3008656476
4,9926,385,128,2.51331449,0.132377437,966.932152,3008656476
4,9927,386,128,2.04908228,0.13230477,967.463229,3008656476
4,9928,387,128,1.76033616,0.132677106,964.748206,3008656476
4,9929,388,128,2.42415786,0.131494437,973.42521,3008656476
4,9930,389,128,2.6905508,0.144591948,885.249848,3008656476
4,9931,390,128,2.582057,0.132004971,969.660453,3008656476
4,9932,391,128,2.49962401,0.143964903,889.10559,3008656476
4,9933,392,128,1.87444139,0.131325309,974.678841,3008656476
4,9934,393,128,2.35710907,0.131995887,969.727186,3008656476
4,9935,394,128,2.05124474,0.132363876,967.031216,3008656476
4,9936,395,128,2.36579871,0.130132281,983.614511,3008656476
4,9937,396,128,2.25235248,0.130799757,978.59509,3008656476
4,9938,397,128,2.80606174,0.137034024,934.074592,3008656476
4,9939,398,128,2.12765813,0.131706542,971.857571,3008656476
4,9940,399,128,2.8439033,0.136191873,939.8505,3008656476
4,9941,400,128,2.14451885,0.132073077,969.160429,3008656476
4,9942,401,128,2.4938364,0.131274879,975.05327,3008656476
4,9943,402,128,2.34187841,0.131849259,970.805608,3008656476
4,9944,403,128,2.12646794,0.132060509,969.252663,3008656476
4,9945,404,128,2.25844121,0.130687391,979.436494,3008656476
4,9946,405,128,1.92359567,0.135364722,945.593491,3008656476
4,9947,406,128,2.09112048,0.145922236,877.179541,3008656476
4,9948,407,128,1.56193042,0.126981924,1008.01749,3008656476
4,9949,408,128,1.74377584,0.12966065,987.192336,3008656476
4,9950,409,128,2.39272428,0.130252726,982.704961,3008656476
4,9951,410,128,1.78055704,0.129733448,986.638388,3008656476
4,9952,411,128,2.33343577,0.130293156,982.400027,3008656476
4,9953,412,128,1.79636586,0.129050512,991.859684,3008656476
4,9954,413,128,1.81153572,0.13284605,963.521309,3008656476
4,9955,414,128,2.02128911,0.131266502,975.115494,3008656476
4,9956,415,128,2.60761714,0.134756566,949.860951,3008656476
4,9957,416,128,2.11575842,0.130792826,978.646948,3008656476
4,9958,417,128,1.78086555,0.131538991,973.095498,3008656476
4,9959,418,128,1.949664,0.132175946,968.406158,3008656476
4,9960,419,128,1.2861774,0.131005594,977.057514,3008656476
4,9961,420,128,1.36989045,0.147029296,870.5748,3008656476
4,9962,421,128,2.2010529,0.124302698,1029.74434,3008656476
4,9963,422,128,1.953444,0.141424944,905.073719,3008656476
4,9964,423,128,2.16187286,0.126931119,1008.42095,3008656476
4,9965,424,128,2.54954553,0.131114239,976.247896,3008656476
4,9966,425,128,2.70029616,0.129948045,985.009047,3008656476
4,9967,426,128,3.06874299,0.129580125,987.805807,3008656476
4,9968,427,128,2.09764099,0.130000211,984.613787,3008656476
4,9969,428,128,1.59365427,0.142406963,898.832454,3008656476
4,9970,429,128,1.32072616,0.124596025,1027.32009,3008656476
4,9971,430,128,1.59097207,0.140251235,912.647935,3008656476
4,9972,431,128,1.48559976,0.126254289,1013.82694,3008656476
4,9973,432,128,1.58021677,0.132539298,965.751305,3008656476
4,9974,433,128,1.6413492,0.130481632,980.980986,3008656476
4,9975,434,128,2.07310724,0.129673343,987.095706,3008656476
4,9976,435,128,2.02244449,0.130310949,982.265888,3008656476
4,9977,436,128,2.56751275,0.132108075,968.90368,3008656476
4,9978,437,128,1.70325458,0.130795989,978.623282,3008656476
4,9979,438,128,1.74297249,0.137582864,930.348419,3008656476
4,9980,439,128,2.25696945,0.131442391,973.810648,3008656476
4,9981,440,128,1.98449075,0.1315506,973.009625,3008656476
4,9982,441,128,1.77611327,0.131666119,972.155942,3008656476
4,9983,442,128,1.69992757,0.132024726,969.515362,3008656476
4,9984,443,128,1.60371339,0.131375971,974.30298,3008656476
4,9985,444,128,1.5786643,0.140965267,908.025095,3008656476
4,9986,445,128,1.85187936,0.128802389,993.770387,3008656476
4,9987,446,128,1.96894455,0.143774611,890.28236,3008656476
4,9988,447,128,2.42335415,0.12995566,984.951329,3008656476
4,9989,448,128,2.21015644,0.131017142,976.971395,3008656476
4,9990,449,128,2.1691308,0.128643315,994.999235,3008656476
4,9991,450,128,1.97024274,0.129696458,986.919782,3008656476
4,9992,451,128,2.68584013,0.128878539,993.183202,3008656476
4,9993,452,128,2.00383258,0.138549446,923.857898,3008656476
4,9994,453,128,1.85752261,0.129175169,990.902516,3008656476
4,9995,454,128,2.31073856,0.144913442,883.2859,3008656476
4,9996,455,128,2.36246347,0.128530347,995.87376,3008656476
4,9997,456,128,2.27689552,0.129866085,985.630698,3008656476
4,9998,457,128,2.27822733,0.130259475,982.654045,3008656476
4,9999,458,128,2.39647484,0.128971841,992.464704,3008656476
4,10000,459,128,1.79459262,0.129653432,987.247295,3008656476
4,10001,460,128,2.62940264,0.1447083,884.538067,3008656476
4,10002,461,128,2.58905816,0.129783509,986.257815,3008656476
4,10003,462,128,2.12312412,0.144899966,883.368047,3008656476
4,10004,463,128,1.76390016,0.130691037,979.409169,3008656476
4,10005,464,128,1.8957237,0.130443854,981.265089,3008656476
4,10006,465,128,1.58842087,0.130679635,979.494624,3008656476
4,10007,466,128,1.71224201,0.13097151,977.311783,3008656476
4,10008,467,128,2.12448525,0.130365862,981.852135,3008656476
4,10009,468,128,2.69071746,0.143836263,889.900762,3008656476
4,10010,469,128,2.60313725,0.129905954,985.328201,3008656476
4,10011,470,128,2.40004134,0.143303792,893.207348,3008656476
4,10012,471,128,1.47244549,0.130218613,982.962397,3008656476
4,10013,472,128,2.85081887,0.130470974,981.061121,3008656476
4,10014,473,128,2.18315578,0.129506066,988.370691,3008656476
4,10015,474,128,1.86076891,0.12951186,988.326475,3008656476
4,10016,475,128,1.60562277,0.129908612,985.308041,3008656476
4,10017,476,128,1.85341203,0.145183901,881.640451,3008656476
4,10018,477,128,2.10477471,0.129368172,989.424199,3008656476
4,10019,478,128,2.23165607,0.142326172,899.342673,3008656476
4,10020,479,128,2.67054367,0.130065161,984.122105,3008656476
4,10021,480,128,2.34916329,0.130640535,979.787782,3008656476
4,10022,481,128,1.95542037,0.131006523,977.050585,3008656476
4,10023,482,128,1.85101211,0.131210242,975.533602,3008656476
4,10024,483,128,2.23284364,0.132415881,966.651425,3008656476
4,10025,484,128,2.25250316,0.145596272,879.143389,3008656476
4,10026,485,128,1.85366142,0.133382364,959.647109,3008656476
4,10027,486,128,1.56931841,0.145565656,879.328294,3008656476
4,10028,487,128,2.26480865,0.132200313,968.227662,3008656476
4,10029,488,128,1.83485138,0.133012389,962.316375,3008656476
4,10030,489,128,2.6293478,0.13509668,947.46962,3008656476
4,10031,490,128,2.70943284,0.139537092,917.318816,3008656476
4,10032,491,128,2.55578828,0.135022087,947.993049,3008656476
4,10033,492,128,2.05355191,0.145633809,878.916791,3008656476
4,10034,493,128,2.09683919,0.133129577,961.469291,3008656476
4,10035,494,128,2.13498211,0.141111301,907.085394,3008656476
4,10036,495,128,2.2425952,0.135070663,947.652119,3008656476
4,10037,496,128,2.73826599,0.133214506,960.85632,3008656476
4,10038,497,128,2.75593638,0.132921018,962.977879,3008656476
4,10039,498,128,2.74284887,0.133050038,962.044069,3008656476
4,10040,499,128,2.38058662,0.142546184,897.954589,3008656476
4,10041,500,128,2.41566014,0.124767702,1025.90653,3008656476
4,10042,501,128,2.65933275,0.143896324,889.529325,3008656476
4,10043,502,128,1.93691468,0.129922713,985.201102,3008656476
4,10044,503,128,2.67649055,0.131977474,969.862478,3008656476
4,10045,504,128,2.56904173,0.130146205,983.509277,3008656476
4,10046,505,128,2.6587379,0.130612707,979.996533,3008656476
4,10047,506,128,2.62218761,0.130911276,977.761457,3008656476
4,10048,507,128,1.92358387,0.144255467,887.314725,3008656476
4,10049,508,128,2.50479031,0.129303562,989.918592,3008656476
4,10050,509,128,2.49141836,0.144940139,883.123204,3008656476
4,10051,510,128,2.39350796,0.12941887,989.036606,3008656476
4,10052,511,128,2.60440612,0.129536128,988.141316,3008656476
4,10053,512,128,2.50424051,0.129132126,991.232809,3008656476
4,10054,513,128,2.50912476,0.129890272,985.447163,3008656476
4,10055,514,128,2.33222008,0.130246401,982.752683,3008656476
4,10056,515,128,2.72311974,0.143326039,893.068705,3008656476
4,10057,516,128,2.40874314,0.129815227,986.016841,3008656476
4,10058,517,128,2.62558031,0.144040159,888.641063,3008656476
4,10059,518,128,2.73123646,0.130296238,982.37679,3008656476
4,10060,519,128,2.36908436,0.129670489,987.117431,3008656476
4,10061,520,128,1.98003924,0.129955046,984.955982,3008656476
4,10062,521,128,2.29706907,0.13060099,980.084454,3008656476
4,10063,522,128,1.78812361,0.13026506,982.611915,3008656476
4,10064,523,128,2.2924962,0.144510745,885.747285,3008656476
4,10065,524,128,1.87118948,0.129977725,984.784124,3008656476
4,10066,525,128,2.0943296,0.143240454,893.602306,3008656476
4,10067,526,128,2.53852892,0.130392502,981.651537,3008656476
4,10068,527,128,2.30015588,0.129183811,990.836228,3008656476
4,10069,528,128,2.62277842,0.12986627,985.629294,3008656476
4,10070,529,128,2.07312155,0.130296927,982.371595,3008656476
4,10071,530,128,1.48709834,0.1287464,994.202556,3008656476
4,10072,531,128,2.78361344,0.143937404,889.275452,3008656476
4,10073,532,128,3.10963726,0.129493756,988.464648,3008656476
4,10074,533,128,2.66989589,0.142509915,898.183119,3008656476
4,10075,534,128,2.56674123,0.131148267,975.994597,3008656476
4,10076,535,128,2.28122497,0.130564112,980.36128,3008656476
4,10077,536,128,2.39223766,0.130837802,978.310534,3008656476
4,10078,537,128,2.51236606,0.131304755,974.831414,3008656476
4,10079,538,128,1.78327227,0.131770584,971.385237,3008656476
4,10080,539,128,1.9807415,0.147247911,869.282281,3008656476
4,10081,540,128,2.18797469,0.131896791,970.455756,3008656476
4,10082,541,128,2.4551549,0.144840903,883.728266,3008656476
4,10083,542,128,2.34227586,0.133557693,958.387324,3008656476
4,10084,543,128,2.84414506,0.137594409,930.270357,3008656476
4,10085,544,128,1.95122826,0.133201811,960.947896,3008656476
4,10086,545,128,1.68052244,0.132363364,967.034957,3008656476
4,10087,546,128,2.09960341,0.133035666,962.148,3008656476
4,10088,547,128,2.66654181,0.145951601,877.003055,3008656476
4,10089,548,128,2.3194654,0.132623212,965.14025,3008656476
4,10090,549,128,2.49778533,0.143538695,891.745602,3008656476
4,10091,550,128,2.09477901,0.131371431,974.33665,3008656476
4,10092,551,128,1.96524596,0.132224317,968.05189,3008656476
4,10093,552,128,2.28884673,0.13223099,968.003038,3008656476
4,10094,553,128,2.51792288,0.131302924,974.845008,3008656476
4,10095,554,128,2.835181,0.129670153,987.119989,3008656476
4,10096,555,128,2.87208843,0.137059093,933.903743,3008656476
4,10097,556,128,1.85910797,0.131976112,969.872487,3008656476
4,10098,557,128,2.25711918,0.13884017,921.923389,3008656476
4,10099,558,128,2.8183434,0.132145506,968.629232,3008656476
4,10100,559,128,3.08896589,0.133348226,959.892785,3008656476
4,10101,560,128,2.58628106,0.132626535,965.116068,3008656476
4,10102,561,128,2.56952214,0.132459355,966.334163,3008656476
4,10103,562,128,2.73337531,0.143164545,894.076114,3008656476
4,10104,563,128,2.98591733,0.129325167,989.753216,3008656476
4,10105,564,128,2.48217106,0.14643684,874.096983,3008656476
4,10106,565,128,2.16814876,0.129792695,986.188013,3008656476
4,10107,566,128,1.628335,0.12931796,989.808376,3008656476
4,10108,567,128,2.57825613,0.129661557,987.185431,3008656476
4,10109,568,128,2.31305218,0.129325674,989.749336,3008656476
4,10110,569,128,2.63324237,0.129482805,988.548248,3008656476
4,10111,570,128,2.85383129,0.142635716,897.390945,3008656476
4,10112,571,128,1.89876938,0.130530035,980.61722,3008656476
4,10113,572,128,1.89906526,0.143131232,894.284205,3008656476
4,10114,573,128,2.5897038,0.129248693,990.338835,3008656476
4,10115,574,128,2.31598854,0.130272749,982.553918,3008656476
4,10116,575,128,2.53372884,0.130416009,981.474598,3008656476
4,10117,576,128,1.8019985,0.130861348,978.134506,3008656476
4,10118,577,128,2.85424066,0.130468824,981.077288,3008656476
4,10119,578,128,1.89200234,0.140957012,908.078273,3008656476
4,10120,579,128,2.12577057,0.129147988,991.111066,3008656476
4,10121,580,128,2.00870728,0.143678759,890.876292,3008656476
4,10122,581,128,2.53753591,0.13022318,982.927924,3008656476
4,10123,582,128,2.45593166,0.129147583,991.114174,3008656476
4,10124,583,128,2.10933614,0.129754755,986.476372,3008656476
4,10125,584,128,2.51077056,0.129740396,986.58555,3008656476
4,10126,585,128,1.91565633,0.130122606,983.687646,3008656476
4,10127,586,128,2.69691038,0.143337076,892.999938,3008656476
4,10128,587,128,2.52987742,0.128954057,992.601574,3008656476
4,10129,588,128,2.32160997,0.141093036,907.202819,3008656476
4,10130,589,128,2.79004049,0.129682404,987.026736,3008656476
4,10131,590,128,2.44095826,0.129543789,988.082879,3008656476
4,10132,591,128,2.23420668,0.13045219,981.202385,3008656476
4,10133,592,128,2.27748775,0.130533533,980.590941,3008656476
4,10134,593,128,1.9714216,0.132017335,969.56964,3008656476
4,10135,594,128,1.98993814,0.144612877,885.121731,3008656476
4,10136,595,128,2.25671172,0.132199388,968.234437,3008656476
4,10137,596,128,2.4783895,0.145233215,881.34109,3008656476
4,10138,597,128,2.46746445,0.132039928,969.40374,3008656476
4,10139,598,128,2.11895251,0.132159893,968.523787,3008656476
4,10140,599,128,2.55691028,0.132815341,963.74409,3008656476
4,10141,600,128,2.5054884,0.133687641,957.455746,3008656476
4,10142,601,128,2.13140988,0.133926443,955.748522,3008656476
4,10143,602,128,2.61010003,0.159587878,802.065931,3008656476
4,10144,603,128,1.79822111,0.133007281,962.353332,3008656476
4,10145,604,128,2.67767239,0.148089841,864.340181,3008656476
4,10146,605,128,1.76303208,0.131886898,970.528551,3008656476
4,10147,606,128,2.00818777,0.133791574,956.711968,3008656476
4,10148,607,128,1.83929908,0.132208078,968.170795,3008656476
4,10149,608,128,2.54210448,0.131705259,971.867038,3008656476
4,10150,609,128,1.96962726,0.132174076,968.419859,3008656476
4,10151,610,128,2.06586862,0.139881484,915.060352,3008656476
4,10152,611,128,1.73218286,0.132375423,966.946863,3008656476
4,10153,612,128,2.10136199,0.136142013,940.194707,3008656476
4,10154,613,128,2.29309201,0.133263858,960.500483,3008656476
4,10155,614,128,2.59650874,0.132679662,964.729621,3008656476
4,10156,615,128,1.80090511,0.132514689,965.930652,3008656476
4,10157,616,128,2.5122962,0.131793407,971.21702,3008656476
4,10158,617,128,2.68527699,0.145021391,882.628412,3008656476
4,10159,618,128,2.06818342,0.129769568,986.363768,3008656476
4,10160,619,128,2.28001499,0.145199912,881.543234,3008656476
4,10161,620,128,2.03554988,0.130136277,983.584308,3008656476
4,10162,621,128,2.1179738,0.12926905,990.182878,3008656476
4,10163,622,128,2.48131204,0.12876691,994.0442,3008656476
4,10164,623,128,2.42936039,0.129504534,988.382384,3008656476
4,10165,624,128,2.66328049,0.129294126,989.990837,3008656476
4,10166,625,128,2.46703649,0.143426872,892.440853,3008656476
4,10167,626,128,2.37568331,0.129558157,987.973301,3008656476
4,10168,627,128,2.05307531,0.143355432,892.885594,3008656476
4,10169,628,128,2.0220499,0.130029926,984.388778,3008656476
4,10170,629,128,2.70125699,0.130552811,980.446143,3008656476
4,10171,630,128,2.65010285,0.130732099,979.101544,3008656476
4,10172,631,128,1.94085252,0.130050933,984.229771,3008656476
4,10173,632,128,3.02566433,0.131136117,976.085025,3008656476
4,10174,633,128,2.73237205,0.14213869,900.528913,3008656476
4,10175,634,128,2.65379429,0.129931717,985.132829,3008656476
4,10176,635,128,1.99335611,0.142857625,895.996976,3008656476
4,10177,636,128,2.33235359,0.129658892,987.205721,3008656476
4,10178,637,128,2.17782211,0.129541156,988.102962,3008656476
4,10179,638,128,2.26508403,0.1298125,986.037554,3008656476
4,10180,639,128,2.8954289,0.128783806,993.913784,3008656476
4,10181,640,128,2.26940417,0.1300522,984.220182,3008656476
4,10182,641,128,2.24094605,0.143047202,894.809533,3008656476
4,10183,642,128,1.99957752,0.129806382,986.084028,3008656476
4,10184,643,128,2.39820886,0.143378632,892.741116,3008656476
4,10185,644,128,2.69472504,0.131351933,974.481282,3008656476
4,10186,645,128,3.16576266,0.130071476,984.074325,3008656476
4,10187,646,128,2.29848742,0.130970762,977.317365,3008656476
4,10188,647,128,2.18686223,0.131053834,976.697866,3008656476
4,10189,648,128,2.43627882,0.13283098,963.630623,3008656476
4,10190,649,128,2.28046322,0.146006332,876.674308,3008656476
4,10191,650,128,1.97249997,0.133120541,961.534554,3008656476
4,10192,651,128,2.23141336,0.148021525,864.739098,3008656476
4,10193,652,128,1.55187273,0.134408907,952.31784,3008656476
4,10194,653,128,1.80114245,0.139209344,919.478509,3008656476
4,10195,654,128,2.93340516,0.133916493,955.819534,3008656476
4,10196,655,128,2.79949141,0.133608392,958.023655,3008656476
4,10197,656,128,2.5519731,0.132591272,965.372743,3008656476
4,10198,657,128,2.11995077,0.147952816,865.140681,3008656476
4,10199,658,128,2.29427481,0.131653075,972.252262,3008656476
4,10200,659,128,2.60329652,0.144476146,885.959403,3008656476
4,10201,660,128,2.5504787,0.132674491,964.767221,3008656476
4,10202,661,128,2.52500534,0.133102827,961.66252,3008656476
4,10203,662,128,2.47115898,0.131959058,969.997831,3008656476
4,10204,663,128,1.96948302,0.132584976,965.418586,3008656476
4,10205,664,128,1.83680177,0.130497202,980.863942,3008656476
4,10206,665,128,3.13311505,0.136190073,939.862922,3008656476
4,10207,666,128,2.82908845,0.147655609,866.88207,3008656476
4,10208,667,128,2.29498529,0.12609254,1015.12746,3008656476
4,10209,668,128,1.93061316,0.131838582,970.884229,3008656476
4,10210,669,128,1.93735981,0.131199726,975.611794,3008656476
4,10211,670,128,2.22838807,0.130603925,980.062429,3008656476
4,10212,671,128,1.72040427,0.129948054,985.008979,3008656476
4,10213,672,128,1.894171,0.139705825,916.210902,3008656476
4,10214,673,128,2.10630631,0.126798643,1009.47453,3008656476
4,10215,674,128,2.59731841,0.141549538,904.27706,3008656476
4,10216,675,128,2.56873226,0.127674579,1002.54883,3008656476
4,10217,676,128,2.09877372,0.13001697,984.486871,3008656476
4,10218,677,128,2.76721883,0.130095803,983.89031,3008656476
4,10219,678,128,2.30316782,0.129276928,990.122538,3008656476
4,10220,679,128,2.10331607,0.128286802,997.764369,3008656476
4,10221,680,128,2.40016651,0.135857432,942.164136,3008656476
4,10222,681,128,2.44300914,0.125763512,1017.78328,3008656476
4,10223,682,128,2.36201692,0.13035917,981.902539,3008656476
4,10224,683,128,2.18963432,0.135926804,941.68329,3008656476
4,10225,684,128,2.16115117,0.132470452,966.253214,3008656476
4,10226,685,128,1.75534034,0.1308842,977.963727,3008656476
4,10227,686,128,1.95331931,0.130830846,978.362549,3008656476
4,10228,687,128,1.75811112,0.130282946,982.477016,3008656476
4,10229,688,128,2.40069699,0.135348377,945.707683,3008656476
4,10230,689,128,1.68107605,0.128739548,994.255472,3008656476
4,10231,690,128,1.98004806,0.130606691,980.041673,3008656476
4,10232,691,128,2.43211412,0.136766877,935.899121,3008656476
4,10233,692,128,2.2122438,0.131289524,974.944505,3008656476
4,10234,693,128,1.89748299,0.131810713,971.089505,3008656476
4,10235,694,128,2.32184744,0.132003998,969.667601,3008656476
4,10236,695,128,2.1894753,0.131603552,972.618125,3008656476
4,10237,696,128,2.82984328,0.14210169,900.76339,3008656476
4,10238,697,128,2.51532722,0.1253403,1021.21983,3008656476
4,10239,698,128,2.17057467,0.131940798,970.132074,3008656476
4,10240,699,128,2.0222075,0.199523784,641.527528,3008656476
4,10241,700,128,2.741014,0.132518595,965.902182,3008656476
4,10242,701,128,2.28289628,0.131752061,971.521804,3008656476
4,10243,702,128,1.94326699,0.132052575,969.310898,3008656476
4,10244,703,128,1.68568563,0.131122075,976.189555,3008656476
4,10245,704,128,2.18145847,0.145704615,878.489676,3008656476
4,10246,705,128,2.45580125,0.1305046,980.808339,3008656476
4,10247,706,128,2.34901285,0.142697273,897.003827,3008656476
4,10248,707,128,2.45314407,0.129652511,987.254308,3008656476
4,10249,708,128,1.79527223,0.128995557,992.282238,3008656476
4,10250,709,128,2.5766449,0.129523411,988.238335,3008656476
4,10251,710,128,1.77224028,0.129097316,991.500087,3008656476
4,10252,711,128,2.50676489,0.129357608,989.505001,3008656476
4,10253,712,128,2.33939362,0.143575569,891.516578,3008656476
4,10254,713,128,2.53439593,0.130021245,984.454502,3008656476
4,10255,714,128,1.76937461,0.143813284,890.042953,3008656476
4,10256,715,128,1.38747811,0.130135892,983.587218,3008656476
4,10257,716,128,1.82818758,0.131140196,976.054664,3008656476
4,10258,717,128,2.44849896,0.13038807,981.684904,3008656476
4,10259,718,128,2.86747169,0.130158143,983.41907,3008656476
4,10260,719,128,2.69278121,0.130155332,983.44031,3008656476
4,10261,720,128,2.55925322,0.143160952,894.098553,3008656476
4,10262,721,128,2.38013506,0.130590997,980.159452,3008656476
4,10263,722,128,2.17183471,0.14486137,883.603406,3008656476
4,10264,723,128,2.50622368,0.129176258,990.894163,3008656476
4,10265,724,128,2.15776944,0.129597511,987.673289,3008656476
4,10266,725,128,2.29291081,0.130016554,984.490021,3008656476
4,10267,726,128,2.15256619,0.129477106,988.591759,3008656476
4,10268,727,128,2.55832291,0.129758632,986.446898,3008656476
4,10269,728,128,2.30178857,0.145744929,878.24668,3008656476
4,10270,729,128,2.40078974,0.12905156,991.851629,3008656476
4,10271,730,128,2.17588162,0.141091622,907.211911,3008656476
4,10272,731,128,2.76916337,0.130116681,983.732439,3008656476
4,10273,732,128,2.33210969,0.130042865,984.290834,3008656476
4,10274,733,128,1.8757509,0.130624799,979.905814,3008656476
4,10275,734,128,1.52393854,0.131840309,970.871511,3008656476
4,10276,735,128,1.7805897,0.131540993,973.080688,3008656476
4,10277,736,128,1.51702464,0.139488199,917.640352,3008656476
4,10278,737,128,1.49785781,0.131548571,973.024633,3008656476
4,10279,738,128,1.90552127,0.138436358,924.612593,3008656476
4,10280,739,128,2.09454322,0.134634667,950.720961,3008656476
4,10281,740,128,1.90238798,0.139471683,917.749017,3008656476
4,10282,741,128,2.22794032,0.132819399,963.714645,3008656476
4,10283,742,128,2.23054647,0.133584965,958.191665,3008656476
4,10284,743,128,2.26053357,0.146296639,874.934659,3008656476
4,10285,744,128,2.09027004,0.133820524,956.504998,3008656476
4,10286,745,128,1.54893947,0.144207008,887.612896,3008656476
4,10287,746,128,1.70121717,0.131146662,976.006541,3008656476
4,10288,747,128,1.70819473,0.13217904,968.38349,3008656476
4,10289,748,128,2.42769098,0.131319119,974.724785,3008656476
4,10290,749,128,2.80749989,0.132194475,968.270421,3008656476
4,10291,750,128,2.05351281,0.133658172,957.666846,3008656476
4,10292,751,128,2.35204458,0.143988518,888.959771,3008656476
4,10293,752,128,1.80469537,0.130693522,979.390547,3008656476
4,10294,753,128,2.03637838,0.144483977,885.911384,3008656476
4,10295,754,128,2.25205302,0.128977625,992.420197,3008656476
4,10296,755,128,2.02430224,0.130731764,979.104053,3008656476
4,10297,756,128,2.58696961,0.128130166,998.984111,3008656476
4,10298,757,128,1.59779656,0.128291633,997.726796,3008656476
4,10299,758,128,2.39937067,0.12800907,999.929146,3008656476
4,10300,759,128,1.90873492,0.14060718,910.33758,3008656476
4,10301,760,128,2.48159075,0.127511551,1003.83063,3008656476
4,10302,761,128,2.56731415,0.142539874,897.994339,3008656476
4,10303,762,128,3.15648055,0.129018014,992.10952,3008656476
4,10304,763,128,2.57852125,0.127915746,1000.65867,3008656476
4,10305,764,128,2.85553575,0.128668409,994.805182,3008656476
4,10306,765,128,2.97912288,0.128603832,995.304712,3008656476
4,10307,766,128,2.23620701,0.128035344,999.723951,3008656476
4,10308,767,128,2.61582398,0.147519026,867.684688,3008656476
4,10309,768,128,2.1578939,0.128496085,996.139299,3008656476
4,10310,769,128,2.07698011,0.145269388,881.12163,3008656476
4,10311,770,128,1.80591667,0.128030265,999.763611,3008656476
4,10312,771,128,2.71388912,0.127552627,1003.50736,3008656476
4,10313,772,128,2.15621066,0.128279679,997.819772,3008656476
4,10314,773,128,2.17667794,0.128087321,999.31827,3008656476
4,10315,774,128,2.2341392,0.128686431,994.665863,3008656476
4,10316,775,128,2.35154271,0.14046981,911.227829,3008656476
4,10317,776,128,2.66662717,0.12840877,996.81665,3008656476
4,10318,777,128,2.60773492,0.143122657,894.337785,3008656476
4,10319,778,128,2.01122475,0.128228394,998.21885,3008656476
4,10320,779,128,2.36793113,0.128600747,995.328589,3008656476
4,10321,780,128,2.06251025,0.128358886,997.204042,3008656476
4,10322,781,128,2.02513027,0.128568907,995.575081,3008656476
4,10323,782,128,1.59383202,0.127427548,1004.49237,3008656476
4,10324,783,128,1.49804235,0.144624507,885.050554,3008656476
4,10325,784,128,2.20733547,0.128656676,994.895904,3008656476
4,10326,785,128,2.26283383,0.143631778,891.167691,3008656476
4,10327,786,128,2.04447889,0.129827675,985.9223,3008656476
4,10328,787,128,2.53546596,0.130787412,978.68746,3008656476
4,10329,788,128,2.6325345,0.129522648,988.244156,3008656476
4,10330,789,128,2.63582325,0.130768485,978.829112,3008656476
4,10331,790,128,2.54188228,0.131233394,975.3615,3008656476
4,10332,791,128,2.82847762,0.145901349,877.305117,3008656476
4,10333,792,128,2.15653276,0.130849807,978.220778,3008656476
4,10334,793,128,2.48774123,0.144042819,888.624653,3008656476
4,10335,794,128,1.94279468,0.131779882,971.316699,3008656476
4,10336,795,128,2.19372225,0.131638658,972.358743,3008656476
4,10337,796,128,2.75683737,0.13259425,965.351062,3008656476
4,10338,797,128,2.33805561,0.132527142,965.839888,3008656476
4,10339,798,128,2.30833054,0.132989022,962.48546,3008656476
4,10340,799,128,2.23271608,0.152388399,839.958953,3008656476
4,10341,800,128,2.68834925,0.133368816,959.744593,3008656476
4,10342,801,128,2.4597559,0.146493986,873.756005,3008656476
4,10343,802,128,2.94224167,0.131521297,973.226412,3008656476
4,10344,803,128,2.28405571,0.130746399,978.994458,3008656476
4,10345,804,128,2.42245245,0.132613542,965.210627,3008656476
4,10346,805,128,3.10146546,0.130064829,984.124617,3008656476
4,10347,806,128,2.79975533,0.131377797,974.289438,3008656476
4,10348,807,128,2.46114421,0.134593157,951.014174,3008656476
4,10349,808,128,2.02562714,0.132101124,968.954662,3008656476
4,10350,809,128,1.97267962,0.136599642,937.044916,3008656476
4,10351,810,128,2.03085041,0.132358743,967.068719,3008656476
4,10352,811,128,2.24482775,0.131436184,973.856636,3008656476
4,10353,812,128,2.93410802,0.130931021,977.614006,3008656476
4,10354,813,128,2.48822451,0.13226909,967.724205,3008656476
4,10355,814,128,1.79050565,0.142764019,896.584454,3008656476
4,10356,815,128,1.72482324,0.125157179,1022.71401,3008656476
4,10357,816,128,2.74080682,0.134243668,953.490037,3008656476
4,10358,817,128,2.47949481,0.131520316,973.233671,3008656476
4,10359,818,128,2.25157261,0.131942696,970.118119,3008656476
4,10360,819,128,2.12516546,0.130667755,979.583678,3008656476
4,10361,820,128,1.98908436,0.130882826,977.973993,3008656476
4,10362,821,128,2.2710166,0.130522152,980.676445,3008656476
4,10363,822,128,2.26632476,0.144738233,884.355138,3008656476
4,10364,823,128,2.81160259,0.128582568,995.469308,3008656476
4,10365,824,128,2.54337692,0.142970675,895.288492,3008656476
4,10366,825,128,2.32303643,0.126576313,1011.24766,3008656476
4,10367,826,128,2.47853112,0.129664495,987.163063,3008656476
4,10368,827,128,2.17816567,0.129090546,991.552085,3008656476
4,10369,828,128,2.05641127,0.128414053,996.775641,3008656476
4,10370,829,128,2.32072067,0.128779777,993.94488,3008656476
4,10371,830,128,2.77082253,0.140256853,912.611379,3008656476
4,10372,831,128,1.74972546,0.125455203,1020.28451,3008656476
4,10373,832,128,2.56676531,0.129341648,989.6271,3008656476
4,10374,833,128,2.68531966,0.137233017,932.720149,3008656476
4,10375,834,128,2.59408092,0.130299907,982.349128,3008656476
4,10376,835,128,2.70558,0.131362896,974.399955,3008656476
4,10377,836,128,2.11162996,0.130563823,980.36345,3008656476
4,10378,837,128,2.53433728,0.13012838,983.643998,3008656476
4,10379,838,128,2.34043145,0.139681648,916.369486,3008656476
4,10380,839,128,2.33703923,0.126252464,1013.8416,3008656476
4,10381,840,128,2.37604928,0.130812936,978.4965,3008656476
4,10382,841,128,2.15979075,0.135235542,946.496743,3008656476
4,10383,842,128,1.97821844,0.132256608,967.815536,3008656476
4,10384,843,128,2.70309901,0.131005888,977.055321,3008656476
4,10385,844,128,2.00963664,0.131017665,976.967495,3008656476
4,10386,845,128,2.46146703,0.131301241,974.857503,3008656476
4,10387,846,128,2.38432193,0.14205578,901.054501,3008656476
4,10388,847,128,2.8362751,0.125924437,1016.48261,3008656476
4,10389,848,128,1.88100708,0.130991735,977.160887,3008656476
4,10390,849,128,2.19664025,0.134540056,951.389525,3008656476
4,10391,850,128,2.11436152,0.131860023,970.726359,3008656476
4,10392,851,128,2.10964394,0.131936913,970.16064,3008656476
4,10393,852,128,1.580428,0.13047638,981.020473,3008656476
4,10394,853,128,2.28194594,0.131623969,972.467256,3008656476
4,10395,854,128,2.77393508,0.141284604,905.972741,3008656476
4,10396,855,128,2.40063763,0.124521869,1027.93189,3008656476
4,10397,856,128,2.55060482,0.130279958,982.499549,3008656476
4,10398,857,128,2.22934222,0.134027654,955.026789,3008656476
4,10399,858,128,2.55127954,0.131861158,970.718003,3008656476
4,10400,859,128,2.17066193,0.131283797,974.987035,3008656476
4,10401,860,128,2.59485674,0.130266015,982.604711,3008656476
4,10402,861,128,2.46530294,0.132248942,967.871637,3008656476
4,10403,862,128,2.1214366,0.144995388,882.786699,3008656476
4,10404,863,128,1.77453113,0.126386051,1012.76999,3008656476
4,10405,864,128,2.21877956,0.141417097,905.12394,3008656476
4,10406,865,128,2.08652639,0.127747468,1001.97681,3008656476
4,10407,866,128,2.24425578,0.129787407,986.228194,3008656476
4,10408,867,128,2.24169731,0.1307068,979.291054,3008656476
4,10409,868,128,2.26020861,0.129542851,988.090034,3008656476
4,10410,869,128,2.33413649,0.129653692,987.245315,3008656476
4,10411,870,128,2.70916486,0.137251246,932.596269,3008656476
4,10412,871,128,2.18395281,0.125737477,1017.99402,3008656476
4,10413,872,128,2.28092504,0.130514429,980.734475,3008656476
4,10414,873,128,1.94754326,0.135023323,947.984372,3008656476
4,10415,874,128,2.47106028,0.131784426,971.283208,3008656476
4,10416,875,128,2.01810312,0.131277529,975.033587,3008656476
4,10417,876,128,2.30601072,0.130432194,981.352809,3008656476
4,10418,877,128,1.71711659,0.131744529,971.577347,3008656476
4,10419,878,128,2.03978753,0.1445004,885.810697,3008656476
4,10420,879,128,2.27769685,0.122088494,1048.41985,3008656476
4,10421,880,128,2.4781661,0.13050263,980.823145,3008656476
4,10422,881,128,2.82612228,0.134835437,949.305337,3008656476
4,10423,882,128,3.3278234,0.13181174,971.081939,3008656476
4,10424,883,128,2.62371016,0.131396343,974.151921,3008656476
4,10425,884,128,1.86964428,0.132573953,965.498856,3008656476
4,10426,885,128,2.66402388,0.132786334,963.954619,3008656476
4,10427,886,128,2.32035136,0.141975661,901.56298,3008656476
4,10428,887,128,2.59469724,0.124772633,1025.86598,3008656476
4,10429,888,128,2.04673338,0.134981651,948.277037,3008656476
4,10430,889,128,2.67008901,0.130792372,978.650345,3008656476
4,10431,890,128,1.97446072,0.131267487,975.108177,3008656476
4,10432,891,128,1.80302298,0.130723908,979.162893,3008656476
4,10433,892,128,2.389117,0.131903222,970.408441,3008656476
4,10434,893,128,2.39453197,0.129901046,985.36543,3008656476
4,10435,894,128,2.60835266,0.144642745,884.938958,3008656476
4,10436,895,128,2.29971337,0.125747767,1017.91072,3008656476
4,10437,896,128,1.76780486,0.139397191,918.23945,3008656476
4,10438,897,128,2.18072104,0.118129564,1083.55602,3008656476
4,10439,898,128,1.73347533,0.130145618,983.513713,3008656476
4,10440,899,128,2.13758087,0.129806396,986.083921,3008656476
4,10441,900,128,1.88908541,0.128852681,993.382513,3008656476
4,10442,901,128,2.0697999,0.129307616,989.887556,3008656476
4,10443,902,128,1.86789238,0.136783124,935.787956,3008656476
4,10444,903,128,2.42341089,0.127553708,1003.49886,3008656476
4,10445,904,128,1.77653956,0.131257956,975.178983,3008656476
4,10446,905,128,1.91567314,0.135685289,943.359453,3008656476
4,10447,906,128,2.52593255,0.131350412,974.492566,3008656476
4,10448,907,128,2.55425954,0.130759659,978.895181,3008656476
4,10449,908,128,2.47860694,0.131372813,974.3264,3008656476
4,10450,909,128,2.07725906,0.130309597,982.276079,3008656476
4,10451,910,128,2.37689233,0.130199097,983.109737,3008656476
4,10452,911,128,2.33378792,0.134057835,954.81178,3008656476
4,10453,912,128,2.78780913,0.130507094,980.789596,3008656476
4,10454,913,128,2.12119675,0.135487846,944.734187,3008656476
4,10455,914,128,2.77137423,0.130522198,980.676099,3008656476
4,10456,915,128,2.59292006,0.13088167,977.982631,3008656476
4,10457,916,128,2.09579659,0.131777908,971.331249,3008656476
4,10458,917,128,1.83282256,0.131169989,975.83297,3008656476
4,10459,918,128,2.19336987,0.130444505,981.260192,3008656476
4,10460,919,128,2.04923868,0.134088619,954.592574,3008656476
4,10461,920,128,2.23619199,0.131416057,974.005787,3008656476
4,10462,921,128,2.13066816,0.134680723,950.395848,3008656476
4,10463,922,128,2.40868378,0.130762201,978.876151,3008656476
4,10464,923,128,2.76244664,0.132017454,969.568766,3008656476
4,10465,924,128,2.07650805,0.131176897,975.781581,3008656476
4,10466,925,128,2.56900787,0.130329673,982.124769,3008656476
4,10467,926,128,2.05381989,0.129959495,984.922264,3008656476
4,10468,927,128,1.72290802,0.135200556,946.741669,3008656476
4,10469,928,128,2.10973692,0.130226319,982.904232,3008656476
4,10470,929,128,2.07560992,0.136381199,938.545789,3008656476
4,10471,930,128,1.80719745,0.130954742,977.436922,3008656476
4,10472,931,128,2.12007999,0.130650222,979.715136,3008656476
4,10473,932,128,2.26906085,0.131524332,973.203954,3008656476
4,10474,933,128,2.08612037,0.131249378,975.242717,3008656476
4,10475,934,128,2.11232114,0.134701969,950.245946,3008656476
4,10476,935,128,2.07755709,0.129105016,991.440952,3008656476
4,10477,936,128,1.95201349,0.130306969,982.295889,3008656476
4,10478,937,128,2.09026742,0.136497304,937.747459,3008656476
4,10479,938,128,2.59028602,0.130149309,983.485821,3008656476
4,10480,939,128,2.48027992,0.13155071,973.008812,3008656476
4,10481,940,128,2.3113029,0.131238336,975.324771,3008656476
4,10482,941,128,1.9814961,0.129838756,985.838158,3008656476
4,10483,942,128,2.12657666,0.130450949,981.21172,3008656476
4,10484,943,128,1.97618139,0.134511495,951.591535,3008656476
4,10485,944,128,2.84178448,0.130781731,978.729973,3008656476
4,10486,945,128,2.71654987,0.137612615,930.147283,3008656476
4,10487,946,128,2.26741719,0.130650211,979.715218,3008656476
4,10488,947,128,2.66105199,0.130795788,978.624786,3008656476
4,10489,948,128,2.99590564,0.131057699,976.669062,3008656476
4,10490,949,128,2.89255786,0.130954306,977.440177,3008656476
4,10491,950,128,2.37464142,0.129745462,986.547029,3008656476
4,10492,951,128,1.97285509,0.135056925,947.748514,3008656476
4,10493,952,128,2.01298237,0.129915796,985.253556,3008656476
4,10494,953,128,2.42478633,0.137421219,931.442764,3008656476
4,10495,954,128,2.46573114,0.130996881,977.122501,3008656476
4,10496,955,128,1.71878886,0.130745687,978.999789,3008656476
4,10497,956,128,2.5023675,0.131110007,976.279408,3008656476
4,10498,957,128,2.39580607,0.130916938,977.71917,3008656476
4,10499,958,128,2.11400175,0.130299582,982.351578,3008656476
4,10500,959,128,2.34780073,0.134739452,949.981599,3008656476
4,10501,960,128,2.10217309,0.130677073,979.513828,3008656476
4,10502,961,128,2.13968468,0.13819666,926.216307,3008656476
4,10503,962,128,2.34970689,0.131148185,975.995207,3008656476
4,10504,963,128,2.18748736,0.130465481,981.102427,3008656476
4,10505,964,128,1.9340111,0.131788911,971.250153,3008656476
4,10506,965,128,1.86791635,0.13052327,980.668045,3008656476
4,10507,966,128,2.45696402,0.143115253,894.384053,3008656476
4,10508,967,128,2.88427877,0.122315694,1046.47242,3008656476
4,10509,968,128,2.34578562,0.12995885,984.927152,3008656476
4,10510,969,128,2.04916382,0.136748123,936.027473,3008656476
4,10511,970,128,1.99951434,0.130694583,979.382596,3008656476
4,10512,971,128,2.42494702,0.131347997,974.510483,3008656476
4,10513,972,128,1.90269494,0.130202698,983.082547,3008656476
4,10514,973,128,1.93456864,0.130535789,980.573994,3008656476
4,10515,974,128,2.26757741,0.139076781,920.354923,3008656476
4,10516,975,128,2.45804954,0.125997769,1015.891,3008656476
4,10517,976,128,2.59139657,0.132615953,965.193079,3008656476
4,10518,977,128,2.18787575,0.134788577,949.635369,3008656476
4,10519,978,128,2.47961235,0.11161315,1146.81827,3008656476
4,10520,979,128,2.49655724,0.111859562,1144.29198,3008656476
4,10521,980,128,2.17280579,0.111592323,1147.03231,3008656476
4,10522,981,128,2.41453147,0.111715148,1145.77121,3008656476
4,10523,982,128,2.0825417,0.111492899,1148.05518,3008656476
4,10524,983,128,2.06852722,0.124918982,1024.66413,3008656476
4,10525,984,128,2.10982633,0.111852252,1144.36677,3008656476
4,10526,985,128,2.09801435,0.111559688,1147.36786,3008656476
4,10527,986,128,1.95799363,0.122340688,1046.25862,3008656476
4,10528,987,128,1.76175487,0.11179245,1144.97893,3008656476
4,10529,988,128,2.05688286,0.111705992,1145.86512,3008656476
4,10530,989,128,2.1674397,0.111730844,1145.61025,3008656476
4,10531,990,128,1.9672488,0.111665062,1146.28513,3008656476
4,10532,991,128,1.71745336,0.111765876,1145.25117,3008656476
4,10533,992,128,2.17312741,0.111593899,1147.01611,3008656476
4,10534,993,128,1.62772775,0.113874145,1124.04796,3008656476
4,10535,994,128,1.65488374,0.111760816,1145.30302,3008656476
4,10536,995,128,1.54905546,0.182896159,699.850673,3008656476
4,10537,996,128,2.26510668,0.123441124,1036.93158,3008656476
4,10538,997,128,2.32288408,0.123921478,1032.91215,3008656476
4,10539,998,128,2.01483536,0.123601977,1035.58214,3008656476
4,10540,999,128,2.15869212,0.12324637,1038.57014,3008656476
4,10541,1000,128,2.317904,0.123381174,1037.43542,3008656476
4,10542,1001,128,2.04229283,0.141570079,904.145854,3008656476
4,10543,1002,128,1.73463774,0.137772374,929.068697,3008656476
4,10544,1003,128,1.86963093,0.123889742,1033.17674,3008656476
4,10545,1004,128,2.34263992,0.123911226,1032.99761,3008656476
4,10546,1005,128,2.13331532,0.124140756,1031.08765,3008656476
4,10547,1006,128,2.16900992,0.123686176,1034.87717,3008656476
4,10548,1007,128,2.31027699,0.124981163,1024.15434,3008656476
4,10549,1008,128,2.00982141,0.124257878,1030.11577,3008656476
4,10550,1009,128,1.87856448,0.132340421,967.202605,3008656476
4,10551,1010,128,1.99864709,0.120943594,1058.3446,3008656476
4,10552,1011,128,1.73448873,0.138200405,926.191208,3008656476
4,10553,1012,128,1.93307734,0.123514528,1036.31534,3008656476
4,10554,1013,128,1.81921804,0.123162394,1039.27827,3008656476
4,10555,1014,128,2.05784631,0.123915277,1032.96384,3008656476
4,10556,1015,128,1.38898396,0.1235531,1035.99181,3008656476
4,10557,1016,128,1.85655749,0.123650597,1035.17495,3008656476
4,10558,1017,128,1.94896042,0.124084526,1031.55489,3008656476
4,10559,1018,128,2.00493717,0.142736864,896.755025,3008656476
4,10560,1019,128,2.52100182,0.137193583,932.988243,3008656476
4,10561,1020,128,2.3838551,0.123408956,1037.20187,3008656476
4,10562,1021,128,2.15163827,0.124591179,1027.36005,3008656476
4,10563,1022,128,2.17711616,0.123459309,1036.77885,3008656476
4,10564,1023,128,2.68487,0.123115136,1039.6772,3008656476
4,10565,1024,128,2.62184715,0.124063285,1031.73151,3008656476
4,10566,1025,128,2.3367846,0.124404586,1028.90098,3008656476
4,10567,1026,128,2.17841721,0.139164354,919.775764,3008656476
4,10568,1027,128,1.95971692,0.137087703,933.708839,3008656476
4,10569,1028,128,1.78129876,0.124637369,1026.97932,3008656476
4,10570,1029,128,2.35885215,0.12442742,1028.71216,3008656476
4,10571,1030,128,1.58614743,0.125013781,1023.88712,3008656476
4,10572,1031,128,2.34933257,0.126430125,1012.41694,3008656476
4,10573,1032,128,1.8903476,0.126588267,1011.15216,3008656476
4,10574,1033,128,2.01893044,0.125533054,1019.65176,3008656476
4,10575,1034,128,2.42655301,0.139225247,919.373481,3008656476
4,10576,1035,128,2.39047623,0.12510814,1023.11488,3008656476
4,10577,1036,128,2.14565182,0.130822868,978.422213,3008656476
4,10578,1037,128,2.09103537,0.125699273,1018.30342,3008656476
4,10579,1038,128,1.91465771,0.125475579,1020.11882,3008656476
4,10580,1039,128,1.99622941,0.126423616,1012.46906,3008656476
4,10581,1040,128,2.27333665,0.126898056,1008.68369,3008656476
4,10582,1041,128,2.25620842,0.126368969,1012.90689,3008656476
4,10583,1042,128,2.15168285,0.127751623,1001.94422,3008656476
4,10584,1043,128,1.47922087,0.135227361,946.554004,3008656476
4,10585,1044,128,1.84791076,0.144906507,883.328172,3008656476
4,10586,1045,128,2.11125517,0.130547489,980.486113,3008656476
4,10587,1046,128,1.80909121,0.129486189,988.522413,3008656476
4,10588,1047,128,1.69460797,0.132588822,965.390582,3008656476
4,10589,1048,128,2.50837517,0.1316146,972.536482,3008656476
4,10590,1049,128,2.26396012,0.127439772,1004.39602,3008656476
4,10591,1050,128,2.34608293,0.128075983,999.406735,3008656476
4,10592,1051,128,2.2293458,0.130694617,979.382341,3008656476
4,10593,1052,128,1.92971909,0.142200581,900.136969,3008656476
4,10594,1053,128,2.02357554,0.126954568,1008.23469,3008656476
4,10595,1054,128,2.31932974,0.126457333,1012.19911,3008656476
4,10596,1055,128,1.71877885,0.125580448,1019.26695,3008656476
4,10597,1056,128,2.58754563,0.125755938,1017.84458,3008656476
4,10598,1057,128,2.34316921,0.125992911,1015.93017,3008656476
4,10599,1058,128,2.35700893,0.124904341,1024.78424,3008656476
4,10600,1059,128,1.6770854,0.139854164,915.239106,3008656476
4,10601,1060,128,2.5208025,0.141862084,902.284785,3008656476
4,10602,1061,128,2.61863947,0.125159541,1022.69471,3008656476
4,10603,1062,128,2.47046661,0.124779428,1025.81012,3008656476
4,10604,1063,128,2.20717216,0.125517013,1019.78208,3008656476
4,10605,1064,128,2.06537461,0.124572096,1027.51743,3008656476
4,10606,1065,128,2.23059273,0.178347516,717.699931,3008656476
4,10607,1066,128,2.14626884,0.125704453,1018.26146,3008656476
4,10608,1067,128,2.1485877,0.12970876,986.826179,3008656476
4,10609,1068,128,2.1795547,0.1402342,912.758799,3008656476
4,10610,1069,128,2.56772041,0.126256272,1013.81102,3008656476
4,10611,1070,128,2.23360157,0.125990855,1015.94675,3008656476
4,10612,1071,128,2.70973563,0.126236389,1013.9707,3008656476
4,10613,1072,128,1.90496063,0.12599246,1015.93381,3008656476
4,10614,1073,128,2.60998821,0.12562275,1018.92372,3008656476
4,10615,1074,128,2.42945266,0.124765466,1025.92491,3008656476
4,10616,1075,128,2.32313919,0.139562743,917.150217,3008656476
4,10617,1076,128,2.76879573,0.136248512,939.459801,3008656476
4,10618,1077,128,2.37458539,0.124225933,1030.38067,3008656476
4,10619,1078,128,2.55901623,0.125491554,1019.98896,3008656476
4,10620,1079,128,2.91643381,0.12363678,1035.29063,3008656476
4,10621,1080,128,2.13702846,0.122805501,1042.29859,3008656476
4,10622,1081,128,1.23644233,0.125072461,1023.40674,3008656476
4,10623,1082,128,2.01622796,0.123413563,1037.16315,3008656476
4,10624,1083,128,2.53258467,0.135802461,942.545511,3008656476
4,10625,1084,128,2.4119966,0.136655139,936.664372,3008656476
4,10626,1085,128,2.4381156,0.12295558,1041.02636,3008656476
4,10627,1086,128,2.30565667,0.122848404,1041.93458,3008656476
4,10628,1087,128,1.98059678,0.122224838,1047.25031,3008656476
4,10629,1088,128,2.00638223,0.123561008,1035.92551,3008656476
4,10630,1089,128,2.2048533,0.122335352,1046.30426,3008656476
4,10631,1090,128,2.0673635,0.12273861,1042.86663,3008656476
4,10632,1091,128,2.52231789,0.1342784,953.243411,3008656476
4,10633,1092,128,1.88334119,0.122268839,1046.87344,3008656476
4,10634,1093,128,2.6008594,0.13688805,935.070665,3008656476
4,10635,1094,128,2.5489862,0.123071668,1040.04441,3008656476
4,10636,1095,128,2.16335726,0.122833512,1042.0609,3008656476
4,10637,1096,128,2.07669878,0.123464263,1036.73725,3008656476
4,10638,1097,128,2.12529182,0.122753432,1042.7407,3008656476
4,10639,1098,128,2.29473972,0.122959487,1040.99328,3008656476
4,10640,1099,128,2.68076706,0.122004329,1049.1431,3008656476
4,10641,1100,128,2.30699682,0.137102303,933.609408,3008656476
4,10642,1101,128,2.4107492,0.140864678,908.6735,3008656476
4,10643,1102,128,2.00973821,0.123753723,1034.31232,3008656476
4,10644,1103,128,2.51258492,0.124024154,1032.05703,3008656476
4,10645,1104,128,1.98591232,0.122851506,1041.90827,3008656476
4,10646,1105,128,2.53944039,0.122763486,1042.65531,3008656476
4,10647,1106,128,2.00287867,0.123673661,1034.98189,3008656476
4,10648,1107,128,2.12439895,0.123390394,1037.3579,3008656476
4,10649,1108,128,1.84019172,0.137308209,932.209377,3008656476
4,10650,1109,128,1.67563164,0.137298669,932.27415,3008656476
4,10651,1110,128,2.03966451,0.123399308,1037.28296,3008656476
4,10652,1111,128,2.17186594,0.124361056,1029.26112,3008656476
4,10653,1112,128,1.64733243,0.123165515,1039.25194,3008656476
4,10654,1113,128,1.86162555,0.123120243,1039.63408,3008656476
4,10655,1114,128,2.51760268,0.123031528,1040.38373,3008656476
4,10656,1115,128,1.54755914,0.122142638,1047.9551,3008656476
4,10657,1116,128,1.90009594,0.130714689,979.231952,3008656476
4,10658,1117,128,1.60976005,0.121913735,1049.92272,3008656476
4,10659,1118,128,2.18153715,0.137440019,931.315354,3008656476
4,10660,1119,128,1.99436986,0.12396701,1032.53277,3008656476
4,10661,1120,128,1.59088898,0.124008175,1032.19001,3008656476
4,10662,1121,128,2.03876281,0.124153664,1030.98045,3008656476
4,10663,1122,128,1.82453191,0.124822748,1025.45411,3008656476
4,10664,1123,128,1.43438852,0.124524618,1027.9092,3008656476
4,10665,1124,128,1.42731714,0.125382237,1020.87826,3008656476
4,10666,1125,128,2.08790064,0.138004225,927.507835,3008656476
4,10667,1126,128,1.72086084,0.136863975,935.235149,3008656476
4,10668,1127,128,2.80538392,0.12486662,1025.09382,3008656476
4,10669,1128,128,2.49804521,0.126036314,1015.58032,3008656476
4,10670,1129,128,1.55661869,0.126001018,1015.86481,3008656476
4,10671,1130,128,2.06369829,0.125870298,1016.91981,3008656476
4,10672,1131,128,2.14782596,0.125710937,1018.20894,3008656476
4,10673,1132,128,1.91086316,0.126386579,1012.76576,3008656476
4,10674,1133,128,1.88783038,0.140341576,912.060443,3008656476
4,10675,1134,128,2.65142918,0.140939436,908.191516,3008656476
4,10676,1135,128,2.44818592,0.126012007,1015.77622,3008656476
4,10677,1136,128,2.41448236,0.127794989,1001.60422,3008656476
4,10678,1137,128,2.27725196,0.127971621,1000.22176,3008656476
4,10679,1138,128,2.24221253,0.128253644,998.022325,3008656476
4,10680,1139,128,1.87441874,0.128186092,998.548267,3008656476
4,10681,1140,128,1.97172928,0.128078246,999.389077,3008656476
4,10682,1141,128,2.20760798,0.142875985,895.881838,3008656476
4,10683,1142,128,2.17898393,0.145087465,882.226456,3008656476
4,10684,1143,128,1.94404471,0.129122031,991.310306,3008656476
4,10685,1144,128,1.84157491,0.127582254,1003.27433,3008656476
4,10686,1145,128,2.21664166,0.127743438,1002.00842,3008656476
4,10687,1146,128,2.61197042,0.128347488,997.2926,3008656476
4,10688,1147,128,2.38134623,0.12832079,997.500093,3008656476
4,10689,1148,128,2.31675506,0.128095195,999.256842,3008656476
4,10690,1149,128,2.2121973,0.142797124,896.376596,3008656476
4,10691,1150,128,2.42226434,0.141345487,905.582504,3008656476
4,10692,1151,128,2.09235215,0.127635187,1002.85825,3008656476
4,10693,1152,128,2.58159375,0.127762703,1001.85733,3008656476
4,10694,1153,128,2.37404752,0.131130356,976.127907,3008656476
4,10695,1154,128,2.28727722,0.127685074,1002.46643,3008656476
4,10696,1155,128,2.49367452,0.127947536,1000.41004,3008656476
4,10697,1156,128,2.13584113,0.127427345,1004.49397,3008656476
4,10698,1157,128,2.70960736,0.141457617,904.864671,3008656476
4,10699,1158,128,1.96434951,0.14002876,914.097932,3008656476
4,10700,1159,128,2.33761024,0.127802907,1001.54216,3008656476
4,10701,1160,128,2.62746525,0.127999834,1000.0013,3008656476
4,10702,1161,128,2.56101394,0.12773661,1002.06198,3008656476
4,10703,1162,128,1.94456756,0.127371922,1004.93106,3008656476
4,10704,1163,128,2.01838946,0.127466736,1004.18355,3008656476
4,10705,1164,128,2.06211209,0.127586086,1003.24419,3008656476
4,10706,1165,128,2.71274066,0.139121007,920.062345,3008656476
4,10707,1166,128,2.34875584,0.138945725,921.223017,3008656476
4,10708,1167,128,2.71583652,0.126734336,1009.98675,3008656476
4,10709,1168,128,2.09709907,0.125916014,1016.5506,3008656476
4,10710,1169,128,2.78413367,0.125808631,1017.41827,3008656476
4,10711,1170,128,2.44168854,0.125805589,1017.44287,3008656476
4,10712,1171,128,2.57559443,0.126389221,1012.74459,3008656476
4,10713,1172,128,2.29864526,0.125285492,1021.66658,3008656476
4,10714,1173,128,2.41522336,0.137586223,930.325706,3008656476
4,10715,1174,128,2.71973062,0.126346825,1013.08442,3008656476
4,10716,1175,128,2.57755756,0.128576772,995.514182,3008656476
4,10717,1176,128,2.47718573,0.12593501,1016.39727,3008656476
4,10718,1177,128,2.31429315,0.125705179,1018.25558,3008656476
4,10719,1178,128,2.15511155,0.12597199,1016.0989,3008656476
4,10720,1179,128,2.28043485,0.125799781,1017.48985,3008656476
4,10721,1180,128,2.87364554,0.126354922,1013.0195,3008656476
4,10722,1181,128,2.35215402,0.124861778,1025.13357,3008656476
4,10723,1182,128,2.55239749,0.129919707,985.223897,3008656476
4,10724,1183,128,1.82069445,0.138428674,924.663918,3008656476
4,10725,1184,128,1.83488929,0.125511405,1019.82764,3008656476
4,10726,1185,128,2.82802796,0.126542102,1011.52105,3008656476
4,10727,1186,128,2.70009732,0.125497351,1019.94185,3008656476
4,10728,1187,128,2.58690882,0.126004028,1015.84054,3008656476
4,10729,1188,128,2.50955009,0.126070981,1015.30105,3008656476
4,10730,1189,128,2.39202332,0.124790958,1025.71534,3008656476
4,10731,1190,128,2.12608647,0.13904809,920.544827,3008656476
4,10732,1191,128,1.68924212,0.138945078,921.227307,3008656476
4,10733,1192,128,2.1839056,0.12559755,1019.12816,3008656476
4,10734,1193,128,2.22258329,0.124056659,1031.78661,3008656476
4,10735,1194,128,1.65146995,0.124091475,1031.49713,3008656476
4,10736,1195,128,1.65040147,0.124731778,1026.202,3008656476
4,10737,1196,128,1.5469687,0.123541485,1036.08921,3008656476
4,10738,1197,128,2.1909821,0.123482711,1036.58236,3008656476
4,10739,1198,128,1.88881707,0.135287782,946.131263,3008656476
4,10740,1199,128,2.41301394,0.138418418,924.73243,3008656476
4,10741,1200,128,2.32940531,0.122685886,1043.31479,3008656476
4,10742,1201,128,2.83568001,0.122336609,1046.29351,3008656476
4,10743,1202,128,2.41491413,0.122492216,1044.96436,3008656476
4,10744,1203,128,2.07105756,0.11104094,1152.72799,3008656476
4,10745,1204,128,2.02985573,0.122797469,1042.36676,3008656476
4,10746,1205,128,2.32290983,0.122880821,1041.65971,3008656476
4,10747,1206,128,2.34801173,0.135259837,946.326736,3008656476
4,10748,1207,128,2.2737422,0.123128067,1039.56801,3008656476
4,10749,1208,128,2.13598442,0.137774227,929.056201,3008656476
4,10750,1209,128,2.10704803,0.12383231,1033.65592,3008656476
4,10751,1210,128,2.03643703,0.123718254,1034.60885,3008656476
4,10752,1211,128,2.56843281,0.123188876,1039.05486,3008656476
4,10753,1212,128,2.19733906,0.123417866,1037.12699,3008656476
4,10754,1213,128,2.00217843,0.122704295,1043.15827,3008656476
4,10755,1214,128,2.58631897,0.123900419,1033.08771,3008656476
4,10756,1215,128,2.57658505,0.137396596,931.609688,3008656476
4,10757,1216,128,2.17417026,0.138193282,926.238947,3008656476
4,10758,1217,128,2.41413546,0.122983754,1040.78788,3008656476
4,10759,1218,128,2.15400863,0.122790273,1042.42785,3008656476
4,10760,1219,128,2.59923196,0.123431504,1037.0124,3008656476
4,10761,1220,128,1.78764343,0.123031635,1040.38283,3008656476
4,10762,1221,128,2.1830585,0.122900555,1041.49245,3008656476
4,10763,1222,128,2.11087346,0.123093466,1039.86023,3008656476
4,10764,1223,128,2.09175348,0.13889697,921.546381,3008656476
4,10765,1224,128,2.50482965,0.136089474,940.55768,3008656476
4,10766,1225,128,2.65628529,0.122976002,1040.85348,3008656476
4,10767,1226,128,2.19012237,0.124549947,1027.70016,3008656476
4,10768,1227,128,2.52920794,0.123487041,1036.54601,3008656476
4,10769,1228,128,2.55714989,0.124059511,1031.76289,3008656476
4,10770,1229,128,2.36863351,0.12395068,1032.6688,3008656476
4,10771,1230,128,2.27394414,0.124209686,1030.51545,3008656476
4,10772,1231,128,1.9381001,0.138138656,926.605222,3008656476
4,10773,1232,128,2.56490445,0.125723167,1018.10989,3008656476
4,10774,1233,128,2.24454927,0.136527407,937.540695,3008656476
4,10775,1234,128,2.13718891,0.126902552,1008.64796,3008656476
4,10776,1235,128,2.41503835,0.126800907,1009.4565,3008656476
4,10777,1236,128,2.27982736,0.127616785,1003.00286,3008656476
4,10778,1237,128,2.15590525,0.12805127,999.599613,3008656476
4,10779,1238,128,2.13070965,0.127490587,1003.99569,3008656476
4,10780,1239,128,2.36901116,0.132520075,965.891394,3008656476
4,10781,1240,128,2.46846747,0.128729817,994.33063,3008656476
4,10782,1241,128,1.48736322,0.141138904,906.907992,3008656476
4,10783,1242,128,2.25673175,0.123092729,1039.86646,3008656476
4,10784,1243,128,1.43300736,0.128258349,997.985714,3008656476
4,10785,1244,128,2.2331965,0.128287357,997.760052,3008656476
4,10786,1245,128,1.82959926,0.127683871,1002.47587,3008656476
4,10787,1246,128,1.9137677,0.127493483,1003.97289,3008656476
4,10788,1247,128,1.56985521,0.128045025,999.648366,3008656476
4,10789,1248,128,0.930493176,0.140068983,913.835435,3008656476
4,10790,1249,128,1.16770387,0.14793801,865.227266,3008656476
4,10791,1250,128,1.64055133,0.127562072,1003.43306,3008656476
4,10792,1251,128,1.29298413,0.127958817,1000.32185,3008656476
4,10793,1252,128,1.74496579,0.127708995,1002.27866,3008656476
4,10794,1253,128,1.66966343,0.128048562,999.620753,3008656476
4,10795,1254,128,1.46934927,0.128162821,998.729577,3008656476
4,10796,1255,128,1.26654375,0.128119055,999.070747,3008656476
4,10797,1256,128,1.55484092,0.140388703,911.754274,3008656476
4,10798,1257,128,1.9067812,0.141424677,905.075428,3008656476
4,10799,1258,128,1.21154332,0.127925616,1000.58146,3008656476
4,10800,1259,128,2.30045772,0.127580655,1003.2869,3008656476
4,10801,1260,128,2.54516602,0.127703517,1002.32165,3008656476
4,10802,1261,128,2.19674563,0.127498357,1003.93451,3008656476
4,10803,1262,128,2.66576552,0.127636413,1002.84861,3008656476
4,10804,1263,128,2.57524276,0.127406923,1004.65498,3008656476
4,10805,1264,128,2.06545353,0.143353603,892.896986,3008656476
4,10806,1265,128,2.23221564,0.139456522,917.84879,3008656476
4,10807,1266,128,1.95752966,0.126300756,1013.45395,3008656476
4,10808,1267,128,2.31808019,0.125977727,1016.05262,3008656476
4,10809,1268,128,2.17205811,0.125885647,1016.79582,3008656476
4,10810,1269,128,2.24603152,0.125890132,1016.7596,3008656476
4,10811,1270,128,1.63341928,0.125880949,1016.83377,3008656476
4,10812,1271,128,1.94812953,0.12519755,1022.38422,3008656476
4,10813,1272,128,1.90353537,0.140940821,908.182591,3008656476
4,10814,1273,128,2.59805131,0.13857156,923.710464,3008656476
4,10815,1274,128,1.78516889,0.125179488,1022.53174,3008656476
4,10816,1275,128,2.29462123,0.125226236,1022.15002,3008656476
4,10817,1276,128,2.37660551,0.124987027,1024.10629,3008656476
4,10818,1277,128,1.69764948,0.124526458,1027.89401,3008656476
4,10819,1278,128,2.08442998,0.123276783,1038.31392,3008656476
4,10820,1279,128,2.47309136,0.124772042,1025.87084,3008656476
4,10821,1280,128,2.2119,0.138700916,922.848988,3008656476
4,10822,1281,128,2.28524446,0.138669438,923.058475,3008656476
4,10823,1282,128,2.32260251,0.123073125,1040.03209,3008656476
4,10824,1283,128,1.60375392,0.123239863,1038.62498,3008656476
4,10825,1284,128,2.16241097,0.12304051,1040.30778,3008656476
4,10826,1285,128,2.5332067,0.122108904,1048.24461,3008656476
4,10827,1286,128,2.07593346,0.123079426,1039.97885,3008656476
4,10828,1287,128,2.256073,0.122112702,1048.212,3008656476
4,10829,1288,128,1.83656037,0.135385743,945.446671,3008656476
4,10830,1289,128,1.82671177,0.121764396,1051.2104,3008656476
4,10831,1290,128,2.19037771,0.135395004,945.382002,3008656476
4,10832,1291,128,2.1885941,0.122785742,1042.46632,3008656476
4,10833,1292,128,2.30986786,0.123577015,1035.79132,3008656476
4,10834,1293,128,1.74677134,0.123390226,1037.35931,3008656476
4,10835,1294,128,1.9094758,0.122477494,1045.08997,3008656476
4,10836,1295,128,1.75557542,0.12290869,1041.42352,3008656476
4,10837,1296,128,1.92672145,0.12305343,1040.19855,3008656476
4,10838,1297,128,2.09400821,0.136119891,940.347506,3008656476
4,10839,1298,128,2.18518043,0.137125114,933.454101,3008656476
4,10840,1299,128,2.36488271,0.122860445,1041.83246,3008656476
4,10841,1300,128,2.15490937,0.123165744,1039.25,3008656476
4,10842,1301,128,1.97934353,0.123699452,1034.7661,3008656476
4,10843,1302,128,1.98837662,0.123097774,1039.82384,3008656476
4,10844,1303,128,1.89239192,0.122976717,1040.84743,3008656476
4,10845,1304,128,1.97735596,0.12326155,1038.44224,3008656476
4,10846,1305,128,2.46876025,0.140724471,909.578832,3008656476
4,10847,1306,128,2.3350997,0.134278775,953.240749,3008656476
4,10848,1307,128,2.29947805,0.124029508,1032.01248,3008656476
4,10849,1308,128,1.66117465,0.123234831,1038.66739,3008656476
4,10850,1309,128,2.40448904,0.122531739,1044.6273,3008656476
4,10851,1310,128,2.63883543,0.123273531,1038.34131,3008656476
4,10852,1311,128,2.14947438,0.122875951,1041.70099,3008656476
4,10853,1312,128,1.85928047,0.12323081,1038.70128,3008656476
4,10854,1313,128,2.28340387,0.136815283,935.567995,3008656476
4,10855,1314,128,2.13009715,0.123269578,1038.37461,3008656476
4,10856,1315,128,1.77452862,0.136521964,937.578074,3008656476
4,10857,1316,128,2.3386538,0.12232795,1046.36757,3008656476
4,10858,1317,128,2.14822268,0.123441616,1036.92745,3008656476
4,10859,1318,128,1.46104062,0.123438743,1036.95158,3008656476
4,10860,1319,128,2.13460112,0.124315249,1029.64038,3008656476
4,10861,1320,128,2.31086135,0.123989793,1032.34304,3008656476
4,10862,1321,128,2.34726191,0.12386891,1033.3505,3008656476
4,10863,1322,128,2.5655973,0.142138823,900.52807,3008656476
4,10864,1323,128,1.98021829,0.138907842,921.474253,3008656476
4,10865,1324,128,1.46059358,0.124616784,1027.14896,3008656476
4,10866,1325,128,1.86057603,0.124455582,1028.47938,3008656476
4,10867,1326,128,2.39945984,0.125982714,1016.0124,3008656476
4,10868,1327,128,2.39884281,0.125284543,1021.67432,3008656476
4,10869,1328,128,2.48483014,0.125158822,1022.70058,3008656476
4,10870,1329,128,1.99833405,0.125669195,1018.54715,3008656476
4,10871,1330,128,1.93255639,0.141802312,902.665113,3008656476
4,10872,1331,128,1.75512338,0.139919407,914.812339,3008656476
4,10873,1332,128,2.16795015,0.126672432,1010.48032,3008656476
4,10874,1333,128,2.15822816,0.126578956,1011.22654,3008656476
4,10875,1334,128,2.3804059,0.127952218,1000.37344,3008656476
4,10876,1335,128,1.79898202,0.127854606,1001.13718,3008656476
4,10877,1336,128,2.22270846,0.130476302,981.021059,3008656476
4,10878,1337,128,1.75879204,0.130926354,977.648854,3008656476
4,10879,1338,128,1.87621748,0.140194027,913.020353,3008656476
4,10880,1339,128,2.11583376,0.142446571,898.582529,3008656476
4,10881,1340,128,1.85482383,0.129313488,989.842606,3008656476
4,10882,1341,128,2.0156095,0.129890468,985.445676,3008656476
4,10883,1342,128,2.18136859,0.131041237,976.791756,3008656476
4,10884,1343,128,1.74233425,0.129040537,991.936356,3008656476
4,10885,1344,128,2.24935055,0.131234816,975.350931,3008656476
4,10886,1345,128,2.12639809,0.127349627,1005.10699,3008656476
4,10887,1346,128,2.1970048,0.141645009,903.667562,3008656476
4,10888,1347,128,1.87280142,0.141424418,905.077085,3008656476
4,10889,1348,128,1.58487582,0.128004859,999.962041,3008656476
4,10890,1349,128,2.42221928,0.127826999,1001.3534,3008656476
4,10891,1350,128,2.24256325,0.129973029,984.819704,3008656476
4,10892,1351,128,2.23631072,0.130580849,980.235624,3008656476
4,10893,1352,128,1.77944636,0.127318035,1005.35639,3008656476
4,10894,1353,128,1.6085304,0.127867771,1001.03411,3008656476
4,10895,1354,128,2.36593056,0.141897508,902.059534,3008656476
4,10896,1355,128,1.83617699,0.140481087,911.154681,3008656476
4,10897,1356,128,1.90208936,0.127707201,1002.29274,3008656476
4,10898,1357,128,2.22121859,0.127604621,1003.09847,3008656476
4,10899,1358,128,2.11449337,0.128040103,999.686793,3008656476
4,10900,1359,128,1.8824389,0.127389889,1004.78932,3008656476
4,10901,1360,128,1.63607788,0.129843511,985.802055,3008656476
4,10902,1361,128,2.2418828,0.127713976,1002.23957,3008656476
4,10903,1362,128,2.3488555,0.143012422,895.027147,3008656476
4,10904,1363,128,2.0460155,0.142587099,897.696923,3008656476
4,10905,1364,128,1.70143366,0.127758626,1001.8893,3008656476
4,10906,1365,128,2.02513671,0.128326398,997.456502,3008656476
4,10907,1366,128,2.3105824,0.127801809,1001.55077,3008656476
4,10908,1367,128,2.34618425,0.128317373,997.526656,3008656476
4,10909,1368,128,2.24132442,0.127627223,1002.92083,3008656476
4,10910,1369,128,1.98581004,0.127927316,1000.56817,3008656476
4,10911,1370,128,1.88092661,0.143721449,890.611672,3008656476
4,10912,1371,128,2.40947509,0.141098436,907.168099,3008656476
4,10913,1372,128,2.0910089,0.127468282,1004.17137,3008656476
4,10914,1373,128,2.36741233,0.127601586,1003.12233,3008656476
4,10915,1374,128,2.57195568,0.127741257,1002.02552,3008656476
4,10916,1375,128,2.57469535,0.128036587,999.714246,3008656476
4,10917,1376,128,2.7596736,0.128061492,999.519824,3008656476
4,10918,1377,128,2.30969357,0.127602858,1003.11233,3008656476
4,10919,1378,128,2.12135124,0.140918144,908.328739,3008656476
4,10920,1379,128,2.05214953,0.142168459,900.340349,3008656476
4,10921,1380,128,2.48873472,0.125750121,1017.89166,3008656476
4,10922,1381,128,1.88444304,0.12634847,1013.07123,3008656476
4,10923,1382,128,2.02533078,0.125636516,1018.81208,3008656476
4,10924,1383,128,2.01457,0.126340865,1013.13221,3008656476
4,10925,1384,128,1.66035569,0.125902843,1016.65695,3008656476
4,10926,1385,128,2.31606197,0.126463873,1012.14677,3008656476
4,10927,1386,128,1.53436589,0.14077317,909.264173,3008656476
4,10928,1387,128,1.87466228,0.137296861,932.286427,3008656476
4,10929,1388,128,2.50018573,0.125502327,1019.90141,3008656476
4,10930,1389,128,1.98481631,0.124148175,1031.02603,3008656476
4,10931,1390,128,1.54120648,0.124212614,1030.49115,3008656476
4,10932,1391,128,2.02961373,0.12418085,1030.75474,3008656476
4,10933,1392,128,2.08076024,0.123406214,1037.22492,3008656476
4,10934,1393,128,2.19603062,0.124709884,1026.38216,3008656476
4,10935,1394,128,2.48583126,0.137824904,928.714596,3008656476
4,10936,1395,128,2.01465154,0.123487511,1036.54207,3008656476
4,10937,1396,128,1.99571812,0.133056896,961.994484,3008656476
4,10938,1397,128,2.41352963,0.122854261,1041.8849,3008656476
4,10939,1398,128,1.89237416,0.123202838,1038.93711,3008656476
4,10940,1399,128,2.40111446,0.123681859,1034.91329,3008656476
4,10941,1400,128,2.59808874,0.122497678,1044.91777,3008656476
4,10942,1401,128,2.63827133,0.122511832,1044.79704,3008656476
4,10943,1402,128,2.00391221,0.122628511,1043.80294,3008656476
4,10944,1403,128,2.18257785,0.13535645,945.651279,3008656476
4,10945,1404,128,1.84474051,0.137053025,933.945092,3008656476
4,10946,1405,128,2.28233147,0.122440569,1045.40514,3008656476
4,10947,1406,128,2.66358519,0.122686105,1043.31293,3008656476
4,10948,1407,128,2.48196268,0.122048141,1048.76649,3008656476
4,10949,1408,128,2.317523,0.123016791,1040.50836,3008656476
4,10950,1409,128,2.48665142,0.123154214,1039.3473,3008656476
4,10951,1410,128,2.39316273,0.122603413,1044.01661,3008656476
4,10952,1411,128,2.81006551,0.141540203,904.336699,3008656476
4,10953,1412,128,2.41116691,0.138677335,923.005912,3008656476
4,10954,1413,128,2.50502491,0.124684667,1026.58974,3008656476
4,10955,1414,128,2.61076665,0.12411683,1031.28641,3008656476
4,10956,1415,128,2.66277266,0.123052047,1040.21025,3008656476
4,10957,1416,128,2.25223327,0.122775241,1042.55548,3008656476
4,10958,1417,128,2.33971357,0.123383765,1037.41363,3008656476
4,10959,1418,128,2.57891965,0.123537235,1036.12486,3008656476
4,10960,1419,128,2.61048341,0.134854334,949.172312,3008656476
4,10961,1420,128,2.49264073,0.116778211,1096.09489,3008656476
4,10962,1421,128,2.48514652,0.139074863,920.367615,3008656476
4,10963,1422,128,2.88543797,0.123619914,1035.43188,3008656476
4,10964,1423,128,2.34510541,0.123086206,1039.92157,3008656476
4,10965,1424,128,2.66603065,0.12330409,1038.08398,3008656476
4,10966,1425,128,3.04074693,0.123095426,1039.84367,3008656476
4,10967,1426,128,2.20805454,0.12348497,1036.5634,3008656476
4,10968,1427,128,2.51241136,0.125168953,1022.61781,3008656476
4,10969,1428,128,2.39290571,0.140773728,909.260569,3008656476
4,10970,1429,128,3.10991073,0.139342058,918.602767,3008656476
4,10971,1430,128,2.85172415,0.123301132,1038.10888,3008656476
4,10972,1431,128,2.65678668,0.12358043,1035.7627,3008656476
4,10973,1432,128,2.85400295,0.123844841,1033.55133,3008656476
4,10974,1433,128,2.19584155,0.123409923,1037.19374,3008656476
4,10975,1434,128,2.20775366,0.123319627,1037.95319,3008656476
4,10976,1435,128,2.80503774,0.123609502,1035.5191,3008656476
4,10977,1436,128,1.84081244,0.135446214,945.024569,3008656476
4,10978,1437,128,2.64658093,0.13573625,943.005277,3008656476
4,10979,1438,128,2.58077145,0.123998971,1032.26663,3008656476
4,10980,1439,128,2.58111,0.123630737,1035.34124,3008656476
4,10981,1440,128,2.33098531,0.124735424,1026.172,3008656476
4,10982,1441,128,2.68406677,0.123525197,1036.22583,3008656476
4,10983,1442,128,2.59868646,0.124088422,1031.52251,3008656476
4,10984,1443,128,1.93310821,0.124377586,1029.12433,3008656476
4,10985,1444,128,2.74866033,0.130966324,977.350483,3008656476
4,10986,1445,128,2.65283203,0.120260442,1064.35664,3008656476
4,10987,1446,128,2.94739532,0.139246082,919.235918,3008656476
4,10988,1447,128,2.61020827,0.12457191,1027.51896,3008656476
4,10989,1448,128,2.25540042,0.125543414,1019.56762,3008656476
4,10990,1449,128,2.86245346,0.125433859,1020.45812,3008656476
4,10991,1450,128,2.19616699,0.125091251,1023.25302,3008656476
4,10992,1451,128,2.35326934,0.124474418,1028.32375,3008656476
4,10993,1452,128,2.47640181,0.124240418,1030.26054,3008656476
4,10994,1453,128,2.28395605,0.13987767,915.085303,3008656476
4,10995,1454,128,2.28821397,0.139695447,916.278968,3008656476
4,10996,1455,128,1.68189609,0.125862532,1016.98256,3008656476
4,10997,1456,128,2.61273956,0.124889147,1024.90891,3008656476
4,10998,1457,128,2.51291108,0.12549879,1019.93015,3008656476
4,10999,1458,128,2.74983001,0.127317885,1005.35757,3008656476
4,11000,1459,128,2.87582493,0.125946855,1016.30168,3008656476
4,11001,1460,128,2.52745366,0.126841617,1009.13252,3008656476
4,11002,1461,128,1.6609093,0.143625351,891.20757,3008656476
4,11003,1462,128,1.7956655,0.144586819,885.281251,3008656476
4,11004,1463,128,2.4360373,0.131369747,974.34914,3008656476
4,11005,1464,128,1.8989408,0.127144024,1006.73233,3008656476
4,11006,1465,128,2.26920819,0.128004433,999.965368,3008656476
4,11007,1466,128,3.09833527,0.130470474,981.064881,3008656476
4,11008,1467,128,2.57062244,0.127081753,1007.22564,3008656476
4,11009,1468,128,2.22491336,0.127882379,1000.91976,3008656476
4,11010,1469,128,2.91351223,0.142128252,900.595048,3008656476
4,11011,1470,128,2.3444705,0.139769297,915.794833,3008656476
4,11012,1471,128,2.92251801,0.125490236,1019.99968,3008656476
4,11013,1472,128,2.59965229,0.124920189,1024.65423,3008656476
4,11014,1473,128,2.89419746,0.125346683,1021.16783,3008656476
4,11015,1474,128,2.47698069,0.126076826,1015.25398,3008656476
4,11016,1475,128,2.48511243,0.124891632,1024.88852,3008656476
4,11017,1476,128,2.46258688,0.126373716,1012.86885,3008656476
4,11018,1477,128,2.81459761,0.138538861,923.928485,3008656476
4,11019,1478,128,2.66617942,0.137179816,933.081876,3008656476
4,11020,1479,128,2.60559058,0.125944473,1016.3209,3008656476
4,11021,1480,128,2.5028801,0.125287292,1021.6519,3008656476
4,11022,1481,128,2.82105064,0.125099769,1023.18334,3008656476
4,11023,1482,128,2.48047781,0.124486088,1028.22735,3008656476
4,11024,1483,128,2.43227124,0.124347473,1029.37355,3008656476
4,11025,1484,128,2.42123032,0.124475138,1028.3178,3008656476
4,11026,1485,128,2.70289135,0.140279251,912.465665,3008656476
4,11027,1486,128,2.99339247,0.136071024,940.685212,3008656476
4,11028,1487,128,2.76492691,0.119494968,1071.17481,3008656476
4,11029,1488,128,2.53076005,0.122148052,1047.90865,3008656476
4,11030,1489,128,2.12882853,0.122831298,1042.07968,3008656476
4,11031,1490,128,2.5698173,0.123855729,1033.46047,3008656476
4,11032,1491,128,2.50935555,0.12307972,1039.97637,3008656476
4,11033,1492,128,3.03335524,0.122089199,1048.41379,3008656476
4,11034,1493,128,2.42232919,0.122579485,1044.22041,3008656476
4,11035,1494,128,1.88029456,0.135234062,946.507101,3008656476
4,11036,1495,128,2.32830548,0.137933285,927.984859,3008656476
4,11037,1496,128,2.43847418,0.122314208,1046.48513,3008656476
4,11038,1497,128,2.42911744,0.122607217,1043.98422,3008656476
4,11039,1498,128,2.37498093,0.12313178,1039.53667,3008656476
4,11040,1499,128,2.24736905,0.123338156,1037.79726,3008656476
4,11041,1500,128,2.68995595,0.122751079,1042.76069,3008656476
4,11042,1501,128,2.89968657,0.123018447,1040.49436,3008656476
4,11043,1502,128,2.36666155,0.140567308,910.595798,3008656476
4,11044,1503,128,2.66167116,0.137889325,928.280706,3008656476
4,11045,1504,128,2.46153975,0.123874119,1033.30705,3008656476
4,11046,1505,128,2.61605573,0.123290866,1038.19532,3008656476
4,11047,1506,128,2.2495532,0.124064749,1031.71933,3008656476
4,11048,1507,128,2.52749634,0.123630206,1035.34568,3008656476
4,11049,1508,128,2.41751719,0.123629599,1035.35077,3008656476
4,11050,1509,128,2.6796751,0.124464155,1028.40854,3008656476
4,11051,1510,128,3.15826869,0.13738821,931.666553,3008656476
4,11052,1511,128,2.30550647,0.123528615,1036.19716,3008656476
4,11053,1512,128,2.58456516,0.127140499,1006.76025,3008656476
4,11054,1513,128,2.79359198,0.122945748,1041.10961,3008656476
4,11055,1514,128,3.15475869,0.123039677,1040.31482,3008656476
4,11056,1515,128,2.39859438,0.123573863,1035.81774,3008656476
4,11057,1516,128,2.73428464,0.124859776,1025.15001,3008656476
4,11058,1517,128,2.78081679,0.123728718,1034.52135,3008656476
4,11059,1518,128,2.82913423,0.122781723,1042.50044,3008656476
4,11060,1519,128,2.29705071,0.138969482,921.065533,3008656476
4,11061,1520,128,2.86538529,0.140393993,911.71992,3008656476
4,11062,1521,128,2.26971006,0.123481008,1036.59666,3008656476
4,11063,1522,128,2.92563462,0.122922396,1041.3074,3008656476
4,11064,1523,128,3.21976995,0.123085899,1039.92416,3008656476
4,11065,1524,128,3.07955122,0.122679319,1043.37064,3008656476
4,11066,1525,128,2.37119555,0.122927361,1041.26534,3008656476
4,11067,1526,128,1.96055973,0.122266989,1046.88928,3008656476
4,11068,1527,128,2.12862873,0.137175647,933.110233,3008656476
4,11069,1528,128,2.57117653,0.137160339,933.214375,3008656476
4,11070,1529,128,3.00618958,0.123475123,1036.64606,3008656476
4,11071,1530,128,2.90369511,0.145607095,879.078042,3008656476
4,11072,1531,128,3.37797928,0.153005887,836.569118,3008656476
4,11073,1532,128,3.15256596,0.122619963,1043.8757,3008656476
4,11074,1533,128,2.77959991,0.123734165,1034.47581,3008656476
4,11075,1534,128,2.88441086,0.12361897,1035.43979,3008656476
4,11076,1535,128,2.16907287,0.138762679,922.43823,3008656476
4,11077,1536,128,2.53023195,0.136094522,940.522793,3008656476
4,11078,1537,128,2.4205339,0.124559541,1027.621,3008656476
4,11079,1538,128,2.81570458,0.124662188,1026.77485,3008656476
4,11080,1539,128,2.38324022,0.125418652,1020.58185,3008656476
4,11081,1540,128,3.16262102,0.124703968,1026.43085,3008656476
4,11082,1541,128,2.89382243,0.124974533,1024.20867,3008656476
4,11083,1542,128,3.00792861,0.12494697,1024.43461,3008656476
4,11084,1543,128,2.73954535,0.137744751,929.25501,3008656476
4,11085,1544,128,3.01333427,0.137300781,932.25981,3008656476
4,11086,1545,128,2.5578444,0.125378307,1020.91026,3008656476
4,11087,1546,128,2.39988995,0.125413475,1020.62398,3008656476
4,11088,1547,128,2.59576964,0.125986886,1015.97876,3008656476
4,11089,1548,128,2.4987464,0.12759264,1003.19266,3008656476
4,11090,1549,128,2.87593484,0.127246094,1005.92479,3008656476
4,11091,1550,128,2.66082716,0.128038087,999.702534,3008656476
4,11092,1551,128,2.12356615,0.140192901,913.027686,3008656476
4,11093,1552,128,2.56234097,0.127815325,1001.44486,3008656476
4,11094,1553,128,3.45776582,0.132302575,967.47928,3008656476
4,11095,1554,128,3.0913403,0.126931588,1008.41723,3008656476
4,11096,1555,128,2.4394598,0.131920735,970.279615,3008656476
4,11097,1556,128,2.80869436,0.127480873,1004.0722,3008656476
4,11098,1557,128,3.03671384,0.130911176,977.762204,3008656476
4,11099,1558,128,2.66692019,0.131811077,971.086823,3008656476
4,11100,1559,128,2.38645816,0.145983049,876.814129,3008656476
4,11101,1560,128,2.67068291,0.128392227,996.945088,3008656476
4,11102,1561,128,2.75884438,0.133718451,957.235139,3008656476
4,11103,1562,128,3.28510046,0.127637325,1002.84145,3008656476
4,11104,1563,128,3.24858856,0.127629664,1002.90165,3008656476
4,11105,1564,128,2.68997049,0.12726877,1005.74556,3008656476
4,11106,1565,128,2.71075916,0.126963161,1008.16646,3008656476
4,11107,1566,128,2.12187219,0.127601606,1003.12217,3008656476
4,11108,1567,128,1.85929704,0.127637911,1002.83685,3008656476
4,11109,1568,128,1.59133887,0.13389747,955.955329,3008656476
4,11110,1569,128,2.1158886,0.140925025,908.284387,3008656476
4,11111,1570,128,2.33210707,0.128079373,999.380283,3008656476
4,11112,1571,128,2.59057713,0.127790197,1001.64178,3008656476
4,11113,1572,128,2.03592253,0.126723577,1010.0725,3008656476
4,11114,1573,128,2.49396157,0.130639506,979.795499,3008656476
4,11115,1574,128,2.89176273,0.129419679,989.030424,3008656476
4,11116,1575,128,3.02228069,0.128841556,993.468288,3008656476
4,11117,1576,128,2.5903666,0.137506875,930.862548,3008656476
4,11118,1577,128,2.68249536,0.142158934,900.400674,3008656476
4,11119,1578,128,2.42596936,0.125426575,1020.51738,3008656476
4,11120,1579,128,2.66206264,0.125932126,1016.42054,3008656476
4,11121,1580,128,2.96382141,0.125812671,1017.3856,3008656476
4,11122,1581,128,2.44388556,0.126388729,1012.74853,3008656476
4,11123,1582,128,2.31246758,0.125601682,1019.09463,3008656476
4,11124,1583,128,2.36541367,0.12539304,1020.79031,3008656476
4,11125,1584,128,2.85337281,0.138425652,924.684104,3008656476
4,11126,1585,128,2.80710125,0.139248442,919.220339,3008656476
4,11127,1586,128,2.91530943,0.124377511,1029.12495,3008656476
4,11128,1587,128,2.38141632,0.125177666,1022.54663,3008656476
4,11129,1588,128,2.42359161,0.125434338,1020.45422,3008656476
4,11130,1589,128,2.79199791,0.126258415,1013.79381,3008656476
4,11131,1590,128,2.30044842,0.124506939,1028.05515,3008656476
4,11132,1591,128,2.24853396,0.123279106,1038.29436,3008656476
4,11133,1592,128,2.6903038,0.136067661,940.708461,3008656476
4,11134,1593,128,2.81882286,0.136900941,934.982616,3008656476
4,11135,1594,128,2.61855316,0.123694963,1034.80366,3008656476
4,11136,1595,128,2.18900299,0.123772826,1034.15268,3008656476
4,11137,1596,128,2.33714008,0.12381008,1033.84151,3008656476
4,11138,1597,128,2.19805121,0.123283225,1038.25967,3008656476
4,11139,1598,128,2.50401354,0.123271905,1038.35501,3008656476
4,11140,1599,128,2.25560832,0.123503826,1036.40514,3008656476
4,11141,1600,128,1.88004291,0.139611932,916.82708,3008656476
4,11142,1601,128,2.37149429,0.122605048,1044.00269,3008656476
4,11143,1602,128,2.25358653,0.127843298,1001.22573,3008656476
4,11144,1603,128,2.50657034,0.122356448,1046.12386,3008656476
4,11145,1604,128,1.95592451,0.123214184,1038.84144,3008656476
4,11146,1605,128,1.80321348,0.122753703,1042.7384,3008656476
4,11147,1606,128,1.64312434,0.123304482,1038.08068,3008656476
4,11148,1607,128,2.74581838,0.122497336,1044.92068,3008656476
4,11149,1608,128,2.31274676,0.122361252,1046.08279,3008656476
4,11150,1609,128,2.43622303,0.13799082,927.597937,3008656476
4,11151,1610,128,2.79347181,0.137565553,930.465492,3008656476
4,11152,1611,128,2.85856152,0.122229098,1047.21381,3008656476
4,11153,1612,128,2.97130346,0.123099862,1039.8062,3008656476
4,11154,1613,128,2.46144915,0.123065366,1040.09767,3008656476
4,11155,1614,128,2.41109037,0.123372941,1037.50465,3008656476
4,11156,1615,128,2.43313813,0.123039003,1040.32052,3008656476
4,11157,1616,128,2.34336829,0.122950276,1041.07127,3008656476
4,11158,1617,128,2.73007464,0.142706697,896.944591,3008656476
4,11159,1618,128,1.70575881,0.137376535,931.745731,3008656476
4,11160,1619,128,2.925349,0.123994244,1032.30598,3008656476
4,11161,1620,128,3.37133646,0.124006269,1032.20588,3008656476
4,11162,1621,128,2.72060466,0.123535972,1036.13545,3008656476
4,11163,1622,128,2.4336772,0.1229522,1041.05498,3008656476
4,11164,1623,128,2.78171277,0.123393287,1037.33358,3008656476
4,11165,1624,128,2.69287181,0.123079091,1039.98168,3008656476
4,11166,1625,128,2.32478905,0.136672009,936.548756,3008656476
4,11167,1626,128,2.81370378,0.123237945,1038.64114,3008656476
4,11168,1627,128,2.74103665,0.132960483,962.69205,3008656476
4,11169,1628,128,2.43708897,0.123470139,1036.68791,3008656476
4,11170,1629,128,2.14629006,0.123041387,1040.30037,3008656476
4,11171,1630,128,2.74859619,0.122727759,1042.95883,3008656476
4,11172,1631,128,2.54715061,0.122840595,1042.00081,3008656476
4,11173,1632,128,2.62525415,0.123328893,1037.8752,3008656476
4,11174,1633,128,2.46269822,0.124168325,1030.85872,3008656476
4,11175,1634,128,2.63554144,0.140993594,907.842664,3008656476
4,11176,1635,128,2.43743467,0.137503359,930.88635,3008656476
4,11177,1636,128,2.24543929,0.12465671,1026.81998,3008656476
4,11178,1637,128,2.74446011,0.125421228,1020.56089,3008656476
4,11179,1638,128,2.6671555,0.125729861,1018.05569,3008656476
4,11180,1639,128,2.99506974,0.125727113,1018.07794,3008656476
4,11181,1640,128,2.19685841,0.125484194,1020.04879,3008656476
4,11182,1641,128,1.90532446,0.124877025,1025.0084,3008656476
4,11183,1642,128,2.77858567,0.139498759,917.570887,3008656476
4,11184,1643,128,2.08198833,0.140085232,913.729436,3008656476
4,11185,1644,128,2.21448421,0.125306816,1021.49272,3008656476
4,11186,1645,128,1.72315967,0.126503627,1011.8287,3008656476
4,11187,1646,128,2.76763153,0.126332149,1013.20211,3008656476
4,11188,1647,128,2.52391219,0.12658795,1011.1547,3008656476
4,11189,1648,128,2.13867998,0.126916515,1008.53699,3008656476
4,11190,1649,128,1.95351124,0.127773366,1001.77372,3008656476
4,11191,1650,128,2.15791368,0.140258693,912.599407,3008656476
4,11192,1651,128,2.15445375,0.141279496,906.005497,3008656476
4,11193,1652,128,2.32614279,0.125543129,1019.56994,3008656476
4,11194,1653,128,2.02596307,0.125902026,1016.66354,3008656476
4,11195,1654,128,2.08924747,0.125928101,1016.45303,3008656476
4,11196,1655,128,2.28111744,0.125910311,1016.59665,3008656476
4,11197,1656,128,2.48339987,0.125669139,1018.5476,3008656476
4,11198,1657,128,2.66447783,0.125172901,1022.58555,3008656476
4,11199,1658,128,2.77977014,0.139411152,918.147495,3008656476
4,11200,1659,128,2.49921536,0.135839395,942.289238,3008656476
4,11201,1660,128,1.95069182,0.120579652,1061.53897,3008656476
4,11202,1661,128,2.11036277,0.124277343,1029.95443,3008656476
4,11203,1662,128,2.54150748,0.124554196,1027.6651,3008656476
4,11204,1663,128,2.67370653,0.123689881,1034.84617,3008656476
4,11205,1664,128,2.74754477,0.123910576,1033.00303,3008656476
4,11206,1665,128,2.43247509,0.123402506,1037.25608,3008656476
4,11207,1666,128,2.7063899,0.123764595,1034.22146,3008656476
4,11208,1667,128,2.70900846,0.1335523,958.426025,3008656476
4,11209,1668,128,2.93042874,0.139073679,920.375451,3008656476
4,11210,1669,128,2.70489097,0.123436987,1036.96633,3008656476
4,11211,1670,128,2.55995464,0.124358049,1029.28601,3008656476
4,11212,1671,128,1.88380337,0.123493058,1036.49551,3008656476
4,11213,1672,128,2.68689752,0.123898911,1033.10028,3008656476
4,11214,1673,128,2.71983242,0.123666788,1035.03942,3008656476
4,11215,1674,128,2.6540277,0.122915199,1041.36837,3008656476
4,11216,1675,128,2.42829156,0.134974878,948.324621,3008656476
4,11217,1676,128,2.58985162,0.136415156,938.312162,3008656476
4,11218,1677,128,3.21551776,0.123339763,1037.78374,3008656476
4,11219,1678,128,2.87813354,0.122877644,1041.68664,3008656476
4,11220,1679,128,2.91784477,0.122856237,1041.86815,3008656476
4,11221,1680,128,2.70614052,0.122050374,1048.7473,3008656476
4,11222,1681,128,2.89227581,0.122991146,1040.72532,3008656476
4,11223,1682,128,2.75106645,0.122916246,1041.3595,3008656476
4,11224,1683,128,2.7516737,0.135278849,946.193739,3008656476
4,11225,1684,128,2.51268673,0.123044037,1040.27796,3008656476
4,11226,1685,128,2.27045703,0.128586175,995.441384,3008656476
4,11227,1686,128,2.86693263,0.122859091,1041.84394,3008656476
4,11228,1687,128,2.39051843,0.123003003,1040.625,3008656476
4,11229,1688,128,2.41338444,0.122456425,1045.26978,3008656476
4,11230,1689,128,2.41233349,0.123449379,1036.86224,3008656476
4,11231,1690,128,2.59612608,0.123621858,1035.4156,3008656476
4,11232,1691,128,2.69782281,0.123197401,1038.98296,3008656476
4,11233,1692,128,2.39148641,0.137086296,933.718422,3008656476
4,11234,1693,128,2.43892765,0.13655938,937.321186,3008656476
4,11235,1694,128,2.60339451,0.12284315,1041.97914,3008656476
4,11236,1695,128,2.75682759,0.122809454,1042.26504,3008656476
4,11237,1696,128,2.62284088,0.123430591,1037.02007,3008656476
4,11238,1697,128,2.60550404,0.123082238,1039.95509,3008656476
4,11239,1698,128,2.87136555,0.123429481,1037.02939,3008656476
4,11240,1699,128,2.82919335,0.123706371,1034.70823,3008656476
4,11241,1700,128,2.77548504,0.141483926,904.696411,3008656476
4,11242,1701,128,2.80853033,0.137165348,933.180296,3008656476
4,11243,1702,128,1.64855719,0.122974895,1040.86285,3008656476
4,11244,1703,128,2.01858115,0.122992371,1040.71496,3008656476
4,11245,1704,128,1.8927815,0.122717396,1043.0469,3008656476
4,11246,1705,128,2.06475258,0.122922395,1041.3074,3008656476
4,11247,1706,128,2.45484805,0.123339617,1037.78496,3008656476
4,11248,1707,128,2.4227376,0.123056966,1040.16866,3008656476
4,11249,1708,128,3.1689713,0.136705522,936.319163,3008656476
4,11250,1709,128,2.37908268,0.123594127,1035.64792,3008656476
4,11251,1710,128,2.96945858,0.134454221,951.996888,3008656476
4,11252,1711,128,2.62006426,0.123263489,1038.4259,3008656476
4,11253,1712,128,2.15229011,0.122521392,1044.71552,3008656476
4,11254,1713,128,2.46028113,0.123295279,1038.15816,3008656476
4,11255,1714,128,2.73562908,0.122807243,1042.2838,3008656476
4,11256,1715,128,2.47078776,0.124213483,1030.48395,3008656476
4,11257,1716,128,2.40537882,0.123963507,1032.56195,3008656476
4,11258,1717,128,3.09001708,0.14201863,901.290204,3008656476
4,11259,1718,128,2.03623486,0.139605333,916.870418,3008656476
4,11260,1719,128,2.61657643,0.125675364,1018.49715,3008656476
4,11261,1720,128,2.99242592,0.125068353,1023.44036,3008656476
4,11262,1721,128,2.5563705,0.125225434,1022.15657,3008656476
4,11263,1722,128,2.77307129,0.125985401,1015.99073,3008656476
4,11264,1723,128,2.69868946,0.126884724,1008.78968,3008656476
4,11265,1724,128,2.89165688,0.126265487,1013.73703,3008656476
4,11266,1725,128,2.0522635,0.138898825,921.534073,3008656476
4,11267,1726,128,3.09332705,0.14138726,905.314948,3008656476
4,11268,1727,128,2.75781012,0.131650671,972.270016,3008656476
4,11269,1728,128,2.59592533,0.128058668,999.541866,3008656476
4,11270,1729,128,2.91763115,0.125953013,1016.25199,3008656476
4,11271,1730,128,2.33103776,0.126317643,1013.31846,3008656476
4,11272,1731,128,1.90798509,0.125555048,1019.47315,3008656476
4,11273,1732,128,2.61608338,0.125613716,1018.997,3008656476
4,11274,1733,128,1.8826865,0.139102783,920.182884,3008656476
4,11275,1734,128,2.49306345,0.138414348,924.759621,3008656476
4,11276,1735,128,1.91225183,0.126638882,1010.74803,3008656476
4,11277,1736,128,1.97938955,0.125483672,1020.05303,3008656476
4,11278,1737,128,1.61520004,0.125184126,1022.49386,3008656476
4,11279,1738,128,2.05261946,0.124963617,1024.29814,3008656476
4,11280,1739,128,1.40027988,0.124249498,1030.18525,3008656476
4,11281,1740,128,1.59720373,0.124922862,1024.6323,3008656476
4,11282,1741,128,2.00472307,0.13828859,925.600586,3008656476
4,11283,1742,128,2.1575613,0.139062142,920.451808,3008656476
4,11284,1743,128,2.23467231,0.122270467,1046.8595,3008656476
4,11285,1744,128,2.62005305,0.122347013,1046.20454,3008656476
4,11286,1745,128,1.53362036,0.122480618,1045.06331,3008656476
4,11287,1746,128,2.97471428,0.122325611,1046.38758,3008656476
4,11288,1747,128,3.0004499,0.123132113,1039.53385,3008656476
4,11289,1748,128,2.25769043,0.122903715,1041.46567,3008656476
4,11290,1749,128,2.9448154,0.123204475,1038.9233,3008656476
4,11291,1750,128,2.27120495,0.127362514,1005.00529,3008656476
4,11292,1751,128,2.85509539,0.138763968,922.429661,3008656476
4,11293,1752,128,2.33290315,0.123067805,1040.07705,3008656476
4,11294,1753,128,2.53518748,0.122893657,1041.55091,3008656476
4,11295,1754,128,2.69879794,0.124073556,1031.6461,3008656476
4,11296,1755,128,3.15423727,0.123600363,1035.59566,3008656476
4,11297,1756,128,2.31289196,0.123259548,1038.45911,3008656476
4,11298,1757,128,2.16778755,0.123457686,1036.79248,3008656476
4,11299,1758,128,2.13996792,0.136060046,940.761111,3008656476
4,11300,1759,128,2.38748026,0.138382884,924.969883,3008656476
4,11301,1760,128,2.63901615,0.122349343,1046.18461,3008656476
4,11302,1761,128,2.1512723,0.123278293,1038.3012,3008656476
4,11303,1762,128,3.12788367,0.123168959,1039.22288,3008656476
4,11304,1763,128,2.19882512,0.123204648,1038.92184,3008656476
4,11305,1764,128,2.26568127,0.123116976,1039.66166,3008656476
4,11306,1765,128,1.76426458,0.123726335,1034.54127,3008656476
4,11307,1766,128,2.44001579,0.138745037,922.555522,3008656476
4,11308,1767,128,2.60870743,0.123311489,1038.02169,3008656476
4,11309,1768,128,2.52219486,0.126381513,1012.80636,3008656476
4,11310,1769,128,2.03370929,0.123040196,1040.31044,3008656476
4,11311,1770,128,2.05779791,0.123629682,1035.35007,3008656476
4,11312,1771,128,1.94327116,0.123348761,1037.70803,3008656476
4,11313,1772,128,1.74438083,0.122861851,1041.82054,3008656476
4,11314,1773,128,1.64527929,0.12322795,1038.72539,3008656476
4,11315,1774,128,1.64235544,0.122977473,1040.84103,3008656476
4,11316,1775,128,2.05004907,0.13821667,926.082216,3008656476
4,11317,1776,128,2.19472218,0.135861309,942.13725,3008656476
4,11318,1777,128,1.96120107,0.124205241,1030.55233,3008656476
4,11319,1778,128,1.6069355,0.123742583,1034.40543,3008656476
4,11320,1779,128,2.0658567,0.122581542,1044.20289,3008656476
4,11321,1780,128,1.84396148,0.122871819,1041.73602,3008656476
4,11322,1781,128,1.39088273,0.123938455,1032.77066,3008656476
4,11323,1782,128,1.51719689,0.123683761,1034.89738,3008656476
4,11324,1783,128,1.81998813,0.136884707,935.093502,3008656476
4,11325,1784,128,1.99515569,0.135327556,945.853186,3008656476
4,11326,1785,128,1.91632664,0.123339225,1037.78826,3008656476
4,11327,1786,128,1.42451847,0.123328918,1037.87499,3008656476
4,11328,1787,128,1.45134997,0.124459874,1028.44391,3008656476
4,11329,1788,128,1.32651114,0.123580676,1035.76064,3008656476
4,11330,1789,128,1.7764641,0.123641636,1035.24997,3008656476
4,11331,1790,128,1.52678609,0.124106883,1031.36907,3008656476
4,11332,1791,128,2.45504332,0.138818516,922.067197,3008656476
4,11333,1792,128,2.26708245,0.123578857,1035.77589,3008656476
4,11334,1793,128,1.75974214,0.129989132,984.697705,3008656476
4,11335,1794,128,2.23798084,0.123778699,1034.10361,3008656476
4,11336,1795,128,1.47829556,0.122444255,1045.37367,3008656476
4,11337,1796,128,2.25552225,0.124162047,1030.91084,3008656476
4,11338,1797,128,2.50816274,0.123768069,1034.19243,3008656476
4,11339,1798,128,2.35337019,0.123307131,1038.05837,3008656476
4,11340,1799,128,1.70470619,0.123586207,1035.71428,3008656476
4,11341,1800,128,1.92053044,0.137371692,931.778579,3008656476
4,11342,1801,128,2.1032548,0.140476037,911.187436,3008656476
4,11343,1802,128,1.61614573,0.123862484,1033.40411,3008656476
4,11344,1803,128,2.23121572,0.123774454,1034.13908,3008656476
4,11345,1804,128,2.01535583,0.124416638,1028.80131,3008656476
4,11346,1805,128,2.79392076,0.123401561,1037.26403,3008656476
4,11347,1806,128,2.16673493,0.124568337,1027.54844,3008656476
4,11348,1807,128,2.31991196,0.123099308,1039.81088,3008656476
4,11349,1808,128,2.38131547,0.135233298,946.512448,3008656476
4,11350,1809,128,2.81276393,0.137930946,928.000595,3008656476
4,11351,1810,128,2.44850063,0.123772961,1034.15155,3008656476
4,11352,1811,128,1.9363327,0.123620466,1035.42726,3008656476
4,11353,1812,128,1.7486527,0.123162193,1039.27997,3008656476
4,11354,1813,128,1.66192627,0.123373348,1037.50123,3008656476
4,11355,1814,128,2.68987775,0.123092815,1039.86573,3008656476
4,11356,1815,128,2.48089528,0.123080614,1039.96881,3008656476
4,11357,1816,128,2.08270717,0.136921695,934.840896,3008656476
4,11358,1817,128,2.43678498,0.123543722,1036.07045,3008656476
4,11359,1818,128,1.59614265,0.129804089,986.101447,3008656476
4,11360,1819,128,1.57907557,0.123597157,1035.62253,3008656476
4,11361,1820,128,2.23410797,0.123522101,1036.2518,3008656476
4,11362,1821,128,2.54368448,0.123361646,1037.59964,3008656476
4,11363,1822,128,3.14308596,0.123038024,1040.3288,3008656476
4,11364,1823,128,2.71608353,0.124488711,1028.20568,3008656476
4,11365,1824,128,2.305197,0.124589965,1027.37006,3008656476
4,11366,1825,128,2.0683279,0.141697206,903.334678,3008656476
4,11367,1826,128,2.71115232,0.138539357,923.925177,3008656476
4,11368,1827,128,2.09075499,0.125405736,1020.68696,3008656476
4,11369,1828,128,2.0005331,0.126145101,1014.70449,3008656476
4,11370,1829,128,2.26749182,0.124284148,1029.89804,3008656476
4,11371,1830,128,2.2562294,0.126196049,1014.29483,3008656476
4,11372,1831,128,2.61832762,0.126957609,1008.21054,3008656476
4,11373,1832,128,2.18326426,0.127755918,1001.91053,3008656476
4,11374,1833,128,2.42056084,0.143840619,889.873812,3008656476
4,11375,1834,128,2.62309933,0.143783465,890.227538,3008656476
4,11376,1835,128,2.31367803,0.128234885,998.168322,3008656476
4,11377,1836,128,1.70803583,0.129276917,990.122622,3008656476
4,11378,1837,128,2.39488244,0.129124755,991.289393,3008656476
4,11379,1838,128,2.89930296,0.128594014,995.380703,3008656476
4,11380,1839,128,2.61011505,0.129012017,992.155638,3008656476
4,11381,1840,128,2.82583189,0.129080559,991.628801,3008656476
4,11382,1841,128,2.65124369,0.141706445,903.275783,3008656476
4,11383,1842,128,2.59331203,0.142220363,900.011766,3008656476
4,11384,1843,128,2.35613036,0.1283669,997.141787,3008656476
4,11385,1844,128,2.44943118,0.127321296,1005.33064,3008656476
4,11386,1845,128,2.02994156,0.12601849,1015.72396,3008656476
4,11387,1846,128,2.14356589,0.126633579,1010.79035,3008656476
4,11388,1847,128,1.74519634,0.126480054,1012.01728,3008656476
4,11389,1848,128,2.49254274,0.125102166,1023.16374,3008656476
4,11390,1849,128,2.51434231,0.139353079,918.530117,3008656476
4,11391,1850,128,2.69347191,0.139938328,914.688648,3008656476
4,11392,1851,128,2.29378653,0.126288263,1013.5542,3008656476
4,11393,1852,128,1.88222599,0.126198892,1014.27198,3008656476
4,11394,1853,128,2.29199433,0.124983593,1024.13442,3008656476
4,11395,1854,128,2.64765382,0.127152782,1006.66299,3008656476
4,11396,1855,128,2.28397584,0.125743007,1017.94925,3008656476
4,11397,1856,128,2.31356335,0.125787443,1017.58965,3008656476
4,11398,1857,128,1.59199011,0.138620827,923.38217,3008656476
4,11399,1858,128,2.45244908,0.137037631,934.050006,3008656476
4,11400,1859,128,2.03148866,0.125037147,1023.69578,3008656476
4,11401,1860,128,2.45401478,0.124355433,1029.30766,3008656476
4,11402,1861,128,2.73293376,0.125455664,1020.28076,3008656476
4,11403,1862,128,2.29595685,0.125029841,1023.7556,3008656476
4,11404,1863,128,2.26089811,0.125706165,1018.24759,3008656476
4,11405,1864,128,2.59957147,0.124659646,1026.79579,3008656476
4,11406,1865,128,2.35938358,0.139451182,917.883937,3008656476
4,11407,1866,128,2.3277986,0.123175966,1039.16376,3008656476
4,11408,1867,128,3.2272346,0.128242286,998.110717,3008656476
4,11409,1868,128,2.22258878,0.124517818,1027.96533,3008656476
4,11410,1869,128,2.19935274,0.123947646,1032.69408,3008656476
4,11411,1870,128,2.35389209,0.123186474,1039.07512,3008656476
4,11412,1871,128,1.9124651,0.123734819,1034.47034,3008656476
4,11413,1872,128,2.64434719,0.12471115,1026.37174,3008656476
4,11414,1873,128,2.37238526,0.124261675,1030.0843,3008656476
4,11415,1874,128,2.77690077,0.137553235,930.548816,3008656476
4,11416,1875,128,2.20834541,0.139618029,916.787043,3008656476
4,11417,1876,128,2.02228928,0.124738267,1026.14862,3008656476
4,11418,1877,128,2.15502834,0.124522118,1027.92983,3008656476
4,11419,1878,128,1.98217297,0.123784203,1034.05763,3008656476
4,11420,1879,128,1.40703356,0.124321013,1029.59264,3008656476
4,11421,1880,128,2.03738022,0.124864884,1025.10807,3008656476
4,11422,1881,128,2.19192553,0.124946838,1024.43569,3008656476
4,11423,1882,128,2.31295395,0.138047519,927.216953,3008656476
4,11424,1883,128,1.94221473,0.14147432,904.757839,3008656476
4,11425,1884,128,2.22515249,0.125240221,1022.03588,3008656476
4,11426,1885,128,2.18346858,0.124342993,1029.41064,3008656476
4,11427,1886,128,2.34519506,0.124716881,1026.32458,3008656476
4,11428,1887,128,1.98989046,0.1260626,1015.36855,3008656476
4,11429,1888,128,1.98910213,0.125237256,1022.06008,3008656476
4,11430,1889,128,2.59883618,0.125958372,1016.20875,3008656476
4,11431,1890,128,2.52204967,0.140306245,912.290112,3008656476
4,11432,1891,128,2.29313135,0.140743308,909.457095,3008656476
4,11433,1892,128,2.24485517,0.125900915,1016.67252,3008656476
4,11434,1893,128,2.15980101,0.125794931,1017.52908,3008656476
4,11435,1894,128,2.18843627,0.124456471,1028.47204,3008656476
4,11436,1895,128,2.30036736,0.125479848,1020.08412,3008656476
4,11437,1896,128,2.43882632,0.124554074,1027.6661,3008656476
4,11438,1897,128,2.42092586,0.124365823,1029.22167,3008656476
4,11439,1898,128,2.6979084,0.136842781,935.379996,3008656476
4,11440,1899,128,3.60191274,0.124461735,1028.42854,3008656476
4,11441,1900,128,2.7260263,0.131959959,969.991208,3008656476
4,11442,1901,128,2.13254666,0.124516583,1027.97553,3008656476
4,11443,1902,128,2.29139686,0.125247158,1021.97928,3008656476
4,11444,1903,128,2.77473855,0.124845474,1025.26744,3008656476
4,11445,1904,128,1.62459946,0.125546344,1019.54383,3008656476
4,11446,1905,128,2.50715709,0.126591886,1011.12326,3008656476
4,11447,1906,128,1.96693122,0.125794661,1017.53126,3008656476
4,11448,1907,128,1.96835279,0.129660739,987.191659,3008656476
4,11449,1908,128,2.13903022,0.138896074,921.552326,3008656476
4,11450,1909,128,1.91697252,0.125937345,1016.37842,3008656476
4,11451,1910,128,2.25465274,0.126530096,1011.61703,3008656476
4,11452,1911,128,1.89794505,0.125840859,1017.15771,3008656476
4,11453,1912,128,2.14770222,0.126854242,1009.03208,3008656476
4,11454,1913,128,2.15306926,0.126500772,1011.85153,3008656476
4,11455,1914,128,2.38926458,0.127523277,1003.73832,3008656476
4,11456,1915,128,1.73409462,0.142030974,901.211872,3008656476
4,11457,1916,128,2.59962249,0.139742821,915.968342,3008656476
4,11458,1917,128,1.99764776,0.126790548,1009.53898,3008656476
4,11459,1918,128,2.29613304,0.127306437,1005.44798,3008656476
4,11460,1919,128,1.72850859,0.129070023,991.709748,3008656476
4,11461,1920,128,1.96902323,0.129496592,988.443001,3008656476
4,11462,1921,128,2.16942859,0.13507309,947.635091,3008656476
4,11463,1922,128,2.63256741,0.136627783,936.851914,3008656476
4,11464,1923,128,2.34081769,0.14950449,856.161577,3008656476
4,11465,1924,128,2.07723904,0.143759366,890.37677,3008656476
4,11466,1925,128,1.83375847,0.127103919,1007.04999,3008656476
4,11467,1926,128,2.23732281,0.127105491,1007.03753,3008656476
4,11468,1927,128,2.36451244,0.127469571,1004.16122,3008656476
4,11469,1928,128,2.40534759,0.127019872,1007.71634,3008656476
4,11470,1929,128,2.84901834,0.128343642,997.322485,3008656476
4,11471,1930,128,2.58969092,0.125707773,1018.23457,3008656476
4,11472,1931,128,1.66859221,0.139943193,914.656849,3008656476
4,11473,1932,128,1.59489775,0.139907001,914.893458,3008656476
4,11474,1933,128,2.00554514,0.126221775,1014.0881,3008656476
4,11475,1934,128,1.8998313,0.124816472,1025.50567,3008656476
4,11476,1935,128,1.64625978,0.124918894,1024.66485,3008656476
4,11477,1936,128,2.4794569,0.125051079,1023.58173,3008656476
4,11478,1937,128,2.37543464,0.124040514,1031.92091,3008656476
4,11479,1938,128,2.71248317,0.125054046,1023.55745,3008656476
4,11480,1939,128,2.14352083,0.137793588,928.925662,3008656476
4,11481,1940,128,2.20116305,0.141211594,906.441152,3008656476
4,11482,1941,128,1.63458323,0.124627512,1027.06054,3008656476
4,11483,1942,128,2.6481626,0.12540166,1020.72014,3008656476
4,11484,1943,128,2.31782031,0.126102069,1015.05075,3008656476
4,11485,1944,128,2.4621129,0.125109465,1023.10405,3008656476
4,11486,1945,128,2.4688015,0.125205596,1022.31852,3008656476
4,11487,1946,128,1.69105291,0.124493375,1028.16716,3008656476
4,11488,1947,128,2.00343299,0.13770664,929.512186,3008656476
4,11489,1948,128,2.51237059,0.136549581,937.388449,3008656476
4,11490,1949,128,2.32996964,0.124786277,1025.75382,3008656476
4,11491,1950,128,2.9605844,0.124382874,1029.08058,3008656476
4,11492,1951,128,2.92059731,0.124708376,1026.39457,3008656476
4,11493,1952,128,2.26137805,0.125540322,1019.59273,3008656476
4,11494,1953,128,2.29504371,0.124036316,1031.95583,3008656476
4,11495,1954,128,2.42661476,0.12513641,1022.88375,3008656476
4,11496,1955,128,2.29071617,0.136548398,937.396571,3008656476
4,11497,1956,128,2.67157936,0.126338765,1013.14905,3008656476
4,11498,1957,128,2.22712374,0.136144409,940.17816,3008656476
4,11499,1958,128,2.21367359,0.12548515,1020.04102,3008656476
4,11500,1959,128,1.51958561,0.126452427,1012.23838,3008656476
4,11501,1960,128,2.34170389,0.12599512,1015.91236,3008656476
4,11502,1961,128,2.21630025,0.127160489,1006.60198,3008656476
4,11503,1962,128,2.25559092,0.126929869,1008.43088,3008656476
4,11504,1963,128,1.87776721,0.138107066,926.81717,3008656476
4,11505,1964,128,1.80187201,0.12646663,1012.1247,3008656476
4,11506,1965,128,2.01869965,0.145938454,877.082061,3008656476
4,11507,1966,128,2.30159211,0.126887851,1008.76482,3008656476
4,11508,1967,128,2.34097075,0.128353131,997.248754,3008656476
4,11509,1968,128,2.87271643,0.12825475,998.013719,3008656476
4,11510,1969,128,2.09708881,0.126866646,1008.93343,3008656476
4,11511,1970,128,2.31749368,0.127438706,1004.40442,3008656476
4,11512,1971,128,2.40316534,0.126537915,1011.55452,3008656476
4,11513,1972,128,2.80140209,0.133839024,956.372784,3008656476
4,11514,1973,128,2.3593204,0.142268606,899.706573,3008656476
4,11515,1974,128,1.19869792,0.126822708,1009.28297,3008656476
4,11516,1975,128,1.97008073,0.127222965,1006.10766,3008656476
4,11517,1976,128,2.12642765,0.125417731,1020.58935,3008656476
4,11518,1977,128,2.08762002,0.124950759,1024.40354,3008656476
4,11519,1978,128,2.28731918,0.117726489,1087.26593,3008656476
4,11520,1979,128,2.30776954,0.124496113,1028.14455,3008656476
4,11521,1980,128,2.7037077,0.137565024,930.46907,3008656476
4,11522,1981,128,2.51915574,0.139208144,919.486435,3008656476
4,11523,1982,128,2.39347696,0.124562434,1027.59713,3008656476
4,11524,1983,128,2.50373912,0.124131655,1031.16324,3008656476
4,11525,1984,128,1.84338105,0.125106468,1023.12856,3008656476
4,11526,1985,128,1.75678933,0.124595238,1027.32658,3008656476
4,11527,1986,128,1.67321539,0.12430185,1029.75137,3008656476
4,11528,1987,128,2.35394335,0.125429751,1020.49154,3008656476
4,11529,1988,128,2.57319903,0.135674234,943.43632,3008656476
4,11530,1989,128,2.6421473,0.198488594,644.873327,3008656476
4,11531,1990,128,1.87039971,0.125471573,1020.15139,3008656476
4,11532,1991,128,1.75402665,0.125663224,1018.59554,3008656476
4,11533,1992,128,1.63227725,0.124820912,1025.46919,3008656476
4,11534,1993,128,2.22732306,0.125126326,1022.96618,3008656476
4,11535,1994,128,2.14584279,0.125059268,1023.51471,3008656476
4,11536,1995,128,2.08992243,0.124127066,1031.20137,3008656476
4,11537,1996,128,2.07754087,0.141547809,904.288105,3008656476
4,11538,1997,128,2.65124631,0.139238276,919.287452,3008656476
4,11539,1998,128,2.38991427,0.126401144,1012.64906,3008656476
4,11540,1999,128,2.76650381,0.125538276,1019.60935,3008656476
4,11541,2000,128,2.27749777,0.126440678,1012.33244,3008656476
4,11542,2001,128,1.80072212,0.126029286,1015.63695,3008656476
4,11543,2002,128,2.29605198,0.126860083,1008.98562,3008656476
4,11544,2003,128,2.5394628,0.127300298,1005.49647,3008656476
4,11545,2004,128,1.85850286,0.13952366,917.407127,3008656476
4,11546,2005,128,1.88542855,0.140319133,912.20632,3008656476
4,11547,2006,128,1.96185291,0.128798093,993.803534,3008656476
4,11548,2007,128,2.02155542,0.13286565,963.379173,3008656476
4,11549,2008,128,2.25971794,0.136174517,939.970288,3008656476
4,11550,2009,128,1.9446528,0.136604916,937.008738,3008656476
4,11551,2010,128,1.95412898,0.136297743,939.120467,3008656476
4,11552,2011,128,2.60794306,0.136643306,936.745485,3008656476
4,11553,2012,128,2.84564877,0.140350892,911.999904,3008656476
4,11554,2013,128,2.33813095,0.140923587,908.293656,3008656476
4,11555,2014,128,2.7607193,0.127152607,1006.66438,3008656476
4,11556,2015,128,2.39490509,0.133384389,959.63254,3008656476
4,11557,2016,128,2.46570897,0.136487924,937.811905,3008656476
4,11558,2017,128,2.95999312,0.135883438,941.98382,3008656476
4,11559,2018,128,2.34954405,0.135841063,942.277668,3008656476
4,11560,2019,128,2.376055,0.14928928,857.395789,3008656476
4,11561,2020,128,2.19383955,0.135947649,941.538901,3008656476
4,11562,2021,128,2.73694015,0.140391354,911.737058,3008656476
4,11563,2022,128,2.7650969,0.136803173,935.650813,3008656476
4,11564,2023,128,2.64676642,0.136574339,937.218521,3008656476
4,11565,2024,128,2.80199647,0.1361595,940.073957,3008656476
4,11566,2025,128,2.64134288,0.13672738,936.169478,3008656476
4,11567,2026,128,2.09848452,0.134740337,949.975359,3008656476
4,11568,2027,128,2.47570944,0.140099955,913.633413,3008656476
4,11569,2028,128,2.55843282,0.143449559,892.299711,3008656476
4,11570,2029,128,2.93368793,0.127887385,1000.88058,3008656476
4,11571,2030,128,2.50875616,0.127462448,1004.21734,3008656476
4,11572,2031,128,2.4542861,0.126101805,1015.05288,3008656476
4,11573,2032,128,2.18831825,0.126112674,1014.9654,3008656476
4,11574,2033,128,2.32132888,0.125213944,1022.25037,3008656476
4,11575,2034,128,2.09858847,0.126006177,1015.82322,3008656476
4,11576,2035,128,2.56844997,0.137278413,932.411711,3008656476
4,11577,2036,128,1.77498317,0.123374322,1037.49304,3008656476
4,11578,2037,128,2.01690102,0.128206093,998.392487,3008656476
4,11579,2038,128,2.34925675,0.125529344,1019.6819,3008656476
4,11580,2039,128,2.78372765,0.125195764,1022.39881,3008656476
4,11581,2040,128,2.32472849,0.12527845,1021.72401,3008656476
4,11582,2041,128,3.06971645,0.125512979,1019.81485,3008656476
4,11583,2042,128,2.89089251,0.125008307,1023.93195,3008656476
4,11584,2043,128,2.95440507,0.13851966,924.056556,3008656476
4,11585,2044,128,2.27766347,0.119143118,1074.33818,3008656476
4,11586,2045,128,2.20720363,0.137516856,930.794986,3008656476
4,11587,2046,128,2.2479198,0.124345852,1029.38697,3008656476
4,11588,2047,128,2.2750845,0.124847792,1025.24841,3008656476
4,11589,2048,128,2.5492909,0.123280195,1038.28518,3008656476
4,11590,2049,128,2.1141324,0.124415626,1028.80968,3008656476
4,11591,2050,128,2.77263904,0.123699721,1034.76385,3008656476
4,11592,2051,128,2.28318143,0.12240386,1045.71866,3008656476
4,11593,2052,128,1.99101508,0.13794363,927.915265,3008656476
4,11594,2053,128,2.44365501,0.136517066,937.611712,3008656476
4,11595,2054,128,2.8319006,0.122335768,1046.3007,3008656476
4,11596,2055,128,2.19018412,0.122837957,1042.02319,3008656476
4,11597,2056,128,2.30415273,0.122957901,1041.00671,3008656476
4,11598,2057,128,2.34249878,0.122899376,1041.50244,3008656476
4,11599,2058,128,2.17328477,0.12302522,1040.43707,3008656476
4,11600,2059,128,2.50423002,0.122261237,1046.93853,3008656476
4,11601,2060,128,1.791067,0.141987145,901.490061,3008656476
4,11602,2061,128,2.88933086,0.137784818,928.984788,3008656476
4,11603,2062,128,2.43990088,0.116802878,1095.86341,3008656476
4,11604,2063,128,1.96576059,0.123069413,1040.06346,3008656476
4,11605,2064,128,2.34778261,0.122912902,1041.38783,3008656476
4,11606,2065,128,2.03584576,0.124025835,1032.04304,3008656476
4,11607,2066,128,2.40987396,0.123925768,1032.87639,3008656476
4,11608,2067,128,1.97902632,0.124300987,1029.75852,3008656476
4,11609,2068,128,1.84995329,0.123887454,1033.19582,3008656476
4,11610,2069,128,2.07879043,0.128374108,997.085799,3008656476
4,11611,2070,128,1.97079492,0.137906148,928.167466,3008656476
4,11612,2071,128,2.40556312,0.123745946,1034.37732,3008656476
4,11613,2072,128,2.0473423,0.122755701,1042.72143,3008656476
4,11614,2073,128,2.3564868,0.123321043,1037.94127,3008656476
4,11615,2074,128,2.04343319,0.12391705,1032.94906,3008656476
4,11616,2075,128,2.50241423,0.123157278,1039.32144,3008656476
4,11617,2076,128,2.37955046,0.124338939,1029.4442,3008656476
4,11618,2077,128,2.29032612,0.137606635,930.187705,3008656476
4,11619,2078,128,1.90589774,0.138893616,921.568634,3008656476
4,11620,2079,128,2.77297688,0.123165139,1039.25511,3008656476
4,11621,2080,128,2.33875251,0.12433167,1029.50439,3008656476
4,11622,2081,128,2.25306463,0.12454122,1027.77217,3008656476
4,11623,2082,128,2.21498466,0.123867951,1033.3585,3008656476
4,11624,2083,128,2.48000813,0.123326908,1037.89191,3008656476
4,11625,2084,128,1.8693893,0.123577387,1035.78821,3008656476
4,11626,2085,128,2.12084389,0.1346337,950.72779,3008656476
4,11627,2086,128,2.30358291,0.123288439,1038.21576,3008656476
4,11628,2087,128,1.87209523,0.133697016,957.388608,3008656476
4,11629,2088,128,2.00486588,0.123070366,1040.05541,3008656476
4,11630,2089,128,2.0161097,0.123996799,1032.28471,3008656476
4,11631,2090,128,2.21187067,0.123307628,1038.05419,3008656476
4,11632,2091,128,1.80410933,0.123181197,1039.11963,3008656476
4,11633,2092,128,1.51753449,0.122792663,1042.40756,3008656476
4,11634,2093,128,1.67088079,0.123303748,1038.08686,3008656476
4,11635,2094,128,2.49555349,0.133038879,962.124764,3008656476
4,11636,2095,128,1.74414122,0.137666302,929.784545,3008656476
4,11637,2096,128,2.48983335,0.123043687,1040.28092,3008656476
4,11638,2097,128,2.38805127,0.122917062,1041.35258,3008656476
4,11639,2098,128,2.29849195,0.122839473,1042.01033,3008656476
4,11640,2099,128,2.31587267,0.123126961,1039.57735,3008656476
4,11641,2100,128,2.05639458,0.122112387,1048.21471,3008656476
4,11642,2101,128,2.16995049,0.122896874,1041.52364,3008656476
4,11643,2102,128,2.12910128,0.136874193,935.165331,3008656476
4,11644,2103,128,1.34752893,0.134772848,949.746198,3008656476
4,11645,2104,128,2.01653767,0.123594065,1035.64844,3008656476
4,11646,2105,128,1.90806067,0.123137839,1039.48552,3008656476
4,11647,2106,128,1.70646155,0.1240921,1031.49193,3008656476
4,11648,2107,128,2.06931543,0.123499687,1036.43987,3008656476
4,11649,2108,128,2.12523842,0.123759187,1034.26665,3008656476
4,11650,2109,128,2.2995379,0.124048064,1031.8581,3008656476
4,11651,2110,128,2.36346555,0.138623203,923.366343,3008656476
4,11652,2111,128,2.08720994,0.12538835,1020.82849,3008656476
4,11653,2112,128,2.12675762,0.136142377,940.192193,3008656476
4,11654,2113,128,2.16886067,0.126826641,1009.25168,3008656476
4,11655,2114,128,1.46967375,0.126936504,1008.37817,3008656476
4,11656,2115,128,2.32028151,0.128379054,997.047384,3008656476
4,11657,2116,128,1.87391543,0.131408473,974.062,3008656476
4,11658,2117,128,2.24446774,0.128407993,996.822682,3008656476
4,11659,2118,128,2.17640114,0.141956877,901.682276,3008656476
4,11660,2119,128,2.30027151,0.132054905,969.293795,3008656476
4,11661,2120,128,1.39569879,0.141639971,903.699705,3008656476
4,11662,2121,128,1.61789799,0.127933263,1000.52165,3008656476
4,11663,2122,128,1.89931333,0.127847685,1001.19138,3008656476
4,11664,2123,128,1.63269603,0.12799448,1000.04313,3008656476
4,11665,2124,128,1.85781181,0.127968683,1000.24472,3008656476
4,11666,2125,128,1.22803974,0.128311729,997.570534,3008656476
4,11667,2126,128,1.40861654,0.139969075,914.487718,3008656476
4,11668,2127,128,2.87472034,0.127783973,1001.69056,3008656476
4,11669,2128,128,2.07555699,0.142081116,900.893825,3008656476
4,11670,2129,128,1.77603054,0.12793309,1000.52301,3008656476
4,11671,2130,128,2.29734635,0.131962936,969.969325,3008656476
4,11672,2131,128,1.83412802,0.12747157,1004.14547,3008656476
4,11673,2132,128,2.23901367,0.127861932,1001.07982,3008656476
4,11674,2133,128,1.92719162,0.127474802,1004.12001,3008656476
4,11675,2134,128,2.57170415,0.14117839,906.65434,3008656476
4,11676,2135,128,1.84702718,0.132308212,967.43806,3008656476
4,11677,2136,128,2.36844063,0.14064721,910.078486,3008656476
4,11678,2137,128,2.09446669,0.12719285,1006.34588,3008656476
4,11679,2138,128,2.32783842,0.129420279,989.025839,3008656476
4,11680,2139,128,2.56401014,0.130168736,983.339041,3008656476
4,11681,2140,128,2.49606204,0.132034125,969.446346,3008656476
4,11682,2141,128,1.94767106,0.127910414,1000.70038,3008656476
4,11683,2142,128,1.95976412,0.141759339,902.938747,3008656476
4,11684,2143,128,2.06401873,0.131593077,972.695547,3008656476
4,11685,2144,128,2.29708505,0.139067401,920.417,3008656476
4,11686,2145,128,2.68770766,0.126094096,1015.11493,3008656476
4,11687,2146,128,2.33504415,0.125781029,1017.64154,3008656476
4,11688,2147,128,2.32663751,0.125636413,1018.81291,3008656476
4,11689,2148,128,1.47190988,0.124994943,1024.04143,3008656476
4,11690,2149,128,2.03603649,0.125111378,1023.0884,3008656476
4,11691,2150,128,1.7742269,0.125398112,1020.74902,3008656476
4,11692,2151,128,2.12320876,0.128696594,994.587316,3008656476
4,11693,2152,128,2.39679885,0.139250406,919.207374,3008656476
4,11694,2153,128,1.82013166,0.125059755,1023.51072,3008656476
4,11695,2154,128,1.89079905,0.126082782,1015.20603,3008656476
4,11696,2155,128,2.67003036,0.125416285,1020.60111,3008656476
4,11697,2156,128,2.39084816,0.126090311,1015.14541,3008656476
4,11698,2157,128,2.13902521,0.126082072,1015.21174,3008656476
4,11699,2158,128,1.1508249,0.125476674,1020.10992,3008656476
4,11700,2159,128,2.32874489,0.138603019,923.500808,3008656476
4,11701,2160,128,2.61457109,0.139875246,915.101161,3008656476
4,11702,2161,128,2.33752203,0.123108323,1039.73474,3008656476
4,11703,2162,128,1.63950849,0.124273967,1029.98241,3008656476
4,11704,2163,128,1.53380525,0.124013736,1032.14373,3008656476
4,11705,2164,128,1.78281391,0.123444674,1036.90176,3008656476
4,11706,2165,128,2.28790236,0.122151316,1047.88065,3008656476
4,11707,2166,128,2.20100379,0.122772019,1042.58284,3008656476
4,11708,2167,128,1.87893748,0.133677507,957.52833,3008656476
4,11709,2168,128,2.40203953,0.108365618,1181.18645,3008656476
4,11710,2169,128,2.27540612,0.113513686,1127.61733,3008656476
4,11711,2170,128,1.8947264,0.101689984,1258.7277,3008656476
4,11712,2171,128,2.04741597,0.108584573,1178.80465,3008656476
4,11713,2172,128,2.13118577,0.108548605,1179.19526,3008656476
4,11714,2173,128,2.73740578,0.10850833,1179.63294,3008656476
4,11715,2174,128,2.38966417,0.108635387,1178.25327,3008656476
4,11716,2175,128,2.1165719,0.108625242,1178.36331,3008656476
4,11717,2176,128,0.933643103,0.108595564,1178.68535,3008656476
4,11718,2177,128,1.72315729,0.110872522,1154.47902,3008656476
4,11719,2178,128,1.74714577,0.121052745,1057.39031,3008656476
4,11720,2179,128,2.52825308,0.108438791,1180.38941,3008656476
4,11721,2180,128,2.24849844,0.108444586,1180.32633,3008656476
4,11722,2181,128,1.77068269,0.10852588,1179.44218,3008656476
4,11723,2182,128,2.20585346,0.108394226,1180.87471,3008656476
4,11724,2183,128,2.49252534,0.108461574,1180.14146,3008656476
4,11725,2184,128,2.04766655,0.108481318,1179.92667,3008656476
4,11726,2185,128,2.14104056,0.108487317,1179.86142,3008656476
4,11727,2186,128,2.2093668,0.123645213,1035.22002,3008656476
4,11728,2187,128,2.16772747,0.108346601,1181.39378,3008656476
4,11729,2188,128,1.76492095,0.117810281,1086.49261,3008656476
4,11730,2189,128,2.05732417,0.108446543,1180.30503,3008656476
4,11731,2190,128,1.77547836,0.108505995,1179.65832,3008656476
4,11732,2191,128,2.33752012,0.108528437,1179.41439,3008656476
4,11733,2192,128,1.69137931,0.108536845,1179.32302,3008656476
4,11734,2193,128,1.16882908,0.108590175,1178.74384,3008656476
4,11735,2194,128,1.90168321,0.108628287,1178.33028,3008656476
4,11736,2195,128,1.76797163,0.108615736,1178.46644,3008656476
4,11737,2196,128,2.43622851,0.117159667,1092.52615,3008656476
4,11738,2197,128,2.38409853,0.121620487,1052.45426,3008656476
4,11739,2198,128,2.38937807,0.10830018,1181.90016,3008656476
4,11740,2199,128,1.82229793,0.10855595,1179.11547,3008656476
4,11741,2200,128,2.34474349,0.108305136,1181.84608,3008656476
4,11742,2201,128,2.39236164,0.108549576,1179.18471,3008656476
4,11743,2202,128,1.9245851,0.108465035,1180.1038,3008656476
4,11744,2203,128,2.56468725,0.108519979,1179.50631,3008656476
4,11745,2204,128,2.72115231,0.10844559,1180.3154,3008656476
4,11746,2205,128,1.91715646,0.121906829,1049.9822,3008656476
4,11747,2206,128,1.96405053,0.108319612,1181.68813,3008656476
4,11748,2207,128,2.09501505,0.119109105,1074.64497,3008656476
4,11749,2208,128,1.98981273,0.108415223,1180.64601,3008656476
4,11750,2209,128,2.35951114,0.108388901,1180.93272,3008656476
4,11751,2210,128,1.59328842,0.108293577,1181.97222,3008656476
4,11752,2211,128,1.67948425,0.108520511,1179.50053,3008656476
4,11753,2212,128,1.85942876,0.108352546,1181.32896,3008656476
4,11754,2213,128,2.00559688,0.108410898,1180.69311,3008656476
4,11755,2214,128,1.83716238,0.108364194,1181.20198,3008656476
4,11756,2215,128,2.24935555,0.11388558,1123.93509,3008656476
4,11757,2216,128,1.512007,0.120640383,1061.00459,3008656476
4,11758,2217,128,2.44329476,0.108393165,1180.88627,3008656476
4,11759,2218,128,2.21701837,0.108254729,1182.39638,3008656476
4,11760,2219,128,2.52531004,0.108464565,1180.10891,3008656476
4,11761,2220,128,1.85260844,0.108345526,1181.4055,3008656476
4,11762,2221,128,1.3164649,0.108502135,1179.70029,3008656476
4,11763,2222,128,1.94672441,0.10820192,1182.97346,3008656476
4,11764,2223,128,1.97898805,0.108448534,1180.28336,3008656476
4,11765,2224,128,1.82570434,0.123549817,1036.01934,3008656476
4,11766,2225,128,1.8451966,0.108446806,1180.30217,3008656476
4,11767,2226,128,2.12392092,0.115303464,1110.11409,3008656476
4,11768,2227,128,2.01841283,0.108603166,1178.60284,3008656476
4,11769,2228,128,2.0935905,0.108516598,1179.54306,3008656476
4,11770,2229,128,2.07075953,0.108691179,1177.64846,3008656476
4,11771,2230,128,2.16352797,0.108472138,1180.02652,3008656476
4,11772,2231,128,1.52151453,0.108597277,1178.66675,3008656476
4,11773,2232,128,2.21429181,0.108524804,1179.45387,3008656476
4,11774,2233,128,1.7952137,0.108634074,1178.26751,3008656476
4,11775,2234,128,2.14247131,0.120239041,1064.54608,3008656476
4,11776,2235,128,1.44637704,0.121960014,1049.52431,3008656476
4,11777,2236,128,1.93836939,0.108268762,1182.24313,3008656476
4,11778,2237,128,2.71426582,0.108547426,1179.20806,3008656476
4,11779,2238,128,1.9691658,0.108499765,1179.72606,3008656476
4,11780,2239,128,2.0765326,0.108541329,1179.2743,3008656476
4,11781,2240,128,2.08228922,0.108483363,1179.90442,3008656476
4,11782,2241,128,2.02380538,0.108536963,1179.32174,3008656476
4,11783,2242,128,2.72753811,0.108444663,1180.32549,3008656476
4,11784,2243,128,2.149189,0.122609858,1043.96173,3008656476
4,11785,2244,128,2.43302608,0.108310084,1181.79209,3008656476
4,11786,2245,128,2.22036171,0.115805988,1105.2969,3008656476
4,11787,2246,128,1.61419082,0.108292271,1181.98648,3008656476
4,11788,2247,128,1.73201931,0.108517501,1179.53324,3008656476
4,11789,2248,128,1.69249701,0.10829074,1182.00319,3008656476
4,11790,2249,128,2.10214043,0.108401763,1180.7926,3008656476
4,11791,2250,128,2.2357378,0.108345314,1181.40781,3008656476
4,11792,2251,128,1.65322518,0.108514487,1179.56601,3008656476
4,11793,2252,128,1.52532494,0.108465074,1180.10338,3008656476
4,11794,2253,128,2.03630114,0.118519034,1079.9953,3008656476
4,11795,2254,128,2.6839242,0.120146638,1065.36481,3008656476
4,11796,2255,128,1.87868893,0.108475413,1179.9909,3008656476
4,11797,2256,128,2.2103405,0.108322904,1181.65222,3008656476
4,11798,2257,128,2.0770452,0.108335504,1181.51479,3008656476
4,11799,2258,128,2.34087634,0.108292714,1181.98164,3008656476
4,11800,2259,128,2.16899729,0.108486131,1179.87432,3008656476
4,11801,2260,128,2.08171678,0.108342742,1181.43585,3008656476
4,11802,2261,128,1.93601358,0.108549211,1179.18867,3008656476
4,11803,2262,128,1.80182374,0.124185601,1030.71531,3008656476
4,11804,2263,128,2.09736753,0.108386792,1180.9557,3008656476
4,11805,2264,128,1.55612791,0.113926646,1123.52996,3008656476
4,11806,2265,128,1.88152039,0.108410893,1180.69316,3008656476
4,11807,2266,128,2.18254328,0.108341744,1181.44674,3008656476
4,11808,2267,128,1.97816086,0.108333346,1181.53832,3008656476
4,11809,2268,128,2.00121117,0.108373533,1181.10019,3008656476
4,11810,2269,128,1.28756285,0.108515754,1179.55223,3008656476
4,11811,2270,128,1.68596339,0.108400708,1180.8041,3008656476
4,11812,2271,128,1.9566766,0.108531049,1179.386,3008656476
4,11813,2272,128,2.28681231,0.124391962,1029.0054,3008656476
4,11814,2273,128,1.77075791,0.122123504,1048.11929,3008656476
4,11815,2274,128,1.69944084,0.108405573,1180.7511,3008656476
4,11816,2275,128,1.98910868,0.108477415,1179.96912,3008656476
4,11817,2276,128,1.97827339,0.108417511,1180.62109,3008656476
4,11818,2277,128,1.50182748,0.108665011,1177.93206,3008656476
4,11819,2278,128,1.5435189,0.108260701,1182.33116,3008656476
4,11820,2279,128,1.70550251,0.108317427,1181.71197,3008656476
4,11821,2280,128,1.70244455,0.108535583,1179.33673,3008656476
4,11822,2281,128,2.12703466,0.125112523,1023.07904,3008656476
4,11823,2282,128,2.41606236,0.108548881,1179.19226,3008656476
4,11824,2283,128,1.7086972,0.111426071,1148.74373,3008656476
4,11825,2284,128,1.72949052,0.108409515,1180.70817,3008656476
4,11826,2285,128,1.5830127,0.1085226,1179.47782,3008656476
4,11827,2286,128,1.60991442,0.108442603,1180.34791,3008656476
4,11828,2287,128,1.77125967,0.108410678,1180.6955,3008656476
4,11829,2288,128,1.64348531,0.108478782,1179.95425,3008656476
4,11830,2289,128,1.55673778,0.12592856,1016.44933,3008656476
4,11831,2290,128,1.95393848,0.13985598,915.227222,3008656476
4,11832,2291,128,2.48735285,0.127543592,1003.57845,3008656476
4,11833,2292,128,1.64540625,0.135633732,943.718042,3008656476
4,11834,2293,128,2.22494507,0.129034942,991.979366,3008656476
4,11835,2294,128,2.38916445,0.127656211,1002.69308,3008656476
4,11836,2295,128,2.76347208,0.128835417,993.515626,3008656476
4,11837,2296,128,2.57729101,0.127830099,1001.32912,3008656476
4,11838,2297,128,1.96636391,0.128602678,995.313643,3008656476
4,11839,2298,128,1.86565852,0.134553278,951.296036,3008656476
4,11840,2299,128,2.4973228,0.124143946,1031.06115,3008656476
4,11841,2300,128,2.12361884,0.140933527,908.229594,3008656476
4,11842,2301,128,2.35210085,0.127469342,1004.16302,3008656476
4,11843,2302,128,2.8463552,0.127440942,1004.3868,3008656476
4,11844,2303,128,2.01179147,0.12725831,1005.82822,3008656476
4,11845,2304,128,2.03210974,0.128525319,995.91272,3008656476
4,11846,2305,128,2.4796896,0.128205365,998.398156,3008656476
4,11847,2306,128,2.75718927,0.128387252,996.983719,3008656476
4,11848,2307,128,2.34708929,0.134254087,953.41604,3008656476
4,11849,2308,128,2.33974147,0.142267892,899.711089,3008656476
4,11850,2309,128,2.83443832,0.127913482,1000.67638,3008656476
4,11851,2310,128,2.01939654,0.127617526,1002.99703,3008656476
4,11852,2311,128,2.00408697,0.128212849,998.339878,3008656476
4,11853,2312,128,1.91402555,0.127760027,1001.87831,3008656476
4,11854,2313,128,2.39722395,0.126760648,1009.7771,3008656476
4,11855,2314,128,2.94178152,0.128252249,998.033181,3008656476
4,11856,2315,128,2.68111396,0.14117939,906.647918,3008656476
4,11857,2316,128,3.09375787,0.142962864,895.337407,3008656476
4,11858,2317,128,2.47301126,0.127307499,1005.43959,3008656476
4,11859,2318,128,2.79269218,0.127351307,1005.09373,3008656476
4,11860,2319,128,2.55178523,0.127180699,1006.44202,3008656476
4,11861,2320,128,2.76255965,0.12731992,1005.34151,3008656476
4,11862,2321,128,2.74009299,0.12706727,1007.34044,3008656476
4,11863,2322,128,2.80585551,0.127456233,1004.2663,3008656476
4,11864,2323,128,2.62756562,0.141012271,907.722421,3008656476
4,11865,2324,128,2.3560307,0.141714769,903.222726,3008656476
4,11866,2325,128,2.86194992,0.128838014,993.4956,3008656476
4,11867,2326,128,2.64297605,0.128144894,998.869296,3008656476
4,11868,2327,128,2.96520329,0.127204303,1006.25527,3008656476
4,11869,2328,128,2.64103723,0.127071531,1007.30666,3008656476
4,11870,2329,128,2.34485745,0.128330383,997.425528,3008656476
4,11871,2330,128,2.62778568,0.127730927,1002.10656,3008656476
4,11872,2331,128,2.51986265,0.14044128,911.412941,3008656476
4,11873,2332,128,2.18953037,0.140046254,913.983747,3008656476
4,11874,2333,128,2.23905635,0.127721803,1002.17815,3008656476
4,11875,2334,128,1.90636575,0.12852279,995.932317,3008656476
4,11876,2335,128,2.45790267,0.127917034,1000.64859,3008656476
4,11877,2336,128,2.90306807,0.12796246,1000.29337,3008656476
4,11878,2337,128,2.73822355,0.128261328,997.962535,3008656476
4,11879,2338,128,2.33878994,0.128096248,999.248627,3008656476
4,11880,2339,128,2.30085135,0.140643932,910.099698,3008656476
4,11881,2340,128,2.24261904,0.141236797,906.279403,3008656476
4,11882,2341,128,2.79161596,0.128290711,997.733967,3008656476
4,11883,2342,128,2.42453074,0.127055434,1007.43428,3008656476
4,11884,2343,128,2.68807006,0.128506267,996.060371,3008656476
4,11885,2344,128,2.57883334,0.127412941,1004.60753,3008656476
4,11886,2345,128,2.82652855,0.127647593,1002.76078,3008656476
4,11887,2346,128,2.68476748,0.128255636,998.006824,3008656476
4,11888,2347,128,2.79202914,0.141980059,901.535053,3008656476
4,11889,2348,128,2.6728406,0.141973355,901.577623,3008656476
4,11890,2349,128,2.67182398,0.128081799,999.361353,3008656476
4,11891,2350,128,2.53458858,0.12751188,1003.82804,3008656476
4,11892,2351,128,2.74179554,0.128443439,996.547593,3008656476
4,11893,2352,128,2.10160375,0.128230507,998.202401,3008656476
4,11894,2353,128,2.33924603,0.128196895,998.46412,3008656476
4,11895,2354,128,2.84526587,0.127656313,1002.69228,3008656476
4,11896,2355,128,2.36029959,0.143408011,892.558227,3008656476
4,11897,2356,128,2.59845924,0.144443657,886.158677,3008656476
4,11898,2357,128,2.12611842,0.128096943,999.243206,3008656476
4,11899,2358,128,2.32883978,0.127626302,1002.92806,3008656476
4,11900,2359,128,2.49955273,0.127855369,1001.13121,3008656476
4,11901,2360,128,2.55161834,0.127559257,1003.4552,3008656476
4,11902,2361,128,1.99392903,0.12777954,1001.72532,3008656476
4,11903,2362,128,1.88845384,0.128330857,997.421844,3008656476
4,11904,2363,128,1.88314891,0.142302889,899.48982,3008656476
4,11905,2364,128,1.69255769,0.140811195,909.018633,3008656476
4,11906,2365,128,1.95877361,0.127612665,1003.03524,3008656476
4,11907,2366,128,1.805035,0.128082791,999.353613,3008656476
4,11908,2367,128,2.19191432,0.128079024,999.383006,3008656476
4,11909,2368,128,1.89659989,0.127246984,1005.91775,3008656476
4,11910,2369,128,2.19772339,0.127061609,1007.38532,3008656476
4,11911,2370,128,1.90532339,0.128514073,995.99987,3008656476
4,11912,2371,128,1.79234731,0.142142708,900.503457,3008656476
4,11913,2372,128,2.70970154,0.141077387,907.30345,3008656476
4,11914,2373,128,2.79011989,0.128066956,999.47718,3008656476
4,11915,2374,128,2.80550432,0.127483824,1004.04895,3008656476
4,11916,2375,128,1.89169443,0.127690638,1002.42275,3008656476
4,11917,2376,128,2.10542107,0.128569479,995.570652,3008656476
4,11918,2377,128,2.91898251,0.12754101,1003.59876,3008656476
4,11919,2378,128,2.23039603,0.123289103,1038.21017,3008656476
4,11920,2379,128,1.8698312,0.140950179,908.122295,3008656476
4,11921,2380,128,2.37761593,0.14010914,913.573518,3008656476
4,11922,2381,128,1.90616381,0.116338794,1100.23489,3008656476
4,11923,2382,128,2.22851968,0.108485491,1179.88128,3008656476
4,11924,2383,128,2.42911267,0.10856892,1178.97461,3008656476
4,11925,2384,64,1.48267293,0.105027266,609.365572,3008656476
