epoch,global_step,batch_index,tokens,loss,compute_seconds,tokens_per_second,cuda_async_pool_peak_bytes
0,1,0,128,5.43915796,0.107490584,1190.80198,3008656476
0,2,1,128,4.54869509,0.123180227,1039.12781,3008656476
0,3,2,128,3.80050826,0.109473834,1169.22917,3008656476
0,4,3,128,4.23888826,0.109794978,1165.80924,3008656476
0,5,4,128,4.28325462,0.10957485,1168.15127,3008656476
0,6,5,128,4.93928385,0.118436887,1080.74438,3008656476
0,7,6,128,4.20393848,0.109299663,1171.09236,3008656476
0,8,7,128,4.77386284,0.109416957,1169.83696,3008656476
0,9,8,128,4.76449823,0.109354314,1170.50709,3008656476
0,10,9,128,4.46780825,0.109311832,1170.96199,3008656476
0,11,10,128,3.96698618,0.109346333,1170.59252,3008656476
0,12,11,128,4.2320199,0.109341551,1170.64372,3008656476
0,13,12,128,3.89026117,0.109424719,1169.75397,3008656476
0,14,13,128,3.34789658,0.109363161,1170.4124,3008656476
0,15,14,128,3.25984693,0.121425922,1054.14065,3008656476
0,16,15,128,3.67321014,0.109348407,1170.57032,3008656476
0,17,16,128,4.22383118,0.109486333,1169.09569,3008656476
0,18,17,128,4.06212234,0.109323011,1170.84225,3008656476
0,19,18,128,3.76918364,0.109266368,1171.44921,3008656476
0,20,19,128,4.42522955,0.109361029,1170.43522,3008656476
0,21,20,128,3.8728714,0.109373328,1170.3036,3008656476
0,22,21,128,4.6004777,0.109519212,1168.74471,3008656476
0,23,22,128,3.98085308,0.109608906,1167.78832,3008656476
0,24,23,128,3.04818773,0.109473265,1169.23525,3008656476
0,25,24,128,3.37979102,0.120621114,1061.17408,3008656476
0,26,25,128,3.95402718,0.109294577,1171.14685,3008656476
0,27,26,128,4.06344318,0.109429069,1169.70748,3008656476
0,28,27,128,4.14731884,0.109486924,1169.08938,3008656476
0,29,28,128,3.7525723,0.109343356,1170.6244,3008656476
0,30,29,128,3.81141472,0.109357621,1170.47169,3008656476
0,31,30,128,3.50093675,0.109274592,1171.36104,3008656476
0,32,31,128,3.80310798,0.109511467,1168.82737,3008656476
0,33,32,128,4.17956257,0.109351567,1170.5365,3008656476
0,34,33,128,3.99983168,0.12341671,1037.13671,3008656476
0,35,34,128,3.93146443,0.10945565,1169.42341,3008656476
0,36,35,128,3.88956165,0.109245286,1171.67527,3008656476
0,37,36,128,3.9837513,0.109308478,1170.99792,3008656476
0,38,37,128,3.71550751,0.109314145,1170.93721,3008656476
0,39,38,128,3.41583681,0.109342926,1170.629,3008656476
0,40,39,128,3.08539295,0.109195461,1172.2099,3008656476
0,41,40,128,3.85518265,0.109427522,1169.72401,3008656476
0,42,41,128,4.01448631,0.109316372,1170.91336,3008656476
0,43,42,128,4.16958094,0.109260498,1171.51214,3008656476
0,44,43,128,4.2785511,0.12396397,1032.55809,3008656476
0,45,44,128,4.52633762,0.109398515,1170.03416,3008656476
0,46,45,128,4.36791515,0.10932101,1170.86368,3008656476
0,47,46,128,3.4575386,0.109283308,1171.26762,3008656476
0,48,47,128,3.91224051,0.109255668,1171.56393,3008656476
0,49,48,128,3.5566895,0.109372571,1170.3117,3008656476
0,50,49,128,3.78524852,0.109263275,1171.48237,3008656476
0,51,50,128,3.09670329,0.109345891,1170.59726,3008656476
0,52,51,128,4.31425238,0.109234897,1171.7867,3008656476
0,53,52,128,2.99464154,0.12129198,1055.30473,3008656476
0,54,53,128,4.07885742,0.109365541,1170.38693,3008656476
0,55,54,128,3.17657351,0.109423691,1169.76496,3008656476
0,56,55,128,3.49154234,0.10940859,1169.92642,3008656476
0,57,56,128,4.58459091,0.109395007,1170.07168,3008656476
0,58,57,128,3.87730384,0.109315984,1170.91751,3008656476
0,59,58,128,3.68125272,0.109364908,1170.39371,3008656476
0,60,59,128,3.76682115,0.109233592,1171.8007,3008656476
0,61,60,128,3.34590936,0.109299488,1171.09423,3008656476
0,62,61,128,4.57329893,0.109312516,1170.95466,3008656476
0,63,62,128,3.53182745,0.122115077,1048.19162,3008656476
0,64,63,128,4.69048309,0.109335608,1170.70735,3008656476
0,65,64,128,3.00803995,0.109327624,1170.79285,3008656476
0,66,65,128,3.96801615,0.109327857,1170.79035,3008656476
0,67,66,128,3.79424357,0.109393677,1170.08591,3008656476
0,68,67,128,4.85379839,0.109453241,1169.44915,3008656476
0,69,68,128,4.9875598,0.109425973,1169.74057,3008656476
0,70,69,128,4.03717422,0.109277611,1171.32868,3008656476
0,71,70,128,4.41023827,0.109303001,1171.05659,3008656476
0,72,71,128,4.38990498,0.123933618,1032.81097,3008656476
0,73,72,128,4.24036455,0.109425031,1169.75064,3008656476
0,74,73,128,3.82918596,0.10936568,1170.38544,3008656476
0,75,74,128,3.64481235,0.109526355,1168.66849,3008656476
0,76,75,128,3.63177347,0.109334601,1170.71813,3008656476
0,77,76,128,4.77452803,0.109281526,1171.28672,3008656476
0,78,77,128,4.45531559,0.109391169,1170.11274,3008656476
0,79,78,128,3.93417001,0.10929268,1171.16718,3008656476
0,80,79,128,3.82415867,0.10940791,1169.93369,3008656476
0,81,80,128,4.38826132,0.109248731,1171.63832,3008656476
0,82,81,128,4.246346,0.123000153,1040.64911,3008656476
0,83,82,128,4.28767872,0.109935018,1164.32418,3008656476
0,84,83,128,4.3776474,0.109278731,1171.31668,3008656476
0,85,84,128,3.59749985,0.109339501,1170.66567,3008656476
0,86,85,128,3.51931167,0.109421573,1169.78761,3008656476
0,87,86,128,3.52902055,0.10932124,1170.86122,3008656476
0,88,87,128,3.42992854,0.109312648,1170.95325,3008656476
0,89,88,128,3.46781158,0.109406788,1169.94569,3008656476
0,90,89,128,4.16175795,0.109541667,1168.50513,3008656476
0,91,90,128,3.56000113,0.121316668,1055.08997,3008656476
0,92,91,128,3.79901719,0.109321261,1170.86099,3008656476
0,93,92,128,4.27479076,0.109353054,1170.52058,3008656476
0,94,93,128,3.64384937,0.109309384,1170.98821,3008656476
0,95,94,128,3.38610673,0.109267335,1171.43884,3008656476
0,96,95,128,4.13534641,0.109289897,1171.197,3008656476
0,97,96,128,3.53875828,0.10914283,1172.77516,3008656476
0,98,97,128,4.11927176,0.109443507,1169.55316,3008656476
0,99,98,128,4.18856812,0.109244409,1171.68468,3008656476
0,100,99,128,3.90144134,0.109243886,1171.69029,3008656476
0,101,100,128,3.87544227,0.122071821,1048.56304,3008656476
0,102,101,128,3.54663515,0.109449555,1169.48854,3008656476
0,103,102,128,3.76285553,0.109334895,1170.71499,3008656476
0,104,103,128,4.11064863,0.109339786,1170.66262,3008656476
0,105,104,128,3.0855031,0.109220117,1171.94527,3008656476
0,106,105,128,4.05953884,0.10932438,1170.82759,3008656476
0,107,106,128,3.85413742,0.109405634,1169.95803,3008656476
0,108,107,128,3.48613787,0.109356022,1170.48881,3008656476
0,109,108,128,4.15952778,0.109183595,1172.33729,3008656476
0,110,109,128,2.90601015,0.123421241,1037.09863,3008656476
0,111,110,128,3.61605763,0.109327191,1170.79748,3008656476
0,112,111,128,3.70784116,0.109334673,1170.71736,3008656476
0,113,112,128,4.43002987,0.109472957,1169.23854,3008656476
0,114,113,128,5.0828743,0.109466334,1169.30928,3008656476
0,115,114,128,4.70395899,0.109423327,1169.76886,3008656476
0,116,115,128,4.9302187,0.109449099,1169.49341,3008656476
0,117,116,128,3.92669368,0.109444366,1169.54399,3008656476
0,118,117,128,4.37596035,0.10949268,1169.02792,3008656476
0,119,118,128,4.03568554,0.109416214,1169.8449,3008656476
0,120,119,128,4.34208012,0.122385584,1045.87481,3008656476
0,121,120,128,4.4204936,0.10933859,1170.67542,3008656476
0,122,121,128,3.94379115,0.109104462,1173.18758,3008656476
0,123,122,128,3.25424838,0.10932986,1170.7689,3008656476
0,124,123,128,3.42749095,0.109070922,1173.54834,3008656476
0,125,124,128,3.5810616,0.109230964,1171.8289,3008656476
0,126,125,128,3.32152009,0.109304157,1171.04421,3008656476
0,127,126,128,3.39634418,0.109194156,1172.22391,3008656476
0,128,127,128,4.42159033,0.109266394,1171.44893,3008656476
0,129,128,128,4.330338,0.121169088,1056.37504,3008656476
0,130,129,128,4.41599703,0.10930391,1171.04685,3008656476
0,131,130,128,4.54239798,0.109286121,1171.23747,3008656476
0,132,131,128,3.81926298,0.109297639,1171.11404,3008656476
0,133,132,128,3.4122963,0.109240077,1171.73114,3008656476
0,134,133,128,3.88176751,0.109183216,1172.34136,3008656476
0,135,134,128,4.51163721,0.109385722,1170.171,3008656476
0,136,135,128,3.86048007,0.109388502,1170.14126,3008656476
0,137,136,128,3.34136438,0.109173874,1172.44168,3008656476
0,138,137,128,3.40333414,0.109334064,1170.72388,3008656476
0,139,138,128,2.70627761,0.121661146,1052.10253,3008656476
0,140,139,128,3.41616106,0.109279186,1171.3118,3008656476
0,141,140,128,2.55764365,0.109335906,1170.70416,3008656476
0,142,141,128,2.63156295,0.109263377,1171.48127,3008656476
0,143,142,128,3.51369333,0.109318485,1170.89072,3008656476
0,144,143,128,3.03150344,0.109271455,1171.39467,3008656476
0,145,144,128,2.29367757,0.109361296,1170.43236,3008656476
0,146,145,128,2.10667825,0.109232926,1171.80785,3008656476
0,147,146,128,3.50145864,0.109365599,1170.38631,3008656476
0,148,147,128,4.633636,0.12431072,1029.67789,3008656476
0,149,148,128,4.56299925,0.109312752,1170.95213,3008656476
0,150,149,128,3.53986335,0.10934437,1170.61354,3008656476
0,151,150,128,2.69291258,0.109287659,1171.22099,3008656476
0,152,151,128,2.12589288,0.109181627,1172.35842,3008656476
0,153,152,128,3.02284193,0.109204471,1172.11318,3008656476
0,154,153,128,3.96796465,0.109292552,1171.16855,3008656476
0,155,154,128,3.06490541,0.109368243,1170.35802,3008656476
0,156,155,128,4.13171721,0.109349579,1170.55778,3008656476
0,157,156,128,4.63453388,0.109240378,1171.72791,3008656476
0,158,157,128,4.28649044,0.122900716,1041.49108,3008656476
0,159,158,128,3.71296573,0.109352625,1170.52517,3008656476
0,160,159,128,3.53189731,0.109403216,1169.98389,3008656476
0,161,160,128,4.00328875,0.109344306,1170.61422,3008656476
0,162,161,128,3.7807374,0.109517633,1168.76156,3008656476
0,163,162,128,3.35206676,0.109398453,1170.03483,3008656476
0,164,163,128,4.25138521,0.109250742,1171.61676,3008656476
0,165,164,128,4.24640226,0.109386904,1170.15836,3008656476
0,166,165,128,3.7842772,0.109419693,1169.80771,3008656476
0,167,166,128,4.0320425,0.121175525,1056.31892,3008656476
0,168,167,128,3.61954331,0.109626891,1167.59674,3008656476
0,169,168,128,3.49240828,0.109342506,1170.6335,3008656476
0,170,169,128,3.8640697,0.109384976,1170.17898,3008656476
0,171,170,128,3.76483178,0.109422601,1169.77662,3008656476
0,172,171,128,3.50876832,0.10923369,1171.79965,3008656476
0,173,172,128,3.79796147,0.109288595,1171.21096,3008656476
0,174,173,128,3.53272319,0.109306499,1171.01912,3008656476
0,175,174,128,3.18037415,0.109355918,1170.48992,3008656476
0,176,175,128,3.97689223,0.109469836,1169.27187,3008656476
0,177,176,128,3.23678732,0.122049892,1048.75144,3008656476
0,178,177,128,4.32358313,0.109371522,1170.32293,3008656476
0,179,178,128,3.26185226,0.10928411,1171.25902,3008656476
0,180,179,128,4.39975166,0.10960387,1167.84197,3008656476
0,181,180,128,3.85841656,0.109303048,1171.05609,3008656476
0,182,181,128,3.66291451,0.109363276,1170.41117,3008656476
0,183,182,128,4.53865957,0.109377886,1170.25484,3008656476
0,184,183,128,2.83505678,0.109364394,1170.39921,3008656476
0,185,184,128,3.06146431,0.109286023,1171.23852,3008656476
0,186,185,128,3.96451426,0.122653187,1043.59294,3008656476
0,187,186,128,3.35258579,0.109397892,1170.04083,3008656476
0,188,187,128,3.08235645,0.109347767,1170.57717,3008656476
0,189,188,128,3.92177296,0.109473577,1169.23191,3008656476
0,190,189,128,3.67201352,0.109442299,1169.56607,3008656476
0,191,190,128,3.75083232,0.109286748,1171.23075,3008656476
0,192,191,128,3.08942533,0.109467734,1169.29432,3008656476
0,193,192,128,3.01141858,0.10931856,1170.88992,3008656476
0,194,193,128,3.73238635,0.109383242,1170.19753,3008656476
0,195,194,128,3.44302726,0.109252803,1171.59465,3008656476
0,196,195,128,4.37530327,0.123397175,1037.30089,3008656476
0,197,196,128,3.73264933,0.109260649,1171.51052,3008656476
0,198,197,128,3.508605,0.109224313,1171.90025,3008656476
0,199,198,128,3.57569766,0.109370646,1170.3323,3008656476
0,200,199,128,4.50626326,0.109372182,1170.31587,3008656476
0,201,200,128,4.20934677,0.109369298,1170.34673,3008656476
0,202,201,128,3.51977181,0.109501519,1168.93356,3008656476
0,203,202,128,4.6732049,0.109269973,1171.41056,3008656476
0,204,203,128,4.09031487,0.109454614,1169.43448,3008656476
0,205,204,128,3.40457058,0.121429997,1054.10527,3008656476
0,206,205,128,4.03045702,0.109419086,1169.81419,3008656476
0,207,206,128,3.00442362,0.109366743,1170.37407,3008656476
0,208,207,128,3.34452391,0.109277122,1171.33392,3008656476
0,209,208,128,3.29249644,0.109371461,1170.32358,3008656476
0,210,209,128,3.19056463,0.109350648,1170.54633,3008656476
0,211,210,128,2.90573907,0.109227542,1171.86561,3008656476
0,212,211,128,4.11210632,0.109308751,1170.99499,3008656476
0,213,212,128,3.68510914,0.109339423,1170.6665,3008656476
0,214,213,128,3.33679152,0.109301448,1171.07323,3008656476
0,215,214,128,2.66994333,0.121671367,1052.01415,3008656476
0,216,215,128,2.9814558,0.109364964,1170.39311,3008656476
0,217,216,128,4.25093365,0.109242099,1171.70945,3008656476
0,218,217,128,3.60667539,0.109393049,1170.09263,3008656476
0,219,218,128,3.35896635,0.109300828,1171.07988,3008656476
0,220,219,128,3.99152493,0.109315573,1170.92191,3008656476
0,221,220,128,3.08449697,0.109322124,1170.85175,3008656476
0,222,221,128,2.9305048,0.109644136,1167.41309,3008656476
0,223,222,128,3.43402743,0.109380234,1170.22971,3008656476
0,224,223,128,3.09961104,0.122156903,1047.83272,3008656476
0,225,224,128,3.38944697,0.109764846,1166.12927,3008656476
0,226,225,128,3.31876445,0.109291758,1171.17706,3008656476
0,227,226,128,3.42859101,0.109193179,1172.23439,3008656476
0,228,227,128,4.14138794,0.109414572,1169.86246,3008656476
0,229,228,128,3.79065847,0.10934318,1170.62628,3008656476
0,230,229,128,3.5719409,0.109329126,1170.77676,3008656476
0,231,230,128,4.01577854,0.109314682,1170.93146,3008656476
0,232,231,128,3.96010947,0.109113016,1173.09561,3008656476
0,233,232,128,3.68707561,0.109340004,1170.66028,3008656476
0,234,233,128,3.9871068,0.123723138,1034.568,3008656476
0,235,234,128,3.96517038,0.109188565,1172.28393,3008656476
0,236,235,128,3.0816679,0.109386429,1170.16344,3008656476
0,237,236,128,4.03816891,0.109293684,1171.15642,3008656476
0,238,237,128,3.25607371,0.109339037,1170.67064,3008656476
0,239,238,128,3.65033531,0.109197913,1172.18357,3008656476
0,240,239,128,4.14807558,0.109238928,1171.74346,3008656476
0,241,240,128,3.76951218,0.109354373,1170.50646,3008656476
0,242,241,128,3.48162031,0.109977466,1163.87479,3008656476
0,243,242,128,3.67763257,0.120920291,1058.54856,3008656476
0,244,243,128,3.93171406,0.109398026,1170.03939,3008656476
0,245,244,128,4.01691055,0.109380845,1170.22318,3008656476
0,246,245,128,2.97408366,0.109233994,1171.79639,3008656476
0,247,246,128,3.78381443,0.109347867,1170.5761,3008656476
0,248,247,128,3.90391374,0.109334524,1170.71896,3008656476
0,249,248,128,4.06533432,0.109271964,1171.38921,3008656476
0,250,249,128,2.18919277,0.109344774,1170.60921,3008656476
0,251,250,128,3.29289794,0.109240484,1171.72677,3008656476
0,252,251,128,4.23517561,0.109235002,1171.78558,3008656476
0,253,252,128,3.89358377,0.121944002,1049.66212,3008656476
0,254,253,128,3.64205456,0.10943575,1169.63606,3008656476
0,255,254,128,4.05524921,0.109412493,1169.88469,3008656476
0,256,255,128,3.82562375,0.109412499,1169.88462,3008656476
0,257,256,128,3.20258451,0.109343624,1170.62153,3008656476
0,258,257,128,3.92838407,0.109429819,1169.69946,3008656476
0,259,258,128,3.34674668,0.109407152,1169.9418,3008656476
0,260,259,128,3.84221959,0.109373066,1170.30641,3008656476
0,261,260,128,4.06180477,0.109335688,1170.70649,3008656476
0,262,261,128,3.62679124,0.120651513,1060.90671,3008656476
0,263,262,128,3.97535658,0.107276504,1193.17833,3008656476
0,264,263,128,2.99661183,0.109371022,1170.32828,3008656476
0,265,264,128,3.52254343,0.109296748,1171.12359,3008656476
0,266,265,128,3.20951462,0.10927223,1171.38636,3008656476
0,267,266,128,3.40860915,0.109328904,1170.77914,3008656476
0,268,267,128,2.5619421,0.109366566,1170.37596,3008656476
0,269,268,128,2.74753737,0.109463986,1169.33436,3008656476
0,270,269,128,3.50657606,0.109310524,1170.976,3008656476
0,271,270,128,4.19037008,0.109430285,1169.69448,3008656476
0,272,271,128,2.86452746,0.123211901,1038.86069,3008656476
0,273,272,128,3.49113202,0.10933386,1170.72607,3008656476
0,274,273,128,4.16384935,0.109361526,1170.4299,3008656476
0,275,274,128,3.30933142,0.109360694,1170.43881,3008656476
0,276,275,128,3.61988759,0.109343918,1170.61838,3008656476
0,277,276,128,3.8810904,0.109245787,1171.6699,3008656476
0,278,277,128,4.50172472,0.109333522,1170.72969,3008656476
0,279,278,128,3.1651454,0.10942252,1169.77748,3008656476
0,280,279,128,3.33449459,0.109303632,1171.04983,3008656476
0,281,280,128,3.35220194,0.109244662,1171.68196,3008656476
0,282,281,128,3.26155853,0.111487692,1148.1088,3008656476
0,283,282,128,2.64615917,0.109350616,1170.54668,3008656476
0,284,283,128,2.87535167,0.109341671,1170.64244,3008656476
0,285,284,128,2.67160654,0.109320374,1170.87049,3008656476
0,286,285,128,2.7759409,0.109308943,1170.99294,3008656476
0,287,286,128,3.26365542,0.109505744,1168.88846,3008656476
0,288,287,128,2.8492167,0.109270806,1171.40163,3008656476
0,289,288,128,2.57557559,0.10914245,1172.77924,3008656476
0,290,289,128,3.82223606,0.109404086,1169.97458,3008656476
0,291,290,128,3.14685178,0.122223566,1047.26121,3008656476
0,292,291,128,3.98531008,0.109483774,1169.12302,3008656476
0,293,292,128,3.67154193,0.109396886,1170.05159,3008656476
0,294,293,128,3.0362308,0.109373625,1170.30043,3008656476
0,295,294,128,3.1340344,0.109347518,1170.57984,3008656476
0,296,295,128,3.60963631,0.109568689,1168.21695,3008656476
0,297,296,128,4.09746313,0.109494085,1169.01292,3008656476
0,298,297,128,3.48879337,0.109539693,1168.52619,3008656476
0,299,298,128,3.42406535,0.109454371,1169.43708,3008656476
0,300,299,128,3.70440221,0.109661751,1167.22557,3008656476
0,301,300,128,3.04708099,0.120358114,1063.4929,3008656476
0,302,301,128,3.53683949,0.109401101,1170.00651,3008656476
0,303,302,128,3.37871957,0.109402113,1169.99568,3008656476
0,304,303,128,3.85683036,0.109345631,1170.60004,3008656476
0,305,304,128,3.24634576,0.109320491,1170.86924,3008656476
0,306,305,128,3.37482786,0.10938627,1170.16514,3008656476
0,307,306,128,3.11563492,0.10936861,1170.35409,3008656476
0,308,307,128,2.74336123,0.109325736,1170.81306,3008656476
0,309,308,128,4.3163991,0.109170467,1172.47827,3008656476
0,310,309,128,3.90897799,0.122261895,1046.9329,3008656476
0,311,310,128,3.21994638,0.109313379,1170.94542,3008656476
0,312,311,128,2.92250085,0.109387511,1170.15186,3008656476
0,313,312,128,3.07792401,0.109370851,1170.33011,3008656476
0,314,313,128,3.28541565,0.10931908,1170.88435,3008656476
0,315,314,128,2.56220531,0.10932531,1170.81763,3008656476
0,316,315,128,3.36972308,0.109365294,1170.38958,3008656476
0,317,316,128,3.66004753,0.109357656,1170.47132,3008656476
0,318,317,128,3.17780662,0.109412597,1169.88357,3008656476
0,319,318,128,3.60921788,0.109306652,1171.01748,3008656476
0,320,319,128,3.96036744,0.123778076,1034.10882,3008656476
0,321,320,128,4.24217176,0.109337586,1170.68617,3008656476
0,322,321,128,3.52117372,0.109340439,1170.65563,3008656476
0,323,322,128,3.51886249,0.109508384,1168.86028,3008656476
0,324,323,128,3.68947029,0.109384696,1170.18198,3008656476
0,325,324,128,2.70134258,0.109190597,1172.26211,3008656476
0,326,325,128,4.17023897,0.109337305,1170.68918,3008656476
0,327,326,128,3.78022742,0.109253258,1171.58978,3008656476
0,328,327,128,3.94292498,0.109349912,1170.55421,3008656476
0,329,328,128,3.88467717,0.122161173,1047.79609,3008656476
0,330,329,128,3.71665978,0.109431107,1169.68569,3008656476
0,331,330,128,4.70204401,0.109582332,1168.07151,3008656476
0,332,331,128,3.91279602,0.109289855,1171.19745,3008656476
0,333,332,128,3.62644076,0.109367231,1170.36885,3008656476
0,334,333,128,4.12498474,0.109358586,1170.46137,3008656476
0,335,334,128,3.6257751,0.109356045,1170.48856,3008656476
0,336,335,128,4.14145851,0.109441824,1169.57115,3008656476
0,337,336,128,3.92007208,0.109357205,1170.47615,3008656476
0,338,337,128,4.13241339,0.109311807,1170.96225,3008656476
0,339,338,128,3.67562962,0.121382929,1054.51402,3008656476
0,340,339,128,3.80436397,0.109339489,1170.6658,3008656476
0,341,340,128,3.32494736,0.10940215,1169.99529,3008656476
0,342,341,128,3.3804028,0.109374583,1170.29018,3008656476
0,343,342,128,3.84207034,0.109329007,1170.77804,3008656476
0,344,343,128,3.27504301,0.109372743,1170.30986,3008656476
0,345,344,128,4.09520292,0.1093139,1170.93983,3008656476
0,346,345,128,3.02845907,0.109360822,1170.43744,3008656476
0,347,346,128,3.37553501,0.109338792,1170.67326,3008656476
0,348,347,128,4.60308647,0.122881047,1041.65779,3008656476
0,349,348,128,3.83737826,0.109323536,1170.83663,3008656476
0,350,349,128,4.14622641,0.109573563,1168.16499,3008656476
0,351,350,128,4.17414904,0.109362087,1170.4239,3008656476
0,352,351,128,3.84703994,0.109292261,1171.17167,3008656476
0,353,352,128,4.85595179,0.109368147,1170.35904,3008656476
0,354,353,128,4.10719776,0.109300439,1171.08404,3008656476
0,355,354,128,3.23033977,0.109344098,1170.61645,3008656476
0,356,355,128,3.63509417,0.109274258,1171.36462,3008656476
0,357,356,128,3.98181772,0.109199258,1172.16914,3008656476
0,358,357,128,3.42247844,0.123661105,1035.08698,3008656476
0,359,358,128,2.35815048,0.109460118,1169.37568,3008656476
0,360,359,128,3.30554795,0.109320397,1170.87024,3008656476
0,361,360,128,3.27897024,0.109342837,1170.62995,3008656476
0,362,361,128,3.07247829,0.109506192,1168.88367,3008656476
0,363,362,128,3.25123024,0.109364205,1170.40123,3008656476
0,364,363,128,3.80132794,0.109257935,1171.53962,3008656476
0,365,364,128,3.71214247,0.109355182,1170.4978,3008656476
0,366,365,128,3.96052837,0.109241212,1171.71897,3008656476
0,367,366,128,3.77577734,0.121443401,1053.98893,3008656476
0,368,367,128,4.03727293,0.109420795,1169.79592,3008656476
0,369,368,128,3.11158657,0.109245755,1171.67024,3008656476
0,370,369,128,3.722651,0.109271005,1171.39949,3008656476
0,371,370,128,3.75825334,0.109339698,1170.66356,3008656476
0,372,371,128,3.19868231,0.109310868,1170.97231,3008656476
0,373,372,128,3.60064721,0.109257579,1171.54344,3008656476
0,374,373,128,4.13946676,0.109296023,1171.13136,3008656476
0,375,374,128,3.84254622,0.109336774,1170.69487,3008656476
0,376,375,128,3.25355363,0.109289136,1171.20516,3008656476
0,377,376,128,4.17724943,0.121875195,1050.25473,3008656476
0,378,377,128,3.04159689,0.109306268,1171.02159,3008656476
0,379,378,128,3.62325287,0.109433264,1169.66264,3008656476
0,380,379,128,2.41049123,0.109351536,1170.53683,3008656476
0,381,380,128,3.18740749,0.109330751,1170.75936,3008656476
0,382,381,128,2.91170788,0.109430844,1169.6885,3008656476
0,383,382,128,2.49593449,0.109215594,1171.99381,3008656476
0,384,383,128,2.91795063,0.109344997,1170.60683,3008656476
0,385,384,128,4.50919104,0.109291326,1171.18169,3008656476
0,386,385,128,4.87198544,0.122799066,1042.3532,3008656476
0,387,386,128,3.41738272,0.109292767,1171.16625,3008656476
0,388,387,128,2.84905815,0.109261494,1171.50146,3008656476
0,389,388,128,3.81016064,0.109519217,1168.74466,3008656476
0,390,389,128,4.60192633,0.109555173,1168.36108,3008656476
0,391,390,128,3.8853054,0.109506305,1168.88247,3008656476
0,392,391,128,4.15303183,0.109616443,1167.70802,3008656476
0,393,392,128,2.99762583,0.109484662,1169.11353,3008656476
0,394,393,128,4.09864569,0.109539304,1168.53034,3008656476
0,395,394,128,3.47991967,0.109553184,1168.38229,3008656476
0,396,395,128,3.94125724,0.123311494,1038.02165,3008656476
0,397,396,128,3.64280796,0.109320376,1170.87047,3008656476
0,398,397,128,4.26706839,0.109304308,1171.04259,3008656476
0,399,398,128,3.70560169,0.109275562,1171.35064,3008656476
0,400,399,128,4.26347494,0.109310092,1170.98063,3008656476
0,401,400,128,3.86290526,0.109371308,1170.32522,3008656476
0,402,401,128,3.98975587,0.109257742,1171.54169,3008656476
0,403,402,128,3.50371909,0.109268072,1171.43094,3008656476
0,404,403,128,3.36459231,0.109157474,1172.61783,3008656476
0,405,404,128,3.43684769,0.122953337,1041.04535,3008656476
0,406,405,128,3.2855587,0.109125303,1172.96352,3008656476
0,407,406,128,3.35902548,0.109306705,1171.01691,3008656476
0,408,407,128,2.23443437,0.109319915,1170.87541,3008656476
0,409,408,128,3.20631886,0.109246813,1171.65889,3008656476
0,410,409,128,4.08122969,0.109370571,1170.33311,3008656476
0,411,410,128,2.60529709,0.109299536,1171.09372,3008656476
0,412,411,128,4.02371836,0.109345703,1170.59927,3008656476
0,413,412,128,2.91481662,0.109204864,1172.10896,3008656476
0,414,413,128,3.12006426,0.109339926,1170.66112,3008656476
0,415,414,128,3.00613189,0.12162939,1052.37723,3008656476
0,416,415,128,4.19196224,0.109297439,1171.11619,3008656476
0,417,416,128,3.49009824,0.109314268,1170.93589,3008656476
0,418,417,128,2.63973427,0.109314086,1170.93784,3008656476
0,419,418,128,3.19804144,0.109332157,1170.7443,3008656476
0,420,419,128,2.27180982,0.109245031,1171.67801,3008656476
0,421,420,128,1.90400255,0.109193592,1172.22996,3008656476
0,422,421,128,3.84010434,0.109315835,1170.91911,3008656476
0,423,422,128,2.86826921,0.108783664,1176.64726,3008656476
0,424,423,128,3.55182648,0.120944382,1058.33771,3008656476
0,425,424,128,4.16138887,0.109580617,1168.08979,3008656476
0,426,425,128,4.52328682,0.109186146,1172.3099,3008656476
0,427,426,128,4.94542599,0.109294332,1171.14948,3008656476
0,428,427,128,3.45993757,0.109348481,1170.56953,3008656476
0,429,428,128,2.26396179,0.109310149,1170.98002,3008656476
0,430,429,128,2.41126895,0.109247791,1171.6484,3008656476
0,431,430,128,2.58918834,0.109297829,1171.11201,3008656476
0,432,431,128,2.54921126,0.109307922,1171.00387,3008656476
0,433,432,128,2.97071481,0.10935959,1170.45062,3008656476
0,434,433,128,2.66062069,0.124346747,1029.37956,3008656476
0,435,434,128,3.63648796,0.109286533,1171.23306,3008656476
0,436,435,128,4.1003685,0.109351046,1170.54207,3008656476
0,437,436,128,4.50403118,0.109222714,1171.91741,3008656476
0,438,437,128,2.92468548,0.109183566,1172.3376,3008656476
0,439,438,128,2.57873726,0.109907065,1164.62031,3008656476
0,440,439,128,3.74152541,0.109224387,1171.89946,3008656476
0,441,440,128,3.57688498,0.10947413,1169.22601,3008656476
0,442,441,128,2.96038675,0.109129291,1172.92066,3008656476
0,443,442,128,2.9908967,0.122358507,1046.10626,3008656476
0,444,443,128,3.1595645,0.109704977,1166.76566,3008656476
0,445,444,128,3.09351373,0.109346545,1170.59026,3008656476
0,446,445,128,3.10781145,0.109301744,1171.07006,3008656476
0,447,446,128,3.2000494,0.10927485,1171.35828,3008656476
0,448,447,128,4.12945175,0.109231577,1171.82232,3008656476
0,449,448,128,3.73952961,0.109358553,1170.46172,3008656476
0,450,449,128,3.78559375,0.109292789,1171.16601,3008656476
0,451,450,128,3.50010681,0.109296339,1171.12797,3008656476
0,452,451,128,4.17688179,0.10922324,1171.91177,3008656476
0,453,452,128,3.90454364,0.138826714,922.012747,3008656476
0,454,453,128,3.2768712,0.150014728,853.249556,3008656476
0,455,454,128,3.94504976,0.109272003,1171.3888,3008656476
0,456,455,128,4.29214668,0.109204848,1172.10914,3008656476
0,457,456,128,4.06329966,0.109274734,1171.35952,3008656476
0,458,457,128,4.40462923,0.109209797,1172.05602,3008656476
0,459,458,128,3.98525095,0.109257106,1171.54851,3008656476
0,460,459,128,2.94954467,0.109171142,1172.47102,3008656476
0,461,460,128,4.02807045,0.109346697,1170.58863,3008656476
0,462,461,128,4.0085187,0.121612996,1052.51909,3008656476
0,463,462,128,3.78282237,0.109259793,1171.5197,3008656476
0,464,463,128,3.03828335,0.109263058,1171.48469,3008656476
0,465,464,128,2.98508358,0.109205359,1172.10365,3008656476
0,466,465,128,3.09851408,0.109199775,1172.16359,3008656476
0,467,466,128,3.06788921,0.10933585,1170.70476,3008656476
0,468,467,128,3.20632887,0.109122189,1172.997,3008656476
0,469,468,128,4.50243235,0.109285881,1171.24004,3008656476
0,470,469,128,4.05694532,0.109137155,1172.83614,3008656476
0,471,470,128,4.14926004,0.123942327,1032.7384,3008656476
0,472,471,128,3.02409363,0.109580863,1168.08717,3008656476
0,473,472,128,4.38885593,0.109248608,1171.63964,3008656476
0,474,473,128,3.99548388,0.109237349,1171.7604,3008656476
0,475,474,128,3.3630681,0.10918502,1172.32199,3008656476
0,476,475,128,2.56073117,0.109176956,1172.40858,3008656476
0,477,476,128,3.56806588,0.10926727,1171.43954,3008656476
0,478,477,128,3.46010804,0.109380299,1170.22902,3008656476
0,479,478,128,3.82249475,0.109354367,1170.50652,3008656476
0,480,479,128,4.20365381,0.109474289,1169.22431,3008656476
0,481,480,128,3.69775438,0.121855611,1050.42352,3008656476
0,482,481,128,3.24901867,0.109288868,1171.20803,3008656476
0,483,482,128,3.14308953,0.109178087,1172.39644,3008656476
0,484,483,128,3.77199149,0.109180639,1172.36903,3008656476
0,485,484,128,3.95082998,0.109285511,1171.24401,3008656476
0,486,485,128,3.36921501,0.109345667,1170.59965,3008656476
0,487,486,128,2.83687615,0.10922059,1171.9402,3008656476
0,488,487,128,3.63475513,0.109277165,1171.33346,3008656476
0,489,488,128,3.18962359,0.109293986,1171.15319,3008656476
0,490,489,128,4.26119852,0.121501993,1053.48066,3008656476
0,491,490,128,4.44815826,0.109613071,1167.74395,3008656476
0,492,491,128,4.32284212,0.109170918,1172.47342,3008656476
0,493,492,128,3.7645247,0.109259225,1171.52579,3008656476
0,494,493,128,4.31811237,0.1092686,1171.42528,3008656476
0,495,494,128,3.91514206,0.10933299,1170.73538,3008656476
0,496,495,128,3.90686631,0.109400132,1170.01687,3008656476
0,497,496,128,4.25978184,0.109226779,1171.87379,3008656476
0,498,497,128,4.44239235,0.109251913,1171.6042,3008656476
0,499,498,128,4.2389698,0.109241281,1171.71823,3008656476
0,500,499,128,3.64157939,0.123087525,1039.91042,3008656476
0,501,500,128,4.25640678,0.109277511,1171.32975,3008656476
0,502,501,128,4.48069763,0.109285795,1171.24097,3008656476
0,503,502,128,3.32953548,0.109290192,1171.19384,3008656476
0,504,503,128,4.09162569,0.109307407,1171.00939,3008656476
0,505,504,128,4.22941732,0.109255053,1171.57053,3008656476
0,506,505,128,4.19415379,0.109343005,1170.62815,3008656476
0,507,506,128,4.44664097,0.109238201,1171.75126,3008656476
0,508,507,128,3.40238762,0.10941762,1169.82987,3008656476
0,509,508,128,4.05259609,0.123247055,1038.56437,3008656476
0,510,509,128,4.1110754,0.109601824,1167.86378,3008656476
0,511,510,128,4.08429861,0.109272496,1171.38351,3008656476
0,512,511,128,4.03571987,0.109255202,1171.56893,3008656476
0,513,512,128,4.18402433,0.109178152,1172.39574,3008656476
0,514,513,128,4.32758904,0.109303065,1171.05591,3008656476
0,515,514,128,3.91691089,0.10936274,1170.41691,3008656476
0,516,515,128,4.17715549,0.109237048,1171.76363,3008656476
0,517,516,128,3.55392361,0.109351171,1170.54073,3008656476
0,518,517,128,4.06541729,0.109322869,1170.84377,3008656476
0,519,518,128,4.46876335,0.122847442,1041.94274,3008656476
0,520,519,128,4.19538069,0.109281384,1171.28824,3008656476
0,521,520,128,3.67996693,0.109126065,1172.95533,3008656476
0,522,521,128,3.64082956,0.109231957,1171.81824,3008656476
0,523,522,128,3.40164924,0.109120652,1173.01352,3008656476
0,524,523,128,3.84298635,0.109313117,1170.94822,3008656476
0,525,524,128,3.20005918,0.109357301,1170.47512,3008656476
0,526,525,128,3.50037193,0.109183994,1172.33301,3008656476
0,527,526,128,4.30880976,0.109260409,1171.5131,3008656476
0,528,527,128,3.71623945,0.121214258,1055.98138,3008656476
0,529,528,128,4.18840361,0.109502734,1168.92059,3008656476
0,530,529,128,3.2733109,0.109221094,1171.93479,3008656476
0,531,530,128,3.26152682,0.109097511,1173.26233,3008656476
0,532,531,128,4.04679298,0.109323883,1170.83291,3008656476
0,533,532,128,4.6287446,0.109169944,1172.48388,3008656476
0,534,533,128,4.24435186,0.109262733,1171.48818,3008656476
0,535,534,128,3.95953989,0.109230612,1171.83267,3008656476
0,536,535,128,4.23140383,0.109230666,1171.83209,3008656476
0,537,536,128,3.76272511,0.109116543,1173.05769,3008656476
0,538,537,128,4.17902327,0.123195752,1038.99686,3008656476
0,539,538,128,2.8406477,0.109358119,1170.46636,3008656476
0,540,539,128,3.39710069,0.109239253,1171.73998,3008656476
0,541,540,128,3.66091442,0.109241852,1171.7121,3008656476
0,542,541,128,4.03742504,0.109709879,1166.71353,3008656476
0,543,542,128,3.64938521,0.10928807,1171.21658,3008656476
0,544,543,128,4.26354885,0.109365823,1170.38391,3008656476
0,545,544,128,3.0607233,0.109208989,1172.06469,3008656476
0,546,545,128,2.75027084,0.109371012,1170.32839,3008656476
0,547,546,128,3.36413884,0.122542,1044.53983,3008656476
0,548,547,128,4.09875345,0.1078606,1186.71693,3008656476
0,549,548,128,4.3321867,0.109139316,1172.81292,3008656476
0,550,549,128,4.09136105,0.109237114,1171.76292,3008656476
0,551,550,128,3.43715358,0.109119957,1173.02099,3008656476
0,552,551,128,2.99429274,0.109232365,1171.81387,3008656476
0,553,552,128,3.55848646,0.109213501,1172.01627,3008656476
0,554,553,128,4.20490789,0.109281629,1171.28561,3008656476
0,555,554,128,4.69579124,0.109153804,1172.65725,3008656476
0,556,555,128,4.29676008,0.109194262,1172.22277,3008656476
0,557,556,128,3.60759401,0.124202288,1030.57683,3008656476
0,558,557,128,3.62003088,0.109342725,1170.63115,3008656476
0,559,558,128,4.82413006,0.109191844,1172.24873,3008656476
0,560,559,128,4.7772336,0.109266197,1171.45104,3008656476
0,561,560,128,4.60429955,0.109099741,1173.23835,3008656476
0,562,561,128,4.13171196,0.10914919,1172.70682,3008656476
0,563,562,128,4.45370626,0.109223291,1171.91122,3008656476
0,564,563,128,4.59592438,0.109197016,1172.1932,3008656476
0,565,564,128,4.07934523,0.109065123,1173.61074,3008656476
0,566,565,128,3.43124795,0.109239447,1171.7379,3008656476
0,567,566,128,2.80810213,0.111961873,1143.24633,3008656476
0,568,567,128,4.3394804,0.1093341,1170.7235,3008656476
0,569,568,128,4.12946415,0.109407699,1169.93595,3008656476
0,570,569,128,4.21662045,0.109426402,1169.73598,3008656476
0,571,570,128,4.74603128,0.109367615,1170.36474,3008656476
0,572,571,128,3.24139333,0.109508323,1168.86093,3008656476
0,573,572,128,3.24911094,0.10950638,1168.88167,3008656476
0,574,573,128,4.18600941,0.109502816,1168.91971,3008656476
0,575,574,128,3.86827183,0.109320584,1170.86824,3008656476
0,576,575,128,3.72908926,0.121632254,1052.35245,3008656476
0,577,576,128,3.36618948,0.10929463,1171.14629,3008656476
0,578,577,128,4.58002996,0.109262719,1171.48833,3008656476
0,579,578,128,3.45446801,0.109352621,1170.52521,3008656476
0,580,579,128,3.78119874,0.109189703,1172.27171,3008656476
0,581,580,128,3.37066817,0.10929946,1171.09453,3008656476
0,582,581,128,3.76392627,0.109194021,1172.22535,3008656476
0,583,582,128,3.99387527,0.109328035,1170.78844,3008656476
0,584,583,128,3.74233174,0.109207775,1172.07772,3008656476
0,585,584,128,3.75093603,0.109295811,1171.13363,3008656476
0,586,585,128,3.29832363,0.11962094,1070.04677,3008656476
0,587,586,128,4.75068283,0.109336444,1170.6984,3008656476
0,588,587,128,4.16648054,0.109321463,1170.85883,3008656476
0,589,588,128,3.80064535,0.109321254,1170.86107,3008656476
0,590,589,128,4.654387,0.10932162,1170.85715,3008656476
0,591,590,128,4.04281664,0.109131618,1172.89565,3008656476
0,592,591,128,3.92082763,0.10939477,1170.07422,3008656476
0,593,592,128,3.77763128,0.109291637,1171.17836,3008656476
0,594,593,128,3.58706284,0.109216832,1171.98052,3008656476
0,595,594,128,3.43027878,0.123579837,1035.76767,3008656476
0,596,595,128,3.55082393,0.109326539,1170.80446,3008656476
0,597,596,128,3.70439219,0.109288372,1171.21335,3008656476
0,598,597,128,3.44503617,0.109357896,1170.46875,3008656476
0,599,598,128,3.48054385,0.109293338,1171.16013,3008656476
0,600,599,128,4.02256155,0.109318839,1170.88693,3008656476
0,601,600,128,3.84095192,0.109192663,1172.23993,3008656476
0,602,601,128,3.41884065,0.109194141,1172.22407,3008656476
0,603,602,128,4.05476999,0.109366602,1170.37558,3008656476
0,604,603,128,3.05204034,0.109327329,1170.796,3008656476
0,605,604,128,4.18951893,0.1240845,1031.55511,3008656476
0,606,605,128,2.98151064,0.109316419,1170.91285,3008656476
0,607,606,128,3.05474567,0.109320202,1170.87233,3008656476
0,608,607,128,2.73877931,0.109251209,1171.61175,3008656476
0,609,608,128,3.81570697,0.109289331,1171.20307,3008656476
0,610,609,128,3.26333714,0.109211228,1172.04066,3008656476
0,611,610,128,3.30473948,0.109311697,1170.96343,3008656476
0,612,611,128,2.74569082,0.109234046,1171.79583,3008656476
0,613,612,128,3.39305282,0.109349577,1170.5578,3008656476
0,614,613,128,3.94249201,0.122965945,1040.93861,3008656476
0,615,614,128,4.03088856,0.109249943,1171.62533,3008656476
0,616,615,128,2.9783299,0.109228835,1171.85174,3008656476
0,617,616,128,3.73493481,0.109384058,1170.1888,3008656476
0,618,617,128,3.89687562,0.109253792,1171.58405,3008656476
0,619,618,128,3.29374719,0.109246862,1171.65837,3008656476
0,620,619,128,3.54859424,0.10915759,1172.61658,3008656476
0,621,620,128,3.40204883,0.109242971,1171.7001,3008656476
0,622,621,128,3.31679249,0.109271297,1171.39636,3008656476
0,623,622,128,4.12472248,0.10927133,1171.39601,3008656476
0,624,623,128,4.23032713,0.121711376,1051.66833,3008656476
0,625,624,128,3.92319751,0.109154959,1172.64485,3008656476
0,626,625,128,4.17126513,0.109304388,1171.04173,3008656476
0,627,626,128,4.00873327,0.109266284,1171.45011,3008656476
0,628,627,128,3.06481457,0.109333399,1170.731,3008656476
0,629,628,128,3.8699441,0.10930627,1171.02157,3008656476
0,630,629,128,4.53908968,0.109286805,1171.23014,3008656476
0,631,630,128,4.35146904,0.109310603,1170.97515,3008656476
0,632,631,128,3.4526093,0.109204873,1172.10887,3008656476
0,633,632,128,4.8093667,0.121117895,1056.82154,3008656476
0,634,633,128,4.03984165,0.10914944,1172.70414,3008656476
0,635,634,128,4.16034412,0.109301594,1171.07167,3008656476
0,636,635,128,3.23039246,0.109319656,1170.87818,3008656476
0,637,636,128,3.59467435,0.109404005,1169.97545,3008656476
0,638,637,128,3.88345027,0.109312662,1170.9531,3008656476
0,639,638,128,3.83634782,0.109328415,1170.78437,3008656476
0,640,639,128,4.64600945,0.109357255,1170.47561,3008656476
0,641,640,128,3.89579582,0.109300562,1171.08273,3008656476
0,642,641,128,4.13691425,0.109281646,1171.28543,3008656476
0,643,642,128,3.31258273,0.124810945,1025.55108,3008656476
0,644,643,128,3.87763214,0.109195365,1172.21093,3008656476
0,645,644,128,4.25781059,0.10923129,1171.8254,3008656476
0,646,645,128,4.84637117,0.109242162,1171.70878,3008656476
0,647,646,128,3.72106266,0.109212212,1172.0301,3008656476
0,648,647,128,3.6286974,0.109185884,1172.31271,3008656476
0,649,648,128,4.0407505,0.109172542,1172.45598,3008656476
0,650,649,128,3.56108594,0.109260784,1171.50908,3008656476
0,651,650,128,3.2760427,0.109235045,1171.78512,3008656476
0,652,651,128,3.40404367,0.12285728,1041.8593,3008656476
0,653,652,128,2.72492051,0.109244377,1171.68502,3008656476
0,654,653,128,3.09677768,0.109102347,1173.21033,3008656476
0,655,654,128,4.45668411,0.109293766,1171.15554,3008656476
0,656,655,128,4.40859747,0.109173919,1172.44119,3008656476
0,657,656,128,4.0834465,0.109234661,1171.78924,3008656476
0,658,657,128,3.65651011,0.109438166,1169.61024,3008656476
0,659,658,128,3.99562883,0.109327892,1170.78998,3008656476
0,660,659,128,4.50536728,0.109189935,1172.26922,3008656476
0,661,660,128,3.8841157,0.109264846,1171.46552,3008656476
0,662,661,128,3.84468317,0.12148406,1053.63617,3008656476
0,663,662,128,3.70818543,0.10931446,1170.93384,3008656476
0,664,663,128,3.43796301,0.109503503,1168.91238,3008656476
0,665,664,128,3.11158419,0.109516297,1168.77582,3008656476
0,666,665,128,4.40865707,0.10939209,1170.10288,3008656476
0,667,666,128,4.17406797,0.109480714,1169.15569,3008656476
0,668,667,128,3.7104156,0.109500345,1168.94609,3008656476
0,669,668,128,3.02292991,0.109419889,1169.80561,3008656476
0,670,669,128,2.92935181,0.109634316,1167.51766,3008656476
0,671,670,128,3.47459912,0.121608329,1052.55948,3008656476
0,672,671,128,2.85796309,0.109185988,1172.3116,3008656476
0,673,672,128,3.38260651,0.109237658,1171.75709,3008656476
0,674,673,128,3.38873243,0.109243156,1171.69812,3008656476
0,675,674,128,4.31038046,0.109259522,1171.52261,3008656476
0,676,675,128,4.14252853,0.109219561,1171.95124,3008656476
0,677,676,128,3.78337073,0.109194517,1172.22003,3008656476
0,678,677,128,4.40445375,0.109314761,1170.93061,3008656476
0,679,678,128,3.78286242,0.109234936,1171.78629,3008656476
0,680,679,128,3.91121554,0.109373274,1170.30418,3008656476
0,681,680,128,3.86974239,0.123030347,1040.39372,3008656476
0,682,681,128,4.04578114,0.109188756,1172.28188,3008656476
0,683,682,128,3.62119102,0.109253693,1171.58511,3008656476
0,684,683,128,3.44895291,0.109212944,1172.02225,3008656476
0,685,684,128,3.55161858,0.109329062,1170.77745,3008656476
0,686,685,128,3.27679205,0.109259787,1171.51977,3008656476
0,687,686,128,3.44748139,0.109227196,1171.86932,3008656476
0,688,687,128,3.04549742,0.109201297,1172.14725,3008656476
0,689,688,128,4.05407143,0.109278611,1171.31796,3008656476
0,690,689,128,3.18129206,0.122879441,1041.67141,3008656476
0,691,690,128,3.65172386,0.109319984,1170.87467,3008656476
0,692,691,128,3.70400643,0.109196632,1172.19733,3008656476
0,693,692,128,3.74390197,0.109258939,1171.52886,3008656476
0,694,693,128,3.29246116,0.109410568,1169.90527,3008656476
0,695,694,128,4.01879501,0.109894077,1164.75795,3008656476
0,696,695,128,3.89903212,0.109271326,1171.39605,3008656476
0,697,696,128,4.44600344,0.109298745,1171.10219,3008656476
0,698,697,128,4.23091269,0.109453562,1169.44572,3008656476
0,699,698,128,3.51306844,0.109425443,1169.74624,3008656476
0,700,699,128,3.41618395,0.121727884,1051.52571,3008656476
0,701,700,128,4.30436754,0.109286329,1171.23524,3008656476
0,702,701,128,3.53295279,0.109331254,1170.75397,3008656476
0,703,702,128,3.53690147,0.109295616,1171.13572,3008656476
0,704,703,128,2.83205795,0.109179731,1172.37878,3008656476
0,705,704,128,3.79707098,0.109179843,1172.37758,3008656476
0,706,705,128,4.18659878,0.109263783,1171.47692,3008656476
0,707,706,128,3.79410815,0.109230378,1171.83518,3008656476
0,708,707,128,3.74821234,0.109213855,1172.01247,3008656476
0,709,708,128,3.11663127,0.121032387,1057.56817,3008656476
0,710,709,128,4.13360453,0.109548446,1168.43282,3008656476
0,711,710,128,2.63646364,0.109310288,1170.97853,3008656476
0,712,711,128,3.93734932,0.109287492,1171.22278,3008656476
0,713,712,128,3.67802382,0.10928398,1171.26042,3008656476
0,714,713,128,3.96253228,0.109177232,1172.40562,3008656476
0,715,714,128,2.57162499,0.109247933,1171.64688,3008656476
0,716,715,128,2.08286047,0.109341371,1170.64565,3008656476
0,717,716,128,3.01478934,0.109228634,1171.85389,3008656476
0,718,717,128,3.86040688,0.109316361,1170.91347,3008656476
0,719,718,128,4.38952684,0.124142304,1031.07479,3008656476
0,720,719,128,4.33629704,0.109368313,1170.35727,3008656476
0,721,720,128,4.16994476,0.109346889,1170.58657,3008656476
0,722,721,128,4.21719742,0.109366918,1170.3722,3008656476
0,723,722,128,3.33434224,0.109258914,1171.52913,3008656476
0,724,723,128,4.33286619,0.109184839,1172.32393,3008656476
0,725,724,128,3.43286848,0.109229516,1171.84443,3008656476
0,726,725,128,3.76612735,0.109393655,1170.08614,3008656476
0,727,726,128,3.40297937,0.109161844,1172.57088,3008656476
0,728,727,128,3.8273201,0.123564634,1035.89511,3008656476
0,729,728,128,3.58665323,0.109515668,1168.78253,3008656476
0,730,729,128,4.07115746,0.109492222,1169.03281,3008656476
0,731,730,128,3.83568954,0.10937167,1170.32135,3008656476
0,732,731,128,4.39991808,0.10920205,1172.13917,3008656476
0,733,732,128,3.63210893,0.109305664,1171.02806,3008656476
0,734,733,128,3.31095934,0.109317644,1170.89973,3008656476
0,735,734,128,2.39614153,0.109143526,1172.76768,3008656476
0,736,735,128,2.4794209,0.109237746,1171.75614,3008656476
0,737,736,128,2.51786184,0.109111497,1173.11194,3008656476
0,738,737,128,2.40301919,0.121586943,1052.74462,3008656476
0,739,738,128,2.50548339,0.109253373,1171.58854,3008656476
0,740,739,128,3.29198194,0.109289185,1171.20463,3008656476
0,741,740,128,2.86393499,0.109253776,1171.58422,3008656476
0,742,741,128,3.13669825,0.109313046,1170.94898,3008656476
0,743,742,128,3.31445718,0.109207898,1172.0764,3008656476
0,744,743,128,3.63393188,0.109265509,1171.45842,3008656476
0,745,744,128,3.21213245,0.109228912,1171.85091,3008656476
0,746,745,128,2.69831657,0.10930374,1171.04868,3008656476
0,747,746,128,2.54109478,0.1208491,1059.17214,3008656476
0,748,747,128,2.54543042,0.109310693,1170.97419,3008656476
0,749,748,128,3.56233764,0.109321262,1170.86098,3008656476
0,750,749,128,4.66707993,0.109381276,1170.21857,3008656476
0,751,750,128,3.02464676,0.109288959,1171.20706,3008656476
0,752,751,128,3.98503375,0.109283765,1171.26272,3008656476
0,753,752,128,2.91719913,0.109287932,1171.21806,3008656476
0,754,753,128,3.35983801,0.109402062,1169.99623,3008656476
0,755,754,128,3.58050704,0.10936263,1170.41809,3008656476
0,756,755,128,3.49970412,0.10925783,1171.54075,3008656476
0,757,756,128,3.93243647,0.126306137,1013.41077,3008656476
0,758,757,128,2.58867025,0.109252757,1171.59515,3008656476
0,759,758,128,3.36706424,0.109294045,1171.15255,3008656476
0,760,759,128,3.26754332,0.109326097,1170.8092,3008656476
0,761,760,128,3.59757948,0.109294047,1171.15253,3008656476
0,762,761,128,4.24990797,0.109275824,1171.34784,3008656476
0,763,762,128,4.56809521,0.109336638,1170.69632,3008656476
0,764,763,128,4.10939741,0.109323267,1170.83951,3008656476
0,765,764,128,4.43754387,0.109325405,1170.81661,3008656476
0,766,765,128,4.39660692,0.123154469,1039.34515,3008656476
0,767,766,128,3.92102814,0.109549576,1168.42077,3008656476
0,768,767,128,4.4328804,0.109394795,1170.07395,3008656476
0,769,768,128,3.6263752,0.1092268,1171.87357,3008656476
0,770,769,128,3.67021918,0.109371325,1170.32504,3008656476
0,771,770,128,3.22672772,0.109345185,1170.60481,3008656476
0,772,771,128,4.38037062,0.109286947,1171.22862,3008656476
0,773,772,128,3.34713006,0.109285767,1171.24127,3008656476
0,774,773,128,3.75354958,0.109297026,1171.12061,3008656476
0,775,774,128,3.33360934,0.109205459,1172.10258,3008656476
0,776,775,128,3.88709617,0.12211726,1048.17288,3008656476
0,777,776,128,3.84788322,0.109336659,1170.6961,3008656476
0,778,777,128,4.12530851,0.109226955,1171.87191,3008656476
0,779,778,128,3.73796844,0.109345318,1170.60339,3008656476
0,780,779,128,3.83658814,0.109313465,1170.94449,3008656476
0,781,780,128,3.40040112,0.10931916,1170.88349,3008656476
0,782,781,128,3.4075563,0.109333949,1170.72511,3008656476
0,783,782,128,2.61426711,0.109244712,1171.68143,3008656476
0,784,783,128,2.45556879,0.109311936,1170.96087,3008656476
0,785,784,128,3.64794493,0.121075891,1057.18817,3008656476
0,786,785,128,3.8653903,0.109553528,1168.37862,3008656476
0,787,786,128,4.12543297,0.109260905,1171.50778,3008656476
0,788,787,128,4.56158924,0.109309955,1170.98209,3008656476
0,789,788,128,4.26231337,0.109227896,1171.86181,3008656476
0,790,789,128,4.41884661,0.109286607,1171.23226,3008656476
0,791,790,128,4.21282625,0.10930202,1171.0671,3008656476
0,792,791,128,4.75174284,0.109294921,1171.14317,3008656476
0,793,792,128,3.67073226,0.109141574,1172.78866,3008656476
0,794,793,128,3.99004054,0.109254977,1171.57134,3008656476
0,795,794,128,3.32318544,0.121629099,1052.37974,3008656476
0,796,795,128,3.41788316,0.109312274,1170.95725,3008656476
0,797,796,128,4.29940748,0.109255608,1171.56458,3008656476
0,798,797,128,3.78660154,0.109294716,1171.14536,3008656476
0,799,798,128,3.53637218,0.109251456,1171.6091,3008656476
0,800,799,128,3.41878843,0.109282164,1171.27988,3008656476
0,801,800,128,4.37133598,0.109178125,1172.39603,3008656476
0,802,801,128,3.86406994,0.109308701,1170.99553,3008656476
0,803,802,128,4.28056479,0.109281239,1171.28979,3008656476
0,804,803,128,3.56729388,0.12241145,1045.65382,3008656476
0,805,804,128,3.89037418,0.107269207,1193.2595,3008656476
0,806,805,128,4.9930768,0.10938807,1170.14589,3008656476
0,807,806,128,4.56232786,0.109302891,1171.05777,3008656476
0,808,807,128,4.47920227,0.109214981,1172.00039,3008656476
0,809,808,128,3.38931847,0.109290283,1171.19287,3008656476
0,810,809,128,3.7182169,0.109317073,1170.90585,3008656476
0,811,810,128,3.93002844,0.109366174,1170.38016,3008656476
0,812,811,128,3.81852174,0.109223522,1171.90874,3008656476
0,813,812,128,4.30241108,0.109374872,1170.28708,3008656476
0,814,813,128,3.87718272,0.12329364,1038.17196,3008656476
0,815,814,128,3.22073078,0.109375221,1170.28335,3008656476
0,816,815,128,3.52837324,0.109281778,1171.28402,3008656476
0,817,816,128,4.35373068,0.109322532,1170.84738,3008656476
0,818,817,128,4.14371538,0.109244154,1171.68741,3008656476
0,819,818,128,4.0387578,0.109333866,1170.726,3008656476
0,820,819,128,3.70961452,0.10925554,1171.5653,3008656476
0,821,820,128,3.64674187,0.109273063,1171.37743,3008656476
0,822,821,128,3.63539267,0.109310014,1170.98146,3008656476
0,823,822,128,3.33588624,0.109173867,1172.44175,3008656476
0,824,823,128,4.74978065,0.111329799,1149.7371,3008656476
0,825,824,128,3.85520577,0.109172834,1172.45285,3008656476
0,826,825,128,3.58315945,0.109303995,1171.04594,3008656476
0,827,826,128,4.15013695,0.109532642,1168.60141,3008656476
0,828,827,128,4.10670948,0.10935181,1170.53389,3008656476
0,829,828,128,3.97430682,0.109458463,1169.39336,3008656476
0,830,829,128,3.7931931,0.109427994,1169.71897,3008656476
0,831,830,128,3.84431815,0.10947001,1169.27001,3008656476
0,832,831,128,2.85316515,0.109440123,1169.58933,3008656476
0,833,832,128,4.45462561,0.121342082,1054.86899,3008656476
0,834,833,128,4.85678101,0.109322682,1170.84577,3008656476
0,835,834,128,4.96782112,0.109348579,1170.56848,3008656476
0,836,835,128,4.26313782,0.10929961,1171.09293,3008656476
0,837,836,128,3.62564182,0.109354147,1170.50888,3008656476
0,838,837,128,4.24786043,0.10927552,1171.35109,3008656476
0,839,838,128,4.33551931,0.10934839,1170.5705,3008656476
0,840,839,128,4.05913639,0.109356173,1170.48719,3008656476
0,841,840,128,3.83870506,0.109410229,1169.90889,3008656476
0,842,841,128,3.67247295,0.109337132,1170.69103,3008656476
0,843,842,128,3.21002412,0.118896821,1076.56369,3008656476
0,844,843,128,4.36801815,0.10923156,1171.8225,3008656476
0,845,844,128,3.29019213,0.109418499,1169.82047,3008656476
0,846,845,128,3.9088192,0.109541576,1168.5061,3008656476
0,847,846,128,3.421386,0.109444151,1169.54628,3008656476
0,848,847,128,4.49096537,0.1095951,1167.93543,3008656476
0,849,848,128,3.64099717,0.109522705,1168.70744,3008656476
0,850,849,128,3.30151176,0.10954666,1168.45187,3008656476
0,851,850,128,3.13973451,0.10941602,1169.84697,3008656476
0,852,851,128,3.43407035,0.123588145,1035.69804,3008656476
0,853,852,128,2.77087593,0.109401754,1169.99952,3008656476
0,854,853,128,3.38199902,0.10930921,1170.99007,3008656476
0,855,854,128,4.549757,0.109271715,1171.39188,3008656476
0,856,855,128,3.60342503,0.10933288,1170.73656,3008656476
0,857,856,128,4.51049232,0.109386646,1170.16112,3008656476
0,858,857,128,3.79412127,0.109403696,1169.97875,3008656476
0,859,858,128,3.89259219,0.109264457,1171.46969,3008656476
0,860,859,128,3.76844645,0.10912814,1172.93303,3008656476
0,861,860,128,3.951051,0.10929894,1171.1001,3008656476
0,862,861,128,4.14755297,0.125831383,1017.23431,3008656476
0,863,862,128,3.41228056,0.109291716,1171.17751,3008656476
0,864,863,128,3.13357878,0.109233152,1171.80542,3008656476
0,865,864,128,3.78170323,0.109347923,1170.5755,3008656476
0,866,865,128,3.12505817,0.109449008,1169.49438,3008656476
0,867,866,128,3.53335595,0.109313891,1170.93993,3008656476
0,868,867,128,3.51004434,0.10924629,1171.6645,3008656476
0,869,868,128,3.83748341,0.109316051,1170.91679,3008656476
0,870,869,128,3.7227087,0.109213863,1172.01238,3008656476
0,871,870,128,4.06458902,0.121989505,1049.27059,3008656476
0,872,871,128,3.14606285,0.109153108,1172.66473,3008656476
0,873,872,128,3.42487502,0.109347319,1170.58197,3008656476
0,874,873,128,2.97898102,0.109330117,1170.76615,3008656476
0,875,874,128,3.60932565,0.109280673,1171.29586,3008656476
0,876,875,128,2.97161317,0.109242478,1171.70539,3008656476
0,877,876,128,3.93479633,0.109333659,1170.72822,3008656476
0,878,877,128,2.80987644,0.109294762,1171.14487,3008656476
0,879,878,128,3.07962132,0.109261481,1171.5016,3008656476
0,880,879,128,3.74795175,0.10925997,1171.5178,3008656476
0,881,880,128,4.63205719,0.122045727,1048.78723,3008656476
0,882,881,128,4.49669838,0.109323856,1170.8332,3008656476
0,883,882,128,5.36261749,0.10922846,1171.85576,3008656476
0,884,883,128,4.64128304,0.109293734,1171.15589,3008656476
0,885,884,128,3.33973384,0.109219043,1171.9568,3008656476
0,886,885,128,4.257864,0.109333399,1170.731,3008656476
0,887,886,128,3.90187073,0.109301121,1171.07674,3008656476
0,888,887,128,4.34291029,0.109260354,1171.51369,3008656476
0,889,888,128,3.31162,0.109305852,1171.02605,3008656476
0,890,889,128,3.79315352,0.122334905,1046.30808,3008656476
0,891,890,128,3.03397775,0.109270803,1171.40166,3008656476
0,892,891,128,3.31013846,0.109265282,1171.46085,3008656476
0,893,892,128,4.30101252,0.109322641,1170.84621,3008656476
0,894,893,128,4.5192337,0.109128333,1172.93096,3008656476
0,895,894,128,4.42367172,0.109323477,1170.83726,3008656476
0,896,895,128,4.13418245,0.109293821,1171.15495,3008656476
0,897,896,128,2.84893823,0.10939413,1170.08106,3008656476
0,898,897,128,3.62735248,0.109303914,1171.04681,3008656476
0,899,898,128,2.98583055,0.109369397,1170.34567,3008656476
0,900,899,128,3.69577837,0.123805037,1033.88362,3008656476
0,901,900,128,3.04151678,0.109257429,1171.54505,3008656476
0,902,901,128,3.02394009,0.109233391,1171.80286,3008656476
0,903,902,128,3.20585489,0.109272875,1171.37945,3008656476
0,904,903,128,3.46635652,0.109250677,1171.61745,3008656476
0,905,904,128,2.83733988,0.109301686,1171.07068,3008656476
0,906,905,128,3.22666144,0.109310078,1170.98078,3008656476
0,907,906,128,4.09974861,0.109293208,1171.16152,3008656476
0,908,907,128,4.10739756,0.109293552,1171.15784,3008656476
0,909,908,128,3.94902205,0.12260791,1043.97832,3008656476
0,910,909,128,3.40726066,0.109230804,1171.83061,3008656476
0,911,910,128,3.74977684,0.109327597,1170.79313,3008656476
0,912,911,128,3.37907171,0.109316917,1170.90752,3008656476
0,913,912,128,4.34617567,0.109137045,1172.83733,3008656476
0,914,913,128,3.34162498,0.109245513,1171.67284,3008656476
0,915,914,128,4.63681555,0.109356183,1170.48709,3008656476
0,916,915,128,3.87026238,0.109244752,1171.681,3008656476
0,917,916,128,3.43834829,0.109283948,1171.26076,3008656476
0,918,917,128,3.04512477,0.109225775,1171.88457,3008656476
0,919,918,128,3.53888392,0.121538136,1053.16738,3008656476
0,920,919,128,3.35778427,0.109352798,1170.52332,3008656476
0,921,920,128,3.56808329,0.109324544,1170.82583,3008656476
0,922,921,128,3.43536282,0.109318977,1170.88545,3008656476
0,923,922,128,3.79819608,0.109219911,1171.94748,3008656476
0,924,923,128,4.4471612,0.109356668,1170.4819,3008656476
0,925,924,128,3.17181373,0.109320775,1170.8662,3008656476
0,926,925,128,4.25908804,0.10926592,1171.45401,3008656476
0,927,926,128,3.28197932,0.109341934,1170.63962,3008656476
0,928,927,128,3.41559124,0.122700607,1043.18962,3008656476
0,929,928,128,4.19332218,0.109307642,1171.00687,3008656476
0,930,929,128,4.02562428,0.109232039,1171.81736,3008656476
0,931,930,128,2.90849805,0.109296441,1171.12688,3008656476
0,932,931,128,3.53185892,0.109252279,1171.60027,3008656476
0,933,932,128,3.249825,0.109251319,1171.61057,3008656476
0,934,933,128,3.39449191,0.109334046,1170.72408,3008656476
0,935,934,128,3.55116773,0.1093441,1170.61643,3008656476
0,936,935,128,3.5404582,0.109272586,1171.38255,3008656476
0,937,936,128,3.40812516,0.109292293,1171.17133,3008656476
0,938,937,128,3.81989264,0.123474465,1036.65159,3008656476
0,939,938,128,3.83003736,0.109325923,1170.81106,3008656476
0,940,939,128,3.99242067,0.109477027,1169.19507,3008656476
0,941,940,128,3.56212449,0.109423152,1169.77073,3008656476
0,942,941,128,3.00633955,0.109357346,1170.47464,3008656476
0,943,942,128,3.33702445,0.109498461,1168.9662,3008656476
0,944,943,128,3.27760744,0.109617705,1167.69458,3008656476
0,945,944,128,4.78020144,0.109534637,1168.58013,3008656476
0,946,945,128,4.36171198,0.109475917,1169.20692,3008656476
0,947,946,128,3.31321025,0.12131395,1055.11361,3008656476
0,948,947,128,4.2090888,0.109181727,1172.35735,3008656476
0,949,948,128,4.5589366,0.1093487,1170.56719,3008656476
0,950,949,128,4.67965174,0.109295522,1171.13673,3008656476
0,951,950,128,3.63740706,0.109269311,1171.41765,3008656476
0,952,951,128,3.33287501,0.109283473,1171.26585,3008656476
0,953,952,128,2.93890643,0.109259518,1171.52265,3008656476
0,954,953,128,3.7567296,0.10929327,1171.16086,3008656476
0,955,954,128,3.75335932,0.109254087,1171.58089,3008656476
0,956,955,128,2.9200995,0.10934728,1170.58239,3008656476
0,957,956,128,4.2485342,0.120994435,1057.89989,3008656476
0,958,957,128,3.95585155,0.109344016,1170.61733,3008656476
0,959,958,128,3.6459918,0.109256263,1171.55755,3008656476
0,960,959,128,3.71504831,0.109535238,1168.57372,3008656476
0,961,960,128,3.94895172,0.109341692,1170.64221,3008656476
0,962,961,128,3.46794033,0.109371518,1170.32297,3008656476
0,963,962,128,3.68201637,0.109407319,1169.94001,3008656476
0,964,963,128,3.2844429,0.10925296,1171.59297,3008656476
0,965,964,128,2.97628403,0.109381012,1170.22139,3008656476
0,966,965,128,3.41940641,0.122738688,1042.86596,3008656476
0,967,966,128,3.57039213,0.109302485,1171.06212,3008656476
0,968,967,128,4.51204348,0.109354437,1170.50577,3008656476
0,969,968,128,3.89798498,0.109209679,1172.05729,3008656476
0,970,969,128,3.45962811,0.109350057,1170.55266,3008656476
0,971,970,128,3.195822,0.10931047,1170.97658,3008656476
0,972,971,128,3.54983354,0.10944352,1169.55303,3008656476
0,973,972,128,2.76511788,0.109313784,1170.94108,3008656476
0,974,973,128,3.20600438,0.109363625,1170.40744,3008656476
0,975,974,128,3.67986989,0.109247484,1171.6517,3008656476
0,976,975,128,4.02728748,0.123275324,1038.32621,3008656476
0,977,976,128,3.84098077,0.109327097,1170.79849,3008656476
0,978,977,128,4.11526823,0.109384443,1170.18469,3008656476
0,979,978,128,3.93947554,0.109411267,1169.89779,3008656476
0,980,979,128,3.94929886,0.109300913,1171.07896,3008656476
0,981,980,128,3.37399507,0.109386844,1170.159,3008656476
0,982,981,128,3.73744035,0.109726196,1166.54003,3008656476
0,983,982,128,3.34959817,0.109295773,1171.13404,3008656476
0,984,983,128,3.38954735,0.10926607,1171.4524,3008656476
0,985,984,128,3.62131166,0.122426082,1045.52884,3008656476
0,986,985,128,3.54260826,0.109517359,1168.76449,3008656476
0,987,986,128,3.61307049,0.109299126,1171.09811,3008656476
0,988,987,128,3.27219296,0.109182651,1172.34743,3008656476
0,989,988,128,3.61677384,0.109265027,1171.46358,3008656476
0,990,989,128,3.96536517,0.109371466,1170.32353,3008656476
0,991,990,128,2.7619307,0.109218145,1171.96643,3008656476
0,992,991,128,3.12930155,0.10930544,1171.03046,3008656476
0,993,992,128,3.55188036,0.172416479,742.388435,3008656476
0,994,993,128,2.50231147,0.121120263,1056.80088,3008656476
0,995,994,128,2.98267913,0.109358165,1170.46587,3008656476
0,996,995,128,2.58335257,0.109423463,1169.7674,3008656476
0,997,996,128,3.48397827,0.10933645,1170.69834,3008656476
0,998,997,128,3.39401555,0.109389993,1170.12531,3008656476
0,999,998,128,3.21632552,0.109310714,1170.97396,3008656476
0,1000,999,128,3.36262512,0.109319505,1170.8798,3008656476
0,1001,1000,128,3.98672128,0.109267318,1171.43902,3008656476
0,1002,1001,128,3.26607919,0.109426063,1169.73961,3008656476
0,1003,1002,128,3.71143866,0.109249454,1171.63057,3008656476
0,1004,1003,128,3.56155968,0.122943704,1041.12692,3008656476
0,1005,1004,128,3.85894012,0.109247449,1171.65207,3008656476
0,1006,1005,128,3.37112379,0.109404309,1169.9722,3008656476
0,1007,1006,128,3.94254494,0.109317576,1170.90046,3008656476
0,1008,1007,128,3.86050463,0.10931437,1170.9348,3008656476
0,1009,1008,128,3.21959209,0.109359305,1170.45367,3008656476
0,1010,1009,128,3.2161026,0.10939425,1170.07978,3008656476
0,1011,1010,128,3.70053124,0.109303439,1171.0519,3008656476
0,1012,1011,128,2.80700588,0.109392292,1170.10072,3008656476
0,1013,1012,128,3.70917773,0.123335675,1037.81813,3008656476
0,1014,1013,128,3.07254171,0.10883943,1176.04438,3008656476
0,1015,1014,128,3.37477016,0.109300781,1171.08038,3008656476
0,1016,1015,128,2.3091948,0.109262543,1171.49022,3008656476
0,1017,1016,128,2.79196095,0.109419266,1169.81227,3008656476
0,1018,1017,128,2.95749378,0.109398471,1170.03463,3008656476
0,1019,1018,128,3.30278134,0.109357135,1170.4769,3008656476
0,1020,1019,128,3.93251967,0.109431036,1169.68645,3008656476
0,1021,1020,128,4.10789871,0.10932178,1170.85543,3008656476
0,1022,1021,128,3.77503181,0.109212698,1172.02489,3008656476
0,1023,1022,128,3.54618239,0.121209676,1056.0213,3008656476
0,1024,1023,128,4.742733,0.109260857,1171.50829,3008656476
0,1025,1024,128,4.20883369,0.109280803,1171.29447,3008656476
0,1026,1025,128,3.68915081,0.109359586,1170.45066,3008656476
0,1027,1026,128,3.31088161,0.109270513,1171.40477,3008656476
0,1028,1027,128,3.21121693,0.110046317,1163.1466,3008656476
0,1029,1028,128,3.24132681,0.109319003,1170.88518,3008656476
0,1030,1029,128,3.48468137,0.109421492,1169.78847,3008656476
0,1031,1030,128,2.92739367,0.109395809,1170.06311,3008656476
0,1032,1031,128,3.61904788,0.121423778,1054.15926,3008656476
0,1033,1032,128,3.06689095,0.109188207,1172.28777,3008656476
0,1034,1033,128,3.30827427,0.109485121,1169.10863,3008656476
0,1035,1034,128,3.77828717,0.109206481,1172.09161,3008656476
0,1036,1035,128,3.99071407,0.109392475,1170.09877,3008656476
0,1037,1036,128,3.94825411,0.109216962,1171.97913,3008656476
0,1038,1037,128,3.58107066,0.109340821,1170.65154,3008656476
0,1039,1038,128,3.51258564,0.109297164,1171.11913,3008656476
0,1040,1039,128,3.18104219,0.109379622,1170.23626,3008656476
0,1041,1040,128,3.71916318,0.109223009,1171.91424,3008656476
0,1042,1041,128,3.77712679,0.123469111,1036.69654,3008656476
0,1043,1042,128,3.34607053,0.109317378,1170.90258,3008656476
0,1044,1043,128,2.38466287,0.109224527,1171.89796,3008656476
0,1045,1044,128,2.79261279,0.109295479,1171.13719,3008656476
0,1046,1045,128,3.30584311,0.109290358,1171.19206,3008656476
0,1047,1046,128,3.31352568,0.109212515,1172.02685,3008656476
0,1048,1047,128,3.27500868,0.109252167,1171.60147,3008656476
0,1049,1048,128,3.93745136,0.109415221,1169.85552,3008656476
0,1050,1049,128,3.94485283,0.109290418,1171.19142,3008656476
0,1051,1050,128,4.23585939,0.122885293,1041.6218,3008656476
0,1052,1051,128,3.66692638,0.109576675,1168.13181,3008656476
0,1053,1052,128,3.723526,0.109364613,1170.39686,3008656476
0,1054,1053,128,3.40852213,0.109562791,1168.27984,3008656476
0,1055,1054,128,4.49523067,0.109206332,1172.09321,3008656476
0,1056,1055,128,3.70428109,0.109334226,1170.72215,3008656476
0,1057,1056,128,4.00793409,0.109270422,1171.40574,3008656476
0,1058,1057,128,4.13178158,0.109387547,1170.15148,3008656476
0,1059,1058,128,3.81639147,0.109308616,1170.99644,3008656476
0,1060,1059,128,3.2116282,0.109401185,1170.00561,3008656476
0,1061,1060,128,4.34107733,0.121452874,1053.90672,3008656476
0,1062,1061,128,4.69248819,0.109299472,1171.0944,3008656476
0,1063,1062,128,4.22027779,0.109402468,1169.99189,3008656476
0,1064,1063,128,3.90066099,0.109332714,1170.73834,3008656476
0,1065,1064,128,3.37136197,0.109297478,1171.11577,3008656476
0,1066,1065,128,3.62680864,0.109271426,1171.39498,3008656476
0,1067,1066,128,3.5838263,0.109425377,1169.74694,3008656476
0,1068,1067,128,3.70645189,0.10922736,1171.86756,3008656476
0,1069,1068,128,3.87499094,0.109251177,1171.61209,3008656476
0,1070,1069,128,4.17415285,0.121709515,1051.68441,3008656476
0,1071,1070,128,4.03426075,0.109451385,1169.46898,3008656476
0,1072,1071,128,4.24601984,0.109420438,1169.79974,3008656476
0,1073,1072,128,3.19824076,0.109269552,1171.41507,3008656476
0,1074,1073,128,4.03736305,0.109281863,1171.28311,3008656476
0,1075,1074,128,3.51730061,0.109190461,1172.26357,3008656476
0,1076,1075,128,3.52599525,0.109246586,1171.66133,3008656476
0,1077,1076,128,4.1672821,0.10938413,1170.18803,3008656476
0,1078,1077,128,3.78105664,0.10930461,1171.03936,3008656476
0,1079,1078,128,4.24729633,0.10917502,1172.42937,3008656476
0,1080,1079,128,4.6112318,0.123008434,1040.57905,3008656476
0,1081,1080,128,3.49419785,0.109308103,1171.00193,3008656476
0,1082,1081,128,2.24841022,0.109220403,1171.94221,3008656476
0,1083,1082,128,3.26370597,0.109211585,1172.03683,3008656476
0,1084,1083,128,3.62212348,0.109309095,1170.99131,3008656476
0,1085,1084,128,3.68086362,0.109072071,1173.53598,3008656476
0,1086,1085,128,3.7541852,0.109247286,1171.65382,3008656476
0,1087,1086,128,3.78830695,0.109340453,1170.65548,3008656476
0,1088,1087,128,3.29957938,0.109457282,1169.40598,3008656476
0,1089,1088,128,3.30713582,0.122349337,1046.18466,3008656476
0,1090,1089,128,3.32718849,0.10971423,1166.66726,3008656476
0,1091,1090,128,3.43246746,0.109327159,1170.79783,3008656476
0,1092,1091,128,3.74697137,0.109387323,1170.15388,3008656476
0,1093,1092,128,3.11706901,0.109437603,1169.61626,3008656476
0,1094,1093,128,4.14523411,0.109488368,1169.07396,3008656476
0,1095,1094,128,3.99323893,0.109197364,1172.18947,3008656476
0,1096,1095,128,3.64630604,0.109292576,1171.1683,3008656476
0,1097,1096,128,3.17753935,0.109369407,1170.34556,3008656476
0,1098,1097,128,3.35833526,0.109343954,1170.61799,3008656476
0,1099,1098,128,3.64197373,0.121468652,1053.76982,3008656476
0,1100,1099,128,4.06986094,0.109286634,1171.23197,3008656476
0,1101,1100,128,4.14918566,0.109360279,1170.44325,3008656476
0,1102,1101,128,3.75692129,0.109319134,1170.88377,3008656476
0,1103,1102,128,3.92614055,0.109404719,1169.96781,3008656476
0,1104,1103,128,3.80900168,0.109296542,1171.1258,3008656476
0,1105,1104,128,3.58964944,0.109280502,1171.29769,3008656476
0,1106,1105,128,4.4487114,0.109392383,1170.09975,3008656476
0,1107,1106,128,3.67897177,0.109282376,1171.27761,3008656476
0,1108,1107,128,3.58760619,0.120897284,1058.75,3008656476
0,1109,1108,128,3.3747654,0.109798578,1165.77102,3008656476
0,1110,1109,128,2.84521174,0.109249148,1171.63385,3008656476
0,1111,1110,128,3.40096831,0.109231931,1171.81852,3008656476
0,1112,1111,128,3.30240655,0.109265041,1171.46343,3008656476
0,1113,1112,128,3.27160907,0.109276582,1171.33971,3008656476
0,1114,1113,128,3.11946058,0.109329247,1170.77547,3008656476
0,1115,1114,128,3.97986341,0.109374691,1170.28902,3008656476
0,1116,1115,128,2.69482183,0.109211026,1172.04283,3008656476
0,1117,1116,128,2.95148396,0.109338248,1170.67908,3008656476
0,1118,1117,128,2.8453455,0.123971904,1032.49201,3008656476
0,1119,1118,128,3.43626094,0.109259808,1171.51954,3008656476
0,1120,1119,128,3.06805205,0.109225542,1171.88707,3008656476
0,1121,1120,128,2.34299588,0.109431384,1169.68273,3008656476
0,1122,1121,128,3.24079061,0.109297987,1171.11032,3008656476
0,1123,1122,128,3.27741003,0.109502106,1168.92729,3008656476
0,1124,1123,128,2.60403681,0.109479634,1169.16723,3008656476
0,1125,1124,128,2.18278146,0.109477405,1169.19103,3008656476
0,1126,1125,128,3.8373518,0.109629346,1167.57059,3008656476
0,1127,1126,128,2.88827848,0.122509029,1044.82095,3008656476
0,1128,1127,128,4.49743223,0.109278154,1171.32286,3008656476
0,1129,1128,128,3.95685577,0.109431751,1169.67881,3008656476
0,1130,1129,128,2.36204934,0.109269169,1171.41918,3008656476
0,1131,1130,128,3.54665875,0.109266217,1171.45082,3008656476
0,1132,1131,128,3.08781981,0.109418115,1169.82458,3008656476
0,1133,1132,128,3.00207233,0.109319863,1170.87596,3008656476
0,1134,1133,128,3.00493097,0.109453323,1169.44828,3008656476
0,1135,1134,128,4.10744858,0.109262004,1171.49599,3008656476
0,1136,1135,128,3.86659884,0.109364328,1170.39991,3008656476
0,1137,1136,128,3.43216014,0.121542608,1053.12863,3008656476
0,1138,1137,128,3.80083966,0.109359701,1170.44943,3008656476
0,1139,1138,128,3.33567357,0.109277063,1171.33456,3008656476
0,1140,1139,128,3.44764447,0.109388239,1170.14408,3008656476
0,1141,1140,128,3.4298377,0.109276299,1171.34274,3008656476
0,1142,1141,128,3.48756218,0.10946731,1169.29885,3008656476
0,1143,1142,128,3.51455116,0.109325926,1170.81103,3008656476
0,1144,1143,128,3.11290741,0.109224251,1171.90092,3008656476
0,1145,1144,128,3.6386447,0.10922346,1171.9094,3008656476
0,1146,1145,128,4.22929716,0.120833709,1059.30705,3008656476
0,1147,1146,128,4.36343956,0.109699549,1166.82339,3008656476
0,1148,1147,128,3.77546525,0.109254475,1171.57672,3008656476
0,1149,1148,128,4.22590828,0.109283624,1171.26423,3008656476
0,1150,1149,128,3.57675934,0.10930997,1170.98193,3008656476
0,1151,1150,128,3.82835913,0.109188364,1172.28609,3008656476
0,1152,1151,128,3.71296191,0.109368988,1170.35004,3008656476
0,1153,1152,128,4.12551308,0.109291328,1171.18167,3008656476
0,1154,1153,128,3.67636895,0.109181678,1172.35787,3008656476
0,1155,1154,128,3.58888888,0.109349624,1170.55729,3008656476
0,1156,1155,128,3.68136096,0.124071108,1031.66645,3008656476
0,1157,1156,128,3.76955962,0.109340417,1170.65586,3008656476
0,1158,1157,128,4.42852068,0.109317011,1170.90651,3008656476
0,1159,1158,128,3.80989361,0.109383523,1170.19453,3008656476
0,1160,1159,128,3.95665693,0.109485479,1169.10481,3008656476
0,1161,1160,128,3.95121121,0.109383752,1170.19208,3008656476
0,1162,1161,128,3.8118906,0.109311891,1170.96135,3008656476
0,1163,1162,128,3.0799799,0.109359789,1170.44849,3008656476
0,1164,1163,128,3.43865204,0.109396834,1170.05214,3008656476
0,1165,1164,128,3.59991693,0.12229916,1046.61389,3008656476
0,1166,1165,128,4.12544012,0.10766369,1188.88736,3008656476
0,1167,1166,128,3.76718426,0.109222554,1171.91913,3008656476
0,1168,1167,128,4.05067921,0.109250311,1171.62138,3008656476
0,1169,1168,128,3.47153282,0.109200822,1172.15235,3008656476
0,1170,1169,128,4.19910574,0.109216217,1171.98712,3008656476
0,1171,1170,128,3.55812907,0.109261135,1171.50531,3008656476
0,1172,1171,128,4.09049702,0.109184143,1172.33141,3008656476
0,1173,1172,128,3.51182604,0.109339061,1170.67038,3008656476
0,1174,1173,128,3.71807957,0.109404167,1169.97372,3008656476
0,1175,1174,128,4.26553488,0.121143301,1056.5999,3008656476
0,1176,1175,128,4.35017872,0.109368619,1170.35399,3008656476
0,1177,1176,128,4.09982634,0.109332907,1170.73627,3008656476
0,1178,1177,128,3.48156333,0.109348965,1170.56435,3008656476
0,1179,1178,128,3.57578468,0.109383334,1170.19655,3008656476
0,1180,1179,128,3.86421514,0.109273037,1171.37771,3008656476
0,1181,1180,128,4.10672188,0.109302342,1171.06365,3008656476
0,1182,1181,128,3.88695312,0.10931364,1170.94262,3008656476
0,1183,1182,128,4.08205128,0.109216976,1171.97898,3008656476
0,1184,1183,128,2.98635936,0.109258875,1171.52954,3008656476
0,1185,1184,128,3.27206087,0.111413584,1148.87248,3008656476
0,1186,1185,128,4.30180264,0.109298501,1171.10481,3008656476
0,1187,1186,128,4.0739994,0.109444129,1169.54652,3008656476
0,1188,1187,128,4.1539464,0.109281114,1171.29113,3008656476
0,1189,1188,128,3.98534417,0.109383581,1170.19391,3008656476
0,1190,1189,128,3.60286736,0.109308974,1170.9926,3008656476
0,1191,1190,128,3.3386054,0.109332277,1170.74302,3008656476
0,1192,1191,128,2.74997783,0.10922478,1171.89524,3008656476
0,1193,1192,128,3.59727836,0.109291422,1171.18066,3008656476
0,1194,1193,128,3.08073926,0.12095059,1058.28339,3008656476
0,1195,1194,128,2.4675281,0.109312244,1170.95757,3008656476
0,1196,1195,128,2.86684179,0.109420724,1169.79668,3008656476
0,1197,1196,128,2.59467936,0.109276744,1171.33797,3008656476
0,1198,1197,128,3.30059767,0.10909991,1173.23653,3008656476
0,1199,1198,128,2.97018099,0.109398638,1170.03285,3008656476
0,1200,1199,128,4.43906403,0.109172433,1172.45715,3008656476
0,1201,1200,128,3.59600663,0.109365913,1170.38295,3008656476
0,1202,1201,128,4.17152309,0.109274485,1171.36219,3008656476
0,1203,1202,128,3.56069946,0.109355798,1170.49121,3008656476
0,1204,1203,128,3.73208308,0.122173391,1047.69131,3008656476
0,1205,1204,128,3.73886943,0.109277978,1171.32475,3008656476
0,1206,1205,128,4.03760242,0.109248887,1171.63665,3008656476
0,1207,1206,128,3.76304269,0.109341288,1170.64654,3008656476
0,1208,1207,128,3.58773279,0.109332317,1170.74259,3008656476
0,1209,1208,128,3.7662251,0.109260084,1171.51658,3008656476
0,1210,1209,128,3.29934645,0.109283897,1171.26131,3008656476
0,1211,1210,128,3.8180716,0.109393281,1170.09014,3008656476
0,1212,1211,128,4.09765244,0.109378418,1170.24914,3008656476
0,1213,1212,128,3.86643076,0.123492508,1036.50013,3008656476
0,1214,1213,128,3.68993092,0.109319793,1170.87671,3008656476
0,1215,1214,128,4.45541334,0.109465647,1169.31662,3008656476
0,1216,1215,128,4.17369223,0.109416158,1169.8455,3008656476
0,1217,1216,128,3.46934891,0.109533176,1168.59571,3008656476
0,1218,1217,128,3.79927683,0.109483216,1169.12897,3008656476
0,1219,1218,128,3.5203054,0.109443446,1169.55382,3008656476
0,1220,1219,128,4.1021452,0.109409834,1169.91312,3008656476
0,1221,1220,128,3.05783987,0.109422187,1169.78104,3008656476
0,1222,1221,128,3.61265039,0.109449857,1169.48531,3008656476
0,1223,1222,128,3.55026364,0.121452033,1053.91402,3008656476
0,1224,1223,128,3.40027094,0.109414891,1169.85905,3008656476
0,1225,1224,128,4.30548143,0.109337265,1170.68961,3008656476
0,1226,1225,128,4.30697823,0.109287559,1171.22206,3008656476
0,1227,1226,128,3.66109371,0.109296656,1171.12458,3008656476
0,1228,1227,128,4.07550144,0.109385442,1170.174,3008656476
0,1229,1228,128,3.94702196,0.109302303,1171.06407,3008656476
0,1230,1229,128,3.72552252,0.109361226,1170.43311,3008656476
0,1231,1230,128,3.50097823,0.109349712,1170.55635,3008656476
0,1232,1231,128,3.11038232,0.121301255,1055.22404,3008656476
0,1233,1232,128,4.09533596,0.10929242,1171.16997,3008656476
0,1234,1233,128,4.09310865,0.109414874,1169.85923,3008656476
0,1235,1234,128,3.16826987,0.109351171,1170.54073,3008656476
0,1236,1235,128,3.85583782,0.109230082,1171.83836,3008656476
0,1237,1236,128,3.5996213,0.109467033,1169.30181,3008656476
0,1238,1237,128,3.87976074,0.109390307,1170.12196,3008656476
0,1239,1238,128,3.45782113,0.109197598,1172.18696,3008656476
0,1240,1239,128,3.88805413,0.109448831,1169.49627,3008656476
0,1241,1240,128,3.98288608,0.10941809,1169.82484,3008656476
0,1242,1241,128,2.48540831,0.123438484,1036.95376,3008656476
0,1243,1242,128,3.4999814,0.109282957,1171.27138,3008656476
0,1244,1243,128,2.60438013,0.109386547,1170.16218,3008656476
0,1245,1244,128,3.74245548,0.109254247,1171.57917,3008656476
0,1246,1245,128,2.93396664,0.109346547,1170.59023,3008656476
0,1247,1246,128,3.4106791,0.109293804,1171.15514,3008656476
0,1248,1247,128,3.09574461,0.109312526,1170.95455,3008656476
0,1249,1248,128,2.536901,0.109258652,1171.53194,3008656476
0,1250,1249,128,2.478302,0.109305149,1171.03358,3008656476
0,1251,1250,128,2.64302063,0.123575448,1035.80446,3008656476
0,1252,1251,128,2.19691658,0.109318752,1170.88786,3008656476
0,1253,1252,128,2.66173959,0.109234417,1171.79185,3008656476
0,1254,1253,128,2.84617043,0.109271341,1171.39589,3008656476
0,1255,1254,128,2.70570087,0.109439319,1169.59792,3008656476
0,1256,1255,128,2.30873632,0.109353816,1170.51242,3008656476
0,1257,1256,128,2.57748437,0.109384427,1170.18486,3008656476
0,1258,1257,128,2.86312437,0.109422284,1169.78001,3008656476
0,1259,1258,128,2.29812336,0.109284337,1171.25659,3008656476
0,1260,1259,128,3.5142684,0.109272831,1171.37992,3008656476
0,1261,1260,128,4.13216972,0.122149446,1047.89669,3008656476
0,1262,1261,128,3.95460963,0.109342032,1170.63857,3008656476
0,1263,1262,128,4.26884651,0.109241405,1171.7169,3008656476
0,1264,1263,128,4.22357368,0.109342081,1170.63805,3008656476
0,1265,1264,128,3.89808893,0.10925863,1171.53217,3008656476
0,1266,1265,128,3.85230875,0.109448926,1169.49526,3008656476
0,1267,1266,128,3.74862909,0.109401105,1170.00646,3008656476
0,1268,1267,128,3.97303247,0.109283597,1171.26452,3008656476
0,1269,1268,128,3.80068207,0.109241262,1171.71843,3008656476
0,1270,1269,128,3.79542279,0.121352134,1054.78162,3008656476
0,1271,1270,128,2.940521,0.109311757,1170.96279,3008656476
0,1272,1271,128,3.2732358,0.109288899,1171.2077,3008656476
0,1273,1272,128,3.14308786,0.109402644,1169.99,3008656476
0,1274,1273,128,4.60326672,0.109397714,1170.04273,3008656476
0,1275,1274,128,3.25045609,0.109305126,1171.03383,3008656476
0,1276,1275,128,4.21874285,0.109339833,1170.66211,3008656476
0,1277,1276,128,4.11082268,0.109481416,1169.1482,3008656476
0,1278,1277,128,3.06978226,0.109332388,1170.74183,3008656476
0,1279,1278,128,3.45887113,0.109311428,1170.96631,3008656476
0,1280,1279,128,3.92916822,0.122256108,1046.98245,3008656476
0,1281,1280,128,3.44845748,0.109335249,1170.71119,3008656476
0,1282,1281,128,3.91004801,0.109540356,1168.51912,3008656476
0,1283,1282,128,3.85532975,0.10933774,1170.68452,3008656476
0,1284,1283,128,2.87306428,0.109339961,1170.66074,3008656476
0,1285,1284,128,3.49226904,0.109291462,1171.18023,3008656476
0,1286,1285,128,3.8160758,0.109450437,1169.47911,3008656476
0,1287,1286,128,3.42572522,0.109328655,1170.7818,3008656476
0,1288,1287,128,3.74916887,0.109332879,1170.73657,3008656476
0,1289,1288,128,2.86667848,0.12335371,1037.6664,3008656476
0,1290,1289,128,3.53881407,0.109402015,1169.99673,3008656476
0,1291,1290,128,3.56420565,0.109429214,1169.70593,3008656476
0,1292,1291,128,3.32710576,0.10927462,1171.36074,3008656476
0,1293,1292,128,3.831393,0.109173497,1172.44573,3008656476
0,1294,1293,128,3.10020971,0.10942262,1169.77641,3008656476
0,1295,1294,128,3.06638193,0.109350105,1170.55215,3008656476
0,1296,1295,128,3.07053709,0.109229935,1171.83994,3008656476
0,1297,1296,128,3.34868097,0.109256534,1171.55465,3008656476
0,1298,1297,128,3.83598614,0.109249579,1171.62923,3008656476
0,1299,1298,128,3.52661991,0.122304337,1046.56959,3008656476
0,1300,1299,128,3.82560897,0.109305076,1171.03436,3008656476
0,1301,1300,128,3.4906044,0.109306258,1171.0217,3008656476
0,1302,1301,128,3.42552257,0.109336106,1170.70202,3008656476
0,1303,1302,128,3.15224004,0.109423241,1169.76977,3008656476
0,1304,1303,128,3.41102266,0.109373883,1170.29767,3008656476
0,1305,1304,128,3.45310116,0.109192978,1172.23655,3008656476
0,1306,1305,128,3.82929659,0.109395312,1170.06842,3008656476
0,1307,1306,128,3.46242809,0.109462288,1169.3525,3008656476
0,1308,1307,128,3.65787411,0.121237919,1055.7753,3008656476
0,1309,1308,128,2.77966714,0.109287173,1171.2262,3008656476
0,1310,1309,128,3.67163277,0.109262572,1171.4899,3008656476
0,1311,1310,128,4.51663685,0.109348972,1170.56427,3008656476
0,1312,1311,128,3.34043455,0.109267267,1171.43957,3008656476
0,1313,1312,128,3.12208009,0.109127206,1172.94307,3008656476
0,1314,1313,128,3.68227863,0.109401514,1170.00209,3008656476
0,1315,1314,128,3.07066846,0.109342866,1170.62964,3008656476
0,1316,1315,128,3.28395939,0.10936772,1170.36361,3008656476
0,1317,1316,128,3.52140665,0.109392783,1170.09547,3008656476
0,1318,1317,128,3.32358503,0.122584371,1044.17879,3008656476
0,1319,1318,128,2.49641991,0.109339878,1170.66163,3008656476
0,1320,1319,128,3.48411655,0.109329533,1170.7724,3008656476
0,1321,1320,128,3.92761397,0.109594149,1167.94556,3008656476
0,1322,1321,128,3.39251256,0.10939884,1170.03069,3008656476
0,1323,1322,128,3.90974283,0.109290814,1171.18718,3008656476
0,1324,1323,128,3.35427809,0.109356794,1170.48055,3008656476
0,1325,1324,128,2.35438371,0.109380213,1170.22994,3008656476
0,1326,1325,128,3.08272099,0.109340235,1170.65781,3008656476
0,1327,1326,128,4.22349167,0.123465774,1036.72456,3008656476
0,1328,1327,128,3.81412745,0.109337761,1170.6843,3008656476
0,1329,1328,128,3.80166125,0.109318818,1170.88716,3008656476
0,1330,1329,128,3.25369596,0.109130751,1172.90497,3008656476
0,1331,1330,128,3.52343726,0.109368735,1170.35275,3008656476
0,1332,1331,128,3.00102544,0.109328061,1170.78817,3008656476
0,1333,1332,128,3.57001162,0.10929705,1171.12036,3008656476
0,1334,1333,128,3.15910983,0.109292242,1171.17188,3008656476
0,1335,1334,128,4.02049351,0.109297313,1171.11754,3008656476
0,1336,1335,128,3.11575341,0.109319112,1170.88401,3008656476
0,1337,1336,128,3.83137655,0.122883916,1041.63347,3008656476
0,1338,1337,128,2.85931087,0.109305144,1171.03363,3008656476
0,1339,1338,128,3.17875767,0.109217241,1171.97614,3008656476
0,1340,1339,128,3.06436563,0.109237635,1171.75733,3008656476
0,1341,1340,128,3.06357741,0.109253156,1171.59087,3008656476
0,1342,1341,128,3.15110517,0.109369808,1170.34127,3008656476
0,1343,1342,128,3.31975675,0.109227556,1171.86546,3008656476
0,1344,1343,128,3.14971471,0.109392946,1170.09373,3008656476
0,1345,1344,128,3.76245594,0.109332155,1170.74432,3008656476
0,1346,1345,128,3.36563444,0.121101033,1056.96869,3008656476
0,1347,1346,128,3.83453679,0.10941723,1169.83404,3008656476
0,1348,1347,128,3.07106495,0.109356626,1170.48234,3008656476
0,1349,1348,128,2.61053181,0.10929041,1171.19151,3008656476
0,1350,1349,128,3.7500453,0.1092622,1171.49389,3008656476
0,1351,1350,128,3.63912344,0.109196157,1172.20242,3008656476
0,1352,1351,128,4.17782402,0.10933271,1170.73838,3008656476
0,1353,1352,128,3.21374083,0.109304316,1171.0425,3008656476
0,1354,1353,128,2.9483943,0.109298429,1171.10558,3008656476
0,1355,1354,128,3.65764022,0.109313819,1170.9407,3008656476
0,1356,1355,128,2.86044478,0.121414103,1054.24326,3008656476
0,1357,1356,128,3.08581996,0.109328586,1170.78254,3008656476
0,1358,1357,128,3.15104437,0.109339012,1170.6709,3008656476
0,1359,1358,128,3.88326931,0.109305957,1171.02492,3008656476
0,1360,1359,128,2.93152094,0.109368908,1170.3509,3008656476
0,1361,1360,128,2.94061065,0.109309555,1170.98638,3008656476
0,1362,1361,128,3.83274269,0.109310809,1170.97295,3008656476
0,1363,1362,128,3.94430733,0.109359603,1170.45048,3008656476
0,1364,1363,128,2.9686842,0.10930034,1171.0851,3008656476
0,1365,1364,128,2.88592362,0.12379847,1033.93846,3008656476
0,1366,1365,128,3.33159876,0.109683762,1166.99134,3008656476
0,1367,1366,128,4.10623264,0.109217038,1171.97831,3008656476
0,1368,1367,128,3.9249475,0.109437401,1169.61842,3008656476
0,1369,1368,128,3.38100934,0.109307221,1171.01138,3008656476
0,1370,1369,128,3.28439879,0.109360206,1170.44403,3008656476
0,1371,1370,128,3.22323823,0.109270484,1171.40508,3008656476
0,1372,1371,128,3.82203603,0.109345703,1170.59927,3008656476
0,1373,1372,128,3.31816912,0.109305757,1171.02707,3008656476
0,1374,1373,128,4.33900499,0.109391259,1170.11177,3008656476
0,1375,1374,128,4.36521578,0.123517459,1036.29075,3008656476
0,1376,1375,128,4.21263695,0.109173358,1172.44722,3008656476
0,1377,1376,128,4.17816019,0.109222432,1171.92043,3008656476
0,1378,1377,128,3.72222614,0.109291585,1171.17892,3008656476
0,1379,1378,128,2.8877883,0.109249523,1171.62983,3008656476
0,1380,1379,128,3.31042886,0.109339125,1170.66969,3008656476
0,1381,1380,128,3.64431596,0.109353618,1170.51454,3008656476
0,1382,1381,128,3.03355598,0.109185959,1172.31191,3008656476
0,1383,1382,128,3.41600156,0.109312116,1170.95894,3008656476
0,1384,1383,128,3.26264739,0.121290178,1055.32041,3008656476
0,1385,1384,128,2.86172104,0.109733719,1166.46006,3008656476
0,1386,1385,128,3.46348095,0.109313499,1170.94413,3008656476
0,1387,1386,128,2.30300331,0.109233033,1171.8067,3008656476
0,1388,1387,128,3.11484313,0.109415067,1169.85716,3008656476
0,1389,1388,128,3.66128802,0.109267982,1171.4319,3008656476
0,1390,1389,128,3.05350947,0.109340573,1170.65419,3008656476
0,1391,1390,128,2.89543152,0.1092112,1172.04096,3008656476
0,1392,1391,128,2.84944844,0.109385412,1170.17432,3008656476
0,1393,1392,128,3.05930257,0.109306876,1171.01508,3008656476
0,1394,1393,128,3.44262886,0.121310751,1055.14144,3008656476
0,1395,1394,128,3.98424768,0.109248951,1171.63596,3008656476
0,1396,1395,128,3.3619678,0.109470162,1169.26839,3008656476
0,1397,1396,128,3.27595425,0.109330392,1170.7632,3008656476
0,1398,1397,128,4.35811424,0.109574443,1168.15561,3008656476
0,1399,1398,128,3.21648908,0.109520037,1168.73591,3008656476
0,1400,1399,128,3.75579572,0.109480372,1169.15934,3008656476
0,1401,1400,128,3.96280646,0.109411532,1169.89496,3008656476
0,1402,1401,128,3.99277925,0.109488885,1169.06844,3008656476
0,1403,1402,128,3.73689651,0.122199919,1047.46387,3008656476
0,1404,1403,128,3.85118008,0.109739079,1166.40308,3008656476
0,1405,1404,128,2.69830966,0.109201456,1172.14554,3008656476
0,1406,1405,128,3.39369202,0.109348179,1170.57276,3008656476
0,1407,1406,128,4.71667099,0.109375929,1170.27577,3008656476
0,1408,1407,128,4.33351851,0.109327455,1170.79466,3008656476
0,1409,1408,128,4.68775749,0.109270973,1171.39984,3008656476
0,1410,1409,128,4.59637117,0.109245969,1171.66795,3008656476
0,1411,1410,128,3.87613368,0.109352631,1170.52511,3008656476
0,1412,1411,128,4.8882184,0.109361193,1170.43346,3008656476
0,1413,1412,128,4.42087698,0.124802761,1025.61834,3008656476
0,1414,1413,128,4.50026751,0.110050635,1163.10097,3008656476
0,1415,1414,128,4.14845753,0.109287495,1171.22275,3008656476
0,1416,1415,128,4.1888442,0.109444039,1169.54748,3008656476
0,1417,1416,128,4.00882626,0.109222552,1171.91915,3008656476
0,1418,1417,128,4.17240763,0.10913846,1172.82212,3008656476
0,1419,1418,128,4.06095409,0.109194367,1172.22164,3008656476
0,1420,1419,128,4.3794632,0.109130519,1172.90746,3008656476
0,1421,1420,128,4.11499119,0.109319182,1170.88326,3008656476
0,1422,1421,128,3.75864482,0.12280733,1042.28306,3008656476
0,1423,1422,128,4.52555084,0.109367869,1170.36202,3008656476
0,1424,1423,128,3.83583474,0.109302908,1171.05759,3008656476
0,1425,1424,128,4.23411512,0.109255326,1171.5676,3008656476
0,1426,1425,128,5.01933384,0.109374416,1170.29196,3008656476
0,1427,1426,128,3.80580044,0.109825361,1165.48672,3008656476
0,1428,1427,128,4.15118694,0.109421707,1169.78617,3008656476
0,1429,1428,128,3.72966242,0.109368653,1170.35363,3008656476
0,1430,1429,128,4.58054018,0.109442791,1169.56082,3008656476
0,1431,1430,128,4.1022296,0.109299275,1171.09651,3008656476
0,1432,1431,128,4.30184412,0.121866949,1050.32579,3008656476
0,1433,1432,128,4.65328979,0.109333175,1170.7334,3008656476
0,1434,1433,128,3.55258417,0.109373814,1170.2984,3008656476
0,1435,1434,128,3.73491645,0.109311236,1170.96837,3008656476
0,1436,1435,128,4.28194141,0.109345047,1170.60629,3008656476
0,1437,1436,128,3.16313696,0.109268179,1171.42979,3008656476
0,1438,1437,128,4.26057959,0.109347461,1170.58045,3008656476
0,1439,1438,128,3.95447803,0.109319624,1170.87852,3008656476
0,1440,1439,128,3.87864804,0.109247818,1171.64811,3008656476
0,1441,1440,128,4.61960411,0.121182195,1056.26078,3008656476
0,1442,1441,128,4.53467035,0.109513404,1168.8067,3008656476
0,1443,1442,128,4.52760649,0.109339506,1170.66561,3008656476
0,1444,1443,128,3.33902955,0.109330842,1170.75838,3008656476
0,1445,1444,128,4.46497059,0.109234161,1171.7946,3008656476
0,1446,1445,128,4.13994837,0.109327736,1170.79165,3008656476
0,1447,1446,128,4.33134842,0.109400625,1170.0116,3008656476
0,1448,1447,128,3.83838725,0.109412306,1169.88669,3008656476
0,1449,1448,128,3.3302021,0.109273475,1171.37302,3008656476
0,1450,1449,128,4.67238426,0.109343715,1170.62055,3008656476
0,1451,1450,128,3.36278367,0.123464671,1036.73382,3008656476
0,1452,1451,128,3.8052454,0.10931425,1170.93609,3008656476
0,1453,1452,128,3.78347993,0.109320635,1170.8677,3008656476
0,1454,1453,128,4.10007429,0.109404689,1169.96814,3008656476
0,1455,1454,128,3.72720027,0.109378295,1170.25046,3008656476
0,1456,1455,128,2.79451275,0.109245068,1171.67761,3008656476
0,1457,1456,128,4.30120802,0.109333295,1170.73212,3008656476
0,1458,1457,128,4.18331909,0.109224168,1171.90181,3008656476
0,1459,1458,128,4.22630262,0.109253497,1171.58721,3008656476
0,1460,1459,128,4.14026976,0.120988201,1057.9544,3008656476
0,1461,1460,128,3.5963006,0.107594347,1189.65358,3008656476
0,1462,1461,128,2.61412621,0.10934733,1170.58185,3008656476
0,1463,1462,128,3.15213776,0.109299744,1171.09149,3008656476
0,1464,1463,128,3.84960151,0.109282695,1171.27419,3008656476
0,1465,1464,128,2.67422938,0.109343079,1170.62736,3008656476
0,1466,1465,128,3.63784862,0.109276021,1171.34572,3008656476
0,1467,1466,128,4.53441238,0.109414282,1169.86556,3008656476
0,1468,1467,128,3.85114646,0.109328326,1170.78533,3008656476
0,1469,1468,128,3.35715175,0.109332006,1170.74592,3008656476
0,1470,1469,128,4.58368969,0.12291894,1041.33667,3008656476
0,1471,1470,128,3.44027519,0.109382732,1170.20299,3008656476
0,1472,1471,128,4.6139307,0.109340873,1170.65098,3008656476
0,1473,1472,128,3.98489571,0.109403134,1169.98476,3008656476
0,1474,1473,128,4.40275097,0.109357544,1170.47252,3008656476
0,1475,1474,128,3.52302098,0.109320203,1170.87232,3008656476
0,1476,1475,128,3.47065353,0.10926943,1171.41638,3008656476
0,1477,1476,128,3.6416409,0.109374707,1170.28885,3008656476
0,1478,1477,128,4.11222124,0.109497376,1168.97778,3008656476
0,1479,1478,128,3.96844792,0.109332062,1170.74532,3008656476
0,1480,1479,128,4.24463797,0.111853891,1144.35,3008656476
0,1481,1480,128,3.88112807,0.10929762,1171.11425,3008656476
0,1482,1481,128,4.4405818,0.109350574,1170.54712,3008656476
0,1483,1482,128,3.6551373,0.10941472,1169.86087,3008656476
0,1484,1483,128,3.53413916,0.109410932,1169.90138,3008656476
0,1485,1484,128,3.85976553,0.10935652,1170.48348,3008656476
0,1486,1485,128,4.14060068,0.109264283,1171.47156,3008656476
0,1487,1486,128,4.17531157,0.109268985,1171.42115,3008656476
0,1488,1487,128,4.24707794,0.109415356,1169.85407,3008656476
0,1489,1488,128,3.65133953,0.121421892,1054.17563,3008656476
0,1490,1489,128,3.38694549,0.109302739,1171.0594,3008656476
0,1491,1490,128,3.75632763,0.109297244,1171.11828,3008656476
0,1492,1491,128,3.81934071,0.109291127,1171.18382,3008656476
0,1493,1492,128,3.85082531,0.109256399,1171.55609,3008656476
0,1494,1493,128,3.72982049,0.109374735,1170.28855,3008656476
0,1495,1494,128,2.77465463,0.109353372,1170.51717,3008656476
0,1496,1495,128,3.38683558,0.109189058,1172.27864,3008656476
0,1497,1496,128,3.54731131,0.109349704,1170.55644,3008656476
0,1498,1497,128,3.60504985,0.109318467,1170.89092,3008656476
0,1499,1498,128,3.82570481,0.120090554,1065.86235,3008656476
0,1500,1499,128,3.35234118,0.109344375,1170.61349,3008656476
0,1501,1500,128,3.95281529,0.109346082,1170.59521,3008656476
0,1502,1501,128,4.37537575,0.109282107,1171.28049,3008656476
0,1503,1502,128,3.34338284,0.109474033,1169.22704,3008656476
0,1504,1503,128,3.7968235,0.109279154,1171.31214,3008656476
0,1505,1504,128,3.5197885,0.109262062,1171.49537,3008656476
0,1506,1505,128,3.90924597,0.109477999,1169.18469,3008656476
0,1507,1506,128,3.24524307,0.109279165,1171.31202,3008656476
0,1508,1507,128,3.82378507,0.124752581,1026.03088,3008656476
0,1509,1508,128,3.44876432,0.109279775,1171.30549,3008656476
0,1510,1509,128,4.21921444,0.109388093,1170.14564,3008656476
0,1511,1510,128,4.57894135,0.109416621,1169.84055,3008656476
0,1512,1511,128,3.59840465,0.109345077,1170.60597,3008656476
0,1513,1512,128,4.1131506,0.109329045,1170.77763,3008656476
0,1514,1513,128,4.26740599,0.109300051,1171.0882,3008656476
0,1515,1514,128,4.67977285,0.109434247,1169.65213,3008656476
0,1516,1515,128,3.68342113,0.10941791,1169.82677,3008656476
0,1517,1516,128,4.31786108,0.109413801,1169.8707,3008656476
0,1518,1517,128,4.2715292,0.120912906,1058.61321,3008656476
0,1519,1518,128,4.29902792,0.109474563,1169.22138,3008656476
0,1520,1519,128,3.35329103,0.109278092,1171.32353,3008656476
0,1521,1520,128,4.01773643,0.109263307,1171.48202,3008656476
0,1522,1521,128,3.30464268,0.109266099,1171.45209,3008656476
0,1523,1522,128,4.30641651,0.109270981,1171.39975,3008656476
0,1524,1523,128,4.56564713,0.109297067,1171.12017,3008656476
0,1525,1524,128,4.32934809,0.109177017,1172.40793,3008656476
0,1526,1525,128,3.6393981,0.109325027,1170.82066,3008656476
0,1527,1526,128,3.09419227,0.121299042,1055.24329,3008656476
0,1528,1527,128,2.68274856,0.109337206,1170.69024,3008656476
0,1529,1528,128,3.63893056,0.109298151,1171.10856,3008656476
0,1530,1529,128,4.47747707,0.109325707,1170.81338,3008656476
0,1531,1530,128,4.41336632,0.109413458,1169.87437,3008656476
0,1532,1531,128,5.04836226,0.165070536,775.426088,3008656476
0,1533,1532,128,4.78978777,0.109478992,1169.17408,3008656476
0,1534,1533,128,3.9397583,0.109134346,1172.86633,3008656476
0,1535,1534,128,4.07771397,0.108970991,1174.62454,3008656476
0,1536,1535,128,3.29503036,0.123397468,1037.29843,3008656476
0,1537,1536,128,3.6792593,0.108953318,1174.81507,3008656476
0,1538,1537,128,3.8699739,0.108983252,1174.49239,3008656476
0,1539,1538,128,4.07507515,0.108977698,1174.55225,3008656476
0,1540,1539,128,3.55532718,0.109016325,1174.13608,3008656476
0,1541,1540,128,4.57149553,0.109015406,1174.14597,3008656476
0,1542,1541,128,4.55731392,0.109071281,1173.54448,3008656476
0,1543,1542,128,4.43666553,0.108938657,1174.97318,3008656476
0,1544,1543,128,4.26098871,0.109031902,1173.96833,3008656476
0,1545,1544,128,5.0628376,0.109016747,1174.13153,3008656476
0,1546,1545,128,4.39192295,0.122390477,1045.833,3008656476
0,1547,1546,128,3.65424013,0.109016466,1174.13456,3008656476
0,1548,1547,128,4.32752275,0.108997827,1174.33534,3008656476
0,1549,1548,128,4.19388151,0.108998477,1174.32833,3008656476
0,1550,1549,128,4.43162537,0.108899885,1175.39151,3008656476
0,1551,1550,128,4.02848005,0.109001638,1174.29428,3008656476
0,1552,1551,128,3.74950624,0.109150423,1172.69358,3008656476
0,1553,1552,128,4.40008831,0.108957605,1174.76885,3008656476
0,1554,1553,128,4.99739504,0.109150807,1172.68945,3008656476
0,1555,1554,128,4.89474487,0.120887701,1058.83393,3008656476
0,1556,1555,128,3.77085662,0.108962926,1174.71148,3008656476
0,1557,1556,128,4.23368931,0.109020433,1174.09183,3008656476
0,1558,1557,128,4.58779812,0.108987406,1174.44762,3008656476
0,1559,1558,128,4.11190748,0.109036434,1173.91954,3008656476
0,1560,1559,128,3.74847388,0.108925012,1175.12037,3008656476
0,1561,1560,128,3.84527731,0.109078134,1173.47075,3008656476
0,1562,1561,128,4.48521185,0.109038468,1173.89764,3008656476
0,1563,1562,128,4.74197626,0.109064344,1173.61913,3008656476
0,1564,1563,128,5.07120132,0.109044685,1173.83071,3008656476
0,1565,1564,128,4.54246235,0.123673178,1034.98594,3008656476
0,1566,1565,128,4.38658142,0.109079265,1173.45859,3008656476
0,1567,1566,128,3.52834511,0.109050824,1173.76463,3008656476
0,1568,1567,128,3.17027617,0.108992117,1174.39686,3008656476
0,1569,1568,128,2.53090286,0.108911906,1175.26178,3008656476
0,1570,1569,128,3.58996797,0.10911608,1173.06267,3008656476
0,1571,1570,128,3.97539616,0.10891584,1175.21933,3008656476
0,1572,1571,128,4.13167715,0.10900545,1174.25321,3008656476
0,1573,1572,128,3.03993106,0.108856954,1175.85506,3008656476
0,1574,1573,128,3.78293276,0.122585879,1044.16594,3008656476
0,1575,1574,128,4.6493454,0.109217923,1171.96882,3008656476
0,1576,1575,128,4.6010704,0.108919094,1175.18422,3008656476
0,1577,1576,128,4.19122458,0.108961026,1174.73196,3008656476
0,1578,1577,128,4.34942961,0.10889974,1175.39307,3008656476
0,1579,1578,128,3.60393214,0.108913028,1175.24967,3008656476
0,1580,1579,128,4.10164595,0.108821589,1176.23719,3008656476
0,1581,1580,128,4.304533,0.10897366,1174.59577,3008656476
0,1582,1581,128,3.85917687,0.109187356,1172.29691,3008656476
0,1583,1582,128,4.05441141,0.109160906,1172.58096,3008656476
0,1584,1583,128,4.01226568,0.121478088,1053.68797,3008656476
0,1585,1584,128,4.30777788,0.109054404,1173.7261,3008656476
0,1586,1585,128,4.30242634,0.109080326,1173.44717,3008656476
0,1587,1586,128,4.67810059,0.10888772,1175.52282,3008656476
0,1588,1587,128,3.65610099,0.10896845,1174.65193,3008656476
0,1589,1588,128,3.79287505,0.108957274,1174.77242,3008656476
0,1590,1589,128,4.02482224,0.109029583,1173.9933,3008656476
0,1591,1590,128,3.610955,0.10900235,1174.28661,3008656476
0,1592,1591,128,3.49509454,0.108892832,1175.46764,3008656476
0,1593,1592,128,3.83311605,0.120813787,1059.48173,3008656476
0,1594,1593,128,4.60085249,0.109125288,1172.96369,3008656476
0,1595,1594,128,4.64627934,0.108913326,1175.24645,3008656476
0,1596,1595,128,4.20604229,0.108845709,1175.97654,3008656476
0,1597,1596,128,3.70163393,0.108943428,1174.92172,3008656476
0,1598,1597,128,4.34158754,0.108904904,1175.33734,3008656476
0,1599,1598,128,3.73890162,0.108935585,1175.00631,3008656476
0,1600,1599,128,4.08390903,0.108993513,1174.38182,3008656476
0,1601,1600,128,3.24654579,0.108919568,1175.1791,3008656476
0,1602,1601,128,3.48913312,0.108911988,1175.26089,3008656476
0,1603,1602,128,3.6984148,0.123194675,1039.00595,3008656476
0,1604,1603,128,3.63669634,0.10894866,1174.8653,3008656476
0,1605,1604,128,3.17414379,0.108968064,1174.65609,3008656476
0,1606,1605,128,2.73328805,0.109016243,1174.13696,3008656476
0,1607,1606,128,2.59715056,0.10889332,1175.46237,3008656476
0,1608,1607,128,4.12955761,0.108977916,1174.5499,3008656476
0,1609,1608,128,3.99975514,0.108976436,1174.56585,3008656476
0,1610,1609,128,3.84301043,0.108990536,1174.4139,3008656476
0,1611,1610,128,3.71847057,0.108980104,1174.52632,3008656476
0,1612,1611,128,4.29277754,0.125376389,1020.92588,3008656476
0,1613,1612,128,4.19052172,0.099530671,1286.03574,3008656476
0,1614,1613,128,3.57061458,0.108833397,1176.10957,3008656476
0,1615,1614,128,3.32820296,0.108846686,1175.96598,3008656476
0,1616,1615,128,3.27985573,0.108827971,1176.16821,3008656476
0,1617,1616,128,3.66100335,0.109060278,1173.66288,3008656476
0,1618,1617,128,3.76649547,0.108957746,1174.76733,3008656476
0,1619,1618,128,2.54861164,0.108919873,1175.17581,3008656476
0,1620,1619,128,3.98197603,0.108900495,1175.38492,3008656476
0,1621,1620,128,4.58492279,0.108931515,1175.05021,3008656476
0,1622,1621,128,4.37284613,0.122185996,1047.58323,3008656476
0,1623,1622,128,3.61584878,0.108856824,1175.85646,3008656476
0,1624,1623,128,4.14307499,0.108837065,1176.06994,3008656476
0,1625,1624,128,3.73976207,0.109006943,1174.23713,3008656476
0,1626,1625,128,3.42748928,0.108872633,1175.68572,3008656476
0,1627,1626,128,4.10237408,0.108717573,1177.36256,3008656476
0,1628,1627,128,4.00478458,0.108977815,1174.55099,3008656476
0,1629,1628,128,3.78790021,0.109117257,1173.05002,3008656476
0,1630,1629,128,3.41229939,0.108949234,1174.85911,3008656476
0,1631,1630,128,3.94977212,0.108947152,1174.88156,3008656476
0,1632,1631,128,3.66595316,0.11825177,1082.43623,3008656476
0,1633,1632,128,4.05917501,0.108909454,1175.28824,3008656476
0,1634,1633,128,3.70304632,0.108888532,1175.51406,3008656476
0,1635,1634,128,3.75178409,0.108916543,1175.21174,3008656476
0,1636,1635,128,3.64325261,0.108930505,1175.06111,3008656476
0,1637,1636,128,3.4031446,0.1090236,1174.05773,3008656476
0,1638,1637,128,3.66202259,0.108883055,1175.57319,3008656476
0,1639,1638,128,4.84065104,0.108970984,1174.62461,3008656476
0,1640,1639,128,4.80511379,0.108971667,1174.61725,3008656476
0,1641,1640,128,3.8651495,0.123216548,1038.82151,3008656476
0,1642,1641,128,2.71805692,0.109031451,1173.97319,3008656476
0,1643,1642,128,4.05742741,0.109313626,1170.94277,3008656476
0,1644,1643,128,3.23864245,0.109906628,1164.62494,3008656476
0,1645,1644,128,3.3372674,0.109219843,1171.94821,3008656476
0,1646,1645,128,2.52091217,0.109426595,1169.73392,3008656476
0,1647,1646,128,4.52609444,0.109479536,1169.16827,3008656476
0,1648,1647,128,3.80637288,0.10956345,1168.27281,3008656476
0,1649,1648,128,3.37296534,0.109434367,1169.65085,3008656476
0,1650,1649,128,3.12468529,0.109463219,1169.34255,3008656476
0,1651,1650,128,3.40478373,0.124698683,1026.47435,3008656476
0,1652,1651,128,3.73922205,0.109246916,1171.65779,3008656476
0,1653,1652,128,4.17110443,0.109142655,1172.77704,3008656476
0,1654,1653,128,3.11260772,0.109327029,1170.79922,3008656476
0,1655,1654,128,3.41207767,0.109377006,1170.26425,3008656476
0,1656,1655,128,3.29519677,0.109311613,1170.96433,3008656476
0,1657,1656,128,4.06674671,0.109084268,1173.40477,3008656476
0,1658,1657,128,4.08736372,0.109322368,1170.84913,3008656476
0,1659,1658,128,4.37673521,0.109217873,1171.96935,3008656476
0,1660,1659,128,4.16273737,0.122931432,1041.23085,3008656476
0,1661,1660,128,2.82345605,0.109163845,1172.54939,3008656476
0,1662,1661,128,3.11265421,0.109594394,1167.94295,3008656476
0,1663,1662,128,3.52784085,0.109247078,1171.65605,3008656476
0,1664,1663,128,4.14107656,0.109286346,1171.23506,3008656476
0,1665,1664,128,4.11770439,0.109199665,1172.16477,3008656476
0,1666,1665,128,3.72953248,0.109251254,1171.61127,3008656476
0,1667,1666,128,4.00320578,0.10934052,1170.65476,3008656476
0,1668,1667,128,4.17879438,0.109213448,1172.01684,3008656476
0,1669,1668,128,4.25560713,0.109104996,1173.18184,3008656476
0,1670,1669,128,3.90060902,0.121457966,1053.86254,3008656476
0,1671,1670,128,4.07579947,0.109234159,1171.79462,3008656476
0,1672,1671,128,2.94101286,0.109203945,1172.11883,3008656476
0,1673,1672,128,3.54790592,0.109295039,1171.1419,3008656476
0,1674,1673,128,3.68148565,0.109413739,1169.87136,3008656476
0,1675,1674,128,4.10233212,0.109357823,1170.46953,3008656476
0,1676,1675,128,3.7175765,0.109411449,1169.89585,3008656476
0,1677,1676,128,3.58832455,0.109536488,1168.56038,3008656476
0,1678,1677,128,4.32825947,0.109349505,1170.55857,3008656476
0,1679,1678,128,4.18143702,0.121875632,1050.25096,3008656476
0,1680,1679,128,4.2253561,0.109603561,1167.84527,3008656476
0,1681,1680,128,3.95771337,0.109187478,1172.2956,3008656476
0,1682,1681,128,4.41207027,0.109151861,1172.67813,3008656476
0,1683,1682,128,4.0409441,0.10926057,1171.51137,3008656476
0,1684,1683,128,3.96169066,0.109225642,1171.88599,3008656476
0,1685,1684,128,3.67426324,0.109196448,1172.1993,3008656476
0,1686,1685,128,2.93020868,0.109181569,1172.35905,3008656476
0,1687,1686,128,4.05035925,0.109227363,1171.86753,3008656476
0,1688,1687,128,3.46278715,0.109257381,1171.54556,3008656476
0,1689,1688,128,3.55540085,0.123388058,1037.37754,3008656476
0,1690,1689,128,4.09223127,0.109258154,1171.53727,3008656476
0,1691,1690,128,4.29531956,0.109329597,1170.77172,3008656476
0,1692,1691,128,4.18595648,0.109251582,1171.60775,3008656476
0,1693,1692,128,3.99543667,0.109268046,1171.43122,3008656476
0,1694,1693,128,4.44980717,0.109169402,1172.48971,3008656476
0,1695,1694,128,4.4003706,0.109241446,1171.71646,3008656476
0,1696,1695,128,4.19922686,0.109355284,1170.49671,3008656476
0,1697,1696,128,4.21872997,0.109271456,1171.39466,3008656476
0,1698,1697,128,4.23085499,0.121617955,1052.47617,3008656476
0,1699,1698,128,4.70372391,0.10919117,1172.25596,3008656476
0,1700,1699,128,4.27356482,0.109193867,1172.22701,3008656476
0,1701,1700,128,4.24554539,0.109171836,1172.46356,3008656476
0,1702,1701,128,4.02365112,0.109319519,1170.87965,3008656476
0,1703,1702,128,2.82470274,0.109198895,1172.17303,3008656476
0,1704,1703,128,3.03525472,0.109283104,1171.26981,3008656476
0,1705,1704,128,2.82015848,0.109328481,1170.78367,3008656476
0,1706,1705,128,3.17760205,0.109349495,1170.55868,3008656476
0,1707,1706,128,3.61519933,0.109250352,1171.62094,3008656476
0,1708,1707,128,3.62844563,0.121688476,1051.86624,3008656476
0,1709,1708,128,4.53019285,0.109138898,1172.81741,3008656476
0,1710,1709,128,3.63494229,0.109294572,1171.14691,3008656476
0,1711,1710,128,4.23458099,0.109229082,1171.84909,3008656476
0,1712,1711,128,3.77599597,0.109261798,1171.4982,3008656476
0,1713,1712,128,3.23378491,0.109339011,1170.67091,3008656476
0,1714,1713,128,3.59089947,0.109182886,1172.3449,3008656476
0,1715,1714,128,3.8806808,0.109369488,1170.34469,3008656476
0,1716,1715,128,3.43548751,0.109639093,1167.46679,3008656476
0,1717,1716,128,3.55021048,0.124192957,1030.65426,3008656476
0,1718,1717,128,4.39196157,0.108914669,1175.23196,3008656476
0,1719,1718,128,3.14361644,0.109153468,1172.66086,3008656476
0,1720,1719,128,3.89160228,0.109231546,1171.82265,3008656476
0,1721,1720,128,4.50813675,0.109254021,1171.58159,3008656476
0,1722,1721,128,3.67654037,0.109146875,1172.7317,3008656476
0,1723,1722,128,4.07415342,0.109218538,1171.96222,3008656476
0,1724,1723,128,4.24566746,0.109279918,1171.30395,3008656476
0,1725,1724,128,4.59190035,0.109215552,1171.99426,3008656476
0,1726,1725,128,3.99739075,0.109316851,1170.90823,3008656476
0,1727,1726,128,4.73643017,0.123486361,1036.55172,3008656476
0,1728,1727,128,4.1195426,0.109163967,1172.54808,3008656476
0,1729,1728,128,3.88555264,0.109121942,1172.99965,3008656476
0,1730,1729,128,4.11523151,0.109176036,1172.41846,3008656476
0,1731,1730,128,3.23707724,0.10919069,1172.26111,3008656476
0,1732,1731,128,3.68567252,0.10921054,1172.04805,3008656476
0,1733,1732,128,3.89501309,0.109213535,1172.0159,3008656476
0,1734,1733,128,3.41889739,0.109660147,1167.24264,3008656476
0,1735,1734,128,4.16692877,0.109151493,1172.68208,3008656476
0,1736,1735,128,3.07412744,0.12120991,1056.01926,3008656476
0,1737,1736,128,4.06511307,0.109337902,1170.68279,3008656476
0,1738,1737,128,3.02425694,0.109183829,1172.33478,3008656476
0,1739,1738,128,3.42478848,0.108251386,1182.4329,3008656476
0,1740,1739,128,3.00856352,0.109428112,1169.7177,3008656476
0,1741,1740,128,3.14704013,0.10937963,1170.23618,3008656476
0,1742,1741,128,3.39228368,0.10942116,1169.79202,3008656476
0,1743,1742,128,3.76053715,0.10942556,1169.74498,3008656476
0,1744,1743,128,3.85874367,0.109576768,1168.13082,3008656476
0,1745,1744,128,4.50294065,0.109527155,1168.65995,3008656476
0,1746,1745,128,2.80338383,0.121114704,1056.84938,3008656476
0,1747,1746,128,4.38532162,0.109320017,1170.87431,3008656476
0,1748,1747,128,4.66381121,0.109512417,1168.81723,3008656476
0,1749,1748,128,3.71386933,0.109196834,1172.19516,3008656476
0,1750,1749,128,4.3319459,0.10930499,1171.03528,3008656476
0,1751,1750,128,3.49507618,0.109165633,1172.53019,3008656476
0,1752,1751,128,4.30355549,0.109154089,1172.65419,3008656476
0,1753,1752,128,3.62325311,0.109223589,1171.90802,3008656476
0,1754,1753,128,4.48894405,0.109224222,1171.90123,3008656476
0,1755,1754,128,4.12680578,0.123357626,1037.63346,3008656476
0,1756,1755,128,4.52362347,0.109627555,1167.58966,3008656476
0,1757,1756,128,4.02487707,0.109155096,1172.64337,3008656476
0,1758,1757,128,3.42620277,0.109219617,1171.95064,3008656476
0,1759,1758,128,3.43331122,0.10918622,1172.30911,3008656476
0,1760,1759,128,3.91972899,0.109180185,1172.37391,3008656476
0,1761,1760,128,4.36055231,0.109243423,1171.69525,3008656476
0,1762,1761,128,3.282511,0.109296893,1171.12204,3008656476
0,1763,1762,128,4.69691944,0.109250064,1171.62403,3008656476
0,1764,1763,128,3.57273364,0.109307854,1171.0046,3008656476
0,1765,1764,128,3.55554938,0.123225915,1038.74254,3008656476
0,1766,1765,128,2.79133058,0.109258677,1171.53167,3008656476
0,1767,1766,128,3.98589063,0.10923613,1171.77348,3008656476
0,1768,1767,128,4.23345566,0.10922718,1171.86949,3008656476
0,1769,1768,128,3.66404772,0.109294324,1171.14956,3008656476
0,1770,1769,128,3.46141148,0.109303756,1171.0485,3008656476
0,1771,1770,128,3.82430959,0.10915273,1172.66879,3008656476
0,1772,1771,128,3.55045843,0.109177769,1172.39985,3008656476
0,1773,1772,128,3.03723574,0.109215592,1171.99383,3008656476
0,1774,1773,128,3.26168466,0.120788462,1059.70386,3008656476
0,1775,1774,128,3.01858354,0.109390359,1170.1214,3008656476
0,1776,1775,128,3.75697827,0.109149436,1172.70418,3008656476
0,1777,1776,128,3.75818658,0.109247538,1171.65112,3008656476
0,1778,1777,128,3.41665983,0.109268368,1171.42776,3008656476
0,1779,1778,128,2.9337256,0.109204862,1172.10899,3008656476
0,1780,1779,128,3.81729054,0.109232597,1171.81138,3008656476
0,1781,1780,128,3.1118443,0.109192436,1172.24237,3008656476
0,1782,1781,128,2.29721928,0.109162238,1172.56665,3008656476
0,1783,1782,128,2.52024412,0.109173754,1172.44297,3008656476
0,1784,1783,128,2.9980886,0.121617209,1052.48263,3008656476
0,1785,1784,128,3.51509786,0.109270984,1171.39972,3008656476
0,1786,1785,128,3.54831481,0.109332118,1170.74472,3008656476
0,1787,1786,128,2.72239614,0.109188471,1172.28494,3008656476
0,1788,1787,128,3.13209796,0.109531354,1168.61515,3008656476
0,1789,1788,128,2.75071335,0.109199979,1172.1614,3008656476
0,1790,1789,128,3.19637418,0.109042445,1173.85482,3008656476
0,1791,1790,128,2.62595844,0.109193834,1172.22736,3008656476
0,1792,1791,128,3.9414537,0.109186532,1172.30576,3008656476
0,1793,1792,128,3.66716194,0.12191793,1049.88659,3008656476
0,1794,1793,128,3.20318866,0.109519026,1168.7467,3008656476
0,1795,1794,128,3.42105722,0.109080783,1173.44226,3008656476
0,1796,1795,128,2.2883606,0.109148215,1172.7173,3008656476
0,1797,1796,128,3.52808499,0.109096711,1173.27093,3008656476
0,1798,1797,128,3.88322496,0.109088272,1173.3617,3008656476
0,1799,1798,128,3.56649065,0.109146652,1172.73409,3008656476
0,1800,1799,128,3.02436066,0.109102982,1173.2035,3008656476
0,1801,1800,128,2.94042826,0.109189029,1172.27895,3008656476
0,1802,1801,128,3.31706476,0.109272889,1171.3793,3008656476
0,1803,1802,128,2.67429304,0.123242406,1038.60355,3008656476
0,1804,1803,128,3.68549824,0.109116649,1173.05655,3008656476
0,1805,1804,128,2.91776061,0.109218128,1171.96662,3008656476
0,1806,1805,128,3.88108563,0.10922114,1171.9343,3008656476
0,1807,1806,128,3.42578602,0.109125814,1172.95803,3008656476
0,1808,1807,128,3.84452105,0.109197059,1172.19274,3008656476
0,1809,1808,128,3.51981688,0.109160777,1172.58235,3008656476
0,1810,1809,128,4.87158966,0.109209488,1172.05934,3008656476
0,1811,1810,128,3.45472121,0.109070714,1173.55058,3008656476
0,1812,1811,128,3.22530985,0.119405219,1071.97994,3008656476
0,1813,1812,128,2.92049551,0.107786146,1187.53666,3008656476
0,1814,1813,128,2.78508162,0.109158714,1172.60451,3008656476
0,1815,1814,128,3.97039127,0.109146789,1172.73262,3008656476
0,1816,1815,128,4.09549093,0.109192689,1172.23965,3008656476
0,1817,1816,128,3.39009285,0.109154133,1172.65372,3008656476
0,1818,1817,128,3.69267249,0.109245725,1171.67056,3008656476
0,1819,1818,128,2.41833925,0.10920185,1172.14131,3008656476
0,1820,1819,128,2.42437744,0.109266621,1171.44649,3008656476
0,1821,1820,128,3.09739923,0.109235636,1171.77878,3008656476
0,1822,1821,128,3.73067546,0.121091555,1057.05142,3008656476
0,1823,1822,128,4.75575066,0.10926484,1171.46559,3008656476
0,1824,1823,128,4.10639,0.109366649,1170.37507,3008656476
0,1825,1824,128,3.32282329,0.109272762,1171.38066,3008656476
0,1826,1825,128,2.912606,0.109191133,1172.25636,3008656476
0,1827,1826,128,4.00242043,0.109140762,1172.79738,3008656476
0,1828,1827,128,3.03842187,0.109204538,1172.11246,3008656476
0,1829,1828,128,3.11002398,0.109190775,1172.2602,3008656476
0,1830,1829,128,3.4387455,0.109215119,1171.99891,3008656476
0,1831,1830,128,3.34191465,0.109118452,1173.03717,3008656476
0,1832,1831,128,4.00069046,0.112090151,1141.93797,3008656476
0,1833,1832,128,3.27723718,0.109179332,1172.38307,3008656476
0,1834,1833,128,3.41293025,0.109221226,1171.93337,3008656476
0,1835,1834,128,4.05392265,0.109232134,1171.81634,3008656476
0,1836,1835,128,3.53993511,0.109367555,1170.36538,3008656476
0,1837,1836,128,2.59331179,0.109236298,1171.77168,3008656476
0,1838,1837,128,4.0088563,0.109202741,1172.13175,3008656476
0,1839,1838,128,4.25447798,0.109361718,1170.42785,3008656476
0,1840,1839,128,4.00635576,0.109232448,1171.81298,3008656476
0,1841,1840,128,3.95938015,0.124448618,1028.53693,3008656476
0,1842,1841,128,4.05208969,0.109320326,1170.87101,3008656476
0,1843,1842,128,3.97272444,0.109158847,1172.60308,3008656476
0,1844,1843,128,4.30122042,0.109211818,1172.03433,3008656476
0,1845,1844,128,4.03588581,0.109172679,1172.45451,3008656476
0,1846,1845,128,2.81036186,0.109174078,1172.43949,3008656476
0,1847,1846,128,3.17786455,0.109214306,1172.00763,3008656476
0,1848,1847,128,2.73947215,0.10932292,1170.84322,3008656476
0,1849,1848,128,3.46224332,0.109171805,1172.4639,3008656476
0,1850,1849,128,3.85264802,0.109231897,1171.81889,3008656476
0,1851,1850,128,4.39302397,0.122885943,1041.61629,3008656476
0,1852,1851,128,3.35156918,0.10920232,1172.13627,3008656476
0,1853,1852,128,2.93618703,0.109250177,1171.62282,3008656476
0,1854,1853,128,3.51919031,0.10930212,1171.06603,3008656476
0,1855,1854,128,4.36428547,0.109223278,1171.91136,3008656476
0,1856,1855,128,3.72829056,0.10932033,1170.87096,3008656476
0,1857,1856,128,3.19599414,0.109286031,1171.23844,3008656476
0,1858,1857,128,2.65174794,0.109498926,1168.96124,3008656476
0,1859,1858,128,4.16631031,0.109532322,1168.60483,3008656476
0,1860,1859,128,3.01620173,0.121994767,1049.22533,3008656476
0,1861,1860,128,3.88821769,0.109110246,1173.12539,3008656476
0,1862,1861,128,3.95426202,0.109144342,1172.75891,3008656476
0,1863,1862,128,3.88030624,0.109165936,1172.52693,3008656476
0,1864,1863,128,4.0469017,0.109187866,1172.29143,3008656476
0,1865,1864,128,4.24534273,0.109149249,1172.70619,3008656476
0,1866,1865,128,3.83831978,0.109128545,1172.92868,3008656476
0,1867,1866,128,3.8013947,0.109157736,1172.61501,3008656476
0,1868,1867,128,4.62160587,0.109190332,1172.26496,3008656476
0,1869,1868,128,3.70543098,0.109167174,1172.51363,3008656476
0,1870,1869,128,3.43270278,0.121764239,1051.21176,3008656476
0,1871,1870,128,4.02788305,0.109249796,1171.6269,3008656476
0,1872,1871,128,3.16618824,0.109154538,1172.64937,3008656476
0,1873,1872,128,3.8923471,0.109239855,1171.73352,3008656476
0,1874,1873,128,3.59372592,0.109143778,1172.76497,3008656476
0,1875,1874,128,4.13707447,0.10924877,1171.6379,3008656476
0,1876,1875,128,3.50350904,0.109066757,1173.59316,3008656476
0,1877,1876,128,3.15636277,0.10922731,1171.8681,3008656476
0,1878,1877,128,3.12056899,0.109095661,1173.28223,3008656476
0,1879,1878,128,2.99367118,0.122477108,1045.09326,3008656476
0,1880,1879,128,2.43289375,0.109256469,1171.55534,3008656476
0,1881,1880,128,3.11142898,0.109422309,1169.77974,3008656476
0,1882,1881,128,3.63840008,0.109156928,1172.62369,3008656476
0,1883,1882,128,3.56734467,0.109190984,1172.25796,3008656476
0,1884,1883,128,2.87369967,0.109201614,1172.14385,3008656476
0,1885,1884,128,3.22587562,0.109164481,1172.54256,3008656476
0,1886,1885,128,3.17973685,0.109133356,1172.87697,3008656476
0,1887,1886,128,3.69128489,0.109178476,1172.39226,3008656476
0,1888,1887,128,2.7036624,0.109130732,1172.90517,3008656476
0,1889,1888,128,2.89561605,0.123001358,1040.63892,3008656476
0,1890,1889,128,4.13714361,0.109177663,1172.40099,3008656476
0,1891,1890,128,4.04363251,0.109200589,1172.15485,3008656476
0,1892,1891,128,3.55420327,0.109186684,1172.30412,3008656476
0,1893,1892,128,3.6326766,0.109189293,1172.27611,3008656476
0,1894,1893,128,3.01107407,0.109175306,1172.4263,3008656476
0,1895,1894,128,3.35857558,0.109687541,1166.95113,3008656476
0,1896,1895,128,3.66957021,0.109177448,1172.4033,3008656476
0,1897,1896,128,4.00822163,0.109220913,1171.93673,3008656476
0,1898,1897,128,3.80152345,0.121060412,1057.32335,3008656476
0,1899,1898,128,4.04294395,0.109203391,1172.12477,3008656476
0,1900,1899,128,5.51035929,0.109202565,1172.13364,3008656476
0,1901,1900,128,4.04576063,0.10926441,1171.4702,3008656476
0,1902,1901,128,3.2540431,0.109129309,1172.92047,3008656476
0,1903,1902,128,3.62587547,0.10923301,1171.80695,3008656476
0,1904,1903,128,3.99551964,0.109218599,1171.96156,3008656476
0,1905,1904,128,2.50551963,0.109216804,1171.98082,3008656476
0,1906,1905,128,4.00928545,0.109207989,1172.07542,3008656476
0,1907,1906,128,2.76101089,0.109145409,1172.74745,3008656476
0,1908,1907,128,3.19453263,0.121600479,1052.62743,3008656476
0,1909,1908,128,3.66467261,0.109178977,1172.38688,3008656476
0,1910,1909,128,3.3771441,0.109285741,1171.24154,3008656476
0,1911,1910,128,3.55790663,0.109217831,1171.9698,3008656476
0,1912,1911,128,3.44947195,0.109535654,1168.56928,3008656476
0,1913,1912,128,3.4881165,0.109673082,1167.10498,3008656476
0,1914,1913,128,3.41647196,0.109334847,1170.7155,3008656476
0,1915,1914,128,3.60298204,0.109268532,1171.42601,3008656476
0,1916,1915,128,2.65815473,0.109193108,1172.23516,3008656476
0,1917,1916,128,3.79535913,0.122596041,1044.07939,3008656476
0,1918,1917,128,3.20689607,0.108887582,1175.52431,3008656476
0,1919,1918,128,3.13743258,0.109296709,1171.12401,3008656476
0,1920,1919,128,2.97578335,0.109163313,1172.55511,3008656476
0,1921,1920,128,3.33245444,0.109237653,1171.75714,3008656476
0,1922,1921,128,3.68622255,0.109336075,1170.70235,3008656476
0,1923,1922,128,3.67956996,0.109310173,1170.97976,3008656476
0,1924,1923,128,3.55394149,0.109274488,1171.36216,3008656476
0,1925,1924,128,3.35719252,0.109152192,1172.67457,3008656476
0,1926,1925,128,2.80337644,0.109265997,1171.45318,3008656476
0,1927,1926,128,3.46080208,0.124200917,1030.5882,3008656476
0,1928,1927,128,3.58148646,0.109216477,1171.98433,3008656476
0,1929,1928,128,4.00346804,0.109345364,1170.6029,3008656476
0,1930,1929,128,5.25594854,0.109235927,1171.77566,3008656476
0,1931,1930,128,4.39448929,0.109185141,1172.32069,3008656476
0,1932,1931,128,2.63800168,0.1092629,1171.48639,3008656476
0,1933,1932,128,2.4548285,0.109232089,1171.81683,3008656476
0,1934,1933,128,3.07128239,0.109329437,1170.77343,3008656476
0,1935,1934,128,3.03009582,0.109241276,1171.71828,3008656476
0,1936,1935,128,2.54522634,0.1211244,1056.76478,3008656476
0,1937,1936,128,3.93805432,0.109494805,1169.00523,3008656476
0,1938,1937,128,3.51280856,0.109264419,1171.4701,3008656476
0,1939,1938,128,3.716609,0.109206751,1172.08871,3008656476
0,1940,1939,128,3.06107545,0.109322104,1170.85196,3008656476
0,1941,1940,128,2.88589478,0.109209049,1172.06405,3008656476
0,1942,1941,128,2.24599099,0.109207151,1172.08442,3008656476
0,1943,1942,128,4.10907412,0.109213922,1172.01175,3008656476
0,1944,1943,128,3.18303823,0.109282859,1171.27243,3008656476
0,1945,1944,128,3.60756922,0.109289191,1171.20457,3008656476
0,1946,1945,128,3.92840695,0.121195803,1056.14218,3008656476
0,1947,1946,128,2.41889572,0.109259959,1171.51792,3008656476
0,1948,1947,128,2.94343066,0.109169518,1172.48846,3008656476
0,1949,1948,128,4.05141783,0.109713969,1166.67003,3008656476
0,1950,1949,128,3.65015411,0.109500485,1168.94459,3008656476
0,1951,1950,128,4.18715048,0.10942052,1169.79886,3008656476
0,1952,1951,128,4.17127562,0.109502905,1168.91876,3008656476
0,1953,1952,128,3.48227286,0.109432286,1169.67309,3008656476
0,1954,1953,128,3.29323387,0.109518286,1168.7546,3008656476
0,1955,1954,128,3.48819113,0.124521631,1027.93385,3008656476
0,1956,1955,128,3.39291263,0.109410167,1169.90956,3008656476
0,1957,1956,128,3.99690485,0.109235698,1171.77811,3008656476
0,1958,1957,128,3.4878087,0.109221889,1171.92626,3008656476
0,1959,1958,128,3.20799971,0.109266919,1171.4433,3008656476
0,1960,1959,128,2.69462347,0.109290226,1171.19348,3008656476
0,1961,1960,128,3.62719226,0.109313014,1170.94933,3008656476
0,1962,1961,128,3.44944429,0.109192591,1172.24071,3008656476
0,1963,1962,128,3.42403293,0.109284477,1171.25509,3008656476
0,1964,1963,128,2.54830432,0.109260592,1171.51113,3008656476
0,1965,1964,128,2.60114813,0.124224467,1030.39283,3008656476
0,1966,1965,128,3.0402956,0.109235861,1171.77636,3008656476
0,1967,1966,128,3.64316034,0.109621293,1167.65636,3008656476
0,1968,1967,128,3.82293653,0.109142554,1172.77813,3008656476
0,1969,1968,128,4.01237392,0.109138538,1172.82128,3008656476
0,1970,1969,128,3.30739641,0.109265802,1171.45527,3008656476
0,1971,1970,128,3.28218412,0.10918512,1172.32092,3008656476
0,1972,1971,128,3.50284076,0.109210695,1172.04638,3008656476
0,1973,1972,128,4.05534172,0.109358236,1170.46511,3008656476
0,1974,1973,128,3.39359188,0.12351156,1036.34024,3008656476
0,1975,1974,128,1.70859575,0.109629754,1167.56624,3008656476
0,1976,1975,128,2.72453642,0.10929269,1171.16707,3008656476
0,1977,1976,128,2.84697294,0.109356215,1170.48674,3008656476
0,1978,1977,128,2.87895942,0.109290528,1171.19024,3008656476
0,1979,1978,128,3.36504722,0.109313418,1170.945,3008656476
0,1980,1979,128,3.49608159,0.109244675,1171.68182,3008656476
0,1981,1980,128,3.96788955,0.109213896,1172.01203,3008656476
0,1982,1981,128,3.97873259,0.109147661,1172.72325,3008656476
0,1983,1982,128,3.2781322,0.10917481,1172.43163,3008656476
0,1984,1983,128,4.09388876,0.121600096,1052.63075,3008656476
0,1985,1984,128,2.77627373,0.109548924,1168.42772,3008656476
0,1986,1985,128,2.61052632,0.109193041,1172.23588,3008656476
0,1987,1986,128,2.54182363,0.109198507,1172.1772,3008656476
0,1988,1987,128,3.39206481,0.109255522,1171.5655,3008656476
0,1989,1988,128,3.65683079,0.109135945,1172.84915,3008656476
0,1990,1989,128,4.12194633,0.109180598,1172.36947,3008656476
0,1991,1990,128,2.83786893,0.109298742,1171.10223,3008656476
0,1992,1991,128,2.5018537,0.109316785,1170.90893,3008656476
0,1993,1992,128,2.85538316,0.120971082,1058.10412,3008656476
0,1994,1993,128,3.56118011,0.109660777,1167.23594,3008656476
0,1995,1994,128,3.2132473,0.109202845,1172.13063,3008656476
0,1996,1995,128,3.1639781,0.109287802,1171.21946,3008656476
0,1997,1996,128,3.12453675,0.109238233,1171.75092,3008656476
0,1998,1997,128,3.62594771,0.109288541,1171.21154,3008656476
0,1999,1998,128,3.60070419,0.10927734,1171.33159,3008656476
0,2000,1999,128,4.66513157,0.109388703,1170.13911,3008656476
0,2001,2000,128,3.28988218,0.109272171,1171.38699,3008656476
0,2002,2001,128,2.55739045,0.109200564,1172.15512,3008656476
0,2003,2002,128,3.57541871,0.123894824,1033.13436,3008656476
0,2004,2003,128,3.31742978,0.10934944,1170.55926,3008656476
0,2005,2004,128,3.14675856,0.109299548,1171.09359,3008656476
0,2006,2005,128,2.93791771,0.109101965,1173.21443,3008656476
0,2007,2006,128,3.04584169,0.109213675,1172.0144,3008656476
0,2008,2007,128,2.98436856,0.109141313,1172.79146,3008656476
0,2009,2008,128,3.20181322,0.109168064,1172.50408,3008656476
0,2010,2009,128,3.13568044,0.109254623,1171.57514,3008656476
0,2011,2010,128,3.21193528,0.109191618,1172.25115,3008656476
0,2012,2011,128,3.93926764,0.123529643,1036.18854,3008656476
0,2013,2012,128,4.60775328,0.107214263,1193.87101,3008656476
0,2014,2013,128,4.03231144,0.109154978,1172.64464,3008656476
0,2015,2014,128,4.50721264,0.10934137,1170.64566,3008656476
0,2016,2015,128,3.64837098,0.109198967,1172.17226,3008656476
0,2017,2016,128,3.91503406,0.109336207,1170.70094,3008656476
0,2018,2017,128,4.55078459,0.109238208,1171.75119,3008656476
0,2019,2018,128,4.04591417,0.109235905,1171.77589,3008656476
0,2020,2019,128,3.83060861,0.109200061,1172.16052,3008656476
0,2021,2020,128,3.31251359,0.109604403,1167.8363,3008656476
0,2022,2021,128,4.09453726,0.123160186,1039.2969,3008656476
0,2023,2022,128,4.17526054,0.109150713,1172.69046,3008656476
0,2024,2023,128,4.22627211,0.109163005,1172.55841,3008656476
0,2025,2024,128,4.50864744,0.109379018,1170.24272,3008656476
0,2026,2025,128,4.072752,0.109306823,1171.01565,3008656476
0,2027,2026,128,3.98962784,0.109302329,1171.06379,3008656476
0,2028,2027,128,4.47919178,0.10925393,1171.58257,3008656476
0,2029,2028,128,4.21718407,0.109204847,1172.10915,3008656476
0,2030,2029,128,4.46232224,0.10922706,1171.87078,3008656476
0,2031,2030,128,4.44088364,0.109331542,1170.75089,3008656476
0,2032,2031,128,4.11204243,0.112152291,1141.30526,3008656476
0,2033,2032,128,3.36474657,0.109385341,1170.17508,3008656476
0,2034,2033,128,3.53901291,0.109160476,1172.58558,3008656476
0,2035,2034,128,3.49942088,0.109390671,1170.11806,3008656476
0,2036,2035,128,4.35296392,0.109334952,1170.71438,3008656476
0,2037,2036,128,2.89301682,0.109528367,1168.64702,3008656476
0,2038,2037,128,3.33949924,0.10941361,1169.87274,3008656476
0,2039,2038,128,3.65623116,0.109792271,1165.83799,3008656476
0,2040,2039,128,4.09059477,0.109415505,1169.85248,3008656476
0,2041,2040,128,3.72171807,0.121543843,1053.11793,3008656476
0,2042,2041,128,5.18788719,0.109258309,1171.53561,3008656476
0,2043,2042,128,4.79499149,0.109227144,1171.86988,3008656476
0,2044,2043,128,4.99816418,0.109163382,1172.55436,3008656476
0,2045,2044,128,4.17900324,0.109300908,1171.07902,3008656476
0,2046,2045,128,3.98583555,0.10925135,1171.61024,3008656476
0,2047,2046,128,3.89295316,0.109375957,1170.27547,3008656476
0,2048,2047,128,3.93484664,0.109360056,1170.44563,3008656476
0,2049,2048,128,4.07352161,0.109294787,1171.1446,3008656476
0,2050,2049,128,3.98445129,0.109239432,1171.73806,3008656476
0,2051,2050,128,4.00426388,0.121636861,1052.31259,3008656476
0,2052,2051,128,4.21217775,0.109214582,1172.00467,3008656476
0,2053,2052,128,3.4262166,0.109297737,1171.11299,3008656476
0,2054,2053,128,4.00042057,0.109274263,1171.36457,3008656476
0,2055,2054,128,4.47078991,0.10922186,1171.92657,3008656476
0,2056,2055,128,3.58142567,0.10923689,1171.76533,3008656476
0,2057,2056,128,3.67193365,0.109695577,1166.86564,3008656476
0,2058,2057,128,4.03782368,0.109257499,1171.5443,3008656476
0,2059,2058,128,3.75893784,0.109188854,1172.28083,3008656476
0,2060,2059,128,3.71009374,0.123279392,1038.29195,3008656476
0,2061,2060,128,2.80252194,0.109190527,1172.26286,3008656476
0,2062,2061,128,4.31354427,0.109193428,1172.23172,3008656476
0,2063,2062,128,3.84631491,0.109171872,1172.46318,3008656476
0,2064,2063,128,3.40672708,0.109162214,1172.56691,3008656476
0,2065,2064,128,3.51089954,0.109164086,1172.5468,3008656476
0,2066,2065,128,3.34416747,0.109213212,1172.01937,3008656476
0,2067,2066,128,3.41617608,0.109130723,1172.90527,3008656476
0,2068,2067,128,3.42360353,0.109159557,1172.59545,3008656476
0,2069,2068,128,3.58073592,0.109173607,1172.44455,3008656476
0,2070,2069,128,3.4655478,0.121609554,1052.54888,3008656476
0,2071,2070,128,4.1745863,0.109193232,1172.23382,3008656476
0,2072,2071,128,4.24032259,0.17123096,747.528368,3008656476
0,2073,2072,128,3.48029709,0.109178517,1172.39182,3008656476
0,2074,2073,128,3.98483491,0.109284001,1171.26019,3008656476
0,2075,2074,128,3.2790041,0.109279723,1171.30604,3008656476
0,2076,2075,128,4.5423193,0.109317714,1170.89898,3008656476
0,2077,2076,128,4.00065422,0.109210868,1172.04453,3008656476
0,2078,2077,128,3.61812878,0.109370014,1170.33907,3008656476
0,2079,2078,128,3.22907972,0.121095123,1057.02027,3008656476
0,2080,2079,128,4.13954735,0.10929695,1171.12143,3008656476
0,2081,2080,128,3.83589363,0.109259062,1171.52754,3008656476
0,2082,2081,128,3.70448327,0.109157606,1172.61641,3008656476
0,2083,2082,128,3.39843726,0.109211197,1172.041,3008656476
0,2084,2083,128,3.87189507,0.109241587,1171.71494,3008656476
0,2085,2084,128,2.91767716,0.10941606,1169.84655,3008656476
0,2086,2085,128,3.84911561,0.109326151,1170.80862,3008656476
0,2087,2086,128,3.69676614,0.109240454,1171.7271,3008656476
0,2088,2087,128,3.02331495,0.122724987,1042.98239,3008656476
0,2089,2088,128,3.1207273,0.109373812,1170.29843,3008656476
0,2090,2089,128,4.14907122,0.109294219,1171.15069,3008656476
0,2091,2090,128,3.34195471,0.109465024,1169.32327,3008656476
0,2092,2091,128,2.66241622,0.109562641,1168.28144,3008656476
0,2093,2092,128,2.53125954,0.109394393,1170.07825,3008656476
0,2094,2093,128,2.4683044,0.109282269,1171.27876,3008656476
0,2095,2094,128,3.81238103,0.10920014,1172.15967,3008656476
0,2096,2095,128,2.69044876,0.109202925,1172.12978,3008656476
0,2097,2096,128,3.51515651,0.109133073,1172.88001,3008656476
0,2098,2097,128,3.7003212,0.123760259,1034.25769,3008656476
0,2099,2098,128,3.52337432,0.109176357,1172.41501,3008656476
0,2100,2099,128,3.59883213,0.109232798,1171.80922,3008656476
0,2101,2100,128,3.24153757,0.109240299,1171.72876,3008656476
0,2102,2101,128,3.56022692,0.109169394,1172.48979,3008656476
0,2103,2102,128,3.17921591,0.109203778,1172.12062,3008656476
0,2104,2103,128,2.30614996,0.109229915,1171.84015,3008656476
0,2105,2104,128,3.33115315,0.109246355,1171.66381,3008656476
0,2106,2105,128,2.95556498,0.109101901,1173.21512,3008656476
0,2107,2106,128,2.79436898,0.12123141,1055.83198,3008656476
0,2108,2107,128,3.89307857,0.109142942,1172.77396,3008656476
0,2109,2108,128,3.20210505,0.109166558,1172.52025,3008656476
0,2110,2109,128,3.66166949,0.109602795,1167.85343,3008656476
0,2111,2110,128,3.54069018,0.109196323,1172.20064,3008656476
0,2112,2111,128,3.26799607,0.109210237,1172.0513,3008656476
0,2113,2112,128,3.38578534,0.109134809,1172.86136,3008656476
0,2114,2113,128,3.54196215,0.109487508,1169.08314,3008656476
0,2115,2114,128,2.44362497,0.10926204,1171.49561,3008656476
0,2116,2115,128,4.08784533,0.109078715,1173.4645,3008656476
0,2117,2116,128,3.01091599,0.121460461,1053.84089,3008656476
0,2118,2117,128,3.54893994,0.109254573,1171.57567,3008656476
0,2119,2118,128,3.45024157,0.109213532,1172.01594,3008656476
0,2120,2119,128,4.42146683,0.109215608,1171.99366,3008656476
0,2121,2120,128,2.23691416,0.109355753,1170.49169,3008656476
0,2122,2121,128,2.73923588,0.109248771,1171.63789,3008656476
0,2123,2122,128,2.98637152,0.109236617,1171.76825,3008656476
0,2124,2123,128,2.27760434,0.109217949,1171.96854,3008656476
0,2125,2124,128,2.90240288,0.10916951,1172.48855,3008656476
0,2126,2125,128,1.85324824,0.123911517,1032.99518,3008656476
0,2127,2126,128,2.21956587,0.109234538,1171.79056,3008656476
0,2128,2127,128,4.24010992,0.109524544,1168.68781,3008656476
0,2129,2128,128,3.67828631,0.109245979,1171.66784,3008656476
0,2130,2129,128,2.65960598,0.109249166,1171.63366,3008656476
0,2131,2130,128,3.91635752,0.10919078,1172.26015,3008656476
0,2132,2131,128,2.89308643,0.109283216,1171.26861,3008656476
0,2133,2132,128,3.80887485,0.109399366,1170.02506,3008656476
0,2134,2133,128,3.05115771,0.1096543,1167.30488,3008656476
0,2135,2134,128,3.96427131,0.109436917,1169.62359,3008656476
0,2136,2135,128,3.1055851,0.122932523,1041.22161,3008656476
0,2137,2136,128,3.74718952,0.109183504,1172.33827,3008656476
0,2138,2137,128,3.38886571,0.109186635,1172.30465,3008656476
0,2139,2138,128,3.54258609,0.10924695,1171.65742,3008656476
0,2140,2139,128,5.02831841,0.109368094,1170.35961,3008656476
0,2141,2140,128,3.85209346,0.109303624,1171.04992,3008656476
0,2142,2141,128,3.37354517,0.109158662,1172.60507,3008656476
0,2143,2142,128,3.29230118,0.109231116,1171.82727,3008656476
0,2144,2143,128,3.11129928,0.109247903,1171.6472,3008656476
0,2145,2144,128,3.69553661,0.121272494,1055.47429,3008656476
0,2146,2145,128,4.06105328,0.109564935,1168.25698,3008656476
0,2147,2146,128,3.77257967,0.109257764,1171.54146,3008656476
0,2148,2147,128,3.63710642,0.109188389,1172.28582,3008656476
0,2149,2148,128,3.91550207,0.109218103,1171.96689,3008656476
0,2150,2149,128,4.29824591,0.109352739,1170.52395,3008656476
0,2151,2150,128,4.21233654,0.109096027,1173.27829,3008656476
0,2152,2151,128,3.47791266,0.109165817,1172.52821,3008656476
0,2153,2152,128,3.44919753,0.109159566,1172.59535,3008656476
0,2154,2153,128,3.29464388,0.109185521,1172.31661,3008656476
0,2155,2154,128,2.87262559,0.121755344,1051.28856,3008656476
0,2156,2155,128,3.95969105,0.109183405,1172.33933,3008656476
0,2157,2156,128,3.78374434,0.109265879,1171.45445,3008656476
0,2158,2157,128,3.22583556,0.109226919,1171.87229,3008656476
0,2159,2158,128,2.01057959,0.109287282,1171.22503,3008656476
0,2160,2159,128,4.38521719,0.109258587,1171.53263,3008656476
0,2161,2160,128,5.36830664,0.109343728,1170.62041,3008656476
0,2162,2161,128,4.2626977,0.10930083,1171.07985,3008656476
0,2163,2162,128,3.07561898,0.109208413,1172.07087,3008656476
0,2164,2163,128,2.44663191,0.1230989,1039.81433,3008656476
0,2165,2164,128,2.71242404,0.109303458,1171.0517,3008656476
0,2166,2165,128,3.82219577,0.109188119,1172.28872,3008656476
0,2167,2166,128,3.53724718,0.109304761,1171.03774,3008656476
0,2168,2167,128,3.22258496,0.10920068,1172.15387,3008656476
0,2169,2168,128,3.37352586,0.109244104,1171.68795,3008656476
0,2170,2169,128,3.70295072,0.109360706,1170.43868,3008656476
0,2171,2170,128,3.05018592,0.109306776,1171.01615,3008656476
0,2172,2171,128,3.0237627,0.109336103,1170.70205,3008656476
0,2173,2172,128,3.77088666,0.10928749,1171.2228,3008656476
0,2174,2173,128,4.30956411,0.123386804,1037.38808,3008656476
0,2175,2174,128,3.62519956,0.109217101,1171.97764,3008656476
0,2176,2175,128,3.13502383,0.109311139,1170.96941,3008656476
0,2177,2176,128,1.71040356,0.109223475,1171.90924,3008656476
0,2178,2177,128,2.64333177,0.109247849,1171.64778,3008656476
0,2179,2178,128,2.7852459,0.109245854,1171.66918,3008656476
0,2180,2179,128,3.79999208,0.109305617,1171.02857,3008656476
0,2181,2180,128,3.8968854,0.109258851,1171.5298,3008656476
0,2182,2181,128,2.61639237,0.109749393,1166.29347,3008656476
0,2183,2182,128,3.43710732,0.121099512,1056.98196,3008656476
0,2184,2183,128,4.06932163,0.109596845,1167.91683,3008656476
0,2185,2184,128,4.01773596,0.109219172,1171.95541,3008656476
0,2186,2185,128,3.82642198,0.109282805,1171.27301,3008656476
0,2187,2186,128,3.85032558,0.109269067,1171.42027,3008656476
0,2188,2187,128,4.00442696,0.109305996,1171.02451,3008656476
0,2189,2188,128,3.36092329,0.109315946,1170.91792,3008656476
0,2190,2189,128,3.32580495,0.109109147,1173.13721,3008656476
0,2191,2190,128,3.25362515,0.109219655,1171.95023,3008656476
0,2192,2191,128,4.01667166,0.109176055,1172.41826,3008656476
0,2193,2192,128,3.30660057,0.121870328,1050.29667,3008656476
0,2194,2193,128,2.61156511,0.109132081,1172.89067,3008656476
0,2195,2194,128,3.67974186,0.109163748,1172.55043,3008656476
0,2196,2195,128,3.22631764,0.109164798,1172.53915,3008656476
0,2197,2196,128,3.93909407,0.109344446,1170.61273,3008656476
0,2198,2197,128,3.76273155,0.10916103,1172.57963,3008656476
0,2199,2198,128,3.93714929,0.109140727,1172.79776,3008656476
0,2200,2199,128,2.84997749,0.109637945,1167.47901,3008656476
0,2201,2200,128,3.55978584,0.109215817,1171.99142,3008656476
0,2202,2201,128,3.69712591,0.122322632,1046.41306,3008656476
0,2203,2202,128,3.32272053,0.109589966,1167.99014,3008656476
0,2204,2203,128,3.93519664,0.109208826,1172.06644,3008656476
0,2205,2204,128,4.17707682,0.109296383,1171.1275,3008656476
0,2206,2205,128,3.01976037,0.109199475,1172.16681,3008656476
0,2207,2206,128,3.29503298,0.109288692,1171.20992,3008656476
0,2208,2207,128,3.2140789,0.109080135,1173.44923,3008656476
0,2209,2208,128,3.26931167,0.109168813,1172.49603,3008656476
0,2210,2209,128,3.38120151,0.109324178,1170.82975,3008656476
0,2211,2210,128,3.01408982,0.109394291,1170.07934,3008656476
0,2212,2211,128,2.63358903,0.123461141,1036.76346,3008656476
0,2213,2212,128,3.01997042,0.10926117,1171.50494,3008656476
0,2214,2213,128,3.19620228,0.109319457,1170.88031,3008656476
0,2215,2214,128,3.14522362,0.109284319,1171.25678,3008656476
0,2216,2215,128,3.60481191,0.109231684,1171.82117,3008656476
0,2217,2216,128,2.73529267,0.109157936,1172.61286,3008656476
0,2218,2217,128,3.65149117,0.109607684,1167.80134,3008656476
0,2219,2218,128,3.14145684,0.109290657,1171.18886,3008656476
0,2220,2219,128,4.01259947,0.109318636,1170.88911,3008656476
0,2221,2220,128,3.20661187,0.1210373,1057.52524,3008656476
0,2222,2221,128,2.44171667,0.109466118,1169.31159,3008656476
0,2223,2222,128,3.17315102,0.109296686,1171.12426,3008656476
0,2224,2223,128,3.14073014,0.109509272,1168.8508,3008656476
0,2225,2224,128,3.02650046,0.10950114,1168.9376,3008656476
0,2226,2225,128,2.90869308,0.109478041,1169.18424,3008656476
0,2227,2226,128,3.59513378,0.109391171,1170.11271,3008656476
0,2228,2227,128,3.30450535,0.109418419,1169.82133,3008656476
0,2229,2228,128,3.32163382,0.109440393,1169.58644,3008656476
0,2230,2229,128,3.08188391,0.109472474,1169.24369,3008656476
0,2231,2230,128,4.21729136,0.121819643,1050.73367,3008656476
0,2232,2231,128,2.48465133,0.109357674,1170.47113,3008656476
0,2233,2232,128,3.57483363,0.109336711,1170.69554,3008656476
0,2234,2233,128,2.93571544,0.109143101,1172.77225,3008656476
0,2235,2234,128,3.22523189,0.109329566,1170.77205,3008656476
0,2236,2235,128,2.36578465,0.109637904,1167.47945,3008656476
0,2237,2236,128,3.03487372,0.109259374,1171.52419,3008656476
0,2238,2237,128,4.27949142,0.10924224,1171.70794,3008656476
0,2239,2238,128,3.22575259,0.109217777,1171.97038,3008656476
0,2240,2239,128,3.00359821,0.123855928,1033.45881,3008656476
0,2241,2240,128,3.0123198,0.109529579,1168.63409,3008656476
0,2242,2241,128,3.01853752,0.109277313,1171.33188,3008656476
0,2243,2242,128,4.01466894,0.109233644,1171.80015,3008656476
0,2244,2243,128,3.40236139,0.109214642,1172.00402,3008656476
0,2245,2244,128,3.56056118,0.109244259,1171.68629,3008656476
0,2246,2245,128,3.79222775,0.109288707,1171.20976,3008656476
0,2247,2246,128,2.50919271,0.109291108,1171.18403,3008656476
0,2248,2247,128,2.76741385,0.109235873,1171.77624,3008656476
0,2249,2248,128,3.18516564,0.109290763,1171.18772,3008656476
0,2250,2249,128,3.52149081,0.122672507,1043.42858,3008656476
0,2251,2250,128,3.36366487,0.110124451,1162.32134,3008656476
0,2252,2251,128,2.50394368,0.109178095,1172.39635,3008656476
0,2253,2252,128,2.30459547,0.109443207,1169.55637,3008656476
0,2254,2253,128,3.18301058,0.109665265,1167.18817,3008656476
0,2255,2254,128,3.81401062,0.109512375,1168.81768,3008656476
0,2256,2255,128,3.27868199,0.10932645,1170.80542,3008656476
0,2257,2256,128,3.5217967,0.109362308,1170.42153,3008656476
0,2258,2257,128,3.14929867,0.109295022,1171.14209,3008656476
0,2259,2258,128,3.55587125,0.119238478,1073.47898,3008656476
0,2260,2259,128,3.01882768,0.107570605,1189.91615,3008656476
0,2261,2260,128,3.0172081,0.109232152,1171.81615,3008656476
0,2262,2261,128,3.0806551,0.109215192,1171.99812,3008656476
0,2263,2262,128,2.74979019,0.109299418,1171.09498,3008656476
0,2264,2263,128,3.25626612,0.109064583,1173.61655,3008656476
0,2265,2264,128,2.59605122,0.109268033,1171.43136,3008656476
0,2266,2265,128,2.75844502,0.109126491,1172.95075,3008656476
0,2267,2266,128,3.49551153,0.109158349,1172.60843,3008656476
0,2268,2267,128,2.83249712,0.109097086,1173.2669,3008656476
0,2269,2268,128,3.26006317,0.122651882,1043.60404,3008656476
0,2270,2269,128,2.32287407,0.109216411,1171.98504,3008656476
0,2271,2270,128,2.83673453,0.109281706,1171.28479,3008656476
0,2272,2271,128,2.99784708,0.109107576,1173.1541,3008656476
0,2273,2272,128,3.31021476,0.109318059,1170.89529,3008656476
0,2274,2273,128,2.60597658,0.10909439,1173.2959,3008656476
0,2275,2274,128,2.56922412,0.109327676,1170.79229,3008656476
0,2276,2275,128,2.92251945,0.109213372,1172.01765,3008656476
0,2277,2276,128,3.450526,0.109233947,1171.7969,3008656476
0,2278,2277,128,2.58343768,0.109282857,1171.27245,3008656476
0,2279,2278,128,2.75743628,0.113005544,1132.68779,3008656476
0,2280,2279,128,2.81793642,0.109253312,1171.5892,3008656476
0,2281,2280,128,2.56348848,0.109220849,1171.93742,3008656476
0,2282,2281,128,3.11388063,0.109307082,1171.01287,3008656476
0,2283,2282,128,3.49783421,0.109250928,1171.61476,3008656476
0,2284,2283,128,2.66190743,0.109130879,1172.90359,3008656476
0,2285,2284,128,2.84605122,0.109202473,1172.13463,3008656476
0,2286,2285,128,2.23725677,0.109253305,1171.58927,3008656476
0,2287,2286,128,2.51578879,0.109231071,1171.82775,3008656476
0,2288,2287,128,2.49016738,0.122655791,1043.57078,3008656476
0,2289,2288,128,2.34653902,0.10936163,1170.42879,3008656476
0,2290,2289,128,2.51419806,0.109495717,1168.9955,3008656476
0,2291,2290,128,3.27471256,0.109316761,1170.90919,3008656476
0,2292,2291,128,3.70868516,0.109212839,1172.02337,3008656476
0,2293,2292,128,2.66908002,0.109214489,1172.00567,3008656476
0,2294,2293,128,3.69960141,0.109123656,1172.98123,3008656476
0,2295,2294,128,4.13383532,0.109269496,1171.41567,3008656476
0,2296,2295,128,4.05274439,0.109100865,1173.22626,3008656476
0,2297,2296,128,4.22100973,0.109090922,1173.33319,3008656476
0,2298,2297,128,2.9914887,0.122845396,1041.96009,3008656476
0,2299,2298,128,2.96816564,0.109205547,1172.10163,3008656476
0,2300,2299,128,4.45354462,0.109230955,1171.82899,3008656476
0,2301,2300,128,3.72987843,0.109249297,1171.63225,3008656476
0,2302,2301,128,4.03546524,0.1091827,1172.3469,3008656476
0,2303,2302,128,4.60345411,0.10904653,1173.81085,3008656476
0,2304,2303,128,3.84959006,0.109147879,1172.72091,3008656476
0,2305,2304,128,3.38707066,0.109210338,1172.05021,3008656476
0,2306,2305,128,3.79851723,0.109228826,1171.85183,3008656476
0,2307,2306,128,4.46283054,0.121154858,1056.49911,3008656476
0,2308,2307,128,3.88889456,0.109579042,1168.10658,3008656476
0,2309,2308,128,3.86415935,0.109161808,1172.57127,3008656476
0,2310,2309,128,4.31580591,0.109224115,1171.90238,3008656476
0,2311,2310,128,3.67068529,0.109286889,1171.22924,3008656476
0,2312,2311,128,3.4452312,0.109221571,1171.92967,3008656476
0,2313,2312,128,3.2655108,0.109205951,1172.0973,3008656476
0,2314,2313,128,3.74464917,0.109156258,1172.63089,3008656476
0,2315,2314,128,4.51558495,0.109267264,1171.4396,3008656476
0,2316,2315,128,4.1162672,0.109261138,1171.50528,3008656476
0,2317,2316,128,4.64395523,0.121097616,1056.99851,3008656476
0,2318,2317,128,4.10994625,0.109220631,1171.93976,3008656476
0,2319,2318,128,4.333323,0.109180358,1172.37205,3008656476
0,2320,2319,128,4.25596666,0.109264821,1171.46579,3008656476
0,2321,2320,128,4.12135458,0.109227037,1171.87103,3008656476
0,2322,2321,128,4.35983276,0.10916283,1172.56029,3008656476
0,2323,2322,128,4.06116867,0.109299945,1171.08934,3008656476
0,2324,2323,128,4.10663414,0.109089334,1173.35027,3008656476
0,2325,2324,128,3.6408174,0.109231832,1171.81958,3008656476
0,2326,2325,128,4.41650057,0.12347965,1036.60806,3008656476
0,2327,2326,128,4.03466558,0.109280732,1171.29523,3008656476
0,2328,2327,128,4.66810703,0.109237744,1171.75617,3008656476
0,2329,2328,128,4.18040371,0.109205533,1172.10178,3008656476
0,2330,2329,128,3.6775229,0.109289021,1171.20639,3008656476
0,2331,2330,128,4.20345926,0.109324432,1170.82703,3008656476
0,2332,2331,128,3.99087238,0.10925217,1171.60144,3008656476
0,2333,2332,128,3.32706833,0.109309673,1170.98511,3008656476
0,2334,2333,128,3.30594516,0.109212977,1172.02189,3008656476
0,2335,2334,128,3.05226159,0.109177754,1172.40001,3008656476
0,2336,2335,128,3.8915,0.121283526,1055.37829,3008656476
0,2337,2336,128,4.47794056,0.109269964,1171.41065,3008656476
0,2338,2337,128,4.20598745,0.109152414,1172.67219,3008656476
0,2339,2338,128,3.51301265,0.109222028,1171.92477,3008656476
0,2340,2339,128,3.4762845,0.109293346,1171.16004,3008656476
0,2341,2340,128,3.23672962,0.109230756,1171.83113,3008656476
0,2342,2341,128,4.17426205,0.109229331,1171.84642,3008656476
0,2343,2342,128,4.01932526,0.109264441,1171.46987,3008656476
0,2344,2343,128,4.14930296,0.109198762,1172.17446,3008656476
0,2345,2344,128,3.71627998,0.121369487,1054.63081,3008656476
0,2346,2345,128,4.32905006,0.109279745,1171.30581,3008656476
0,2347,2346,128,4.14294672,0.109402891,1169.98736,3008656476
0,2348,2347,128,4.09823799,0.109267764,1171.43424,3008656476
0,2349,2348,128,4.23386049,0.109299995,1171.0888,3008656476
0,2350,2349,128,4.46585989,0.109252136,1171.60181,3008656476
0,2351,2350,128,3.6156292,0.109262557,1171.49006,3008656476
0,2352,2351,128,3.85498405,0.109273995,1171.36744,3008656476
0,2353,2352,128,3.24717188,0.109412889,1169.88045,3008656476
0,2354,2353,128,3.23184705,0.109189582,1172.27301,3008656476
0,2355,2354,128,3.94248104,0.123414265,1037.15725,3008656476
0,2356,2355,128,3.57993221,0.109232254,1171.81506,3008656476
0,2357,2356,128,3.83758688,0.10936741,1170.36693,3008656476
0,2358,2357,128,3.12742305,0.109235898,1171.77597,3008656476
0,2359,2358,128,3.28124189,0.109170178,1172.48137,3008656476
0,2360,2359,128,3.51011181,0.109143445,1172.76855,3008656476
0,2361,2360,128,3.61545849,0.109236893,1171.76529,3008656476
0,2362,2361,128,3.05125999,0.109573021,1168.17077,3008656476
0,2363,2362,128,3.09610939,0.109218634,1171.96119,3008656476
0,2364,2363,128,2.70549941,0.12357448,1035.81257,3008656476
0,2365,2364,128,2.66512346,0.109367906,1170.36162,3008656476
0,2366,2365,128,3.15833282,0.109157651,1172.61593,3008656476
0,2367,2366,128,2.8191123,0.109208745,1172.06731,3008656476
0,2368,2367,128,3.84516978,0.109243324,1171.69631,3008656476
0,2369,2368,128,3.52973461,0.10919106,1172.25714,3008656476
0,2370,2369,128,3.14806962,0.10925913,1171.52681,3008656476
0,2371,2370,128,3.01585078,0.109188832,1172.28106,3008656476
0,2372,2371,128,2.97933817,0.109118678,1173.03474,3008656476
0,2373,2372,128,4.17842484,0.109153733,1172.65802,3008656476
0,2374,2373,128,3.9765687,0.121051062,1057.40501,3008656476
0,2375,2374,128,4.00226498,0.109349517,1170.55844,3008656476
0,2376,2375,128,2.8606863,0.109174927,1172.43037,3008656476
0,2377,2376,128,3.03302264,0.109302137,1171.06585,3008656476
0,2378,2377,128,4.00036669,0.109167143,1172.51397,3008656476
0,2379,2378,128,3.68679976,0.1091745,1172.43496,3008656476
0,2380,2379,128,2.80590248,0.109319584,1170.87895,3008656476
0,2381,2380,128,3.34060025,0.109256692,1171.55295,3008656476
0,2382,2381,128,2.84739017,0.10914265,1172.77709,3008656476
0,2383,2382,128,3.21305084,0.121386798,1054.48041,3008656476
0,2384,2383,128,3.54972649,0.10959174,1167.97124,3008656476
0,2385,2384,64,3.15004182,0.105371227,607.376433,3008656476
1,2386,0,128,2.22350407,0.094175999,1359.15734,3008656476
1,2387,1,128,3.09509921,0.107544817,1190.20148,3008656476
1,2388,2,128,2.62947702,0.121158192,1056.47004,3008656476
1,2389,3,128,3.21486139,0.123232069,1038.69067,3008656476
1,2390,4,128,3.63090968,0.108352303,1181.3316,3008656476
1,2391,5,128,3.92745399,0.108181376,1183.19811,3008656476
1,2392,6,128,3.576756,0.1082485,1182.46442,3008656476
1,2393,7,128,3.9119072,0.10819639,1183.03393,3008656476
1,2394,8,128,3.97367263,0.108459189,1180.16741,3008656476
1,2395,9,128,3.67565036,0.108318236,1181.70314,3008656476
1,2396,10,128,3.1543448,0.108206104,1182.92772,3008656476
1,2397,11,128,3.4622972,0.108138568,1183.6665,3008656476
1,2398,12,128,3.00370455,0.142086163,900.861824,3008656476
1,2399,13,128,2.56217265,0.106148401,1205.85896,3008656476
1,2400,14,128,2.59284687,0.108013374,1185.03844,3008656476
1,2401,15,128,2.80523014,0.108108968,1183.99058,3008656476
1,2402,16,128,3.35882258,0.108108061,1184.00052,3008656476
1,2403,17,128,3.40761352,0.107963621,1185.58454,3008656476
1,2404,18,128,3.21315384,0.108123662,1183.82968,3008656476
1,2405,19,128,3.4862926,0.108286954,1182.04451,3008656476
1,2406,20,128,3.19698262,0.108223308,1182.73967,3008656476
1,2407,21,128,3.73839712,0.121964681,1049.48415,3008656476
1,2408,22,128,3.04943657,0.130909065,977.777971,3008656476
1,2409,23,128,2.29118586,0.108460374,1180.15451,3008656476
1,2410,24,128,2.64528751,0.108749163,1177.02055,3008656476
1,2411,25,128,3.29223013,0.108449858,1180.26895,3008656476
1,2412,26,128,3.16944742,0.108618822,1178.43296,3008656476
1,2413,27,128,3.43080759,0.108280974,1182.1098,3008656476
1,2414,28,128,3.01675463,0.108624755,1178.3686,3008656476
1,2415,29,128,2.9166224,0.108043879,1184.70386,3008656476
1,2416,30,128,2.8257947,0.108413468,1180.66512,3008656476
1,2417,31,128,3.02435851,0.100121516,1278.44648,3008656476
1,2418,32,128,3.45582986,0.116540184,1098.3336,3008656476
1,2419,33,128,3.32394457,0.108500074,1179.7227,3008656476
1,2420,34,128,3.30253458,0.108374362,1181.09115,3008656476
1,2421,35,128,3.28455186,0.108471077,1180.03807,3008656476
1,2422,36,128,3.31390142,0.108316515,1181.72192,3008656476
1,2423,37,128,2.87093735,0.108102441,1184.06207,3008656476
1,2424,38,128,2.88501167,0.10862008,1178.41931,3008656476
1,2425,39,128,2.39186549,0.108173846,1183.28048,3008656476
1,2426,40,128,3.22286534,0.120342267,1063.63295,3008656476
1,2427,41,128,3.17801785,0.129897995,985.388574,3008656476
1,2428,42,128,3.35650992,0.108234787,1182.61424,3008656476
1,2429,43,128,3.6182158,0.108247834,1182.4717,3008656476
1,2430,44,128,3.84325886,0.108236391,1182.59671,3008656476
1,2431,45,128,3.58484745,0.108434324,1180.43803,3008656476
1,2432,46,128,2.83730793,0.108333438,1181.53732,3008656476
1,2433,47,128,3.3421433,0.108112727,1183.94942,3008656476
1,2434,48,128,3.0492928,0.108323374,1181.64709,3008656476
1,2435,49,128,3.23807693,0.10838141,1181.01435,3008656476
1,2436,50,128,2.69188523,0.115161005,1111.48735,3008656476
1,2437,51,128,3.64173126,0.131143997,976.026375,3008656476
1,2438,52,128,2.66285133,0.108942118,1174.93585,3008656476
1,2439,53,128,3.58488631,0.108460906,1180.14873,3008656476
1,2440,54,128,2.62614989,0.107849353,1186.84069,3008656476
1,2441,55,128,2.93808484,0.108746398,1177.05048,3008656476
1,2442,56,128,3.7452445,0.108428595,1180.5004,3008656476
1,2443,57,128,3.11782861,0.108161299,1183.41774,3008656476
1,2444,58,128,3.05620527,0.108407722,1180.7277,3008656476
1,2445,59,128,3.07975459,0.124181651,1030.74809,3008656476
1,2446,60,128,2.93790841,0.130135276,983.591874,3008656476
1,2447,61,128,3.7933569,0.108121582,1183.85245,3008656476
1,2448,62,128,2.86291075,0.107866331,1186.65388,3008656476
1,2449,63,128,3.71286702,0.10814694,1183.57487,3008656476
1,2450,64,128,2.4591825,0.108376567,1181.06712,3008656476
1,2451,65,128,3.43439913,0.108286928,1182.0448,3008656476
1,2452,66,128,3.20766997,0.108003671,1185.1449,3008656476
1,2453,67,128,3.80147457,0.108642934,1178.17142,3008656476
1,2454,68,128,4.12397861,0.121707491,1051.7019,3008656476
1,2455,69,128,3.29309344,0.107161323,1194.4608,3008656476
1,2456,70,128,3.77864194,0.126126501,1014.85413,3008656476
1,2457,71,128,3.55546141,0.10812526,1183.81218,3008656476
1,2458,72,128,3.27247143,0.108217034,1182.80824,3008656476
1,2459,73,128,3.19846034,0.108393077,1180.88723,3008656476
1,2460,74,128,3.01081467,0.108331013,1181.56377,3008656476
1,2461,75,128,2.87462354,0.108501617,1179.70592,3008656476
1,2462,76,128,4.05979824,0.10820598,1182.92908,3008656476
1,2463,77,128,3.67156219,0.108156361,1183.47177,3008656476
1,2464,78,128,3.30447626,0.121438156,1054.03445,3008656476
1,2465,79,128,3.25580239,0.127861077,1001.08652,3008656476
1,2466,80,128,3.72669172,0.108185706,1183.15076,3008656476
1,2467,81,128,3.54041553,0.10810588,1184.0244,3008656476
1,2468,82,128,3.66546345,0.10825628,1182.37944,3008656476
1,2469,83,128,3.72487545,0.108190399,1183.09944,3008656476
1,2470,84,128,3.12615681,0.108497163,1179.75435,3008656476
1,2471,85,128,2.88614559,0.108319096,1181.69376,3008656476
1,2472,86,128,2.98919868,0.108433297,1180.44921,3008656476
1,2473,87,128,2.738518,0.119946283,1067.14436,3008656476
1,2474,88,128,2.68134737,0.108676029,1177.81263,3008656476
1,2475,89,128,3.26350069,0.12821836,998.296968,3008656476
1,2476,90,128,2.87290454,0.108311384,1181.7779,3008656476
1,2477,91,128,3.11672139,0.108334718,1181.52336,3008656476
1,2478,92,128,3.18446088,0.108434146,1180.43997,3008656476
1,2479,93,128,3.06881475,0.108268044,1182.25097,3008656476
1,2480,94,128,2.72799301,0.108405656,1180.7502,3008656476
1,2481,95,128,3.10588646,0.108405481,1180.75211,3008656476
1,2482,96,128,2.77834654,0.108346005,1181.40027,3008656476
1,2483,97,128,3.25398922,0.122288892,1046.70177,3008656476
1,2484,98,128,3.34506059,0.130496956,980.865791,3008656476
1,2485,99,128,3.20537472,0.107979964,1185.4051,3008656476
1,2486,100,128,3.39605379,0.108068808,1184.43057,3008656476
1,2487,101,128,2.88651013,0.107910308,1186.17028,3008656476
1,2488,102,128,3.14067411,0.108108112,1183.99996,3008656476
1,2489,103,128,3.28684926,0.107928658,1185.96861,3008656476
1,2490,104,128,2.4600687,0.10817449,1183.27343,3008656476
1,2491,105,128,3.44063139,0.108084957,1184.25361,3008656476
1,2492,106,128,3.19970131,0.121965897,1049.47369,3008656476
1,2493,107,128,2.97023654,0.107965063,1185.56871,3008656476
1,2494,108,128,3.3693409,0.126390116,1012.73742,3008656476
1,2495,109,128,2.37590289,0.108381825,1181.00982,3008656476
1,2496,110,128,3.02993989,0.108338599,1181.48103,3008656476
1,2497,111,128,3.10144258,0.108154082,1183.49671,3008656476
1,2498,112,128,3.6236217,0.108398743,1180.8255,3008656476
1,2499,113,128,4.0248394,0.108156398,1183.47137,3008656476
1,2500,114,128,3.80603385,0.108156742,1183.4676,3008656476
1,2501,115,128,3.86818957,0.108106498,1184.01763,3008656476
1,2502,116,128,2.85433412,0.120919458,1058.55585,3008656476
1,2503,117,128,3.38445449,0.127641308,1002.81016,3008656476
1,2504,118,128,3.2027266,0.107946937,1185.76778,3008656476
1,2505,119,128,3.65386963,0.108022508,1184.93824,3008656476
1,2506,120,128,3.23875856,0.102786259,1245.30264,3008656476
1,2507,121,128,3.0690167,0.108411594,1180.68553,3008656476
1,2508,122,128,2.48432636,0.108396732,1180.84741,3008656476
1,2509,123,128,2.84704781,0.108256279,1182.37945,3008656476
1,2510,124,128,2.68072534,0.108454593,1180.21742,3008656476
1,2511,125,128,2.58318734,0.120328618,1063.7536,3008656476
1,2512,126,128,2.69943333,0.108079782,1184.31031,3008656476
1,2513,127,128,3.49623561,0.126717975,1010.11715,3008656476
1,2514,128,128,3.68751383,0.108313084,1181.75935,3008656476
1,2515,129,128,3.34463978,0.10817485,1183.26949,3008656476
1,2516,130,128,3.37389231,0.108534884,1179.34433,3008656476
1,2517,131,128,3.15789628,0.108141731,1183.63188,3008656476
1,2518,132,128,2.6902163,0.108280679,1182.11302,3008656476
1,2519,133,128,3.07958484,0.10824281,1182.52658,3008656476
1,2520,134,128,3.30767441,0.108131523,1183.74362,3008656476
1,2521,135,128,3.01608443,0.114467787,1118.21853,3008656476
1,2522,136,128,2.64325285,0.129595479,987.688776,3008656476
1,2523,137,128,2.6508224,0.108051405,1184.62134,3008656476
1,2524,138,128,2.24033523,0.108316182,1181.72555,3008656476
1,2525,139,128,2.63649654,0.10810099,1184.07796,3008656476
1,2526,140,128,2.21132731,0.108572637,1178.93425,3008656476
1,2527,141,128,2.13211966,0.108539671,1179.29232,3008656476
1,2528,142,128,2.80350661,0.108210266,1182.88222,3008656476
1,2529,143,128,2.49221039,0.108627161,1178.3425,3008656476
1,2530,144,128,1.72752118,0.122669561,1043.45364,3008656476
1,2531,145,128,1.6255846,0.108407578,1180.72927,3008656476
1,2532,146,128,2.63611031,0.130943893,977.517905,3008656476
1,2533,147,128,3.56302881,0.108172312,1183.29726,3008656476
1,2534,148,128,3.64619803,0.108375867,1181.07475,3008656476
1,2535,149,128,2.79807591,0.108128596,1183.77566,3008656476
1,2536,150,128,2.1442852,0.108132045,1183.7379,3008656476
1,2537,151,128,1.73099124,0.108081994,1184.28607,3008656476
1,2538,152,128,2.59552336,0.108280811,1182.11157,3008656476
1,2539,153,128,3.15800047,0.121843797,1050.52537,3008656476
1,2540,154,128,2.26666522,0.104644047,1223.19428,3008656476
1,2541,155,128,3.49816418,0.128166493,998.700963,3008656476
1,2542,156,128,3.8048358,0.108057185,1184.55797,3008656476
1,2543,157,128,3.51225352,0.108311745,1181.77396,3008656476
1,2544,158,128,2.94286013,0.108274305,1182.18261,3008656476
1,2545,159,128,2.64948249,0.108024952,1184.91143,3008656476
1,2546,160,128,3.02356887,0.108141629,1183.63299,3008656476
1,2547,161,128,3.06379437,0.107987653,1185.3207,3008656476
1,2548,162,128,2.65370536,0.10824574,1182.49457,3008656476
1,2549,163,128,3.68230963,0.120744315,1060.09132,3008656476
1,2550,164,128,3.48062921,0.107926298,1185.99454,3008656476
1,2551,165,128,3.00373769,0.129160653,991.013881,3008656476
1,2552,166,128,3.59537625,0.108067007,1184.45031,3008656476
1,2553,167,128,2.93966913,0.108175895,1183.25806,3008656476
1,2554,168,128,2.92767429,0.108380347,1181.02593,3008656476
1,2555,169,128,2.99682117,0.108309162,1181.80215,3008656476
1,2556,170,128,2.99935627,0.108238342,1182.57539,3008656476
1,2557,171,128,2.85942411,0.10840924,1180.71116,3008656476
1,2558,172,128,2.94468236,0.120044866,1066.26801,3008656476
1,2559,173,128,2.88764262,0.108393657,1180.88091,3008656476
1,2560,174,128,2.62624168,0.129093049,991.532859,3008656476
1,2561,175,128,3.10066295,0.108189631,1183.10783,3008656476
1,2562,176,128,2.44964814,0.108287548,1182.03803,3008656476
1,2563,177,128,3.52149439,0.108435609,1180.42404,3008656476
1,2564,178,128,2.51717043,0.108103364,1184.05196,3008656476
1,2565,179,128,3.60635614,0.108208663,1182.89975,3008656476
1,2566,180,128,3.09468532,0.108101296,1184.07461,3008656476
1,2567,181,128,3.00599027,0.108062546,1184.49921,3008656476
1,2568,182,128,3.67733622,0.122984833,1040.77874,3008656476
1,2569,183,128,2.15532756,0.108482077,1179.91841,3008656476
1,2570,184,128,2.44149685,0.130027265,984.408924,3008656476
1,2571,185,128,3.06052542,0.108173778,1183.28122,3008656476
1,2572,186,128,2.58456659,0.108042697,1184.71682,3008656476
1,2573,187,128,2.51726222,0.108085805,1184.24431,3008656476
1,2574,188,128,3.19787836,0.108353723,1181.31612,3008656476
1,2575,189,128,3.041785,0.108234845,1182.6136,3008656476
1,2576,190,128,2.9953084,0.108008975,1185.0867,3008656476
1,2577,191,128,2.45369077,0.121708784,1051.69073,3008656476
1,2578,192,128,2.32594967,0.108089563,1184.20314,3008656476
1,2579,193,128,3.07962251,0.130379014,981.753091,3008656476
1,2580,194,128,2.73093104,0.1083755,1181.07875,3008656476
1,2581,195,128,3.27411366,0.108540949,1179.27843,3008656476
1,2582,196,128,2.92628026,0.108043193,1184.71138,3008656476
1,2583,197,128,2.74905562,0.10847936,1179.94796,3008656476
1,2584,198,128,2.70035791,0.108537315,1179.31791,3008656476
1,2585,199,128,3.38133979,0.108891996,1175.47666,3008656476
1,2586,200,128,3.06447411,0.10810842,1183.99658,3008656476
1,2587,201,128,2.81200385,0.114827228,1114.71819,3008656476
1,2588,202,128,3.87255716,0.107869781,1186.61593,3008656476
1,2589,203,128,3.0457809,0.12865648,994.89742,3008656476
1,2590,204,128,2.97519636,0.108244258,1182.51076,3008656476
1,2591,205,128,3.1095643,0.108185572,1183.15222,3008656476
1,2592,206,128,2.40455556,0.108130447,1183.75539,3008656476
1,2593,207,128,2.56928587,0.108456601,1180.19557,3008656476
1,2594,208,128,2.38244247,0.108186083,1183.14663,3008656476
1,2595,209,128,2.49072766,0.094693976,1351.72273,3008656476
1,2596,210,128,2.26832438,0.12023584,1064.57442,3008656476
1,2597,211,128,3.06702447,0.108155355,1183.48278,3008656476
1,2598,212,128,2.84728312,0.127782668,1001.70079,3008656476
1,2599,213,128,2.6352396,0.108167762,1183.34703,3008656476
1,2600,214,128,2.10290313,0.108260463,1182.33376,3008656476
1,2601,215,128,2.47620726,0.108082313,1184.28258,3008656476
1,2602,216,128,3.23870611,0.108211108,1182.87302,3008656476
1,2603,217,128,3.03306222,0.10830675,1181.82846,3008656476
1,2604,218,128,2.62494302,0.10801252,1185.04781,3008656476
1,2605,219,128,3.25197005,0.108385936,1180.96503,3008656476
1,2606,220,128,2.61018038,0.112002032,1142.83641,3008656476
1,2607,221,128,2.41544437,0.108429612,1180.48933,3008656476
1,2608,222,128,2.82304406,0.129048286,991.876793,3008656476
1,2609,223,128,2.49144793,0.108335611,1181.51362,3008656476
1,2610,224,128,2.74623823,0.108324464,1181.6352,3008656476
1,2611,225,128,2.86532259,0.108375869,1181.07473,3008656476
1,2612,226,128,2.78974366,0.108426593,1180.5222,3008656476
1,2613,227,128,3.29293513,0.10886455,1175.77301,3008656476
1,2614,228,128,2.87765098,0.108363319,1181.21151,3008656476
1,2615,229,128,2.732059,0.122559275,1044.3926,3008656476
1,2616,230,128,3.15360045,0.108233081,1182.63288,3008656476
1,2617,231,128,3.38703752,0.128615464,995.214697,3008656476
1,2618,232,128,2.84687757,0.10824043,1182.55258,3008656476
1,2619,233,128,3.28694749,0.108178765,1183.22667,3008656476
1,2620,234,128,3.17560863,0.108351668,1181.33853,3008656476
1,2621,235,128,2.45850849,0.108449344,1180.27454,3008656476
1,2622,236,128,3.39948082,0.108134443,1183.71165,3008656476
1,2623,237,128,2.58071804,0.108155153,1183.48499,3008656476
1,2624,238,128,3.19147253,0.124120296,1031.25761,3008656476
1,2625,239,128,3.44585657,0.095551481,1339.592,3008656476
1,2626,240,128,3.23938203,0.10888087,1175.59678,3008656476
1,2627,241,128,2.57809615,0.130366018,981.850961,3008656476
1,2628,242,128,2.87852049,0.108690188,1177.6592,3008656476
1,2629,243,128,2.98114681,0.108278005,1182.14221,3008656476
1,2630,244,128,3.26421404,0.108150612,1183.53468,3008656476
1,2631,245,128,2.41663313,0.108107583,1184.00575,3008656476
1,2632,246,128,3.09589934,0.108172798,1183.29194,3008656476
1,2633,247,128,3.11049461,0.108382637,1181.00098,3008656476
1,2634,248,128,3.30481267,0.122013311,1049.06587,3008656476
1,2635,249,128,1.77631831,0.108823748,1176.21385,3008656476
1,2636,250,128,2.49237537,0.127370493,1004.94233,3008656476
1,2637,251,128,3.49824786,0.10889466,1175.44791,3008656476
1,2638,252,128,3.06167245,0.108486533,1179.86995,3008656476
1,2639,253,128,2.77783632,0.108621331,1178.40574,3008656476
1,2640,254,128,3.30093694,0.108597479,1178.66456,3008656476
1,2641,255,128,3.22009611,0.108877228,1175.6361,3008656476
1,2642,256,128,2.68854666,0.108771487,1176.77898,3008656476
1,2643,257,128,3.17799544,0.120948104,1058.30514,3008656476
1,2644,258,128,2.685853,0.104803564,1221.33251,3008656476
1,2645,259,128,2.98656654,0.10823013,1182.66512,3008656476
1,2646,260,128,3.32170558,0.129452226,988.781761,3008656476
1,2647,261,128,2.9102416,0.108907981,1175.30413,3008656476
1,2648,262,128,3.3032012,0.108202116,1182.97132,3008656476
1,2649,263,128,2.33072519,0.108235041,1182.61146,3008656476
1,2650,264,128,2.73435712,0.108094197,1184.15237,3008656476
1,2651,265,128,2.6324656,0.108176004,1183.25687,3008656476
1,2652,266,128,2.63791656,0.108370422,1181.13409,3008656476
1,2653,267,128,2.00316072,0.120553642,1061.76801,3008656476
1,2654,268,128,2.00523615,0.108021691,1184.9472,3008656476
1,2655,269,128,2.96815538,0.127601558,1003.12255,3008656476
1,2656,270,128,3.39310265,0.108630834,1178.30265,3008656476
1,2657,271,128,2.35207176,0.108023353,1184.92897,3008656476
1,2658,272,128,2.82115531,0.108220337,1182.77214,3008656476
1,2659,273,128,3.36399341,0.108065375,1184.4682,3008656476
1,2660,274,128,2.47103667,0.108074391,1184.36938,3008656476
1,2661,275,128,2.80298948,0.108185395,1183.15416,3008656476
1,2662,276,128,3.02340841,0.119658451,1069.71132,3008656476
1,2663,277,128,3.6113565,0.108451795,1180.24787,3008656476
1,2664,278,128,2.55120635,0.108196799,1183.02945,3008656476
1,2665,279,128,2.57832623,0.127993461,1000.05109,3008656476
1,2666,280,128,2.7293365,0.108221626,1182.75806,3008656476
1,2667,281,128,2.59564686,0.108501945,1179.70235,3008656476
1,2668,282,128,1.99608588,0.107997968,1185.20748,3008656476
1,2669,283,128,2.32554317,0.108071099,1184.40546,3008656476
1,2670,284,128,2.15009165,0.108232693,1182.63712,3008656476
1,2671,285,128,2.24186158,0.108230551,1182.66052,3008656476
1,2672,286,128,2.66966629,0.122927835,1041.26132,3008656476
1,2673,287,128,2.23754692,0.108226873,1182.70071,3008656476
1,2674,288,128,2.13833284,0.129676917,987.0685,3008656476
1,2675,289,128,2.91774869,0.108702692,1177.52374,3008656476
1,2676,290,128,2.51198649,0.108049723,1184.63978,3008656476
1,2677,291,128,3.25967908,0.108063531,1184.48841,3008656476
1,2678,292,128,2.78854156,0.108651634,1178.07708,3008656476
1,2679,293,128,2.36727214,0.108613694,1178.4886,3008656476
1,2680,294,128,2.35832953,0.10833296,1181.54253,3008656476
1,2681,295,128,2.84108591,0.12189641,1050.07194,3008656476
1,2682,296,128,3.44261575,0.10850088,1179.71393,3008656476
1,2683,297,128,2.6913774,0.108106059,1184.02244,3008656476
1,2684,298,128,2.88829374,0.128608995,995.264756,3008656476
1,2685,299,128,2.97426033,0.108554338,1179.13298,3008656476
1,2686,300,128,2.5708077,0.10845496,1180.21343,3008656476
1,2687,301,128,2.88544941,0.108861449,1175.80651,3008656476
1,2688,302,128,2.74668813,0.108782572,1176.65907,3008656476
1,2689,303,128,2.98594832,0.108760283,1176.90021,3008656476
1,2690,304,128,2.48287725,0.108806294,1176.40253,3008656476
1,2691,305,128,2.78236866,0.118802796,1077.41572,3008656476
1,2692,306,128,2.53452229,0.108986627,1174.45602,3008656476
1,2693,307,128,2.19587851,0.129805595,986.090006,3008656476
1,2694,308,128,3.43169641,0.108553384,1179.14334,3008656476
1,2695,309,128,3.23820329,0.108911179,1175.26962,3008656476
1,2696,310,128,2.59607506,0.108925645,1175.11354,3008656476
1,2697,311,128,2.44824815,0.108799297,1176.47819,3008656476
1,2698,312,128,2.5016048,0.108227444,1182.69447,3008656476
1,2699,313,128,2.74905705,0.108220285,1182.77271,3008656476
1,2700,314,128,1.95772922,0.120370151,1063.38655,3008656476
1,2701,315,128,2.67458606,0.108136068,1183.69386,3008656476
1,2702,316,128,2.8152349,0.108137241,1183.68102,3008656476
1,2703,317,128,2.67412591,0.129000449,992.244608,3008656476
1,2704,318,128,3.03948665,0.108144751,1183.59882,3008656476
1,2705,319,128,3.0584259,0.108109997,1183.97931,3008656476
1,2706,320,128,3.3628602,0.107998383,1185.20293,3008656476
1,2707,321,128,2.77146363,0.108024809,1184.913,3008656476
1,2708,322,128,2.90196204,0.108126804,1183.79528,3008656476
1,2709,323,128,2.99670267,0.108200422,1182.98984,3008656476
1,2710,324,128,2.16252041,0.110037346,1163.24143,3008656476
1,2711,325,128,3.29346371,0.108053096,1184.6028,3008656476
1,2712,326,128,3.04948115,0.127698836,1002.35839,3008656476
1,2713,327,128,3.11814451,0.108440332,1180.37263,3008656476
1,2714,328,128,3.14691997,0.108091913,1184.1774,3008656476
1,2715,329,128,2.92563057,0.108049473,1184.64252,3008656476
1,2716,330,128,3.95022058,0.108209083,1182.89515,3008656476
1,2717,331,128,3.13099217,0.108140147,1183.64921,3008656476
1,2718,332,128,2.60532975,0.108585532,1178.79424,3008656476
1,2719,333,128,3.34322929,0.122082768,1048.46902,3008656476
1,2720,334,128,2.91470885,0.108163311,1183.39573,3008656476
1,2721,335,128,3.19736266,0.108219861,1182.77735,3008656476
1,2722,336,128,3.09792948,0.131468495,973.617291,3008656476
1,2723,337,128,3.29598451,0.108064931,1184.47306,3008656476
1,2724,338,128,2.76686954,0.108146607,1183.57851,3008656476
1,2725,339,128,3.15943527,0.107966925,1185.54826,3008656476
1,2726,340,128,2.80705881,0.108432164,1180.46155,3008656476
1,2727,341,128,2.80291319,0.108693959,1177.61834,3008656476
1,2728,342,128,2.99580264,0.122773291,1042.57204,3008656476
1,2729,343,128,2.70995474,0.106356528,1203.49923,3008656476
1,2730,344,128,3.29033351,0.108141476,1183.63467,3008656476
1,2731,345,128,2.44078732,0.127319348,1005.34602,3008656476
1,2732,346,128,2.63081169,0.108551239,1179.16664,3008656476
1,2733,347,128,3.646106,0.108169386,1183.32926,3008656476
1,2734,348,128,3.07376003,0.108406544,1180.74053,3008656476
1,2735,349,128,3.39758706,0.171272478,747.34716,3008656476
1,2736,350,128,3.50076365,0.108046357,1184.67668,3008656476
1,2737,351,128,3.21430802,0.122166286,1047.75224,3008656476
1,2738,352,128,3.69208264,0.10834741,1181.38495,3008656476
1,2739,353,128,3.31396294,0.108102487,1184.06157,3008656476
1,2740,354,128,2.627985,0.128815861,993.666455,3008656476
1,2741,355,128,2.92598009,0.108157338,1183.46108,3008656476
1,2742,356,128,3.18538666,0.108449039,1180.27786,3008656476
1,2743,357,128,2.78408217,0.107987318,1185.32437,3008656476
1,2744,358,128,1.88441598,0.108074167,1184.37184,3008656476
1,2745,359,128,2.48962712,0.108168135,1183.34295,3008656476
1,2746,360,128,2.68253398,0.108194609,1183.0534,3008656476
1,2747,361,128,2.60888267,0.12128433,1055.37129,3008656476
1,2748,362,128,2.71010494,0.107951439,1185.71833,3008656476
1,2749,363,128,2.83523011,0.108379874,1181.03108,3008656476
1,2750,364,128,2.99612021,0.128841549,993.468341,3008656476
1,2751,365,128,3.15001869,0.108132079,1183.73753,3008656476
1,2752,366,128,3.1770916,0.107966984,1185.54761,3008656476
1,2753,367,128,3.34650135,0.108232034,1182.64432,3008656476
1,2754,368,128,2.49233413,0.108275095,1182.17398,3008656476
1,2755,369,128,3.03913689,0.108297261,1181.93202,3008656476
1,2756,370,128,2.85872006,0.120501192,1062.23016,3008656476
1,2757,371,128,2.54549432,0.108179684,1183.21662,3008656476
1,2758,372,128,2.97328448,0.10828149,1182.10416,3008656476
1,2759,373,128,3.35222459,0.128459992,996.419181,3008656476
1,2760,374,128,3.17242551,0.108577386,1178.88268,3008656476
1,2761,375,128,2.47167087,0.108819634,1176.25832,3008656476
1,2762,376,128,3.57352972,0.108285319,1182.06236,3008656476
1,2763,377,128,2.30160165,0.108670991,1177.86724,3008656476
1,2764,378,128,2.85496521,0.108329681,1181.5783,3008656476
1,2765,379,128,1.95974958,0.108197222,1183.02483,3008656476
1,2766,380,128,2.57452607,0.118541032,1079.79488,3008656476
1,2767,381,128,2.38924885,0.10845043,1180.26272,3008656476
1,2768,382,128,2.06099963,0.108448078,1180.28832,3008656476
1,2769,383,128,2.23300934,0.131797462,971.187139,3008656476
1,2770,384,128,3.66780043,0.108433195,1180.45032,3008656476
1,2771,385,128,3.79525089,0.108557862,1179.0947,3008656476
1,2772,386,128,2.79136586,0.108180729,1183.20519,3008656476
1,2773,387,128,2.33130431,0.108674375,1177.83056,3008656476
1,2774,388,128,3.09582663,0.108183336,1183.17668,3008656476
1,2775,389,128,3.64902782,0.122039504,1048.84071,3008656476
1,2776,390,128,3.08916545,0.108500789,1179.71492,3008656476
1,2777,391,128,3.35723066,0.108407018,1180.73537,3008656476
1,2778,392,128,2.48407698,0.127909442,1000.70799,3008656476
1,2779,393,128,3.25332999,0.10859028,1178.7427,3008656476
1,2780,394,128,2.69195127,0.108233303,1182.63045,3008656476
1,2781,395,128,3.11222315,0.108555189,1179.12374,3008656476
1,2782,396,128,3.00000143,0.108325214,1181.62702,3008656476
1,2783,397,128,3.51206541,0.108351434,1181.34108,3008656476
1,2784,398,128,2.89501166,0.108090253,1184.19558,3008656476
1,2785,399,128,3.52719951,0.110434538,1159.05769,3008656476
1,2786,400,128,3.00859523,0.108391996,1180.899,3008656476
1,2787,401,128,3.20443106,0.108539386,1179.29541,3008656476
1,2788,402,128,2.90541577,0.129355767,989.519083,3008656476
1,2789,403,128,2.63479924,0.108544443,1179.24047,3008656476
1,2790,404,128,2.86853361,0.108125836,1183.80588,3008656476
1,2791,405,128,2.68915319,0.108558676,1179.08586,3008656476
1,2792,406,128,2.72736526,0.108636794,1178.23801,3008656476
1,2793,407,128,1.93131971,0.108686918,1177.69463,3008656476
1,2794,408,128,2.52024388,0.120166499,1065.18873,3008656476
1,2795,409,128,3.17644763,0.108449018,1180.27809,3008656476
1,2796,410,128,2.12034345,0.108629912,1178.31265,3008656476
1,2797,411,128,3.24239945,0.128110022,999.141191,3008656476
1,2798,412,128,2.25065899,0.108509878,1179.61611,3008656476
1,2799,413,128,2.47255325,0.108661106,1177.97439,3008656476
1,2800,414,128,2.46177077,0.108287211,1182.04171,3008656476
1,2801,415,128,3.49633503,0.108264437,1182.29036,3008656476
1,2802,416,128,2.77788162,0.429189404,298.236627,3008656476
1,2803,417,128,2.22996163,0.114136322,1121.46596,3008656476
1,2804,418,128,2.66407466,0.106623993,1200.48027,3008656476
1,2805,419,128,1.83574843,0.106783975,1198.68173,3008656476
1,2806,420,128,1.6682657,0.117421731,1090.08783,3008656476
1,2807,421,128,2.96569586,0.105153731,1217.26541,3008656476
1,2808,422,128,2.46326423,0.106640812,1200.29094,3008656476
1,2809,423,128,2.9508214,0.106634159,1200.36582,3008656476
1,2810,424,128,3.51482153,0.106548309,1201.333,3008656476
1,2811,425,128,3.60760498,0.106672503,1199.93434,3008656476
1,2812,426,128,4.04698658,0.106526939,1201.574,3008656476
1,2813,427,128,2.73566198,0.106618917,1200.53742,3008656476
1,2814,428,128,1.92481387,0.106790144,1198.61249,3008656476
1,2815,429,128,1.91895092,0.106605594,1200.68746,3008656476
1,2816,430,128,2.08478189,0.119753983,1068.85798,3008656476
1,2817,431,128,2.0259037,0.106542095,1201.40307,3008656476
1,2818,432,128,2.31172323,0.106587703,1200.889,3008656476
1,2819,433,128,1.98685217,0.106597629,1200.77718,3008656476
1,2820,434,128,3.04149008,0.106590395,1200.85867,3008656476
1,2821,435,128,3.21603942,0.106487029,1202.02433,3008656476
1,2822,436,128,3.5713315,0.106607507,1200.66592,3008656476
1,2823,437,128,2.37185693,0.106675084,1199.90531,3008656476
1,2824,438,128,2.21423101,0.10663624,1200.3424,3008656476
1,2825,439,128,2.90831065,0.106660576,1200.06852,3008656476
1,2826,440,128,2.85495496,0.121218364,1055.94562,3008656476
1,2827,441,128,2.47333121,0.106711744,1199.49309,3008656476
1,2828,442,128,2.4983182,0.106666947,1199.99685,3008656476
1,2829,443,128,2.45257092,0.106569162,1201.09793,3008656476
1,2830,444,128,2.32271695,0.106577989,1200.99845,3008656476
1,2831,445,128,2.46368599,0.106473371,1202.17852,3008656476
1,2832,446,128,2.67570353,0.106674305,1199.91407,3008656476
1,2833,447,128,3.31479645,0.106522387,1201.62534,3008656476
1,2834,448,128,2.95271039,0.106602012,1200.72781,3008656476
1,2835,449,128,3.06150579,0.106602476,1200.72258,3008656476
1,2836,450,128,2.80785322,0.11865205,1078.78456,3008656476
1,2837,451,128,3.44286966,0.10652707,1201.57252,3008656476
1,2838,452,128,2.84651256,0.106445112,1202.49768,3008656476
1,2839,453,128,2.59505081,0.106444545,1202.50408,3008656476
1,2840,454,128,3.27212048,0.106525899,1201.58573,3008656476
1,2841,455,128,3.40671921,0.106511864,1201.74406,3008656476
1,2842,456,128,3.17728972,0.106445965,1202.48804,3008656476
1,2843,457,128,3.35645556,0.106691407,1199.72174,3008656476
1,2844,458,128,3.19461918,0.106755114,1199.00579,3008656476
1,2845,459,128,2.3159256,0.106604291,1200.70214,3008656476
1,2846,460,128,3.18123007,0.108223597,1182.73652,3008656476
1,2847,461,128,3.03328133,0.106759378,1198.9579,3008656476
1,2848,462,128,2.99306774,0.106691894,1199.71626,3008656476
1,2849,463,128,2.28609467,0.106709432,1199.51908,3008656476
1,2850,464,128,2.23652554,0.106602147,1200.72629,3008656476
1,2851,465,128,2.31248474,0.106683952,1199.80557,3008656476
1,2852,466,128,2.28592229,0.10672783,1199.31231,3008656476
1,2853,467,128,2.5818367,0.106673229,1199.92618,3008656476
1,2854,468,128,3.50874496,0.106589826,1200.86508,3008656476
1,2855,469,128,3.29509473,0.120282227,1064.16387,3008656476
1,2856,470,128,3.3008275,0.106970747,1196.58882,3008656476
1,2857,471,128,2.16569591,0.106612955,1200.60456,3008656476
1,2858,472,128,3.6533618,0.106568858,1201.10136,3008656476
1,2859,473,128,3.15891457,0.106522376,1201.62547,3008656476
1,2860,474,128,2.6745944,0.10659786,1200.77457,3008656476
1,2861,475,128,1.99233663,0.106631987,1200.39027,3008656476
1,2862,476,128,2.64380527,0.106470483,1202.21113,3008656476
1,2863,477,128,2.81856751,0.106550684,1201.30623,3008656476
1,2864,478,128,2.98699737,0.106573313,1201.05115,3008656476
1,2865,479,128,3.45654202,0.120995424,1057.89125,3008656476
1,2866,480,128,2.98559093,0.106413003,1202.86052,3008656476
1,2867,481,128,2.46892023,0.106543452,1201.38777,3008656476
1,2868,482,128,2.33092904,0.106597718,1200.77617,3008656476
1,2869,483,128,3.07020617,0.106540366,1201.42257,3008656476
1,2870,484,128,3.08736968,0.106510747,1201.75666,3008656476
1,2871,485,128,2.61684585,0.106593481,1200.8239,3008656476
1,2872,486,128,2.19365644,0.170553386,750.498146,3008656476
1,2873,487,128,3.08723164,0.106611891,1200.61654,3008656476
1,2874,488,128,2.51765156,0.120556524,1061.74262,3008656476
1,2875,489,128,3.48668814,0.106643578,1200.2598,3008656476
1,2876,490,128,3.62347031,0.106572772,1201.05725,3008656476
1,2877,491,128,3.59923315,0.106640112,1200.29881,3008656476
1,2878,492,128,2.79123187,0.106524433,1201.60227,3008656476
1,2879,493,128,3.18976378,0.106785342,1198.66639,3008656476
1,2880,494,128,3.06603026,0.106658615,1200.09059,3008656476
1,2881,495,128,3.14841223,0.106657632,1200.10165,3008656476
1,2882,496,128,3.54240918,0.106577793,1201.00066,3008656476
1,2883,497,128,3.55766964,0.106589092,1200.87335,3008656476
1,2884,498,128,3.45627046,0.119486573,1071.25007,3008656476
1,2885,499,128,3.18413258,0.106578201,1200.99606,3008656476
1,2886,500,128,3.58984709,0.106642527,1200.27163,3008656476
1,2887,501,128,3.56251645,0.106599233,1200.75911,3008656476
1,2888,502,128,2.81640744,0.106524638,1201.59995,3008656476
1,2889,503,128,3.29055572,0.10662628,1200.45452,3008656476
1,2890,504,128,3.56882691,0.106687793,1199.76238,3008656476
1,2891,505,128,3.41247058,0.10666152,1200.0579,3008656476
1,2892,506,128,3.59541392,0.106676639,1199.88782,3008656476
1,2893,507,128,2.77539754,0.10668787,1199.76151,3008656476
1,2894,508,128,3.29806614,0.119161728,1074.17039,3008656476
1,2895,509,128,3.32428575,0.10659829,1200.76973,3008656476
1,2896,510,128,3.20342636,0.106652303,1200.16161,3008656476
1,2897,511,128,3.31577086,0.106577463,1201.00438,3008656476
1,2898,512,128,3.44238162,0.106555883,1201.24761,3008656476
1,2899,513,128,3.33761835,0.106616306,1200.56683,3008656476
1,2900,514,128,3.20722771,0.106557826,1201.22571,3008656476
1,2901,515,128,3.55674958,0.106491616,1201.97256,3008656476
1,2902,516,128,3.00429368,0.106540266,1201.42369,3008656476
1,2903,517,128,3.33365154,0.106490855,1201.98115,3008656476
1,2904,518,128,3.56338501,0.109235817,1171.77684,3008656476
1,2905,519,128,3.2235508,0.106497429,1201.90695,3008656476
1,2906,520,128,2.81667972,0.106725308,1199.34065,3008656476
1,2907,521,128,2.96306181,0.10669004,1199.73711,3008656476
1,2908,522,128,2.58940482,0.106740914,1199.1653,3008656476
1,2909,523,128,3.07661223,0.106619446,1200.53147,3008656476
1,2910,524,128,2.44573474,0.106609842,1200.63962,3008656476
1,2911,525,128,2.85545635,0.106578458,1200.99317,3008656476
1,2912,526,128,3.40271854,0.106628566,1200.42879,3008656476
1,2913,527,128,2.95352435,0.120264529,1064.32047,3008656476
1,2914,528,128,3.43642521,0.106803092,1198.46718,3008656476
1,2915,529,128,2.57657719,0.106371016,1203.33531,3008656476
1,2916,530,128,2.25192499,0.106614325,1200.58913,3008656476
1,2917,531,128,3.3464222,0.106730979,1199.27692,3008656476
1,2918,532,128,3.79037523,0.106527533,1201.5673,3008656476
1,2919,533,128,3.33816195,0.106436296,1202.59728,3008656476
1,2920,534,128,3.22133255,0.106521949,1201.63029,3008656476
1,2921,535,128,3.24194407,0.106481254,1202.08952,3008656476
1,2922,536,128,3.08913994,0.106484011,1202.0584,3008656476
1,2923,537,128,3.24836636,0.11853369,1079.86177,3008656476
1,2924,538,128,2.30371833,0.10667446,1199.91233,3008656476
1,2925,539,128,2.75785279,0.10660798,1200.66059,3008656476
1,2926,540,128,2.90919185,0.106598983,1200.76192,3008656476
1,2927,541,128,3.10651612,0.106616582,1200.56372,3008656476
1,2928,542,128,3.09511304,0.106542968,1201.39323,3008656476
1,2929,543,128,3.50934935,0.106654678,1200.13489,3008656476
1,2930,544,128,2.72340035,0.106573796,1201.04571,3008656476
1,2931,545,128,2.26159668,0.106486956,1202.02516,3008656476
1,2932,546,128,2.63956118,0.1066689,1199.97488,3008656476
1,2933,547,128,3.44141293,0.119003766,1075.59621,3008656476
1,2934,548,128,3.39530158,0.106612899,1200.60519,3008656476
1,2935,549,128,3.26516986,0.106517404,1201.68156,3008656476
1,2936,550,128,2.88081241,0.106548915,1201.32617,3008656476
1,2937,551,128,2.45018625,0.106521792,1201.63206,3008656476
1,2938,552,128,2.88042402,0.106622668,1200.49519,3008656476
1,2939,553,128,3.24751949,0.10694016,1196.93107,3008656476
1,2940,554,128,3.77465892,0.106647938,1200.21073,3008656476
1,2941,555,128,3.54294276,0.106588258,1200.88275,3008656476
1,2942,556,128,2.55566406,0.106644661,1200.24761,3008656476
1,2943,557,128,2.93563056,0.118537179,1079.82998,3008656476
1,2944,558,128,3.842731,0.106500497,1201.87233,3008656476
1,2945,559,128,3.8728466,0.106535875,1201.47321,3008656476
1,2946,560,128,3.67135143,0.106550977,1201.30292,3008656476
1,2947,561,128,3.19940424,0.106518855,1201.66519,3008656476
1,2948,562,128,3.56320453,0.106598339,1200.76918,3008656476
1,2949,563,128,3.78105783,0.106548981,1201.32543,3008656476
1,2950,564,128,3.24160194,0.106681114,1199.83749,3008656476
1,2951,565,128,2.94548202,0.106588778,1200.87689,3008656476
1,2952,566,128,2.28762197,0.119260101,1073.28435,3008656476
1,2953,567,128,3.54358196,0.106864624,1197.77711,3008656476
1,2954,568,128,3.33038282,0.10670031,1199.62163,3008656476
1,2955,569,128,3.4868269,0.106699533,1199.63037,3008656476
1,2956,570,128,3.94414663,0.106523015,1201.61826,3008656476
1,2957,571,128,2.68490314,0.106589592,1200.86772,3008656476
1,2958,572,128,2.5356977,0.106488457,1202.00821,3008656476
1,2959,573,128,3.59523964,0.106545874,1201.36046,3008656476
1,2960,574,128,3.15924454,0.106510027,1201.76479,3008656476
1,2961,575,128,3.24113417,0.106526414,1201.57992,3008656476
1,2962,576,128,2.74052548,0.118824721,1077.21692,3008656476
1,2963,577,128,3.7235713,0.106615889,1200.57152,3008656476
1,2964,578,128,2.85061431,0.106547073,1201.34694,3008656476
1,2965,579,128,2.87074041,0.106671317,1199.94769,3008656476
1,2966,580,128,2.63919091,0.106565206,1201.14252,3008656476
1,2967,581,128,3.16297674,0.106734007,1199.2429,3008656476
1,2968,582,128,3.21987963,0.106518708,1201.66685,3008656476
1,2969,583,128,2.83382249,0.106618618,1200.54079,3008656476
1,2970,584,128,3.27968287,0.106473272,1202.17964,3008656476
1,2971,585,128,2.68807983,0.106743911,1199.13163,3008656476
1,2972,586,128,3.4771595,0.120146549,1065.3656,3008656476
1,2973,587,128,3.27596021,0.106662444,1200.04751,3008656476
1,2974,588,128,3.02497745,0.106626596,1200.45096,3008656476
1,2975,589,128,3.70555282,0.106612443,1200.61033,3008656476
1,2976,590,128,3.34633565,0.106357325,1203.49022,3008656476
1,2977,591,128,3.26975942,0.106613368,1200.59991,3008656476
1,2978,592,128,3.04291105,0.106673245,1199.926,3008656476
1,2979,593,128,2.63366914,0.10655263,1201.28429,3008656476
1,2980,594,128,2.69114304,0.106550074,1201.3131,3008656476
1,2981,595,128,2.94806862,0.106594955,1200.8073,3008656476
1,2982,596,128,3.11061907,0.121527364,1053.26073,3008656476
1,2983,597,128,2.95899248,0.106606964,1200.67203,3008656476
1,2984,598,128,2.8176055,0.106536634,1201.46465,3008656476
1,2985,599,128,3.33489561,0.106496117,1201.92176,3008656476
1,2986,600,128,3.06587934,0.106455913,1202.37567,3008656476
1,2987,601,128,2.63639998,0.106572188,1201.06383,3008656476
1,2988,602,128,3.16392088,0.106487414,1202.01999,3008656476
1,2989,603,128,2.42837882,0.106557451,1201.22994,3008656476
1,2990,604,128,3.48596382,0.106695594,1199.67466,3008656476
1,2991,605,128,2.33123899,0.117934499,1085.34823,3008656476
1,2992,606,128,2.37561965,0.105583172,1212.3144,3008656476
1,2993,607,128,2.17380619,0.106528856,1201.55238,3008656476
1,2994,608,128,3.16475773,0.106484605,1202.0517,3008656476
1,2995,609,128,2.54305506,0.106551515,1201.29686,3008656476
1,2996,610,128,2.59656835,0.106567021,1201.12206,3008656476
1,2997,611,128,2.32807517,0.10662924,1200.4212,3008656476
1,2998,612,128,2.77709365,0.106584813,1200.92156,3008656476
1,2999,613,128,2.98456907,0.106612219,1200.61285,3008656476
1,3000,614,128,3.26779771,0.10658306,1200.94131,3008656476
1,3001,615,128,2.39956284,0.118568177,1079.54768,3008656476
1,3002,616,128,3.13614488,0.106474624,1202.16438,3008656476
1,3003,617,128,3.27568674,0.106434697,1202.61535,3008656476
1,3004,618,128,2.68490052,0.106524531,1201.60116,3008656476
1,3005,619,128,2.92042923,0.10651489,1201.70992,3008656476
1,3006,620,128,2.76381207,0.106540938,1201.41612,3008656476
1,3007,621,128,2.65953445,0.10655371,1201.27211,3008656476
1,3008,622,128,3.17417574,0.106573429,1201.04984,3008656476
1,3009,623,128,3.32614756,0.106373742,1203.30448,3008656476
1,3010,624,128,3.20718026,0.106434123,1202.62183,3008656476
1,3011,625,128,3.37819076,0.118695013,1078.39409,3008656476
1,3012,626,128,3.10915494,0.106516233,1201.69477,3008656476
1,3013,627,128,2.55795312,0.106554448,1201.26379,3008656476
1,3014,628,128,3.01696634,0.106474746,1202.163,3008656476
1,3015,629,128,3.77350044,0.106578042,1200.99786,3008656476
1,3016,630,128,3.54789495,0.106566199,1201.13133,3008656476
1,3017,631,128,2.67424464,0.106557541,1201.22892,3008656476
1,3018,632,128,3.81613588,0.106477283,1202.13436,3008656476
1,3019,633,128,3.64393139,0.106522159,1201.62792,3008656476
1,3020,634,128,3.36597204,0.106548305,1201.33305,3008656476
1,3021,635,128,2.59430003,0.120271228,1064.26119,3008656476
1,3022,636,128,3.01131511,0.10652059,1201.64562,3008656476
1,3023,637,128,2.91700315,0.106558738,1201.21543,3008656476
1,3024,638,128,2.98209405,0.106612597,1200.60859,3008656476
1,3025,639,128,3.6253705,0.106535781,1201.47427,3008656476
1,3026,640,128,3.03891873,0.10658611,1200.90695,3008656476
1,3027,641,128,3.13628292,0.106618572,1200.54131,3008656476
1,3028,642,128,2.46406341,0.106520312,1201.64875,3008656476
1,3029,643,128,3.09136271,0.106527034,1201.57293,3008656476
1,3030,644,128,3.30964518,0.106528127,1201.5606,3008656476
1,3031,645,128,4.02512169,0.108516674,1179.54223,3008656476
1,3032,646,128,3.06019568,0.106463631,1202.28851,3008656476
1,3033,647,128,2.91621375,0.106533764,1201.49702,3008656476
1,3034,648,128,3.19812107,0.106526231,1201.58198,3008656476
1,3035,649,128,3.0028975,0.106722916,1199.36753,3008656476
1,3036,650,128,2.62392092,0.106817746,1198.30276,3008656476
1,3037,651,128,2.8070631,0.1066862,1199.78029,3008656476
1,3038,652,128,2.182971,0.106705604,1199.56211,3008656476
1,3039,653,128,2.42863488,0.10673524,1199.22905,3008656476
1,3040,654,128,3.57477498,0.117701492,1087.49683,3008656476
1,3041,655,128,3.58062553,0.106559072,1201.21166,3008656476
1,3042,656,128,3.28337526,0.106506581,1201.80367,3008656476
1,3043,657,128,2.93436098,0.106478477,1202.12088,3008656476
1,3044,658,128,3.33964753,0.106587674,1200.88933,3008656476
1,3045,659,128,3.49275565,0.106607467,1200.66637,3008656476
1,3046,660,128,3.13680911,0.106566881,1201.12364,3008656476
1,3047,661,128,3.34068084,0.106573145,1201.05304,3008656476
1,3048,662,128,3.09767413,0.106485862,1202.03751,3008656476
1,3049,663,128,2.76083231,0.106534849,1201.48478,3008656476
1,3050,664,128,2.30779934,0.118472018,1080.4239,3008656476
1,3051,665,128,3.71830606,0.10655756,1201.22871,3008656476
1,3052,666,128,3.41486764,0.106621696,1200.50613,3008656476
1,3053,667,128,2.93561816,0.10656398,1201.15634,3008656476
1,3054,668,128,2.45399237,0.106682202,1199.82525,3008656476
1,3055,669,128,2.49429798,0.106544178,1201.37958,3008656476
1,3056,670,128,2.85502529,0.106530143,1201.53786,3008656476
1,3057,671,128,2.26444721,0.106530372,1201.53528,3008656476
1,3058,672,128,2.67294765,0.106581696,1200.95668,3008656476
1,3059,673,128,2.72967911,0.106616782,1200.56147,3008656476
1,3060,674,128,3.54115152,0.121285483,1055.36126,3008656476
1,3061,675,128,3.17186356,0.106665694,1200.01094,3008656476
1,3062,676,128,2.85260201,0.106620281,1200.52207,3008656476
1,3063,677,128,3.65111494,0.106685775,1199.78507,3008656476
1,3064,678,128,2.99180388,0.106573059,1201.05401,3008656476
1,3065,679,128,3.08151555,0.106671624,1199.94423,3008656476
1,3066,680,128,3.00825763,0.106526838,1201.57514,3008656476
1,3067,681,128,3.28391027,0.106579979,1200.97603,3008656476
1,3068,682,128,2.93363523,0.106578547,1200.99217,3008656476
1,3069,683,128,2.92377377,0.106628531,1200.42918,3008656476
1,3070,684,128,3.00178933,0.118320436,1081.80805,3008656476
1,3071,685,128,2.56632805,0.106586092,1200.90715,3008656476
1,3072,686,128,2.83102679,0.106511714,1201.74575,3008656476
1,3073,687,128,2.35270262,0.106620742,1200.51688,3008656476
1,3074,688,128,3.33243179,0.106539886,1201.42798,3008656476
1,3075,689,128,2.30779076,0.106576239,1201.01817,3008656476
1,3076,690,128,2.78215528,0.10652852,1201.55617,3008656476
1,3077,691,128,3.09037852,0.10663844,1200.31763,3008656476
1,3078,692,128,3.01076841,0.106711088,1199.50047,3008656476
1,3079,693,128,2.65026045,0.118526082,1079.93108,3008656476
1,3080,694,128,3.28334928,0.10697097,1196.58633,3008656476
1,3081,695,128,2.99796653,0.106562482,1201.17322,3008656476
1,3082,696,128,3.79060245,0.106536735,1201.46351,3008656476
1,3083,697,128,3.41513634,0.106546865,1201.34928,3008656476
1,3084,698,128,2.87556005,0.106573096,1201.05359,3008656476
1,3085,699,128,2.856704,0.106739081,1199.18589,3008656476
1,3086,700,128,3.56656909,0.106424465,1202.73097,3008656476
1,3087,701,128,3.01619196,0.106521005,1201.64093,3008656476
1,3088,702,128,2.81842089,0.106616112,1200.56901,3008656476
1,3089,703,128,2.23688483,0.11863946,1078.89904,3008656476
1,3090,704,128,3.06464791,0.106504087,1201.83181,3008656476
1,3091,705,128,3.5051322,0.106509187,1201.77427,3008656476
1,3092,706,128,3.10993505,0.106508604,1201.78084,3008656476
1,3093,707,128,3.08379531,0.106511621,1201.7468,3008656476
1,3094,708,128,2.50214148,0.106532945,1201.50626,3008656476
1,3095,709,128,3.37041879,0.106584337,1200.92692,3008656476
1,3096,710,128,2.19349289,0.106400496,1203.00191,3008656476
1,3097,711,128,3.16456842,0.106444364,1202.50613,3008656476
1,3098,712,128,2.93433714,0.106349556,1203.57813,3008656476
1,3099,713,128,3.22484875,0.119260432,1073.28137,3008656476
1,3100,714,128,2.10681486,0.106549141,1201.32362,3008656476
1,3101,715,128,1.73712075,0.106556067,1201.24554,3008656476
1,3102,716,128,2.31952763,0.106539832,1201.42859,3008656476
1,3103,717,128,3.14246202,0.106608363,1200.65627,3008656476
1,3104,718,128,3.55876803,0.106542172,1201.4022,3008656476
1,3105,719,128,3.51396275,0.106487701,1202.01675,3008656476
1,3106,720,128,3.45696759,0.106629483,1200.41846,3008656476
1,3107,721,128,3.42111921,0.1065698,1201.09074,3008656476
1,3108,722,128,2.74364305,0.106505673,1201.81392,3008656476
1,3109,723,128,3.67147446,0.121220108,1055.93042,3008656476
1,3110,724,128,2.76748681,0.106511876,1201.74393,3008656476
1,3111,725,128,3.12164235,0.106499653,1201.88185,3008656476
1,3112,726,128,2.74682593,0.10656621,1201.1312,3008656476
1,3113,727,128,3.29134321,0.106558825,1201.21445,3008656476
1,3114,728,128,2.93851423,0.106536522,1201.46592,3008656476
1,3115,729,128,3.17933917,0.106484593,1202.05183,3008656476
1,3116,730,128,3.00977468,0.106492651,1201.96088,3008656476
1,3117,731,128,3.64497852,0.106561467,1201.18466,3008656476
1,3118,732,128,2.92324638,0.11915963,1074.1893,3008656476
1,3119,733,128,2.59572744,0.104894754,1220.27075,3008656476
1,3120,734,128,2.06108141,0.10649457,1201.93922,3008656476
1,3121,735,128,2.08927965,0.106447504,1202.47066,3008656476
1,3122,736,128,1.99156427,0.106594906,1200.80785,3008656476
1,3123,737,128,1.90639913,0.106567965,1201.11142,3008656476
1,3124,738,128,2.1245718,0.106684819,1199.79582,3008656476
1,3125,739,128,2.56238127,0.106706956,1199.54692,3008656476
1,3126,740,128,2.27576852,0.106605897,1200.68405,3008656476
1,3127,741,128,2.66833973,0.106416267,1202.82362,3008656476
1,3128,742,128,2.7011354,0.118357355,1081.4706,3008656476
1,3129,743,128,2.86203074,0.106445044,1202.49845,3008656476
1,3130,744,128,2.49174547,0.107200001,1194.02984,3008656476
1,3131,745,128,2.00634813,0.10664205,1200.277,3008656476
1,3132,746,128,2.04607058,0.106582158,1200.95148,3008656476
1,3133,747,128,2.14128518,0.106658946,1200.08686,3008656476
1,3134,748,128,2.96826196,0.106649845,1200.18927,3008656476
1,3135,749,128,3.64330149,0.106560489,1201.19569,3008656476
1,3136,750,128,2.5127809,0.106663676,1200.03365,3008656476
1,3137,751,128,3.2183969,0.106647312,1200.21778,3008656476
1,3138,752,128,2.39750481,0.118716873,1078.19551,3008656476
1,3139,753,128,2.69447017,0.1066008,1200.74146,3008656476
1,3140,754,128,2.9223783,0.106492355,1201.96422,3008656476
1,3141,755,128,2.87512255,0.106607007,1200.67155,3008656476
1,3142,756,128,3.33864331,0.106614182,1200.59074,3008656476
1,3143,757,128,2.19924188,0.106699259,1199.63345,3008656476
1,3144,758,128,2.94014907,0.106531161,1201.52638,3008656476
1,3145,759,128,2.63147879,0.106561211,1201.18755,3008656476
1,3146,760,128,2.91735983,0.106642603,1200.27078,3008656476
1,3147,761,128,3.36692071,0.106547253,1201.34491,3008656476
1,3148,762,128,3.79873252,0.121963735,1049.49229,3008656476
1,3149,763,128,3.29878306,0.106590923,1200.85272,3008656476
1,3150,764,128,3.54832959,0.106536539,1201.46572,3008656476
1,3151,765,128,3.57854986,0.10656792,1201.11193,3008656476
1,3152,766,128,3.14750147,0.10654927,1201.32217,3008656476
1,3153,767,128,3.61082387,0.106541092,1201.41438,3008656476
1,3154,768,128,2.91354108,0.106557047,1201.23449,3008656476
1,3155,769,128,2.92372656,0.10655724,1201.23231,3008656476
1,3156,770,128,2.48220372,0.106572713,1201.05791,3008656476
1,3157,771,128,3.42446947,0.10651076,1201.75652,3008656476
1,3158,772,128,2.76930714,0.109664093,1167.20064,3008656476
1,3159,773,128,2.92616463,0.106584755,1200.92221,3008656476
1,3160,774,128,2.75888562,0.106620613,1200.51833,3008656476
1,3161,775,128,3.3123939,0.10667078,1199.95373,3008656476
1,3162,776,128,3.33351851,0.106790594,1198.60744,3008656476
1,3163,777,128,3.3607862,0.106753797,1199.02058,3008656476
1,3164,778,128,2.77279878,0.106632129,1200.38867,3008656476
1,3165,779,128,3.04494071,0.10679975,1198.50468,3008656476
1,3166,780,128,2.63508749,0.106673789,1199.91988,3008656476
1,3167,781,128,2.63001132,0.12073478,1060.17504,3008656476
1,3168,782,128,2.10799122,0.106710498,1199.5071,3008656476
1,3169,783,128,2.03744864,0.106554026,1201.26855,3008656476
1,3170,784,128,2.84211254,0.106676067,1199.89426,3008656476
1,3171,785,128,2.9485352,0.106873976,1197.67229,3008656476
1,3172,786,128,2.99469471,0.106623043,1200.49097,3008656476
1,3173,787,128,3.5546174,0.106690971,1199.72664,3008656476
1,3174,788,128,3.41520143,0.106720413,1199.39566,3008656476
1,3175,789,128,3.55758309,0.106596858,1200.78586,3008656476
1,3176,790,128,3.24112105,0.106705798,1199.55993,3008656476
1,3177,791,128,3.82831597,0.119047484,1075.20122,3008656476
1,3178,792,128,2.89522624,0.106530671,1201.5319,3008656476
1,3179,793,128,3.18634009,0.106508571,1201.78122,3008656476
1,3180,794,128,2.59432125,0.106611506,1200.62088,3008656476
1,3181,795,128,2.77511907,0.106523437,1201.6135,3008656476
1,3182,796,128,3.52848864,0.106650169,1200.18563,3008656476
1,3183,797,128,3.00360036,0.106632836,1200.38072,3008656476
1,3184,798,128,2.90968561,0.10661774,1200.55068,3008656476
1,3185,799,128,2.79929829,0.106426955,1202.70283,3008656476
1,3186,800,128,3.54687786,0.106526869,1201.57479,3008656476
1,3187,801,128,3.14667869,0.118758936,1077.81363,3008656476
1,3188,802,128,3.6408205,0.106610934,1200.62732,3008656476
1,3189,803,128,2.87128329,0.106679981,1199.85023,3008656476
1,3190,804,128,3.24018979,0.106587405,1200.89236,3008656476
1,3191,805,128,3.98780179,0.106640996,1200.28886,3008656476
1,3192,806,128,3.8589623,0.106595876,1200.79692,3008656476
1,3193,807,128,3.37832117,0.106673685,1199.92105,3008656476
1,3194,808,128,2.66772366,0.106621385,1200.50964,3008656476
1,3195,809,128,2.75777555,0.106587582,1200.89036,3008656476
1,3196,810,128,2.7797699,0.106733693,1199.24643,3008656476
1,3197,811,128,2.8630445,0.117168722,1092.44172,3008656476
1,3198,812,128,3.50536823,0.10663788,1200.32394,3008656476
1,3199,813,128,3.09826159,0.106606077,1200.68202,3008656476
1,3200,814,128,2.48759627,0.106610741,1200.62949,3008656476
1,3201,815,128,2.66834474,0.106650186,1200.18544,3008656476
1,3202,816,128,3.54934883,0.106741011,1199.16421,3008656476
1,3203,817,128,3.39011192,0.106581929,1200.95406,3008656476
1,3204,818,128,3.24119663,0.106652563,1200.15869,3008656476
1,3205,819,128,2.87212086,0.106631368,1200.39724,3008656476
1,3206,820,128,2.82731032,0.12034034,1063.64998,3008656476
1,3207,821,128,2.94663429,0.106961585,1196.69132,3008656476
1,3208,822,128,2.74304676,0.106650657,1200.18014,3008656476
1,3209,823,128,3.81681681,0.106499959,1201.8784,3008656476
1,3210,824,128,3.31641006,0.106447574,1202.46987,3008656476
1,3211,825,128,2.9827497,0.106538601,1201.44247,3008656476
1,3212,826,128,3.16778564,0.106549024,1201.32494,3008656476
1,3213,827,128,3.09441018,0.106615445,1200.57652,3008656476
1,3214,828,128,2.95025134,0.106610185,1200.63576,3008656476
1,3215,829,128,2.99867463,0.106636374,1200.34089,3008656476
1,3216,830,128,3.26458049,0.120135646,1065.46229,3008656476
1,3217,831,128,2.19334745,0.106707744,1199.53806,3008656476
1,3218,832,128,3.3471508,0.106477594,1202.13084,3008656476
1,3219,833,128,3.71165419,0.106676681,1199.88735,3008656476
1,3220,834,128,3.65876222,0.106675468,1199.90099,3008656476
1,3221,835,128,3.36937666,0.106753254,1199.02668,3008656476
1,3222,836,128,2.87518644,0.106640547,1200.29392,3008656476
1,3223,837,128,3.3984828,0.106597145,1200.78263,3008656476
1,3224,838,128,3.13332391,0.106506649,1201.8029,3008656476
1,3225,839,128,3.30292773,0.106608081,1200.65945,3008656476
1,3226,840,128,3.11904502,0.11745039,1089.82184,3008656476
1,3227,841,128,2.71019197,0.106567965,1201.11142,3008656476
1,3228,842,128,2.46144009,0.106579643,1200.97982,3008656476
1,3229,843,128,3.54339933,0.106721104,1199.38789,3008656476
1,3230,844,128,2.55141759,0.106469208,1202.22553,3008656476
1,3231,845,128,3.30459356,0.106484582,1202.05196,3008656476
1,3232,846,128,2.73739338,0.106629484,1200.41845,3008656476
1,3233,847,128,3.65486479,0.106615483,1200.57609,3008656476
1,3234,848,128,2.7793901,0.106530768,1201.53081,3008656476
1,3235,849,128,2.80871534,0.106675603,1199.89947,3008656476
1,3236,850,128,2.70489597,0.119034048,1075.32258,3008656476
1,3237,851,128,2.87878227,0.106538233,1201.44662,3008656476
1,3238,852,128,2.41191173,0.106579668,1200.97953,3008656476
1,3239,853,128,2.84260249,0.106599227,1200.75918,3008656476
1,3240,854,128,3.66255808,0.106589331,1200.87066,3008656476
1,3241,855,128,2.87592888,0.10654487,1201.37178,3008656476
1,3242,856,128,3.51336884,0.106555429,1201.25273,3008656476
1,3243,857,128,3.02745533,0.106527655,1201.56592,3008656476
1,3244,858,128,3.27765203,0.106602004,1200.7279,3008656476
1,3245,859,128,3.05874348,0.118480548,1080.34612,3008656476
1,3246,860,128,3.25943255,0.10518721,1216.87798,3008656476
1,3247,861,128,3.3864131,0.106587672,1200.88935,3008656476
1,3248,862,128,2.79636931,0.106562645,1201.17139,3008656476
1,3249,863,128,2.42049122,0.106514915,1201.70964,3008656476
1,3250,864,128,3.02801061,0.106525133,1201.59437,3008656476
1,3251,865,128,2.74493146,0.106465971,1202.26208,3008656476
1,3252,866,128,2.92120266,0.106479975,1202.10396,3008656476
1,3253,867,128,2.9626956,0.106599918,1200.75139,3008656476
1,3254,868,128,3.1540246,0.10639638,1203.04845,3008656476
1,3255,869,128,3.08709693,0.119837457,1068.11345,3008656476
1,3256,870,128,3.43928456,0.106521772,1201.63228,3008656476
1,3257,871,128,2.65455484,0.106762827,1198.91917,3008656476
1,3258,872,128,2.90396023,0.106548551,1201.33027,3008656476
1,3259,873,128,2.60250115,0.106634057,1200.36697,3008656476
1,3260,874,128,3.14341307,0.106583419,1200.93727,3008656476
1,3261,875,128,2.58238125,0.106561572,1201.18348,3008656476
1,3262,876,128,3.00640035,0.106625176,1200.46695,3008656476
1,3263,877,128,2.23811483,0.106567219,1201.11983,3008656476
1,3264,878,128,2.61390948,0.106531706,1201.52023,3008656476
1,3265,879,128,2.92120337,0.117659265,1087.88713,3008656476
1,3266,880,128,3.29086423,0.106547847,1201.33821,3008656476
1,3267,881,128,3.75828266,0.106766564,1198.87721,3008656476
1,3268,882,128,4.29118013,0.106694672,1199.68502,3008656476
1,3269,883,128,3.49103665,0.106708193,1199.53301,3008656476
1,3270,884,128,2.49505782,0.10654931,1201.32172,3008656476
1,3271,885,128,3.47003412,0.106687114,1199.77001,3008656476
1,3272,886,128,3.11403584,0.106481565,1202.08601,3008656476
1,3273,887,128,3.46433115,0.106642697,1200.26972,3008656476
1,3274,888,128,2.65229034,0.10678462,1198.67449,3008656476
1,3275,889,128,3.21751738,0.118980682,1075.80489,3008656476
1,3276,890,128,2.49940062,0.106623427,1200.48664,3008656476
1,3277,891,128,2.66316462,0.106483584,1202.06322,3008656476
1,3278,892,128,3.33241034,0.10645217,1202.41795,3008656476
1,3279,893,128,3.4064045,0.106483271,1202.06675,3008656476
1,3280,894,128,3.5433948,0.106520854,1201.64264,3008656476
1,3281,895,128,3.31432652,0.106575719,1201.02403,3008656476
1,3282,896,128,2.33564854,0.106543328,1201.38917,3008656476
1,3283,897,128,2.7262373,0.106528594,1201.55533,3008656476
1,3284,898,128,2.34755301,0.106655436,1200.12636,3008656476
1,3285,899,128,2.85280418,0.109029431,1173.99494,3008656476
1,3286,900,128,2.4698813,0.106548405,1201.33192,3008656476
1,3287,901,128,2.46749449,0.10666365,1200.03394,3008656476
1,3288,902,128,2.64825749,0.106762939,1198.91791,3008656476
1,3289,903,128,2.76768279,0.106727755,1199.31315,3008656476
1,3290,904,128,2.3587265,0.106589768,1200.86573,3008656476
1,3291,905,128,2.63958359,0.1066826,1199.82078,3008656476
1,3292,906,128,3.31780601,0.106650784,1200.17871,3008656476
1,3293,907,128,3.26615143,0.106674706,1199.90956,3008656476
1,3294,908,128,3.14672232,0.121724553,1051.55449,3008656476
1,3295,909,128,2.70710039,0.106962429,1196.68187,3008656476
1,3296,910,128,3.04689574,0.106571822,1201.06795,3008656476
1,3297,911,128,2.93798351,0.106619242,1200.53376,3008656476
1,3298,912,128,3.49218154,0.106584261,1200.92778,3008656476
1,3299,913,128,2.73302794,0.106644238,1200.25238,3008656476
1,3300,914,128,3.75471544,0.106508644,1201.78039,3008656476
1,3301,915,128,3.24277639,0.106781858,1198.7055,3008656476
1,3302,916,128,2.84715676,0.106542201,1201.40187,3008656476
1,3303,917,128,2.44166517,0.1065843,1200.92734,3008656476
1,3304,918,128,2.88789511,0.120685605,1060.60702,3008656476
1,3305,919,128,2.55033231,0.106551643,1201.29541,3008656476
1,3306,920,128,2.95696378,0.106566564,1201.12721,3008656476
1,3307,921,128,2.72705984,0.106535789,1201.47418,3008656476
1,3308,922,128,3.1359086,0.106521381,1201.63669,3008656476
1,3309,923,128,3.7151773,0.106603961,1200.70585,3008656476
1,3310,924,128,2.6647923,0.106427635,1202.69515,3008656476
1,3311,925,128,3.52185965,0.106553845,1201.27059,3008656476
1,3312,926,128,2.72117925,0.106718332,1199.41905,3008656476
1,3313,927,128,2.5832119,0.106484631,1202.0514,3008656476
1,3314,928,128,3.180197,0.119158068,1074.20339,3008656476
1,3315,929,128,2.91400409,0.106556668,1201.23876,3008656476
1,3316,930,128,2.36748648,0.106582554,1200.94701,3008656476
1,3317,931,128,2.82682252,0.106560003,1201.20117,3008656476
1,3318,932,128,2.72707868,0.106490387,1201.98643,3008656476
1,3319,933,128,2.80620432,0.106548857,1201.32682,3008656476
1,3320,934,128,2.81760406,0.106527641,1201.56608,3008656476
1,3321,935,128,2.91053581,0.106703322,1199.58777,3008656476
1,3322,936,128,2.57953525,0.106587042,1200.89645,3008656476
1,3323,937,128,2.86865497,0.106561025,1201.18965,3008656476
1,3324,938,128,3.11473298,0.116739861,1096.45496,3008656476
1,3325,939,128,3.18502259,0.106555491,1201.25203,3008656476
1,3326,940,128,2.90631223,0.1065432,1201.39061,3008656476
1,3327,941,128,2.42480087,0.106496186,1201.92098,3008656476
1,3328,942,128,2.66385508,0.106541642,1201.40818,3008656476
1,3329,943,128,2.69351053,0.106560408,1201.1966,3008656476
1,3330,944,128,3.74831223,0.106483738,1202.06148,3008656476
1,3331,945,128,3.48800063,0.106552795,1201.28243,3008656476
1,3332,946,128,2.8029108,0.106485543,1202.04111,3008656476
1,3333,947,128,3.42343378,0.122335423,1046.30365,3008656476
1,3334,948,128,3.67243814,0.10666316,1200.03945,3008656476
1,3335,949,128,3.90049529,0.10655263,1201.28429,3008656476
1,3336,950,128,3.13143039,0.106576305,1201.01743,3008656476
1,3337,951,128,2.64063764,0.106629559,1200.41761,3008656476
1,3338,952,128,2.4498148,0.10659426,1200.81513,3008656476
1,3339,953,128,3.16056442,0.106514795,1201.71099,3008656476
1,3340,954,128,3.10453343,0.106665531,1200.01278,3008656476
1,3341,955,128,2.32795238,0.106543608,1201.38601,3008656476
1,3342,956,128,3.42050982,0.106550949,1201.30324,3008656476
1,3343,957,128,3.11860847,0.121481207,1053.66092,3008656476
1,3344,958,128,2.99774528,0.10666116,1200.06195,3008656476
1,3345,959,128,3.06809139,0.106581832,1200.95515,3008656476
1,3346,960,128,3.03367019,0.106589197,1200.87217,3008656476
1,3347,961,128,2.86442804,0.10664549,1200.23828,3008656476
1,3348,962,128,3.0104723,0.106642229,1200.27499,3008656476
1,3349,963,128,2.67323327,0.106570879,1201.07858,3008656476
1,3350,964,128,2.43277812,0.106558387,1201.21938,3008656476
1,3351,965,128,2.64235115,0.106509829,1201.76702,3008656476
1,3352,966,128,2.85147333,0.106511916,1201.74347,3008656476
1,3353,967,128,3.78637767,0.119631955,1069.94824,3008656476
1,3354,968,128,3.15815759,0.108665038,1177.93176,3008656476
1,3355,969,128,2.66548896,0.106418307,1202.80057,3008656476
1,3356,970,128,2.64943528,0.106423811,1202.73836,3008656476
1,3357,971,128,3.00878596,0.106398095,1203.02906,3008656476
1,3358,972,128,2.33096242,0.106643271,1200.26326,3008656476
1,3359,973,128,2.53097916,0.106470977,1202.20556,3008656476
1,3360,974,128,2.83771992,0.106662382,1200.0482,3008656476
1,3361,975,128,3.11678052,0.106173515,1205.57373,3008656476
1,3362,976,128,3.07263279,0.106543465,1201.38762,3008656476
1,3363,977,128,3.12355828,0.118947525,1076.10478,3008656476
1,3364,978,128,3.1187408,0.106421166,1202.76825,3008656476
1,3365,979,128,3.21073914,0.106493633,1201.94979,3008656476
1,3366,980,128,2.84628773,0.106387369,1203.15035,3008656476
1,3367,981,128,3.05374694,0.106356527,1203.49925,3008656476
1,3368,982,128,2.7133975,0.106449799,1202.44473,3008656476
1,3369,983,128,2.68447685,0.106423124,1202.74612,3008656476
1,3370,984,128,2.8096621,0.106513313,1201.72771,3008656476
1,3371,985,128,2.69281507,0.106411495,1202.87757,3008656476
1,3372,986,128,2.66016054,0.11804467,1084.33528,3008656476
1,3373,987,128,2.58858323,0.104482595,1225.08443,3008656476
1,3374,988,128,2.8052454,0.106368339,1203.3656,3008656476
1,3375,989,128,3.22489071,0.106439912,1202.55642,3008656476
1,3376,990,128,2.40253353,0.1065561,1201.24517,3008656476
1,3377,991,128,2.55515766,0.106482446,1202.07607,3008656476
1,3378,992,128,2.85686255,0.10638553,1203.17115,3008656476
1,3379,993,128,2.00857043,0.106354689,1203.52004,3008656476
1,3380,994,128,2.36416769,0.106400585,1203.0009,3008656476
1,3381,995,128,2.1392417,0.106391341,1203.10543,3008656476
1,3382,996,128,2.77030468,0.120371581,1063.37392,3008656476
1,3383,997,128,2.73418379,0.10647342,1202.17797,3008656476
1,3384,998,128,2.48392272,0.106565746,1201.13643,3008656476
1,3385,999,128,2.6890974,0.106487311,1202.02115,3008656476
1,3386,1000,128,3.19906569,0.106369441,1203.35313,3008656476
1,3387,1001,128,2.73146749,0.106317892,1203.93659,3008656476
1,3388,1002,128,2.82209039,0.106381068,1203.22161,3008656476
1,3389,1003,128,2.62650776,0.106403478,1202.9682,3008656476
1,3390,1004,128,3.12491059,0.106360704,1203.45198,3008656476
1,3391,1005,128,2.73253083,0.106363547,1203.41981,3008656476
1,3392,1006,128,3.23361778,0.120890989,1058.80514,3008656476
1,3393,1007,128,3.10127616,0.106421286,1202.7669,3008656476
1,3394,1008,128,2.55589724,0.106403486,1202.96811,3008656476
1,3395,1009,128,2.63558817,0.106524738,1201.59882,3008656476
1,3396,1010,128,3.00682783,0.106379887,1203.23497,3008656476
1,3397,1011,128,2.39910364,0.106358979,1203.4715,3008656476
1,3398,1012,128,2.94762993,0.106255688,1204.64139,3008656476
1,3399,1013,128,2.53377295,0.10631178,1204.0058,3008656476
1,3400,1014,128,2.81573057,0.106465113,1202.27177,3008656476
1,3401,1015,128,1.8439672,0.106283545,1204.32566,3008656476
1,3402,1016,128,2.41765022,0.118325236,1081.76416,3008656476
1,3403,1017,128,2.4504683,0.106325616,1203.84913,3008656476
1,3404,1018,128,2.72142196,0.106509261,1201.77343,3008656476
1,3405,1019,128,3.42257953,0.106386137,1203.16428,3008656476
1,3406,1020,128,3.28861713,0.106382806,1203.20195,3008656476
1,3407,1021,128,2.91357017,0.106230114,1204.9314,3008656476
1,3408,1022,128,2.79816985,0.106300796,1204.13021,3008656476
1,3409,1023,128,3.85799384,0.106402696,1202.97704,3008656476
1,3410,1024,128,3.33254933,0.106357417,1203.48917,3008656476
1,3411,1025,128,3.05401063,0.10629646,1204.17933,3008656476
1,3412,1026,128,2.66050959,0.112556532,1137.20632,3008656476
1,3413,1027,128,2.55935097,0.106425241,1202.7222,3008656476
1,3414,1028,128,2.51658893,0.106445397,1202.49446,3008656476
1,3415,1029,128,2.8417058,0.106373946,1203.30217,3008656476
1,3416,1030,128,2.26799512,0.106436573,1202.59415,3008656476
1,3417,1031,128,3.02741408,0.106321071,1203.90059,3008656476
1,3418,1032,128,2.495538,0.106369039,1203.35768,3008656476
1,3419,1033,128,2.70369935,0.106409867,1202.89597,3008656476
1,3420,1034,128,3.25101471,0.106419608,1202.78586,3008656476
1,3421,1035,128,3.21097302,0.120331151,1063.7312,3008656476
1,3422,1036,128,3.06562376,0.10684683,1197.97658,3008656476
1,3423,1037,128,2.9239006,0.106455117,1202.38466,3008656476
1,3424,1038,128,2.57430172,0.106420769,1202.77274,3008656476
1,3425,1039,128,2.56604528,0.126657784,1010.59719,3008656476
1,3426,1040,128,2.96452904,0.147271143,869.145152,3008656476
1,3427,1041,128,3.02923608,0.106389926,1203.12143,3008656476
1,3428,1042,128,2.69783306,0.106325632,1203.84895,3008656476
1,3429,1043,128,1.99076068,0.106308362,1204.04451,3008656476
1,3430,1044,128,2.3448925,0.10647356,1202.17639,3008656476
1,3431,1045,128,2.67562628,0.11742577,1090.05034,3008656476
1,3432,1046,128,2.62459254,0.106941808,1196.91262,3008656476
1,3433,1047,128,2.61028361,0.106384452,1203.18334,3008656476
1,3434,1048,128,3.21194053,0.106418763,1202.79541,3008656476
1,3435,1049,128,3.12670708,0.106264007,1204.54709,3008656476
1,3436,1050,128,3.2933414,0.106376617,1203.27196,3008656476
1,3437,1051,128,2.86907125,0.106366543,1203.38592,3008656476
1,3438,1052,128,2.65383315,0.106335684,1203.73515,3008656476
1,3439,1053,128,2.63888693,0.106427244,1202.69956,3008656476
1,3440,1054,128,3.27999353,0.117313019,1091.098,3008656476
1,3441,1055,128,2.60995364,0.105282923,1215.77172,3008656476
1,3442,1056,128,3.28270817,0.106410383,1202.89014,3008656476
1,3443,1057,128,3.30559087,0.106435918,1202.60155,3008656476
1,3444,1058,128,2.92669177,0.106497265,1201.9088,3008656476
1,3445,1059,128,2.28538013,0.106474924,1202.16099,3008656476
1,3446,1060,128,3.523,0.106341478,1203.66956,3008656476
1,3447,1061,128,3.545084,0.106467111,1202.24921,3008656476
1,3448,1062,128,3.37135172,0.109179667,1172.37947,3008656476
1,3449,1063,128,3.01718521,0.106321295,1203.89805,3008656476
1,3450,1064,128,2.66124034,0.118510719,1080.07108,3008656476
1,3451,1065,128,2.92895985,0.106352556,1203.54418,3008656476
1,3452,1066,128,2.82211375,0.106474947,1202.16073,3008656476
1,3453,1067,128,3.07223773,0.106410516,1202.88863,3008656476
1,3454,1068,128,3.09612393,0.106301435,1204.12297,3008656476
1,3455,1069,128,3.52141786,0.106491926,1201.96906,3008656476
1,3456,1070,128,3.15676117,0.106430209,1202.66606,3008656476
1,3457,1071,128,3.43259811,0.106583926,1200.93156,3008656476
1,3458,1072,128,2.60409689,0.106391542,1203.10316,3008656476
1,3459,1073,128,3.41582346,0.106492507,1201.9625,3008656476
1,3460,1074,128,3.07165098,0.120467776,1062.5248,3008656476
1,3461,1075,128,3.02067804,0.106367379,1203.37646,3008656476
1,3462,1076,128,3.50393963,0.106309534,1204.03124,3008656476
1,3463,1077,128,3.2435782,0.106330549,1203.79328,3008656476
1,3464,1078,128,3.39538431,0.106400059,1203.00685,3008656476
1,3465,1079,128,3.7903769,0.106303293,1204.10193,3008656476
1,3466,1080,128,2.71386313,0.106336224,1203.72903,3008656476
1,3467,1081,128,1.71246362,0.106301785,1204.11901,3008656476
1,3468,1082,128,2.54615784,0.106431192,1202.65495,3008656476
1,3469,1083,128,3.08709788,0.106325655,1203.84869,3008656476
1,3470,1084,128,2.98572183,0.121669497,1052.03032,3008656476
1,3471,1085,128,3.18201971,0.106282301,1204.33975,3008656476
1,3472,1086,128,3.06110358,0.106253063,1204.67115,3008656476
1,3473,1087,128,2.69602871,0.106322931,1203.87953,3008656476
1,3474,1088,128,2.6908915,0.106378356,1203.25229,3008656476
1,3475,1089,128,2.67316508,0.106332337,1203.77303,3008656476
1,3476,1090,128,2.93844461,0.106404495,1202.9567,3008656476
1,3477,1091,128,3.14288449,0.106269894,1204.48036,3008656476
1,3478,1092,128,2.44085693,0.106295158,1204.19408,3008656476
1,3479,1093,128,3.36547971,0.106229887,1204.93397,3008656476
1,3480,1094,128,3.17281675,0.111059767,1152.53258,3008656476
1,3481,1095,128,2.89287138,0.106407591,1202.9217,3008656476
1,3482,1096,128,2.53149271,0.106295102,1204.19471,3008656476
1,3483,1097,128,2.81960535,0.106249446,1204.71216,3008656476
1,3484,1098,128,3.05788136,0.106364613,1203.40775,3008656476
1,3485,1099,128,3.47475314,0.106254349,1204.65657,3008656476
1,3486,1100,128,3.1881125,0.106278739,1204.38012,3008656476
1,3487,1101,128,3.05906391,0.106248505,1204.72283,3008656476
1,3488,1102,128,2.95637393,0.106291725,1204.23297,3008656476
1,3489,1103,128,3.16779208,0.117883922,1085.81389,3008656476
1,3490,1104,128,2.77465773,0.106726189,1199.33075,3008656476
1,3491,1105,128,3.57036829,0.106325151,1203.85439,3008656476
1,3492,1106,128,2.75534296,0.106390588,1203.11394,3008656476
1,3493,1107,128,2.84713888,0.106235564,1204.86959,3008656476
1,3494,1108,128,2.66577029,0.106366576,1203.38554,3008656476
1,3495,1109,128,2.22744966,0.106397763,1203.03281,3008656476
1,3496,1110,128,2.75678992,0.106494016,1201.94547,3008656476
1,3497,1111,128,2.75900507,0.106247159,1204.7381,3008656476
1,3498,1112,128,2.43376279,0.106392778,1203.08918,3008656476
1,3499,1113,128,2.52345657,0.118470742,1080.43554,3008656476
1,3500,1114,128,3.26526451,0.106330674,1203.79186,3008656476
1,3501,1115,128,2.07672119,0.106230285,1204.92946,3008656476
1,3502,1116,128,2.40786266,0.106375462,1203.28502,3008656476
1,3503,1117,128,2.19552708,0.106195633,1205.32263,3008656476
1,3504,1118,128,2.82600236,0.10630691,1204.06096,3008656476
1,3505,1119,128,2.5045867,0.1063848,1203.1794,3008656476
1,3506,1120,128,1.94624174,0.106279552,1204.3709,3008656476
1,3507,1121,128,2.56311226,0.106209764,1205.16227,3008656476
1,3508,1122,128,2.6028924,0.106316341,1203.95415,3008656476
1,3509,1123,128,2.03052688,0.11981258,1068.33523,3008656476
1,3510,1124,128,1.74600363,0.10622504,1204.98896,3008656476
1,3511,1125,128,3.01141715,0.106308102,1204.04746,3008656476
1,3512,1126,128,2.28395629,0.106394671,1203.06777,3008656476
1,3513,1127,128,3.56563354,0.106266375,1204.52024,3008656476
1,3514,1128,128,3.02247858,0.106462059,1202.30626,3008656476
1,3515,1129,128,2.00735736,0.106296956,1204.17371,3008656476
1,3516,1130,128,2.90998745,0.106466454,1202.25663,3008656476
1,3517,1131,128,2.51456809,0.106339035,1203.69721,3008656476
1,3518,1132,128,2.47616243,0.106207038,1205.1932,3008656476
1,3519,1133,128,2.42635345,0.120261888,1064.34384,3008656476
1,3520,1134,128,3.36150432,0.106228148,1204.9537,3008656476
1,3521,1135,128,3.06160474,0.106396335,1203.04896,3008656476
1,3522,1136,128,2.86203074,0.106217164,1205.07831,3008656476
1,3523,1137,128,2.95623517,0.106561276,1201.18682,3008656476
1,3524,1138,128,2.72920895,0.106312577,1203.99678,3008656476
1,3525,1139,128,2.51737475,0.106412717,1202.86375,3008656476
1,3526,1140,128,2.71861458,0.10629692,1204.17412,3008656476
1,3527,1141,128,2.84626436,0.106376277,1203.2758,3008656476
1,3528,1142,128,2.80073524,0.106329212,1203.80841,3008656476
1,3529,1143,128,2.64282799,0.110824155,1154.98286,3008656476
1,3530,1144,128,2.5771842,0.106328407,1203.81753,3008656476
1,3531,1145,128,3.24794292,0.106311693,1204.00679,3008656476
1,3532,1146,128,3.4226861,0.10635061,1203.5662,3008656476
1,3533,1147,128,3.09282327,0.106378558,1203.25,3008656476
1,3534,1148,128,3.22182703,0.106375586,1203.28362,3008656476
1,3535,1149,128,2.88747001,0.106401609,1202.98933,3008656476
1,3536,1150,128,3.17051435,0.106273816,1204.43591,3008656476
1,3537,1151,128,3.05968547,0.106274626,1204.42673,3008656476
1,3538,1152,128,3.41609192,0.118510907,1080.06936,3008656476
1,3539,1153,128,3.03728342,0.106381002,1203.22236,3008656476
1,3540,1154,128,3.11752057,0.106404834,1202.95287,3008656476
1,3541,1155,128,3.11287308,0.106314696,1203.97278,3008656476
1,3542,1156,128,3.00451779,0.106419554,1202.78647,3008656476
1,3543,1157,128,3.5285697,0.106288472,1204.26983,3008656476
1,3544,1158,128,2.93156338,0.106405992,1202.93977,3008656476
1,3545,1159,128,3.27036023,0.106403691,1202.96579,3008656476
1,3546,1160,128,3.25534964,0.106317952,1203.93591,3008656476
1,3547,1161,128,3.29996538,0.106434222,1202.62071,3008656476
1,3548,1162,128,2.57587767,0.119387272,1072.14109,3008656476
1,3549,1163,128,2.67142248,0.106402511,1202.97913,3008656476
1,3550,1164,128,2.8226006,0.106392551,1203.09175,3008656476
1,3551,1165,128,3.41209745,0.106370275,1203.3437,3008656476
1,3552,1166,128,3.0723536,0.10636123,1203.44603,3008656476
1,3553,1167,128,3.4674418,0.106281484,1204.34901,3008656476
1,3554,1168,128,2.84026957,0.106358861,1203.47284,3008656476
1,3555,1169,128,3.49142814,0.106230886,1204.92264,3008656476
1,3556,1170,128,2.94197774,0.10636839,1203.36502,3008656476
1,3557,1171,128,3.43062234,0.106284874,1204.3106,3008656476
1,3558,1172,128,2.93271804,0.119993189,1066.72721,3008656476
1,3559,1173,128,3.09726,0.106412696,1202.86399,3008656476
1,3560,1174,128,3.35708547,0.106393063,1203.08596,3008656476
1,3561,1175,128,3.38023305,0.106346275,1203.61527,3008656476
1,3562,1176,128,3.35823631,0.1063292,1203.80855,3008656476
1,3563,1177,128,2.98894691,0.106244989,1204.7627,3008656476
1,3564,1178,128,2.83981586,0.106318968,1203.9244,3008656476
1,3565,1179,128,3.06495476,0.106195858,1205.32008,3008656476
1,3566,1180,128,3.43792725,0.106248694,1204.72069,3008656476
1,3567,1181,128,2.95423889,0.10632556,1203.84976,3008656476
1,3568,1182,128,3.25421906,0.120336554,1063.68344,3008656476
1,3569,1183,128,2.3378799,0.106330901,1203.78929,3008656476
1,3570,1184,128,2.51309323,0.10613221,1206.04292,3008656476
1,3571,1185,128,3.53757501,0.106309187,1204.03517,3008656476
1,3572,1186,128,3.3607173,0.106196441,1205.31346,3008656476
1,3573,1187,128,3.33681941,0.106299358,1204.1465,3008656476
1,3574,1188,128,3.28581262,0.106259968,1204.59287,3008656476
1,3575,1189,128,2.96880627,0.106219904,1205.04722,3008656476
1,3576,1190,128,2.67361426,0.106264879,1204.5372,3008656476
1,3577,1191,128,2.25793552,0.106305917,1204.07221,3008656476
1,3578,1192,128,2.78655291,0.109547718,1168.44059,3008656476
1,3579,1193,128,2.59219646,0.106437546,1202.58316,3008656476
1,3580,1194,128,1.96956742,0.106321683,1203.89366,3008656476
1,3581,1195,128,2.26691389,0.106406266,1202.93668,3008656476
1,3582,1196,128,2.15158391,0.106205843,1205.20676,3008656476
1,3583,1197,128,2.79024696,0.106379246,1203.24222,3008656476
1,3584,1198,128,2.36814308,0.106125334,1206.12106,3008656476
1,3585,1199,128,3.32579494,0.106352885,1203.54046,3008656476
1,3586,1200,128,3.10760641,0.106309767,1204.0286,3008656476
1,3587,1201,128,3.5807054,0.117871083,1085.93216,3008656476
1,3588,1202,128,2.94471478,0.106356345,1203.5013,3008656476
1,3589,1203,128,2.89262629,0.106325215,1203.85367,3008656476
1,3590,1204,128,2.9312942,0.106217796,1205.07114,3008656476
1,3591,1205,128,3.1894412,0.106385498,1203.17151,3008656476
1,3592,1206,128,2.92841172,0.106188982,1205.39813,3008656476
1,3593,1207,128,3.02177477,0.106281661,1204.347,3008656476
1,3594,1208,128,2.92626476,0.106180877,1205.49014,3008656476
1,3595,1209,128,2.68109488,0.106369474,1203.35276,3008656476
1,3596,1210,128,3.0194931,0.106266037,1204.52408,3008656476
1,3597,1211,128,3.23483968,0.119770835,1068.70759,3008656476
1,3598,1212,128,2.91216373,0.106181225,1205.48619,3008656476
1,3599,1213,128,2.80273128,0.106338794,1203.69994,3008656476
1,3600,1214,128,3.39351797,0.106304592,1204.08721,3008656476
1,3601,1215,128,3.37641311,0.106307565,1204.05354,3008656476
1,3602,1216,128,2.99480367,0.106163587,1205.68647,3008656476
1,3603,1217,128,3.10256505,0.106239093,1204.82956,3008656476
1,3604,1218,128,2.89776683,0.106302222,1204.11406,3008656476
1,3605,1219,128,3.38918877,0.106322316,1203.88649,3008656476
1,3606,1220,128,2.33792067,0.106362082,1203.43639,3008656476
1,3607,1221,128,2.78869057,0.121111282,1056.87924,3008656476
1,3608,1222,128,2.80838537,0.106280751,1204.35732,3008656476
1,3609,1223,128,2.68400979,0.106356623,1203.49816,3008656476
1,3610,1224,128,3.36262989,0.10631854,1203.92925,3008656476
1,3611,1225,128,3.37521338,0.106398965,1203.01922,3008656476
1,3612,1226,128,2.94178081,0.106329395,1203.80634,3008656476
1,3613,1227,128,3.09549308,0.106338172,1203.70698,3008656476
1,3614,1228,128,3.34163904,0.106332347,1203.77292,3008656476
1,3615,1229,128,2.97547746,0.106320096,1203.91163,3008656476
1,3616,1230,128,2.91468334,0.10648787,1202.01484,3008656476
1,3617,1231,128,2.50743389,0.119284204,1073.06748,3008656476
1,3618,1232,128,3.22214675,0.106330173,1203.79753,3008656476
1,3619,1233,128,3.11829305,0.106352171,1203.54854,3008656476
1,3620,1234,128,2.68519068,0.106298369,1204.1577,3008656476
1,3621,1235,128,2.98591423,0.10620896,1205.17139,3008656476
1,3622,1236,128,3.04231644,0.106399426,1203.01401,3008656476
1,3623,1237,128,2.95580626,0.106222975,1205.01238,3008656476
1,3624,1238,128,2.73460913,0.106306279,1204.06811,3008656476
1,3625,1239,128,3.12129712,0.106443771,1202.51283,3008656476
1,3626,1240,128,3.26874542,0.106394405,1203.07078,3008656476
1,3627,1241,128,1.98012495,0.109207424,1172.08149,3008656476
1,3628,1242,128,2.89210105,0.106400387,1203.00314,3008656476
1,3629,1243,128,1.98777115,0.106337068,1203.71948,3008656476
1,3630,1244,128,2.98677421,0.106307974,1204.04891,3008656476
1,3631,1245,128,2.41666579,0.106311415,1204.00994,3008656476
1,3632,1246,128,2.60041928,0.10638465,1203.1811,3008656476
1,3633,1247,128,2.27886796,0.106375887,1203.28021,3008656476
1,3634,1248,128,1.75716352,0.106417814,1202.80614,3008656476
1,3635,1249,128,1.81078756,0.106373998,1203.30158,3008656476
1,3636,1250,128,2.17699456,0.118636671,1078.92441,3008656476
1,3637,1251,128,1.72990346,0.108098403,1184.1063,3008656476
1,3638,1252,128,2.19701505,0.106211084,1205.14729,3008656476
1,3639,1253,128,2.14826822,0.106305815,1204.07336,3008656476
1,3640,1254,128,2.1591475,0.106343547,1203.64614,3008656476
1,3641,1255,128,1.77062118,0.106335424,1203.73809,3008656476
1,3642,1256,128,2.11589742,0.106427193,1202.70014,3008656476
1,3643,1257,128,2.31367755,0.106324131,1203.86594,3008656476
1,3644,1258,128,1.72149336,0.106149621,1205.8451,3008656476
1,3645,1259,128,2.74370933,0.106155238,1205.78129,3008656476
1,3646,1260,128,3.35707021,0.120762832,1059.92877,3008656476
1,3647,1261,128,3.25986266,0.106161237,1205.71315,3008656476
1,3648,1262,128,3.49778938,0.106262419,1204.56509,3008656476
1,3649,1263,128,3.30916905,0.106185884,1205.43329,3008656476
1,3650,1264,128,3.03582835,0.10622706,1204.96604,3008656476
1,3651,1265,128,2.97003341,0.106165973,1205.65937,3008656476
1,3652,1266,128,2.80694175,0.106251649,1204.68719,3008656476
1,3653,1267,128,3.17487812,0.106421514,1202.76432,3008656476
1,3654,1268,128,3.06501389,0.106228224,1204.95284,3008656476
1,3655,1269,128,3.15275884,0.106240723,1204.81108,3008656476
1,3656,1270,128,2.30790091,0.120266852,1064.29991,3008656476
1,3657,1271,128,2.64786339,0.106265662,1204.52833,3008656476
1,3658,1272,128,2.47837067,0.106300019,1204.13901,3008656476
1,3659,1273,128,3.65028262,0.10622014,1205.04454,3008656476
1,3660,1274,128,2.41552186,0.10620369,1205.23119,3008656476
1,3661,1275,128,3.33765006,0.106332491,1203.77129,3008656476
1,3662,1276,128,3.23177743,0.106278113,1204.38721,3008656476
1,3663,1277,128,2.40304923,0.106199153,1205.28268,3008656476
1,3664,1278,128,2.79881668,0.10623181,1204.91216,3008656476
1,3665,1279,128,3.14463663,0.106259806,1204.59471,3008656476
1,3666,1280,128,2.72088742,0.118944502,1076.13213,3008656476
1,3667,1281,128,3.23580647,0.105865224,1209.08449,3008656476
1,3668,1282,128,3.19699001,0.106374316,1203.29798,3008656476
1,3669,1283,128,2.19220304,0.106275124,1204.42108,3008656476
1,3670,1284,128,2.76249433,0.106334305,1203.75076,3008656476
1,3671,1285,128,3.29278827,0.106376032,1203.27857,3008656476
1,3672,1286,128,2.86054587,0.106377202,1203.26534,3008656476
1,3673,1287,128,2.99406743,0.106257212,1204.62412,3008656476
1,3674,1288,128,2.3611691,0.106183058,1205.46538,3008656476
1,3675,1289,128,2.60408163,0.106261431,1204.57629,3008656476
1,3676,1290,128,2.92950177,0.108273618,1182.19011,3008656476
1,3677,1291,128,2.79085326,0.106376608,1203.27206,3008656476
1,3678,1292,128,3.18676805,0.106367512,1203.37496,3008656476
1,3679,1293,128,2.49084854,0.106225685,1204.98164,3008656476
1,3680,1294,128,2.44788957,0.106288866,1204.26536,3008656476
1,3681,1295,128,2.54727936,0.106306745,1204.06283,3008656476
1,3682,1296,128,2.64614964,0.106404606,1202.95544,3008656476
1,3683,1297,128,3.05022669,0.106195079,1205.32892,3008656476
1,3684,1298,128,2.83879352,0.106195069,1205.32903,3008656476
1,3685,1299,128,3.06004071,0.117964676,1085.07059,3008656476
1,3686,1300,128,2.90154481,0.105131942,1217.5177,3008656476
1,3687,1301,128,2.92350459,0.106335764,1203.73424,3008656476
1,3688,1302,128,2.58953571,0.106170975,1205.60257,3008656476
1,3689,1303,128,2.45893407,0.106219119,1205.05613,3008656476
1,3690,1304,128,2.80840278,0.106287523,1204.28058,3008656476
1,3691,1305,128,3.1094327,0.106287974,1204.27547,3008656476
1,3692,1306,128,2.91710997,0.106247832,1204.73046,3008656476
1,3693,1307,128,3.05465841,0.106180358,1205.49603,3008656476
1,3694,1308,128,2.20880342,0.106272251,1204.45364,3008656476
1,3695,1309,128,2.98200035,0.119172941,1074.06932,3008656476
1,3696,1310,128,3.67765284,0.106287361,1204.28242,3008656476
1,3697,1311,128,2.81878662,0.106164574,1205.67526,3008656476
1,3698,1312,128,2.61485291,0.106199871,1205.27453,3008656476
1,3699,1313,128,2.94338655,0.10630402,1204.09369,3008656476
1,3700,1314,128,2.61478734,0.106253952,1204.66107,3008656476
1,3701,1315,128,2.63149858,0.106285302,1204.30575,3008656476
1,3702,1316,128,2.89193916,0.106196293,1205.31514,3008656476
1,3703,1317,128,2.60494566,0.106272111,1204.45523,3008656476
1,3704,1318,128,2.02475905,0.106323577,1203.87221,3008656476
1,3705,1319,128,2.88309193,0.118985228,1075.76379,3008656476
1,3706,1320,128,3.19958043,0.106183608,1205.45913,3008656476
1,3707,1321,128,2.96854711,0.106185573,1205.43683,3008656476
1,3708,1322,128,3.234761,0.106281598,1204.34772,3008656476
1,3709,1323,128,2.67914295,0.106252111,1204.68195,3008656476
1,3710,1324,128,1.89936399,0.106207896,1205.18346,3008656476
1,3711,1325,128,2.45341277,0.106276298,1204.40778,3008656476
1,3712,1326,128,3.34889054,0.106095251,1206.46305,3008656476
1,3713,1327,128,3.22535634,0.106267022,1204.51291,3008656476
1,3714,1328,128,3.14278722,0.106132369,1206.04111,3008656476
1,3715,1329,128,2.65200925,0.118114273,1083.69629,3008656476
1,3716,1330,128,2.90313911,0.106107899,1206.31924,3008656476
1,3717,1331,128,2.40098953,0.106294583,1204.20059,3008656476
1,3718,1332,128,2.92326236,0.106229289,1204.94076,3008656476
1,3719,1333,128,2.49912047,0.106207279,1205.19047,3008656476
1,3720,1334,128,3.31964135,0.106186275,1205.42886,3008656476
1,3721,1335,128,2.46210814,0.106166985,1205.64788,3008656476
1,3722,1336,128,3.06542778,0.106181023,1205.48848,3008656476
1,3723,1337,128,2.36968946,0.106260797,1204.58347,3008656476
1,3724,1338,128,2.72962117,0.106136264,1205.99685,3008656476
1,3725,1339,128,2.55930543,0.11567199,1106.57731,3008656476
1,3726,1340,128,2.38529134,0.106232827,1204.90063,3008656476
1,3727,1341,128,2.60066009,0.106290593,1204.2458,3008656476
1,3728,1342,128,2.84487534,0.106249466,1204.71194,3008656476
1,3729,1343,128,2.49903679,0.106206798,1205.19592,3008656476
1,3730,1344,128,3.0106225,0.106230091,1204.93166,3008656476
1,3731,1345,128,2.60572577,0.106211098,1205.14713,3008656476
1,3732,1346,128,2.97911119,0.107072298,1195.45394,3008656476
1,3733,1347,128,2.48315072,0.10628365,1204.32447,3008656476
1,3734,1348,128,2.05514908,0.117603229,1088.40549,3008656476
1,3735,1349,128,2.9092412,0.10517016,1217.07526,3008656476
1,3736,1350,128,2.79545951,0.106324196,1203.8652,3008656476
1,3737,1351,128,3.12198663,0.106125866,1206.11501,3008656476
1,3738,1352,128,2.45567632,0.106403039,1202.97316,3008656476
1,3739,1353,128,2.34076524,0.106328662,1203.81464,3008656476
1,3740,1354,128,2.96660829,0.106325169,1203.85419,3008656476
1,3741,1355,128,2.43635845,0.10640384,1202.9641,3008656476
1,3742,1356,128,2.6227231,0.106351135,1203.56026,3008656476
1,3743,1357,128,2.69700456,0.106400745,1202.9991,3008656476
1,3744,1358,128,3.12624478,0.119970953,1066.92492,3008656476
1,3745,1359,128,2.40814281,0.106243926,1204.77476,3008656476
1,3746,1360,128,2.32799506,0.106186115,1205.43067,3008656476
1,3747,1361,128,3.22045946,0.106262483,1204.56436,3008656476
1,3748,1362,128,3.14892793,0.106147561,1205.8685,3008656476
1,3749,1363,128,2.58053255,0.106197925,1205.29662,3008656476
1,3750,1364,128,2.28475475,0.106138984,1205.96594,3008656476
1,3751,1365,128,2.82075095,0.106132216,1206.04285,3008656476
1,3752,1366,128,3.20833087,0.106209245,1205.16816,3008656476
1,3753,1367,128,3.24594641,0.106128362,1206.08664,3008656476
1,3754,1368,128,2.94343948,0.118486718,1080.28986,3008656476
1,3755,1369,128,2.82718635,0.106253906,1204.6616,3008656476
1,3756,1370,128,2.54629111,0.106240872,1204.80939,3008656476
1,3757,1371,128,2.94760251,0.106190155,1205.38481,3008656476
1,3758,1372,128,2.53661728,0.106292714,1204.22177,3008656476
1,3759,1373,128,3.3096242,0.10613756,1205.98212,3008656476
1,3760,1374,128,3.51615667,0.106250391,1204.70145,3008656476
1,3761,1375,128,3.47340155,0.106219832,1205.04804,3008656476
1,3762,1376,128,3.53144479,0.106186925,1205.42148,3008656476
1,3763,1377,128,3.12591171,0.10623312,1204.89731,3008656476
1,3764,1378,128,2.4585104,0.11857937,1079.44578,3008656476
1,3765,1379,128,2.68215036,0.106144303,1205.90551,3008656476
1,3766,1380,128,2.94515157,0.106210256,1205.15668,3008656476
1,3767,1381,128,2.49146605,0.106192247,1205.36107,3008656476
1,3768,1382,128,2.8103385,0.106166878,1205.64909,3008656476
1,3769,1383,128,2.6376574,0.106110679,1206.28763,3008656476
1,3770,1384,128,2.25324845,0.106209924,1205.16045,3008656476
1,3771,1385,128,2.87369418,0.106144519,1205.90306,3008656476
1,3772,1386,128,1.95677185,0.10624815,1204.72686,3008656476
1,3773,1387,128,2.59647465,0.106245792,1204.7536,3008656476
1,3774,1388,128,3.04941916,0.116035882,1103.10705,3008656476
1,3775,1389,128,2.5339489,0.106193388,1205.34811,3008656476
1,3776,1390,128,2.23931694,0.106255308,1204.6457,3008656476
1,3777,1391,128,2.50157237,0.106212272,1205.13381,3008656476
1,3778,1392,128,2.5466795,0.106270724,1204.47095,3008656476
1,3779,1393,128,2.64124703,0.106180839,1205.49057,3008656476
1,3780,1394,128,3.22566605,0.106341408,1203.67035,3008656476
1,3781,1395,128,2.77621293,0.106352382,1203.54615,3008656476
1,3782,1396,128,2.62876153,0.106322481,1203.88462,3008656476
1,3783,1397,128,3.43672824,0.118512551,1080.05438,3008656476
1,3784,1398,128,2.62531638,0.104609931,1223.5932,3008656476
1,3785,1399,128,3.00281239,0.106233082,1204.89774,3008656476
1,3786,1400,128,3.22559476,0.106233734,1204.89034,3008656476
1,3787,1401,128,3.47696877,0.106204897,1205.2175,3008656476
1,3788,1402,128,2.87111425,0.106193706,1205.34451,3008656476
1,3789,1403,128,3.04401898,0.106250433,1204.70097,3008656476
1,3790,1404,128,2.2924757,0.106329303,1203.80738,3008656476
1,3791,1405,128,2.82582188,0.106339262,1203.69464,3008656476
1,3792,1406,128,3.47053075,0.106236498,1204.85899,3008656476
1,3793,1407,128,3.24747491,0.117994887,1084.79277,3008656476
1,3794,1408,128,3.39502215,0.106290848,1204.24291,3008656476
1,3795,1409,128,3.42905617,0.106214269,1205.11115,3008656476
1,3796,1410,128,3.0806303,0.106187283,1205.41741,3008656476
1,3797,1411,128,3.72897148,0.106290964,1204.24159,3008656476
1,3798,1412,128,3.16126585,0.106272971,1204.44548,3008656476
1,3799,1413,128,3.54452038,0.106247677,1204.73222,3008656476
1,3800,1414,128,3.34967184,0.106285313,1204.30562,3008656476
1,3801,1415,128,3.39652348,0.106219143,1205.05585,3008656476
1,3802,1416,128,3.34716487,0.10616364,1205.68586,3008656476
1,3803,1417,128,3.43433046,0.118200047,1082.90989,3008656476
1,3804,1418,128,3.30742645,0.106226802,1204.96897,3008656476
1,3805,1419,128,3.57539463,0.10619654,1205.31234,3008656476
1,3806,1420,128,3.43408871,0.106188226,1205.40671,3008656476
1,3807,1421,128,3.19283175,0.106146409,1205.88159,3008656476
1,3808,1422,128,3.81698751,0.106231666,1204.9138,3008656476
1,3809,1423,128,3.10015082,0.1062171,1205.07903,3008656476
1,3810,1424,128,3.46129274,0.106258812,1204.60598,3008656476
1,3811,1425,128,4.14536905,0.106188402,1205.40471,3008656476
1,3812,1426,128,3.08992648,0.106205133,1205.21482,3008656476
1,3813,1427,128,3.38753009,0.121099368,1056.98322,3008656476
1,3814,1428,128,3.05571246,0.106138408,1205.97249,3008656476
1,3815,1429,128,3.82825089,0.106220974,1205.03508,3008656476
1,3816,1430,128,3.46388364,0.106216621,1205.08447,3008656476
1,3817,1431,128,3.6770227,0.106217114,1205.07887,3008656476
1,3818,1432,128,3.83342791,0.106262463,1204.56459,3008656476
1,3819,1433,128,2.91137099,0.10627746,1204.39461,3008656476
1,3820,1434,128,3.09270048,0.106180103,1205.49892,3008656476
1,3821,1435,128,3.51179528,0.106203305,1205.23556,3008656476
1,3822,1436,128,2.55000925,0.106158867,1205.74007,3008656476
1,3823,1437,128,3.54281878,0.117157191,1092.54924,3008656476
1,3824,1438,128,3.37605715,0.106186756,1205.4234,3008656476
1,3825,1439,128,3.25991488,0.106179897,1205.50126,3008656476
1,3826,1440,128,3.66694975,0.107192552,1194.11281,3008656476
1,3827,1441,128,3.73487663,0.106246026,1204.75094,3008656476
1,3828,1442,128,3.4645443,0.106300629,1204.1321,3008656476
1,3829,1443,128,2.67058325,0.106364718,1203.40657,3008656476
1,3830,1444,128,3.70733976,0.10610229,1206.38301,3008656476
1,3831,1445,128,3.53355479,0.106166421,1205.65428,3008656476
1,3832,1446,128,3.78348064,0.117243818,1091.742,3008656476
1,3833,1447,128,3.32136631,0.104153585,1228.95434,3008656476
1,3834,1448,128,2.77401614,0.106177186,1205.53204,3008656476
1,3835,1449,128,3.75101542,0.106196514,1205.31263,3008656476
1,3836,1450,128,2.69213772,0.106178224,1205.52026,3008656476
1,3837,1451,128,3.19197822,0.106271875,1204.45791,3008656476
1,3838,1452,128,3.05302334,0.106187034,1205.42024,3008656476
1,3839,1453,128,3.3090806,0.106266023,1204.52423,3008656476
1,3840,1454,128,3.15754437,0.106160961,1205.71629,3008656476
1,3841,1455,128,2.25324154,0.106324154,1203.86568,3008656476
1,3842,1456,128,3.42057991,0.118063116,1084.16586,3008656476
1,3843,1457,128,3.38085341,0.106144216,1205.9065,3008656476
1,3844,1458,128,3.56324863,0.106177631,1205.52699,3008656476
1,3845,1459,128,3.50599027,0.106207486,1205.18812,3008656476
1,3846,1460,128,3.01875591,0.106216489,1205.08596,3008656476
1,3847,1461,128,2.16885328,0.10642001,1202.78132,3008656476
1,3848,1462,128,2.45697236,0.106221936,1205.02417,3008656476
1,3849,1463,128,3.23931313,0.106308963,1204.03771,3008656476
1,3850,1464,128,2.33259344,0.106154534,1205.78929,3008656476
1,3851,1465,128,3.02542424,0.106258499,1204.60952,3008656476
1,3852,1466,128,3.86022949,0.119587048,1070.35003,3008656476
1,3853,1467,128,3.20833898,0.106279995,1204.36588,3008656476
1,3854,1468,128,2.83086538,0.106290311,1204.24899,3008656476
1,3855,1469,128,3.76969075,0.106292085,1204.22889,3008656476
1,3856,1470,128,2.77992392,0.106501262,1201.86369,3008656476
1,3857,1471,128,3.86624575,0.106059406,1206.8708,3008656476
1,3858,1472,128,3.30482078,0.106279184,1204.37507,3008656476
1,3859,1473,128,3.70425653,0.106282207,1204.34082,3008656476
1,3860,1474,128,3.06500721,0.106256428,1204.633,3008656476
1,3861,1475,128,3.0564115,0.106196115,1205.31716,3008656476
1,3862,1476,128,3.05708718,0.120445401,1062.72219,3008656476
1,3863,1477,128,3.41909742,0.106229131,1204.94255,3008656476
1,3864,1478,128,3.19737124,0.106230347,1204.92876,3008656476
1,3865,1479,128,3.44903994,0.106333216,1203.76308,3008656476
1,3866,1480,128,3.16723728,0.106156647,1205.76529,3008656476
1,3867,1481,128,3.58986449,0.106179979,1205.50033,3008656476
1,3868,1482,128,2.97910142,0.106221639,1205.02754,3008656476
1,3869,1483,128,2.81074166,0.106163659,1205.68565,3008656476
1,3870,1484,128,3.01043296,0.106184072,1205.45387,3008656476
1,3871,1485,128,3.27256799,0.10624739,1204.73548,3008656476
1,3872,1486,128,3.4720726,0.117595806,1088.47419,3008656476
1,3873,1487,128,3.48456836,0.106383869,1203.18993,3008656476
1,3874,1488,128,3.04686999,0.106394279,1203.07221,3008656476
1,3875,1489,128,2.82117677,0.106237982,1204.84216,3008656476
1,3876,1490,128,3.15889907,0.106308176,1204.04662,3008656476
1,3877,1491,128,3.20948911,0.106195377,1205.32554,3008656476
1,3878,1492,128,3.39010262,0.106078159,1206.65744,3008656476
1,3879,1493,128,3.06682467,0.106193343,1205.34863,3008656476
1,3880,1494,128,2.27029037,0.106326037,1203.84436,3008656476
1,3881,1495,128,2.87781715,0.117433273,1089.98069,3008656476
1,3882,1496,128,3.1067977,0.104438925,1225.59668,3008656476
1,3883,1497,128,2.97314477,0.106256197,1204.63562,3008656476
1,3884,1498,128,3.12427878,0.10625871,1204.60713,3008656476
1,3885,1499,128,2.78929758,0.106267545,1204.50698,3008656476
1,3886,1500,128,3.30897832,0.106215923,1205.09239,3008656476
1,3887,1501,128,3.68078518,0.106232032,1204.90965,3008656476
1,3888,1502,128,2.92514849,0.106236042,1204.86416,3008656476
1,3889,1503,128,3.19783473,0.106271149,1204.46613,3008656476
1,3890,1504,128,3.05433917,0.106278571,1204.38202,3008656476
1,3891,1505,128,3.3421526,0.118120726,1083.63709,3008656476
1,3892,1506,128,2.66837239,0.106223331,1205.00834,3008656476
1,3893,1507,128,3.19553041,0.106293383,1204.21419,3008656476
1,3894,1508,128,3.03347135,0.106182525,1205.47143,3008656476
1,3895,1509,128,3.46300316,0.106147138,1205.8733,3008656476
1,3896,1510,128,3.75226665,0.106143201,1205.91803,3008656476
1,3897,1511,128,2.86767244,0.106193406,1205.34791,3008656476
1,3898,1512,128,3.20065665,0.094587008,1353.25139,3008656476
1,3899,1513,128,3.42585897,0.106013427,1207.39423,3008656476
1,3900,1514,128,3.92260027,0.106062893,1206.83112,3008656476
1,3901,1515,128,2.94674802,0.121327037,1054.9998,3008656476
1,3902,1516,128,3.58039856,0.106323908,1203.86847,3008656476
1,3903,1517,128,3.49079919,0.106212229,1205.1343,3008656476
1,3904,1518,128,3.54964519,0.106142818,1205.92238,3008656476
1,3905,1519,128,2.97613478,0.106209764,1205.16227,3008656476
1,3906,1520,128,3.49376059,0.106207144,1205.192,3008656476
1,3907,1521,128,2.85904622,0.106239432,1204.82572,3008656476
1,3908,1522,128,3.70356798,0.106144644,1205.90164,3008656476
1,3909,1523,128,3.82712793,0.106282566,1204.33675,3008656476
1,3910,1524,128,3.63835907,0.10618355,1205.45979,3008656476
1,3911,1525,128,2.93232846,0.120052766,1066.19784,3008656476
1,3912,1526,128,2.43878961,0.106250983,1204.69474,3008656476
1,3913,1527,128,2.39920974,0.106255417,1204.64447,3008656476
1,3914,1528,128,3.05653906,0.105141553,1217.4064,3008656476
1,3915,1529,128,3.66944766,0.106252156,1204.68144,3008656476
1,3916,1530,128,3.64678264,0.106261907,1204.57089,3008656476
1,3917,1531,128,4.12356186,0.106423751,1202.73904,3008656476
1,3918,1532,128,3.99908662,0.106083754,1206.5938,3008656476
1,3919,1533,128,3.33856273,0.10617989,1205.50134,3008656476
1,3920,1534,128,3.51041079,0.106117351,1206.21179,3008656476
1,3921,1535,128,2.69489121,0.114558683,1117.33128,3008656476
1,3922,1536,128,3.17767215,0.106172409,1205.58628,3008656476
1,3923,1537,128,3.10539341,0.106289783,1204.25498,3008656476
1,3924,1538,128,3.41734171,0.106224474,1204.99538,3008656476
1,3925,1539,128,2.91767716,0.106206735,1205.19664,3008656476
1,3926,1540,128,3.81662107,0.106231446,1204.91629,3008656476
1,3927,1541,128,3.7343998,0.106157595,1205.75452,3008656476
1,3928,1542,128,3.83802247,0.106274967,1204.42286,3008656476
1,3929,1543,128,3.32614517,0.106226143,1204.97644,3008656476
1,3930,1544,128,3.82746553,0.116455402,1099.13321,3008656476
1,3931,1545,128,3.42156434,0.104277663,1227.49203,3008656476
1,3932,1546,128,2.92965508,0.106141485,1205.93753,3008656476
1,3933,1547,128,3.38931966,0.106286079,1204.29694,3008656476
1,3934,1548,128,3.34614086,0.106109379,1206.30241,3008656476
1,3935,1549,128,3.66708112,0.106200408,1205.26844,3008656476
1,3936,1550,128,3.35828042,0.106223771,1205.00335,3008656476
1,3937,1551,128,3.13292289,0.106242285,1204.79336,3008656476
1,3938,1552,128,3.45430636,0.106149252,1205.84929,3008656476
1,3939,1553,128,4.24695349,0.106262499,1204.56418,3008656476
1,3940,1554,128,4.02756882,0.120008214,1066.59366,3008656476
1,3941,1555,128,3.05084753,0.105999975,1207.54745,3008656476
1,3942,1556,128,3.44165015,0.106176003,1205.54548,3008656476
1,3943,1557,128,3.76152658,0.10617209,1205.58991,3008656476
1,3944,1558,128,3.32688427,0.106221209,1205.03241,3008656476
1,3945,1559,128,3.104105,0.106343274,1203.64923,3008656476
1,3946,1560,128,3.07266498,0.10631426,1203.97772,3008656476
1,3947,1561,128,3.41520381,0.106170482,1205.60817,3008656476
1,3948,1562,128,3.87054467,0.106288647,1204.26785,3008656476
1,3949,1563,128,4.14106464,0.106249315,1204.71365,3008656476
1,3950,1564,128,3.56283474,0.120197747,1064.91181,3008656476
1,3951,1565,128,3.5492754,0.106171181,1205.60023,3008656476
1,3952,1566,128,2.69167495,0.106192602,1205.35704,3008656476
1,3953,1567,128,2.42577839,0.106180481,1205.49463,3008656476
1,3954,1568,128,1.93257654,0.106182874,1205.46747,3008656476
1,3955,1569,128,2.84095073,0.106198037,1205.29535,3008656476
1,3956,1570,128,3.04456544,0.106315082,1203.96841,3008656476
1,3957,1571,128,3.25718188,0.106276401,1204.40661,3008656476
1,3958,1572,128,2.50764322,0.106305489,1204.07705,3008656476
1,3959,1573,128,2.89184451,0.106254983,1204.64939,3008656476
1,3960,1574,128,3.58227944,0.119997227,1066.69132,3008656476
1,3961,1575,128,3.72500014,0.106317598,1203.93992,3008656476
1,3962,1576,128,3.28533745,0.106249801,1204.70814,3008656476
1,3963,1577,128,3.40444565,0.106221731,1205.02649,3008656476
1,3964,1578,128,3.06762934,0.106198204,1205.29345,3008656476
1,3965,1579,128,3.42925143,0.106209712,1205.16286,3008656476
1,3966,1580,128,3.48342562,0.106233501,1204.89298,3008656476
1,3967,1581,128,3.19365549,0.106308708,1204.04059,3008656476
1,3968,1582,128,3.10496974,0.106263267,1204.55547,3008656476
1,3969,1583,128,3.16035771,0.106199065,1205.28368,3008656476
1,3970,1584,128,3.52556872,0.116299165,1100.60979,3008656476
1,3971,1585,128,3.52632117,0.106212575,1205.13037,3008656476
1,3972,1586,128,3.68106008,0.106269634,1204.48331,3008656476
1,3973,1587,128,2.99236417,0.106281782,1204.34563,3008656476
1,3974,1588,128,3.22419977,0.106182983,1205.46623,3008656476
1,3975,1589,128,3.43747449,0.106172929,1205.58038,3008656476
1,3976,1590,128,2.8518219,0.106297859,1204.16348,3008656476
1,3977,1591,128,2.74940705,0.106278477,1204.38309,3008656476
1,3978,1592,128,3.26279545,0.106162128,1205.70304,3008656476
1,3979,1593,128,3.57086682,0.117221566,1091.94924,3008656476
1,3980,1594,128,3.5753448,0.105199518,1216.73561,3008656476
1,3981,1595,128,3.19434667,0.159223189,803.903004,3008656476
1,3982,1596,128,2.98778248,0.106123217,1206.14512,3008656476
1,3983,1597,128,3.01917982,0.106057834,1206.88869,3008656476
1,3984,1598,128,2.97091222,0.106196703,1205.31049,3008656476
1,3985,1599,128,3.05065775,0.10626109,1204.58015,3008656476
1,3986,1600,128,2.41542411,0.10632153,1203.89539,3008656476
1,3987,1601,128,2.78997183,0.106182997,1205.46607,3008656476
1,3988,1602,128,2.96824741,0.106188112,1205.408,3008656476
1,3989,1603,128,3.02521324,0.120515337,1062.10548,3008656476
1,3990,1604,128,2.55166221,0.106190529,1205.38057,3008656476
1,3991,1605,128,2.23198795,0.106264205,1204.54484,3008656476
1,3992,1606,128,2.09293389,0.106205987,1205.20513,3008656476
1,3993,1607,128,3.39453864,0.106248103,1204.72739,3008656476
1,3994,1608,128,2.90149736,0.106179719,1205.50328,3008656476
1,3995,1609,128,3.08551574,0.106231963,1204.91043,3008656476
1,3996,1610,128,3.22514582,0.106264878,1204.53721,3008656476
1,3997,1611,128,3.49625111,0.106172414,1205.58623,3008656476
1,3998,1612,128,3.57550883,0.106121632,1206.16313,3008656476
1,3999,1613,128,3.06973863,0.11288854,1133.86177,3008656476
1,4000,1614,128,2.9012568,0.106273931,1204.4346,3008656476
1,4001,1615,128,2.77324271,0.10621189,1205.13814,3008656476
1,4002,1616,128,2.91628623,0.106092563,1206.49362,3008656476
1,4003,1617,128,3.33170748,0.106255523,1204.64326,3008656476
1,4004,1618,128,2.07495332,0.106194953,1205.33035,3008656476
1,4005,1619,128,3.46193695,0.106262995,1204.55856,3008656476
1,4006,1620,128,3.98427296,0.106096841,1206.44497,3008656476
1,4007,1621,128,3.66245532,0.106127582,1206.09551,3008656476
1,4008,1622,128,3.00527024,0.116555969,1098.18486,3008656476
1,4009,1623,128,3.52402854,0.105117179,1217.68869,3008656476
1,4010,1624,128,3.20526457,0.106135273,1206.00811,3008656476
1,4011,1625,128,2.88826156,0.106221678,1205.02709,3008656476
1,4012,1626,128,3.48597479,0.106243524,1204.77931,3008656476
1,4013,1627,128,3.43893361,0.106402768,1202.97622,3008656476
1,4014,1628,128,3.28553319,0.106152818,1205.80878,3008656476
1,4015,1629,128,2.85316253,0.107166566,1194.40237,3008656476
1,4016,1630,128,3.23010898,0.106233625,1204.89158,3008656476
1,4017,1631,128,3.21241164,0.106328089,1203.82113,3008656476
1,4018,1632,128,3.39814281,0.118110219,1083.73349,3008656476
1,4019,1633,128,3.13432813,0.106369926,1203.34765,3008656476
1,4020,1634,128,3.22395372,0.106345919,1203.61929,3008656476
1,4021,1635,128,3.04094315,0.106129766,1206.07069,3008656476
1,4022,1636,128,2.88134122,0.106311923,1204.00418,3008656476
1,4023,1637,128,3.09458208,0.106190419,1205.38182,3008656476
1,4024,1638,128,3.60403943,0.106305811,1204.07341,3008656476
1,4025,1639,128,3.83928704,0.106309247,1204.03449,3008656476
1,4026,1640,128,3.10986614,0.106293034,1204.21814,3008656476
1,4027,1641,128,2.30188084,0.106292117,1204.22853,3008656476
1,4028,1642,128,3.36690903,0.118270369,1082.26601,3008656476
1,4029,1643,128,2.66494203,0.106204453,1205.22253,3008656476
1,4030,1644,128,2.77496743,0.106264567,1204.54074,3008656476
1,4031,1645,128,2.07416248,0.106372662,1203.31669,3008656476
1,4032,1646,128,3.65262294,0.106337351,1203.71627,3008656476
1,4033,1647,128,3.10974479,0.106331588,1203.78151,3008656476
1,4034,1648,128,2.66331053,0.106329291,1203.80752,3008656476
1,4035,1649,128,2.61598301,0.106211829,1205.13884,3008656476
1,4036,1650,128,2.71726155,0.106223791,1205.00312,3008656476
1,4037,1651,128,3.05955958,0.106276353,1204.40716,3008656476
1,4038,1652,128,3.26455355,0.120421103,1062.93662,3008656476
1,4039,1653,128,2.58504963,0.106291692,1204.23335,3008656476
1,4040,1654,128,2.66270018,0.106287272,1204.28343,3008656476
1,4041,1655,128,2.72518563,0.106285151,1204.30746,3008656476
1,4042,1656,128,3.25340724,0.1062407,1204.81134,3008656476
1,4043,1657,128,3.37774277,0.106246882,1204.74124,3008656476
1,4044,1658,128,3.34729815,0.106289737,1204.2555,3008656476
1,4045,1659,128,3.25756264,0.106227896,1204.95656,3008656476
1,4046,1660,128,2.42639875,0.106206322,1205.20133,3008656476
1,4047,1661,128,2.61183381,0.106446304,1202.48421,3008656476
1,4048,1662,128,3.07767224,0.115226962,1110.85112,3008656476
1,4049,1663,128,3.22837472,0.10628381,1204.32265,3008656476
1,4050,1664,128,3.3987968,0.106151138,1205.82786,3008656476
1,4051,1665,128,3.17812347,0.106170223,1205.61111,3008656476
1,4052,1666,128,3.38588428,0.106267237,1204.51047,3008656476
1,4053,1667,128,3.29294896,0.106112742,1206.26418,3008656476
1,4054,1668,128,3.50770068,0.106288786,1204.26627,3008656476
1,4055,1669,128,3.37011051,0.106248107,1204.72735,3008656476
1,4056,1670,128,3.34184146,0.106387888,1203.14448,3008656476
1,4057,1671,128,2.34623146,0.118008376,1084.66877,3008656476
1,4058,1672,128,3.10131717,0.10453568,1224.46231,3008656476
1,4059,1673,128,3.15328383,0.106157641,1205.754,3008656476
1,4060,1674,128,3.33385062,0.106250929,1204.69535,3008656476
1,4061,1675,128,3.08636498,0.106145144,1205.89596,3008656476
1,4062,1676,128,3.00785422,0.106127979,1206.091,3008656476
1,4063,1677,128,3.76166821,0.106264978,1204.53608,3008656476
1,4064,1678,128,3.60553598,0.106271725,1204.45961,3008656476
1,4065,1679,128,3.5192306,0.10625702,1204.62629,3008656476
1,4066,1680,128,3.41691279,0.106091725,1206.50315,3008656476
1,4067,1681,128,3.58336091,0.118260892,1082.35274,3008656476
1,4068,1682,128,3.54505682,0.106248437,1204.7236,3008656476
1,4069,1683,128,3.34549427,0.10631738,1203.94238,3008656476
1,4070,1684,128,3.12743831,0.106235806,1204.86684,3008656476
1,4071,1685,128,2.54894376,0.106265904,1204.52558,3008656476
1,4072,1686,128,3.52814436,0.106248779,1204.71973,3008656476
1,4073,1687,128,2.83241844,0.106252911,1204.67288,3008656476
1,4074,1688,128,2.9415586,0.106379113,1203.24372,3008656476
1,4075,1689,128,3.25021863,0.106240963,1204.80836,3008656476
1,4076,1690,128,3.30959702,0.106212784,1205.128,3008656476
1,4077,1691,128,3.39724946,0.119650531,1069.78213,3008656476
1,4078,1692,128,3.2333138,0.106236212,1204.86224,3008656476
1,4079,1693,128,3.44204903,0.10628619,1204.29569,3008656476
1,4080,1694,128,3.38165259,0.106187147,1205.41896,3008656476
1,4081,1695,128,3.45890856,0.106188361,1205.40518,3008656476
1,4082,1696,128,3.40521669,0.106239027,1204.83031,3008656476
1,4083,1697,128,3.46531296,0.106215791,1205.09388,3008656476
1,4084,1698,128,3.57375479,0.106324117,1203.8661,3008656476
1,4085,1699,128,3.46611905,0.106255468,1204.64389,3008656476
1,4086,1700,128,3.42201018,0.106255137,1204.64764,3008656476
1,4087,1701,128,3.43909144,0.122171719,1047.70565,3008656476
1,4088,1702,128,2.22456431,0.106213156,1205.12378,3008656476
1,4089,1703,128,2.47237325,0.106223272,1205.00901,3008656476
1,4090,1704,128,2.18766308,0.106232751,1204.90149,3008656476
1,4091,1705,128,2.61273122,0.106214894,1205.10406,3008656476
1,4092,1706,128,2.95972013,0.10624173,1204.79966,3008656476
1,4093,1707,128,3.11380887,0.106465327,1202.26935,3008656476
1,4094,1708,128,3.84484529,0.106261873,1204.57128,3008656476
1,4095,1709,128,3.00780463,0.106171653,1205.59487,3008656476
1,4096,1710,128,3.51730752,0.106368651,1203.36207,3008656476
1,4097,1711,128,3.01998091,0.115376009,1109.41608,3008656476
1,4098,1712,128,2.66268086,0.106262842,1204.56029,3008656476
1,4099,1713,128,3.03359365,0.106208643,1205.17499,3008656476
1,4100,1714,128,3.33342075,0.106210988,1205.14838,3008656476
1,4101,1715,128,2.83399796,0.106102773,1206.37752,3008656476
1,4102,1716,128,2.99706936,0.106302604,1204.10973,3008656476
1,4103,1717,128,3.70144486,0.106276933,1204.40058,3008656476
1,4104,1718,128,2.52884054,0.10629452,1204.20131,3008656476
1,4105,1719,128,3.22018909,0.106334358,1203.75016,3008656476
1,4106,1720,128,3.87002444,0.117491265,1089.44269,3008656476
1,4107,1721,128,3.18425536,0.104517076,1224.68026,3008656476
1,4108,1722,128,3.31384277,0.106190919,1205.37614,3008656476
1,4109,1723,128,3.39114261,0.106223281,1205.00891,3008656476
1,4110,1724,128,3.7580266,0.106267289,1204.50988,3008656476
1,4111,1725,128,2.83018517,0.106405468,1202.9457,3008656476
1,4112,1726,128,3.92395115,0.106432209,1202.64346,3008656476
1,4113,1727,128,3.36859155,0.106289325,1204.26016,3008656476
1,4114,1728,128,3.14613795,0.106538213,1201.44685,3008656476
1,4115,1729,128,3.47298121,0.106308625,1204.04153,3008656476
1,4116,1730,128,2.80375004,0.120679772,1060.65828,3008656476
1,4117,1731,128,2.80970931,0.106220349,1205.04217,3008656476
1,4118,1732,128,3.3473947,0.106224892,1204.99063,3008656476
1,4119,1733,128,2.59771085,0.106243795,1204.77624,3008656476
1,4120,1734,128,3.31394291,0.106435725,1202.60373,3008656476
1,4121,1735,128,2.38131356,0.106188059,1205.4086,3008656476
1,4122,1736,128,3.02195001,0.10624476,1204.7653,3008656476
1,4123,1737,128,2.11475754,0.106232996,1204.89871,3008656476
1,4124,1738,128,2.5935297,0.106298618,1204.15488,3008656476
1,4125,1739,128,2.04510188,0.106198225,1205.29321,3008656476
1,4126,1740,128,2.21368814,0.119864012,1067.87682,3008656476
1,4127,1741,128,2.62742686,0.106306901,1204.06106,3008656476
1,4128,1742,128,2.79026794,0.106396679,1203.04507,3008656476
1,4129,1743,128,3.01039052,0.106145808,1205.88841,3008656476
1,4130,1744,128,3.52606225,0.106131563,1206.05027,3008656476
1,4131,1745,128,2.07131171,0.106275128,1204.42104,3008656476
1,4132,1746,128,3.66596484,0.10617932,1205.50781,3008656476
1,4133,1747,128,3.84377646,0.106277308,1204.39633,3008656476
1,4134,1748,128,3.04424071,0.106244483,1204.76844,3008656476
1,4135,1749,128,3.75046325,0.106290943,1204.24183,3008656476
1,4136,1750,128,2.79714537,0.120088413,1065.88135,3008656476
1,4137,1751,128,3.55929899,0.106254691,1204.6527,3008656476
1,4138,1752,128,2.99786973,0.106163665,1205.68558,3008656476
1,4139,1753,128,3.63501573,0.10620474,1205.21928,3008656476
1,4140,1754,128,3.36683202,0.106109164,1206.30486,3008656476
1,4141,1755,128,3.79601145,0.106303819,1204.09597,3008656476
1,4142,1756,128,2.96603107,0.106262273,1204.56674,3008656476
1,4143,1757,128,2.84373283,0.106269771,1204.48175,3008656476
1,4144,1758,128,2.79763389,0.106131653,1206.04925,3008656476
1,4145,1759,128,3.2151587,0.106170884,1205.6036,3008656476
1,4146,1760,128,3.65542173,0.115304132,1110.10766,3008656476
1,4147,1761,128,2.65661311,0.106276341,1204.40729,3008656476
1,4148,1762,128,3.91648531,0.10631422,1203.97817,3008656476
1,4149,1763,128,2.97340965,0.106245061,1204.76189,3008656476
1,4150,1764,128,3.0296998,0.106236049,1204.86409,3008656476
1,4151,1765,128,2.29761147,0.106280627,1204.35872,3008656476
1,4152,1766,128,3.44271302,0.10616479,1205.6728,3008656476
1,4153,1767,128,3.52636933,0.106212098,1205.13578,3008656476
1,4154,1768,128,3.10101819,0.106210643,1205.15229,3008656476
1,4155,1769,128,2.61292195,0.11673995,1096.45413,3008656476
1,4156,1770,128,2.75554395,0.105100856,1217.87781,3008656476
1,4157,1771,128,2.67022133,0.106328718,1203.81401,3008656476
1,4158,1772,128,2.4039712,0.106306889,1204.0612,3008656476
1,4159,1773,128,2.60387969,0.106298793,1204.1529,3008656476
1,4160,1774,128,2.34728765,0.106303513,1204.09944,3008656476
1,4161,1775,128,2.96999407,0.106230965,1204.92175,3008656476
1,4162,1776,128,2.900249,0.106156171,1205.77069,3008656476
1,4163,1777,128,2.73672104,0.106289511,1204.25806,3008656476
1,4164,1778,128,2.31546426,0.106400717,1202.99941,3008656476
1,4165,1779,128,2.86723161,0.119620945,1070.04672,3008656476
1,4166,1780,128,2.6004653,0.10638508,1203.17623,3008656476
1,4167,1781,128,1.77773631,0.10619408,1205.34026,3008656476
1,4168,1782,128,2.01802063,0.106205635,1205.20912,3008656476
1,4169,1783,128,2.32995701,0.106360018,1203.45974,3008656476
1,4170,1784,128,2.6420927,0.106212296,1205.13354,3008656476
1,4171,1785,128,2.8005867,0.106233737,1204.89031,3008656476
1,4172,1786,128,2.02235866,0.106249108,1204.716,3008656476
1,4173,1787,128,2.18135643,0.106185317,1205.43973,3008656476
1,4174,1788,128,1.99887037,0.106116483,1206.22166,3008656476
1,4175,1789,128,2.53080416,0.119919267,1067.38478,3008656476
1,4176,1790,128,2.04441047,0.106241662,1204.80043,3008656476
1,4177,1791,128,3.27279162,0.106200511,1205.26727,3008656476
1,4178,1792,128,2.87688541,0.106193205,1205.35019,3008656476
1,4179,1793,128,2.4415493,0.106333447,1203.76047,3008656476
1,4180,1794,128,2.7808392,0.106221238,1205.03209,3008656476
1,4181,1795,128,1.85424411,0.106256505,1204.63213,3008656476
1,4182,1796,128,2.95232248,0.106260145,1204.59087,3008656476
1,4183,1797,128,3.09054399,0.106275283,1204.41928,3008656476
1,4184,1798,128,3.01167512,0.106144141,1205.90735,3008656476
1,4185,1799,128,2.34296894,0.118695763,1078.38727,3008656476
1,4186,1800,128,2.3410964,0.106324869,1203.85758,3008656476
1,4187,1801,128,2.67698121,0.106208169,1205.18037,3008656476
1,4188,1802,128,2.26507926,0.106292775,1204.22108,3008656476
1,4189,1803,128,2.96021223,0.106277481,1204.39437,3008656476
1,4190,1804,128,2.40862918,0.10620313,1205.23755,3008656476
1,4191,1805,128,3.27435017,0.106164049,1205.68122,3008656476
1,4192,1806,128,2.77534866,0.106259016,1204.60366,3008656476
1,4193,1807,128,3.18810153,0.10619069,1205.37874,3008656476
1,4194,1808,128,3.05425215,0.106150064,1205.84006,3008656476
1,4195,1809,128,3.962677,0.114898518,1114.02655,3008656476
1,4196,1810,128,2.89207959,0.106322821,1203.88077,3008656476
1,4197,1811,128,2.65684199,0.106311774,1204.00587,3008656476
1,4198,1812,128,2.3313241,0.106298149,1204.1602,3008656476
1,4199,1813,128,2.1962595,0.106174561,1205.56185,3008656476
1,4200,1814,128,3.38324094,0.1062703,1204.47576,3008656476
1,4201,1815,128,3.30830383,0.106258887,1204.60513,3008656476
1,4202,1816,128,2.81358576,0.106295856,1204.18617,3008656476
1,4203,1817,128,3.08870673,0.106202897,1205.24019,3008656476
1,4204,1818,128,2.04622126,0.1191818,1073.98948,3008656476
1,4205,1819,128,1.96650314,0.105061356,1218.33569,3008656476
1,4206,1820,128,2.72455835,0.106286217,1204.29538,3008656476
1,4207,1821,128,3.13820267,0.106377863,1203.25786,3008656476
1,4208,1822,128,4.02003717,0.106303227,1204.10268,3008656476
1,4209,1823,128,3.35664272,0.106218238,1205.06612,3008656476
1,4210,1824,128,2.8535862,0.106231552,1204.91509,3008656476
1,4211,1825,128,2.44118881,0.106286642,1204.29056,3008656476
1,4212,1826,128,3.32418513,0.106341075,1203.67412,3008656476
1,4213,1827,128,2.51645136,0.106420716,1202.77334,3008656476
1,4214,1828,128,2.58054447,0.119475835,1071.34635,3008656476
1,4215,1829,128,2.88483238,0.106253859,1204.66213,3008656476
1,4216,1830,128,2.83376884,0.106257494,1204.62092,3008656476
1,4217,1831,128,3.40938783,0.106331906,1203.77791,3008656476
1,4218,1832,128,2.66197729,0.106332084,1203.7759,3008656476
1,4219,1833,128,2.90681052,0.106299067,1204.1498,3008656476
1,4220,1834,128,3.31102157,0.106252981,1204.67208,3008656476
1,4221,1835,128,2.89849019,0.105734021,1210.58481,3008656476
1,4222,1836,128,2.14510512,0.106195997,1205.3185,3008656476
1,4223,1837,128,3.08969569,0.106164703,1205.67379,3008656476
1,4224,1838,128,3.57134342,0.118797554,1077.46326,3008656476
1,4225,1839,128,3.29996872,0.10645099,1202.43128,3008656476
1,4226,1840,128,3.28241467,0.106237614,1204.84634,3008656476
1,4227,1841,128,3.40103173,0.106260567,1204.58608,3008656476
1,4228,1842,128,3.27939487,0.106326422,1203.84,3008656476
1,4229,1843,128,3.33732605,0.106245642,1204.7553,3008656476
1,4230,1844,128,3.34147549,0.106290486,1204.24701,3008656476
1,4231,1845,128,2.41054177,0.106291134,1204.23967,3008656476
1,4232,1846,128,2.61162186,0.106247356,1204.73586,3008656476
1,4233,1847,128,2.19442248,0.106262525,1204.56389,3008656476
1,4234,1848,128,2.90531588,0.118824695,1077.21716,3008656476
1,4235,1849,128,3.263587,0.106294776,1204.19841,3008656476
1,4236,1850,128,3.54248238,0.106210466,1205.1543,3008656476
1,4237,1851,128,2.67491269,0.106354213,1203.52543,3008656476
1,4238,1852,128,2.29991794,0.106216345,1205.0876,3008656476
1,4239,1853,128,2.94415498,0.106279983,1204.36602,3008656476
1,4240,1854,128,3.55891109,0.106251205,1204.69222,3008656476
1,4241,1855,128,3.04766583,0.106225856,1204.9797,3008656476
1,4242,1856,128,2.68229961,0.106364545,1203.40852,3008656476
1,4243,1857,128,2.11695862,0.106242731,1204.78831,3008656476
1,4244,1858,128,3.25069594,0.115529653,1107.94066,3008656476
1,4245,1859,128,2.54913712,0.106261504,1204.57546,3008656476
1,4246,1860,128,3.23535991,0.106194327,1205.33746,3008656476
1,4247,1861,128,3.34674311,0.106176416,1205.54079,3008656476
1,4248,1862,128,3.23137307,0.106218696,1205.06092,3008656476
1,4249,1863,128,3.12420821,0.106378576,1203.2498,3008656476
1,4250,1864,128,3.40354323,0.106353736,1203.53083,3008656476
1,4251,1865,128,3.19931269,0.106270561,1204.4728,3008656476
1,4252,1866,128,3.00721765,0.106364686,1203.40693,3008656476
1,4253,1867,128,4.00526762,0.118300717,1081.98837,3008656476
1,4254,1868,128,3.07994151,0.10453097,1224.51748,3008656476
1,4255,1869,128,2.83178329,0.106204183,1205.2256,3008656476
1,4256,1870,128,3.32149792,0.106337747,1203.71179,3008656476
1,4257,1871,128,2.66070199,0.106222793,1205.01445,3008656476
1,4258,1872,128,3.22362351,0.106216997,1205.0802,3008656476
1,4259,1873,128,3.09168744,0.106156749,1205.76413,3008656476
1,4260,1874,128,3.43413019,0.106268854,1204.49215,3008656476
1,4261,1875,128,2.87569618,0.106187395,1205.41614,3008656476
1,4262,1876,128,2.52684426,0.106197193,1205.30493,3008656476
1,4263,1877,128,2.55569649,0.118150793,1083.36133,3008656476
1,4264,1878,128,2.49173069,0.10617496,1205.55732,3008656476
1,4265,1879,128,1.85972285,0.106233095,1204.89759,3008656476
1,4266,1880,128,2.63212395,0.106314783,1203.97179,3008656476
1,4267,1881,128,2.85090876,0.106214588,1205.10753,3008656476
1,4268,1882,128,2.91938639,0.106315105,1203.96815,3008656476
1,4269,1883,128,2.41788745,0.106181379,1205.48444,3008656476
1,4270,1884,128,2.67282891,0.106224008,1205.00066,3008656476
1,4271,1885,128,2.60719872,0.106199871,1205.27453,3008656476
1,4272,1886,128,2.91790557,0.106152898,1205.80787,3008656476
1,4273,1887,128,2.33794975,0.118298534,1082.00834,3008656476
1,4274,1888,128,2.37653708,0.106224889,1204.99067,3008656476
1,4275,1889,128,3.29048896,0.106339915,1203.68725,3008656476
1,4276,1890,128,3.2175405,0.106360614,1203.453,3008656476
1,4277,1891,128,3.03585529,0.10631738,1203.94238,3008656476
1,4278,1892,128,2.81937838,0.106233174,1204.89669,3008656476
1,4279,1893,128,2.54504752,0.106273427,1204.44032,3008656476
1,4280,1894,128,2.83629918,0.10622597,1204.97841,3008656476
1,4281,1895,128,2.86435485,0.106263679,1204.5508,3008656476
1,4282,1896,128,3.33188844,0.106178142,1205.52119,3008656476
1,4283,1897,128,3.12765789,0.120748881,1060.05123,3008656476
1,4284,1898,128,3.44345093,0.10622314,1205.01051,3008656476
1,4285,1899,128,4.59089327,0.106272024,1204.45622,3008656476
1,4286,1900,128,3.39864564,0.10624936,1204.71314,3008656476
1,4287,1901,128,2.66625524,0.106421282,1202.76694,3008656476
1,4288,1902,128,2.82863426,0.106230945,1204.92197,3008656476
1,4289,1903,128,3.37826085,0.106262895,1204.55969,3008656476
1,4290,1904,128,2.09381843,0.106132863,1206.0355,3008656476
1,4291,1905,128,3.19240665,0.106171654,1205.59486,3008656476
1,4292,1906,128,2.44997954,0.106287733,1204.2782,3008656476
1,4293,1907,128,2.56701756,0.116316362,1100.44707,3008656476
1,4294,1908,128,2.89993238,0.106236872,1204.85475,3008656476
1,4295,1909,128,2.62313652,0.106426636,1202.70644,3008656476
1,4296,1910,128,2.94698477,0.10620242,1205.24561,3008656476
1,4297,1911,128,2.58971834,0.106208274,1205.17917,3008656476
1,4298,1912,128,2.80182648,0.106051252,1206.96359,3008656476
1,4299,1913,128,2.84531403,0.106927041,1197.07792,3008656476
1,4300,1914,128,2.97216487,0.105964204,1207.95509,3008656476
1,4301,1915,128,2.1105535,0.106214197,1205.11197,3008656476
1,4302,1916,128,3.15391612,0.116809924,1095.79731,3008656476
1,4303,1917,128,2.63222122,0.104475595,1225.16651,3008656476
1,4304,1918,128,2.72306752,0.106250594,1204.69915,3008656476
1,4305,1919,128,2.42910004,0.106238938,1204.83132,3008656476
1,4306,1920,128,2.70955873,0.106250526,1204.69992,3008656476
1,4307,1921,128,2.97891808,0.106210172,1205.15764,3008656476
1,4308,1922,128,3.1124959,0.106378043,1203.25583,3008656476
1,4309,1923,128,2.92138982,0.106366675,1203.38442,3008656476
1,4310,1924,128,2.76699424,0.106105227,1206.34962,3008656476
1,4311,1925,128,2.36179566,0.106199831,1205.27499,3008656476
1,4312,1926,128,2.80026078,0.118046909,1084.31471,3008656476
1,4313,1927,128,3.02485299,0.106257846,1204.61693,3008656476
1,4314,1928,128,3.22024465,0.106280682,1204.3581,3008656476
1,4315,1929,128,3.99756527,0.106268837,1204.49234,3008656476
1,4316,1930,128,3.30953574,0.106162496,1205.69886,3008656476
1,4317,1931,128,2.05023026,0.106392436,1203.09305,3008656476
1,4318,1932,128,1.9228164,0.106116739,1206.21875,3008656476
1,4319,1933,128,2.357342,0.106153292,1205.8034,3008656476
1,4320,1934,128,2.52291846,0.1062443,1204.77051,3008656476
1,4321,1935,128,2.08003855,0.106165974,1205.65936,3008656476
1,4322,1936,128,3.02651906,0.121407407,1054.30141,3008656476
1,4323,1937,128,2.82558084,0.106169268,1205.62195,3008656476
1,4324,1938,128,2.97437596,0.106198257,1205.29285,3008656476
1,4325,1939,128,2.56115103,0.106241504,1204.80222,3008656476
1,4326,1940,128,2.43518662,0.10626631,1204.52098,3008656476
1,4327,1941,128,1.88895226,0.106292053,1204.22926,3008656476
1,4328,1942,128,3.3626945,0.106255802,1204.6401,3008656476
1,4329,1943,128,2.74592757,0.106292476,1204.22446,3008656476
1,4330,1944,128,2.9100492,0.106236676,1204.85697,3008656476
1,4331,1945,128,3.22617245,0.106222603,1205.0166,3008656476
1,4332,1946,128,1.99246991,0.120655267,1060.8737,3008656476
1,4333,1947,128,2.45892167,0.106153983,1205.79555,3008656476
1,4334,1948,128,3.28481436,0.106165824,1205.66106,3008656476
1,4335,1949,128,2.97893357,0.106186475,1205.42659,3008656476
1,4336,1950,128,3.54257464,0.106228004,1204.95533,3008656476
1,4337,1951,128,3.51729846,0.106136154,1205.9981,3008656476
1,4338,1952,128,2.87744308,0.106200304,1205.26962,3008656476
1,4339,1953,128,2.71463776,0.10620721,1205.19125,3008656476
1,4340,1954,128,2.86410713,0.106163536,1205.68704,3008656476
1,4341,1955,128,2.90831542,0.106131559,1206.05031,3008656476
1,4342,1956,128,3.3908987,0.115591719,1107.34576,3008656476
1,4343,1957,128,2.85397553,0.106193559,1205.34617,3008656476
1,4344,1958,128,2.78562427,0.106190899,1205.37637,3008656476
1,4345,1959,128,2.18455672,0.106237923,1204.84283,3008656476
1,4346,1960,128,2.98604083,0.106134341,1206.0187,3008656476
1,4347,1961,128,2.82108068,0.106228282,1204.95218,3008656476
1,4348,1962,128,2.81888342,0.106193728,1205.34426,3008656476
1,4349,1963,128,2.31308413,0.106154857,1205.78562,3008656476
1,4350,1964,128,2.24933028,0.106143102,1205.91916,3008656476
1,4351,1965,128,2.55391359,0.117956406,1085.14666,3008656476
1,4352,1966,128,3.05852985,0.104552846,1224.26127,3008656476
1,4353,1967,128,3.02542686,0.106269218,1204.48802,3008656476
1,4354,1968,128,3.42788863,0.106308398,1204.04411,3008656476
1,4355,1969,128,2.68712473,0.106232699,1204.90208,3008656476
1,4356,1970,128,2.81204867,0.106268459,1204.49662,3008656476
1,4357,1971,128,2.9036541,0.106359725,1203.46306,3008656476
1,4358,1972,128,3.40291071,0.106297493,1204.16763,3008656476
1,4359,1973,128,2.87026119,0.106226539,1204.97195,3008656476
1,4360,1974,128,1.35081303,0.106641829,1200.27949,3008656476
1,4361,1975,128,2.20119119,0.119063968,1075.05236,3008656476
1,4362,1976,128,2.50152135,0.10613565,1206.00383,3008656476
1,4363,1977,128,2.39061618,0.106267589,1204.50648,3008656476
1,4364,1978,128,2.74657106,0.106294464,1204.20194,3008656476
1,4365,1979,128,2.84124184,0.106181576,1205.4822,3008656476
1,4366,1980,128,3.32458329,0.106266935,1204.5139,3008656476
1,4367,1981,128,3.28826499,0.106390653,1203.11321,3008656476
1,4368,1982,128,2.72234392,0.10631242,1203.99855,3008656476
1,4369,1983,128,3.29064488,0.106345473,1203.62434,3008656476
1,4370,1984,128,2.29414439,0.106258438,1204.61022,3008656476
1,4371,1985,128,2.21397877,0.120779508,1059.78243,3008656476
1,4372,1986,128,2.15813613,0.106328659,1203.81467,3008656476
1,4373,1987,128,2.89119434,0.106305355,1204.07857,3008656476
1,4374,1988,128,3.08936882,0.1062188,1205.05974,3008656476
1,4375,1989,128,3.30508113,0.106312958,1203.99246,3008656476
1,4376,1990,128,2.30352998,0.106344683,1203.63328,3008656476
1,4377,1991,128,2.16028023,0.106292982,1204.21873,3008656476
1,4378,1992,128,2.23498344,0.106165394,1205.66594,3008656476
1,4379,1993,128,2.81876421,0.106232262,1204.90704,3008656476
1,4380,1994,128,2.72953033,0.106227657,1204.95927,3008656476
1,4381,1995,128,2.61656642,0.119671933,1069.59081,3008656476
1,4382,1996,128,2.5691483,0.106097306,1206.43968,3008656476
1,4383,1997,128,3.17354202,0.106239095,1204.82954,3008656476
1,4384,1998,128,3.0394609,0.106197227,1205.30454,3008656476
1,4385,1999,128,3.6208787,0.106167619,1205.64068,3008656476
1,4386,2000,128,2.77696037,0.106265586,1204.52919,3008656476
1,4387,2001,128,2.13369274,0.106300151,1204.13752,3008656476
1,4388,2002,128,3.00649571,0.106220604,1205.03928,3008656476
1,4389,2003,128,2.88008809,0.106281609,1204.34759,3008656476
1,4390,2004,128,2.49432611,0.106223301,1205.00868,3008656476
1,4391,2005,128,2.3978591,0.11480072,1114.97559,3008656476
1,4392,2006,128,2.59658241,0.106165256,1205.66751,3008656476
1,4393,2007,128,2.52161145,0.106954212,1196.77381,3008656476
1,4394,2008,128,2.69006515,0.10633206,1203.77617,3008656476
1,4395,2009,128,2.57082486,0.106299802,1204.14147,3008656476
1,4396,2010,128,2.62064052,0.106236655,1204.85721,3008656476
1,4397,2011,128,3.16025996,0.106312958,1203.99246,3008656476
1,4398,2012,128,3.63620424,0.106283414,1204.32714,3008656476
1,4399,2013,128,3.16396928,0.10621677,1205.08278,3008656476
1,4400,2014,128,3.60639811,0.116068694,1102.79521,3008656476
1,4401,2015,128,2.90482187,0.105227241,1216.41505,3008656476
1,4402,2016,128,3.12913489,0.106204535,1205.2216,3008656476
1,4403,2017,128,3.82576942,0.106246127,1204.7498,3008656476
1,4404,2018,128,3.20097613,0.106332356,1203.77282,3008656476
1,4405,2019,128,3.20135951,0.106254752,1204.652,3008656476
1,4406,2020,128,2.69740343,0.106319535,1203.91798,3008656476
1,4407,2021,128,3.41888094,0.106229059,1204.94337,3008656476
1,4408,2022,128,3.3511703,0.106363074,1203.42517,3008656476
1,4409,2023,128,3.54502344,0.10623947,1204.82529,3008656476
1,4410,2024,128,3.67805004,0.120529713,1061.9788,3008656476
1,4411,2025,128,3.26768923,0.106267139,1204.51158,3008656476
1,4412,2026,128,2.89630842,0.106318593,1203.92865,3008656476
1,4413,2027,128,3.39221478,0.106193889,1205.34243,3008656476
1,4414,2028,128,3.37370253,0.106210076,1205.15873,3008656476
1,4415,2029,128,3.70852757,0.106222783,1205.01456,3008656476
1,4416,2030,128,3.3937068,0.106269084,1204.48954,3008656476
1,4417,2031,128,3.34833336,0.106340078,1203.68541,3008656476
1,4418,2032,128,2.75476789,0.106161232,1205.71321,3008656476
1,4419,2033,128,2.79467988,0.106233904,1204.88841,3008656476
1,4420,2034,128,2.81588697,0.120745106,1060.08437,3008656476
1,4421,2035,128,3.36404419,0.106092974,1206.48894,3008656476
1,4422,2036,128,2.37607598,0.106195704,1205.32183,3008656476
1,4423,2037,128,2.79428959,0.106176397,1205.541,3008656476
1,4424,2038,128,3.03043461,0.106170148,1205.61196,3008656476
1,4425,2039,128,3.43598104,0.106127555,1206.09582,3008656476
1,4426,2040,128,2.94691968,0.106157182,1205.75921,3008656476
1,4427,2041,128,3.98574114,0.10618841,1205.40462,3008656476
1,4428,2042,128,3.70673108,0.106084883,1206.58096,3008656476
1,4429,2043,128,3.91938353,0.106158966,1205.73895,3008656476
1,4430,2044,128,2.96199012,0.119747324,1068.91741,3008656476
1,4431,2045,128,2.99762774,0.106196081,1205.31755,3008656476
1,4432,2046,128,2.98999429,0.106133544,1206.02776,3008656476
1,4433,2047,128,3.24334097,0.106177197,1205.53192,3008656476
1,4434,2048,128,3.1510179,0.106236005,1204.86458,3008656476
1,4435,2049,128,2.92785907,0.106258244,1204.61242,3008656476
1,4436,2050,128,3.19765282,0.106187852,1205.41095,3008656476
1,4437,2051,128,3.1752913,0.106287042,1204.28603,3008656476
1,4438,2052,128,2.72560143,0.106216855,1205.08181,3008656476
1,4439,2053,128,3.19198871,0.106247222,1204.73738,3008656476
1,4440,2054,128,3.55064273,0.115153301,1111.56171,3008656476
1,4441,2055,128,2.92849541,0.106277626,1204.39273,3008656476
1,4442,2056,128,2.8887229,0.106163402,1205.68857,3008656476
1,4443,2057,128,3.22985053,0.106194476,1205.33577,3008656476
1,4444,2058,128,3.00315118,0.10618392,1205.45559,3008656476
1,4445,2059,128,3.01820588,0.106150364,1205.83666,3008656476
1,4446,2060,128,2.39082241,0.106134787,1206.01363,3008656476
1,4447,2061,128,3.49503469,0.106242944,1204.78589,3008656476
1,4448,2062,128,3.05551696,0.106159739,1205.73017,3008656476
1,4449,2063,128,2.53765488,0.117694668,1087.55989,3008656476
1,4450,2064,128,2.91108513,0.104514977,1224.70486,3008656476
1,4451,2065,128,2.62150598,0.106329938,1203.80019,3008656476
1,4452,2066,128,2.75909042,0.106247881,1204.72991,3008656476
1,4453,2067,128,2.64319038,0.106266383,1204.52015,3008656476
1,4454,2068,128,2.50871181,0.106133876,1206.02398,3008656476
1,4455,2069,128,2.67906499,0.106159867,1205.72871,3008656476
1,4456,2070,128,2.81239176,0.106272902,1204.44627,3008656476
1,4457,2071,128,3.5054009,0.106134008,1206.02248,3008656476
1,4458,2072,128,2.72640419,0.106127157,1206.10034,3008656476
1,4459,2073,128,3.07892466,0.120092924,1065.84131,3008656476
1,4460,2074,128,2.68221569,0.106179947,1205.5007,3008656476
1,4461,2075,128,3.47722578,0.106244755,1204.76536,3008656476
1,4462,2076,128,3.14186335,0.106259178,1204.60183,3008656476
1,4463,2077,128,2.94518614,0.106174963,1205.55728,3008656476
1,4464,2078,128,2.5096612,0.106229301,1204.94062,3008656476
1,4465,2079,128,3.4542501,0.106224191,1204.99859,3008656476
1,4466,2080,128,3.15168333,0.106289222,1204.26133,3008656476
1,4467,2081,128,2.76991987,0.106231012,1204.92121,3008656476
1,4468,2082,128,2.81097579,0.1061659,1205.6602,3008656476
1,4469,2083,128,3.29492402,0.120070865,1066.03713,3008656476
1,4470,2084,128,2.45460081,0.106319961,1203.91316,3008656476
1,4471,2085,128,2.993186,0.106333556,1203.75923,3008656476
1,4472,2086,128,3.08303714,0.106301531,1204.12189,3008656476
1,4473,2087,128,2.48500705,0.106273567,1204.43873,3008656476
1,4474,2088,128,2.54474711,0.106367624,1203.37369,3008656476
1,4475,2089,128,3.17415023,0.106259847,1204.59424,3008656476
1,4476,2090,128,2.79526567,0.10627854,1204.38237,3008656476
1,4477,2091,128,2.21430969,0.10619457,1205.3347,3008656476
1,4478,2092,128,1.98462439,0.106207291,1205.19033,3008656476
1,4479,2093,128,2.0392611,0.119032467,1075.33687,3008656476
1,4480,2094,128,3.1638577,0.106319105,1203.92285,3008656476
1,4481,2095,128,2.20991564,0.106351798,1203.55276,3008656476
1,4482,2096,128,3.01480103,0.106280053,1204.36523,3008656476
1,4483,2097,128,2.88536811,0.106286634,1204.29065,3008656476
1,4484,2098,128,2.84663844,0.106473523,1202.17681,3008656476
1,4485,2099,128,2.96702409,0.106270089,1204.47815,3008656476
1,4486,2100,128,2.57111263,0.106281457,1204.34932,3008656476
1,4487,2101,128,2.94405866,0.10629619,1204.18239,3008656476
1,4488,2102,128,2.60315728,0.107059509,1195.59674,3008656476
1,4489,2103,128,1.74699402,0.115147338,1111.61927,3008656476
1,4490,2104,128,2.59241176,0.106183681,1205.4583,3008656476
1,4491,2105,128,2.4535141,0.106322113,1203.88879,3008656476
1,4492,2106,128,2.28247881,0.106263098,1204.55739,3008656476
1,4493,2107,128,2.92325068,0.106220808,1205.03696,3008656476
1,4494,2108,128,2.63614893,0.106256721,1204.62968,3008656476
1,4495,2109,128,2.87897658,0.106311042,1204.01416,3008656476
1,4496,2110,128,2.90066957,0.106286485,1204.29234,3008656476
1,4497,2111,128,2.64551973,0.106303451,1204.10014,3008656476
1,4498,2112,128,2.75727868,0.105782263,1210.03273,3008656476
1,4499,2113,128,2.80100417,0.106285648,1204.30183,3008656476
1,4500,2114,128,1.88634908,0.106326721,1203.83662,3008656476
1,4501,2115,128,3.22185826,0.106005652,1207.48279,3008656476
1,4502,2116,128,2.50172877,0.106418826,1202.7947,3008656476
1,4503,2117,128,2.71359682,0.106335211,1203.7405,3008656476
1,4504,2118,128,2.69475913,0.106248192,1204.72638,3008656476
1,4505,2119,128,3.38085771,0.106227123,1204.96533,3008656476
1,4506,2120,128,1.84491003,0.106269367,1204.48633,3008656476
1,4507,2121,128,2.32218695,0.10639171,1203.10126,3008656476
1,4508,2122,128,2.39506817,0.119809964,1068.35855,3008656476
1,4509,2123,128,1.97197807,0.106208128,1205.18083,3008656476
1,4510,2124,128,2.27709699,0.106135475,1206.00581,3008656476
1,4511,2125,128,1.5285877,0.106312774,1203.99455,3008656476
1,4512,2126,128,1.82149434,0.106217459,1205.07496,3008656476
1,4513,2127,128,3.42727041,0.106258479,1204.60975,3008656476
1,4514,2128,128,2.76826525,0.106125102,1206.12369,3008656476
1,4515,2129,128,2.22741175,0.106183288,1205.46277,3008656476
1,4516,2130,128,3.15429449,0.106294232,1204.20457,3008656476
1,4517,2131,128,2.31824255,0.106257861,1204.61676,3008656476
1,4518,2132,128,2.89808345,0.118878653,1076.72822,3008656476
1,4519,2133,128,2.42934084,0.106245422,1204.75779,3008656476
1,4520,2134,128,3.15012932,0.10637374,1203.3045,3008656476
1,4521,2135,128,2.51217055,0.106480936,1202.09311,3008656476
1,4522,2136,128,3.01153874,0.106177017,1205.53396,3008656476
1,4523,2137,128,2.68320394,0.106366967,1203.38112,3008656476
1,4524,2138,128,2.78192711,0.106304259,1204.09099,3008656476
1,4525,2139,128,3.54495573,0.10635434,1203.52399,3008656476
1,4526,2140,128,3.17581534,0.106096865,1206.4447,3008656476
1,4527,2141,128,2.54595304,0.106230211,1204.9303,3008656476
1,4528,2142,128,2.69404149,0.118352511,1081.51487,3008656476
1,4529,2143,128,2.69211388,0.10630809,1204.04759,3008656476
1,4530,2144,128,2.93315053,0.106315887,1203.95929,3008656476
1,4531,2145,128,3.31935143,0.106363303,1203.42258,3008656476
1,4532,2146,128,3.16040802,0.106187925,1205.41013,3008656476
1,4533,2147,128,2.95885706,0.106286208,1204.29548,3008656476
1,4534,2148,128,2.47408152,0.106194314,1205.3376,3008656476
1,4535,2149,128,2.84564185,0.106381022,1203.22213,3008656476
1,4536,2150,128,2.69571686,0.172917654,740.236737,3008656476
1,4537,2151,128,2.79353452,0.120771995,1059.84835,3008656476
1,4538,2152,128,2.89055419,0.106356618,1203.49822,3008656476
1,4539,2153,128,2.6265223,0.106443832,1202.51214,3008656476
1,4540,2154,128,2.36987805,0.106207486,1205.18812,3008656476
1,4541,2155,128,3.28221321,0.106334251,1203.75137,3008656476
1,4542,2156,128,3.07805943,0.106238836,1204.83248,3008656476
1,4543,2157,128,2.73911166,0.106153857,1205.79698,3008656476
1,4544,2158,128,1.58892548,0.106304806,1204.08479,3008656476
1,4545,2159,128,3.39570475,0.106342266,1203.66064,3008656476
1,4546,2160,128,4.08992863,0.106207731,1205.18534,3008656476
1,4547,2161,128,3.33857799,0.119311805,1072.81924,3008656476
1,4548,2162,128,2.375139,0.106290686,1204.24474,3008656476
1,4549,2163,128,2.04504514,0.106424911,1202.72593,3008656476
1,4550,2164,128,2.20442605,0.106264481,1204.54171,3008656476
1,4551,2165,128,3.08329964,0.106291478,1204.23577,3008656476
1,4552,2166,128,2.82330394,0.106332003,1203.77682,3008656476
1,4553,2167,128,2.71030879,0.106283506,1204.3261,3008656476
1,4554,2168,128,2.8718605,0.106129757,1206.07079,3008656476
1,4555,2169,128,3.08003712,0.106260362,1204.58841,3008656476
1,4556,2170,128,2.34040999,0.117558814,1088.8167,3008656476
1,4557,2171,128,2.54046345,0.105334835,1215.17255,3008656476
1,4558,2172,128,2.99741793,0.106212892,1205.12678,3008656476
1,4559,2173,128,3.44053864,0.106272525,1204.45054,3008656476
1,4560,2174,128,3.01090169,0.106331994,1203.77692,3008656476
1,4561,2175,128,2.64483571,0.106174672,1205.56059,3008656476
1,4562,2176,128,1.37361252,0.10619446,1205.33595,3008656476
1,4563,2177,128,2.38361859,0.106228805,1204.94625,3008656476
1,4564,2178,128,2.32860947,0.106293265,1204.21553,3008656476
1,4565,2179,128,3.15777016,0.106241459,1204.80273,3008656476
1,4566,2180,128,3.12036204,0.117957738,1085.13441,3008656476
1,4567,2181,128,2.29935527,0.106327003,1203.83342,3008656476
1,4568,2182,128,2.75430799,0.106237992,1204.84205,3008656476
1,4569,2183,128,3.23820925,0.106270277,1204.47602,3008656476
1,4570,2184,128,2.91366196,0.106290254,1204.24964,3008656476
1,4571,2185,128,2.98782516,0.106188651,1205.40188,3008656476
1,4572,2186,128,3.07746005,0.106294168,1204.2053,3008656476
1,4573,2187,128,3.08120966,0.10620225,1205.24753,3008656476
1,4574,2188,128,2.68861437,0.106161878,1205.70587,3008656476
1,4575,2189,128,2.62216806,0.106326973,1203.83376,3008656476
1,4576,2190,128,2.47033525,0.121250525,1055.66553,3008656476
1,4577,2191,128,3.17775893,0.106177719,1205.52599,3008656476
1,4578,2192,128,2.47709703,0.106324201,1203.86515,3008656476
1,4579,2193,128,1.76003575,0.106188827,1205.39989,3008656476
1,4580,2194,128,2.74808526,0.106096791,1206.44554,3008656476
1,4581,2195,128,2.50304341,0.106181746,1205.48027,3008656476
1,4582,2196,128,3.07067132,0.106775668,1198.77499,3008656476
1,4583,2197,128,3.15516019,0.10617254,1205.5848,3008656476
1,4584,2198,128,3.13855195,0.106294921,1204.19676,3008656476
1,4585,2199,128,2.28524971,0.10621558,1205.09628,3008656476
1,4586,2200,128,2.92381191,0.120912566,1058.61619,3008656476
1,4587,2201,128,3.06122375,0.106102344,1206.3824,3008656476
1,4588,2202,128,2.5879519,0.106364024,1203.41442,3008656476
1,4589,2203,128,3.23531985,0.106298172,1204.15994,3008656476
1,4590,2204,128,3.35002494,0.106174178,1205.5662,3008656476
1,4591,2205,128,2.43695664,0.106329572,1203.80434,3008656476
1,4592,2206,128,2.62551856,0.106330587,1203.79285,3008656476
1,4593,2207,128,2.64130211,0.106308729,1204.04036,3008656476
1,4594,2208,128,2.610291,0.106378149,1203.25463,3008656476
1,4595,2209,128,2.91155934,0.106405708,1202.94298,3008656476
1,4596,2210,128,2.43860722,0.114026848,1122.54265,3008656476
1,4597,2211,128,2.31051588,0.106409672,1202.89817,3008656476
1,4598,2212,128,2.34714556,0.106278173,1204.38653,3008656476
1,4599,2213,128,2.46999288,0.106383051,1203.19918,3008656476
1,4600,2214,128,2.423069,0.106238215,1204.83952,3008656476
1,4601,2215,128,3.09439874,0.106312783,1203.99444,3008656476
1,4602,2216,128,2.0604496,0.106220676,1205.03846,3008656476
1,4603,2217,128,3.11944437,0.106313173,1203.99003,3008656476
1,4604,2218,128,2.62712502,0.106225457,1204.98423,3008656476
1,4605,2219,128,3.27682161,0.116453356,1099.15252,3008656476
1,4606,2220,128,2.57139373,0.105063088,1218.31561,3008656476
1,4607,2221,128,1.79807925,0.106383656,1203.19234,3008656476
1,4608,2222,128,2.55754066,0.106177039,1205.53371,3008656476
1,4609,2223,128,2.63788342,0.106217829,1205.07076,3008656476
1,4610,2224,128,2.41904283,0.106242659,1204.78912,3008656476
1,4611,2225,128,2.45191121,0.106290815,1204.24328,3008656476
1,4612,2226,128,3.13174725,0.106250017,1204.70569,3008656476
1,4613,2227,128,2.61912394,0.106350217,1203.57065,3008656476
1,4614,2228,128,2.61100578,0.106237099,1204.85218,3008656476
1,4615,2229,128,2.49904776,0.120762308,1059.93337,3008656476
1,4616,2230,128,3.09544373,0.10617966,1205.50395,3008656476
1,4617,2231,128,1.9250102,0.106275832,1204.41306,3008656476
1,4618,2232,128,2.86615062,0.106227291,1204.96342,3008656476
1,4619,2233,128,2.29779553,0.106169483,1205.61951,3008656476
1,4620,2234,128,2.68659306,0.106193043,1205.35203,3008656476
1,4621,2235,128,1.90929639,0.106264648,1204.53982,3008656476
1,4622,2236,128,2.62293053,0.106162461,1205.69925,3008656476
1,4623,2237,128,3.44003034,0.106206384,1205.20062,3008656476
1,4624,2238,128,2.62463117,0.106270136,1204.47762,3008656476
1,4625,2239,128,2.4182446,0.122500633,1044.89256,3008656476
1,4626,2240,128,2.4244628,0.10623131,1204.91783,3008656476
1,4627,2241,128,2.46411586,0.106337873,1203.71037,3008656476
1,4628,2242,128,3.31421161,0.106253721,1204.66369,3008656476
1,4629,2243,128,2.89635062,0.106197435,1205.30218,3008656476
1,4630,2244,128,2.88552952,0.106124006,1206.13615,3008656476
1,4631,2245,128,3.03989601,0.106180175,1205.49811,3008656476
1,4632,2246,128,1.99992418,0.106232334,1204.90622,3008656476
1,4633,2247,128,2.18340898,0.106296763,1204.1759,3008656476
1,4634,2248,128,2.39418268,0.106198932,1205.28519,3008656476
1,4635,2249,128,2.8694613,0.11980553,1068.39809,3008656476
1,4636,2250,128,2.89571238,0.106178004,1205.52276,3008656476
1,4637,2251,128,2.04754901,0.106218053,1205.06822,3008656476
1,4638,2252,128,1.89004397,0.106234044,1204.88683,3008656476
1,4639,2253,128,2.59577489,0.106182257,1205.47447,3008656476
1,4640,2254,128,3.38460779,0.106244698,1204.766,3008656476
1,4641,2255,128,2.75316048,0.106164005,1205.68172,3008656476
1,4642,2256,128,2.92479324,0.106192836,1205.35438,3008656476
1,4643,2257,128,2.65524554,0.106178455,1205.51764,3008656476
1,4644,2258,128,3.10055399,0.106198889,1205.28568,3008656476
1,4645,2259,128,2.66504312,0.115750528,1105.82649,3008656476
1,4646,2260,128,2.56455517,0.106156839,1205.76311,3008656476
1,4647,2261,128,2.3508687,0.106246053,1204.75064,3008656476
1,4648,2262,128,2.21781611,0.106226951,1204.96728,3008656476
1,4649,2263,128,2.68166804,0.10643036,1202.66435,3008656476
1,4650,2264,128,2.01680088,0.106230539,1204.92658,3008656476
1,4651,2265,128,2.21869779,0.106242628,1204.78947,3008656476
1,4652,2266,128,2.77678752,0.106255916,1204.63881,3008656476
1,4653,2267,128,2.26276422,0.106276556,1204.40485,3008656476
1,4654,2268,128,2.58116603,0.117065773,1093.40242,3008656476
1,4655,2269,128,1.70485663,0.104581404,1223.92696,3008656476
1,4656,2270,128,2.25717497,0.106288212,1204.27277,3008656476
1,4657,2271,128,2.38038111,0.106328978,1203.81106,3008656476
1,4658,2272,128,2.76871085,0.106238103,1204.84079,3008656476
1,4659,2273,128,2.22659445,0.106356307,1203.50173,3008656476
1,4660,2274,128,2.06184554,0.10632127,1203.89834,3008656476
1,4661,2275,128,2.56536222,0.106223304,1205.00865,3008656476
1,4662,2276,128,2.71755576,0.106257721,1204.61834,3008656476
1,4663,2277,128,2.02899289,0.106320908,1203.90243,3008656476
1,4664,2278,128,2.21434617,0.120286691,1064.12438,3008656476
1,4665,2279,128,2.18959999,0.106244743,1204.76549,3008656476
1,4666,2280,128,2.12437129,0.106275161,1204.42066,3008656476
1,4667,2281,128,2.55241394,0.106270559,1204.47282,3008656476
1,4668,2282,128,2.91120958,0.106193216,1205.35007,3008656476
1,4669,2283,128,2.18262959,0.10635656,1203.49887,3008656476
1,4670,2284,128,2.28172636,0.106268523,1204.4959,3008656476
1,4671,2285,128,1.91618598,0.106298344,1204.15799,3008656476
1,4672,2286,128,2.10844731,0.106298888,1204.15183,3008656476
1,4673,2287,128,2.06698346,0.106309145,1204.03565,3008656476
1,4674,2288,128,1.8663466,0.119672547,1069.58532,3008656476
1,4675,2289,128,2.03310418,0.106268383,1204.49748,3008656476
1,4676,2290,128,2.55780697,0.107146011,1194.6315,3008656476
1,4677,2291,128,3.11686516,0.106311473,1204.00928,3008656476
1,4678,2292,128,2.0811305,0.106129668,1206.0718,3008656476
1,4679,2293,128,2.88370204,0.106235425,1204.87116,3008656476
1,4680,2294,128,3.17947388,0.106290311,1204.24899,3008656476
1,4681,2295,128,3.33006263,0.10633022,1203.797,3008656476
1,4682,2296,128,3.45553184,0.09304171,1375.72708,3008656476
1,4683,2297,128,2.56963301,0.106288024,1204.2749,3008656476
1,4684,2298,128,2.38687778,0.118461703,1080.51798,3008656476
1,4685,2299,128,3.3159368,0.106402223,1202.98239,3008656476
1,4686,2300,128,2.92930102,0.106280516,1204.35998,3008656476
1,4687,2301,128,3.29388332,0.106359095,1203.47019,3008656476
1,4688,2302,128,3.59679413,0.106203051,1205.23844,3008656476
1,4689,2303,128,2.8021543,0.106350854,1203.56344,3008656476
1,4690,2304,128,2.64403248,0.106294329,1204.20347,3008656476
1,4691,2305,128,2.98155904,0.106210252,1205.15673,3008656476
1,4692,2306,128,3.62969995,0.106205278,1205.21317,3008656476
1,4693,2307,128,3.07770991,0.106320103,1203.91155,3008656476
1,4694,2308,128,3.25812411,0.113712684,1125.644,3008656476
1,4695,2309,128,3.45813012,0.106318855,1203.92568,3008656476
1,4696,2310,128,2.93928123,0.106305802,1204.07351,3008656476
1,4697,2311,128,2.66486716,0.106168597,1205.62957,3008656476
1,4698,2312,128,2.66337085,0.106234103,1204.88616,3008656476
1,4699,2313,128,3.22160983,0.106332303,1203.77342,3008656476
1,4700,2314,128,3.7781229,0.106196931,1205.3079,3008656476
1,4701,2315,128,3.41288424,0.106172943,1205.58022,3008656476
1,4702,2316,128,3.93308353,0.106186703,1205.424,3008656476
1,4703,2317,128,3.53245234,0.117955224,1085.15753,3008656476
1,4704,2318,128,3.57774067,0.104812334,1221.23032,3008656476
1,4705,2319,128,3.5738256,0.10631604,1203.95756,3008656476
1,4706,2320,128,3.49557495,0.106229472,1204.93868,3008656476
1,4707,2321,128,3.6516571,0.106200401,1205.26852,3008656476
1,4708,2322,128,3.36260176,0.106257191,1204.62435,3008656476
1,4709,2323,128,3.46912718,0.106177283,1205.53094,3008656476
1,4710,2324,128,3.05015802,0.106314376,1203.9764,3008656476
1,4711,2325,128,3.69471955,0.10631796,1203.93582,3008656476
1,4712,2326,128,3.3403728,0.106363166,1203.42413,3008656476
1,4713,2327,128,3.79316974,0.119921938,1067.361,3008656476
1,4714,2328,128,3.38722944,0.106302354,1204.11256,3008656476
1,4715,2329,128,2.98536992,0.106314532,1203.97464,3008656476
1,4716,2330,128,3.36686945,0.10620977,1205.1622,3008656476
1,4717,2331,128,3.3155427,0.106290973,1204.24149,3008656476
1,4718,2332,128,2.71229124,0.106198693,1205.2879,3008656476
1,4719,2333,128,2.74681473,0.106318781,1203.92652,3008656476
1,4720,2334,128,2.37222266,0.106183415,1205.46132,3008656476
1,4721,2335,128,3.13945842,0.106268185,1204.49973,3008656476
1,4722,2336,128,3.64683342,0.106177276,1205.53102,3008656476
1,4723,2337,128,3.3938005,0.118560881,1079.61411,3008656476
1,4724,2338,128,2.93606973,0.106309378,1204.03301,3008656476
1,4725,2339,128,2.95313931,0.106235575,1204.86946,3008656476
1,4726,2340,128,2.68893909,0.106254904,1204.65028,3008656476
1,4727,2341,128,3.42154622,0.106142207,1205.92932,3008656476
1,4728,2342,128,3.22078896,0.106282962,1204.33226,3008656476
1,4729,2343,128,3.32873702,0.106185132,1205.44183,3008656476
1,4730,2344,128,3.00059557,0.10615721,1205.75889,3008656476
1,4731,2345,128,3.70663309,0.106207963,1205.1827,3008656476
1,4732,2346,128,3.51854825,0.106244589,1204.76724,3008656476
1,4733,2347,128,3.42402601,0.118809456,1077.35532,3008656476
1,4734,2348,128,3.30074358,0.106253602,1204.66504,3008656476
1,4735,2349,128,3.45740557,0.106182195,1205.47517,3008656476
1,4736,2350,128,3.04956865,0.1061918,1205.36614,3008656476
1,4737,2351,128,3.11609054,0.106203629,1205.23189,3008656476
1,4738,2352,128,2.64053774,0.106285854,1204.29949,3008656476
1,4739,2353,128,2.64082646,0.106112995,1206.26131,3008656476
1,4740,2354,128,3.38528109,0.106119656,1206.18559,3008656476
1,4741,2355,128,2.95596743,0.106317014,1203.94653,3008656476
1,4742,2356,128,3.33045173,0.106204208,1205.22531,3008656476
1,4743,2357,128,2.67451382,0.115065561,1112.4093,3008656476
1,4744,2358,128,2.73948288,0.106176976,1205.53443,3008656476
1,4745,2359,128,2.98437691,0.106139278,1205.9626,3008656476
1,4746,2360,128,3.10221648,0.106243259,1204.78232,3008656476
1,4747,2361,128,2.57744074,0.106271704,1204.45984,3008656476
1,4748,2362,128,2.55636334,0.106122583,1206.15232,3008656476
1,4749,2363,128,2.24454045,0.106262221,1204.56733,3008656476
1,4750,2364,128,2.05093241,0.106202465,1205.24509,3008656476
1,4751,2365,128,2.55311537,0.106294768,1204.1985,3008656476
1,4752,2366,128,2.32423234,0.11850445,1080.12821,3008656476
1,4753,2367,128,3.02823019,0.104744412,1222.02223,3008656476
1,4754,2368,128,2.66126561,0.106226958,1204.9672,3008656476
1,4755,2369,128,2.61473227,0.106231582,1204.91475,3008656476
1,4756,2370,128,2.4556272,0.106156073,1205.77181,3008656476
1,4757,2371,128,2.4718914,0.106271393,1204.46337,3008656476
1,4758,2372,128,3.46517348,0.106158599,1205.74312,3008656476
1,4759,2373,128,3.48616743,0.106131811,1206.04745,3008656476
1,4760,2374,128,3.39951062,0.106351516,1203.55595,3008656476
1,4761,2375,128,2.31241131,0.106226971,1204.96705,3008656476
1,4762,2376,128,2.43934131,0.119123825,1074.51217,3008656476
1,4763,2377,128,3.27394867,0.106281765,1204.34583,3008656476
1,4764,2378,128,2.98725224,0.106216169,1205.08959,3008656476
1,4765,2379,128,2.30772376,0.106168648,1205.62899,3008656476
1,4766,2380,128,2.82063794,0.106374809,1203.29241,3008656476
1,4767,2381,128,2.35349393,0.106354996,1203.51657,3008656476
1,4768,2382,128,2.75363946,0.106295401,1204.19133,3008656476
1,4769,2383,128,3.00462151,0.106307983,1204.04881,3008656476
1,4770,2384,64,2.25530601,0.102820279,622.445306,3008656476
2,4771,0,128,1.74147844,0.104653521,1223.08355,3008656476
2,4772,1,128,2.39798927,0.116237725,1101.19155,3008656476
2,4773,2,128,2.22908926,0.106430348,1202.66449,3008656476
2,4774,3,128,2.51796985,0.119730908,1069.06397,3008656476
2,4775,4,128,2.93323898,0.106392353,1203.09399,3008656476
2,4776,5,128,3.23466182,0.106500178,1201.87593,3008656476
2,4777,6,128,2.9157064,0.106266361,1204.5204,3008656476
2,4778,7,128,3.12626505,0.106264549,1204.54094,3008656476
2,4779,8,128,3.39663458,0.106277333,1204.39605,3008656476
2,4780,9,128,2.9908278,0.1062484,1204.72402,3008656476
2,4781,10,128,2.6152761,0.106378568,1203.24989,3008656476
2,4782,11,128,3.08647251,0.106311491,1204.00908,3008656476
2,4783,12,128,2.41158819,0.106149834,1205.84268,3008656476
2,4784,13,128,2.10351086,0.107728786,1188.16896,3008656476
2,4785,14,128,2.14101076,0.106372837,1203.31471,3008656476
2,4786,15,128,2.27707529,0.10618752,1205.41472,3008656476
2,4787,16,128,2.68388486,0.106234012,1204.88719,3008656476
2,4788,17,128,2.70190382,0.106305476,1204.0772,3008656476
2,4789,18,128,2.66019034,0.106240651,1204.81189,3008656476
2,4790,19,128,2.82271123,0.106237633,1204.84612,3008656476
2,4791,20,128,2.56434751,0.106171802,1205.59318,3008656476
2,4792,21,128,3.15825343,0.106208239,1205.17957,3008656476
2,4793,22,128,2.28909612,0.118261865,1082.34383,3008656476
2,4794,23,128,1.85322726,0.106611932,1200.61608,3008656476
2,4795,24,128,2.08081269,0.10610725,1206.32662,3008656476
2,4796,25,128,2.5351367,0.106181651,1205.48135,3008656476
2,4797,26,128,2.49254894,0.106700271,1199.62207,3008656476
2,4798,27,128,2.8097446,0.106267193,1204.51097,3008656476
2,4799,28,128,2.4069376,0.106192529,1205.35786,3008656476
2,4800,29,128,2.22878933,0.10621165,1205.14087,3008656476
2,4801,30,128,2.14596701,0.106306827,1204.0619,3008656476
2,4802,31,128,2.37575626,0.106329202,1203.80853,3008656476
2,4803,32,128,2.64261389,0.120598972,1061.36891,3008656476
2,4804,33,128,2.59619856,0.106282058,1204.34251,3008656476
2,4805,34,128,2.63598919,0.10625812,1204.61382,3008656476
2,4806,35,128,2.68867993,0.106362488,1203.4318,3008656476
2,4807,36,128,2.54265833,0.106394368,1203.0712,3008656476
2,4808,37,128,2.24944663,0.107127134,1194.84201,3008656476
2,4809,38,128,2.48171091,0.106310946,1204.01525,3008656476
2,4810,39,128,1.85556757,0.106313285,1203.98876,3008656476
2,4811,40,128,2.73173094,0.106333863,1203.75576,3008656476
2,4812,41,128,2.65626287,0.106304098,1204.09281,3008656476
2,4813,42,128,2.648386,0.120063352,1066.10383,3008656476
2,4814,43,128,2.99242783,0.106269524,1204.48455,3008656476
2,4815,44,128,3.02133131,0.106437221,1202.58683,3008656476
2,4816,45,128,2.79484224,0.106222186,1205.02133,3008656476
2,4817,46,128,2.32317758,0.106378846,1203.24674,3008656476
2,4818,47,128,2.61993742,0.106267238,1204.51046,3008656476
2,4819,48,128,2.46106672,0.106330957,1203.78866,3008656476
2,4820,49,128,2.75295591,0.106261924,1204.5707,3008656476
2,4821,50,128,2.34534979,0.106290475,1204.24714,3008656476
2,4822,51,128,2.93870807,0.106190386,1205.38219,3008656476
2,4823,52,128,2.26600528,0.11904647,1075.21038,3008656476
2,4824,53,128,2.95494199,0.106199687,1205.27662,3008656476
2,4825,54,128,2.10768056,0.106296023,1204.18428,3008656476
2,4826,55,128,2.34600854,0.10616309,1205.69211,3008656476
2,4827,56,128,2.97130299,0.106165941,1205.65973,3008656476
2,4828,57,128,2.46956325,0.106196318,1205.31486,3008656476
2,4829,58,128,2.42509246,0.106353296,1203.53581,3008656476
2,4830,59,128,2.53893137,0.106137936,1205.97785,3008656476
2,4831,60,128,2.48987293,0.106306722,1204.06309,3008656476
2,4832,61,128,3.08499455,0.10617869,1205.51497,3008656476
2,4833,62,128,2.19156361,0.10798491,1185.35081,3008656476
2,4834,63,128,2.98159385,0.106251946,1204.68382,3008656476
2,4835,64,128,2.04487824,0.106281854,1204.34482,3008656476
2,4836,65,128,2.87047172,0.106143425,1205.91549,3008656476
2,4837,66,128,2.53479028,0.10639324,1203.08396,3008656476
2,4838,67,128,3.0535419,0.106189029,1205.39759,3008656476
2,4839,68,128,3.41877294,0.106230082,1204.93176,3008656476
2,4840,69,128,2.5634048,0.106181567,1205.4823,3008656476
2,4841,70,128,2.93694711,0.106262125,1204.56842,3008656476
2,4842,71,128,2.87278938,0.119066566,1075.0289,3008656476
2,4843,72,128,2.6569016,0.10669622,1199.66762,3008656476
2,4844,73,128,2.71690679,0.106285355,1204.30515,3008656476
2,4845,74,128,2.4815228,0.106185856,1205.43361,3008656476
2,4846,75,128,2.22920227,0.106325405,1203.85152,3008656476
2,4847,76,128,3.37284899,0.106153904,1205.79644,3008656476
2,4848,77,128,2.96653438,0.106207908,1205.18333,3008656476
2,4849,78,128,2.54486227,0.10617199,1205.59104,3008656476
2,4850,79,128,2.63020945,0.106274491,1204.42826,3008656476
2,4851,80,128,2.84007788,0.106300459,1204.13403,3008656476
2,4852,81,128,2.86755347,0.120773032,1059.83925,3008656476
2,4853,82,128,3.0020628,0.106262408,1204.56521,3008656476
2,4854,83,128,3.0181284,0.106296071,1204.18374,3008656476
2,4855,84,128,2.59712315,0.106264964,1204.53624,3008656476
2,4856,85,128,2.38769412,0.106342913,1203.65332,3008656476
2,4857,86,128,2.5115428,0.106259024,1204.60357,3008656476
2,4858,87,128,2.14782977,0.106257063,1204.6258,3008656476
2,4859,88,128,1.9753052,0.106327538,1203.82737,3008656476
2,4860,89,128,2.4601078,0.106316311,1203.95449,3008656476
2,4861,90,128,2.33275676,0.10619317,1205.35059,3008656476
2,4862,91,128,2.35130239,0.118373412,1081.3239,3008656476
2,4863,92,128,2.46128678,0.106227397,1204.96222,3008656476
2,4864,93,128,2.36199236,0.106242684,1204.78884,3008656476
2,4865,94,128,2.1643517,0.106281158,1204.3527,3008656476
2,4866,95,128,2.45738292,0.106282194,1204.34096,3008656476
2,4867,96,128,2.12526155,0.106247498,1204.73425,3008656476
2,4868,97,128,2.62629318,0.106139188,1205.96363,3008656476
2,4869,98,128,2.3473351,0.106342792,1203.65469,3008656476
2,4870,99,128,2.4955771,0.106230307,1204.92921,3008656476
2,4871,100,128,2.68092203,0.106452965,1202.40897,3008656476
2,4872,101,128,2.32931352,0.118214411,1082.77831,3008656476
2,4873,102,128,2.46008778,0.106397265,1203.03844,3008656476
2,4874,103,128,2.30926204,0.106239117,1204.82929,3008656476
2,4875,104,128,1.97738028,0.106333237,1203.76285,3008656476
2,4876,105,128,2.44249487,0.10626963,1204.48335,3008656476
2,4877,106,128,2.40463233,0.106340711,1203.67824,3008656476
2,4878,107,128,2.20607018,0.106229196,1204.94181,3008656476
2,4879,108,128,2.48706031,0.106308455,1204.04346,3008656476
2,4880,109,128,1.81554842,0.106399169,1203.01691,3008656476
2,4881,110,128,2.30693507,0.106337245,1203.71747,3008656476
2,4882,111,128,2.47225356,0.112127691,1141.55566,3008656476
2,4883,112,128,2.68841839,0.106412006,1202.87179,3008656476
2,4884,113,128,3.0258646,0.106160658,1205.71973,3008656476
2,4885,114,128,2.93912053,0.10618945,1205.39281,3008656476
2,4886,115,128,2.98073792,0.106199272,1205.28133,3008656476
2,4887,116,128,2.17320871,0.106312334,1203.99953,3008656476
2,4888,117,128,2.55036283,0.106263166,1204.55662,3008656476
2,4889,118,128,2.37260008,0.106270852,1204.4695,3008656476
2,4890,119,128,2.93826199,0.106194544,1205.33499,3008656476
2,4891,120,128,2.45134377,0.117981519,1084.91568,3008656476
2,4892,121,128,2.29908848,0.105397839,1214.44615,3008656476
2,4893,122,128,1.93524587,0.106167991,1205.63645,3008656476
2,4894,123,128,2.2675395,0.106623984,1200.48037,3008656476
2,4895,124,128,1.95495903,0.105866935,1209.06495,3008656476
2,4896,125,128,1.98720765,0.106378112,1203.25505,3008656476
2,4897,126,128,1.99409652,0.106286941,1204.28718,3008656476
2,4898,127,128,2.63703036,0.106291586,1204.23455,3008656476
2,4899,128,128,2.70740128,0.106423043,1202.74704,3008656476
2,4900,129,128,2.47176695,0.106243776,1204.77646,3008656476
2,4901,130,128,2.25805378,0.119429126,1071.76536,3008656476
2,4902,131,128,2.33374596,0.106245874,1204.75267,3008656476
2,4903,132,128,1.90279305,0.106302307,1204.1131,3008656476
2,4904,133,128,2.1498065,0.106299212,1204.14815,3008656476
2,4905,134,128,2.35626888,0.106313739,1203.98362,3008656476
2,4906,135,128,2.09930015,0.106395737,1203.05572,3008656476
2,4907,136,128,1.96929538,0.106329942,1203.80015,3008656476
2,4908,137,128,1.90009201,0.106197598,1205.30033,3008656476
2,4909,138,128,1.63553047,0.106362758,1203.42874,3008656476
2,4910,139,128,2.06705046,0.106275197,1204.42026,3008656476
2,4911,140,128,1.64281952,0.119248983,1073.38442,3008656476
2,4912,141,128,1.5717926,0.106339368,1203.69344,3008656476
2,4913,142,128,2.13866425,0.106184981,1205.44355,3008656476
2,4914,143,128,1.8907541,0.106186797,1205.42293,3008656476
2,4915,144,128,1.14855719,0.106307333,1204.05617,3008656476
2,4916,145,128,1.09822035,0.10630472,1204.08576,3008656476
2,4917,146,128,1.93387413,0.106437534,1202.58329,3008656476
2,4918,147,128,2.37280345,0.106292164,1204.228,3008656476
2,4919,148,128,2.58267617,0.106309365,1204.03315,3008656476
2,4920,149,128,2.27941394,0.106380792,1203.22473,3008656476
2,4921,150,128,1.65736389,0.11872503,1078.12144,3008656476
2,4922,151,128,1.29846084,0.106242266,1204.79358,3008656476
2,4923,152,128,2.03540945,0.106256038,1204.63742,3008656476
2,4924,153,128,2.28310966,0.106247628,1204.73278,3008656476
2,4925,154,128,1.73220491,0.106325426,1203.85128,3008656476
2,4926,155,128,2.73884201,0.106222894,1205.0133,3008656476
2,4927,156,128,2.80367756,0.106276843,1204.4016,3008656476
2,4928,157,128,2.57480931,0.106305135,1204.08106,3008656476
2,4929,158,128,2.14818406,0.106267451,1204.50805,3008656476
2,4930,159,128,1.87208676,0.106211285,1205.14501,3008656476
2,4931,160,128,2.15315318,0.114970558,1113.32851,3008656476
2,4932,161,128,2.18760777,0.106281137,1204.35294,3008656476
2,4933,162,128,1.97781658,0.106375259,1203.28732,3008656476
2,4934,163,128,2.79965854,0.106252217,1204.68075,3008656476
2,4935,164,128,2.59884477,0.106449381,1202.44945,3008656476
2,4936,165,128,2.24192595,0.106417388,1202.81095,3008656476
2,4937,166,128,2.8550601,0.106277923,1204.38936,3008656476
2,4938,167,128,2.11744213,0.106253944,1204.66117,3008656476
2,4939,168,128,2.13861227,0.106323176,1203.87675,3008656476
2,4940,169,128,2.25792241,0.118492372,1080.23831,3008656476
2,4941,170,128,2.50933671,0.093443877,1369.80618,3008656476
2,4942,171,128,2.12275314,0.106620823,1200.51596,3008656476
2,4943,172,128,2.38252234,0.106288981,1204.26406,3008656476
2,4944,173,128,2.16803265,0.106274311,1204.4303,3008656476
2,4945,174,128,1.85531843,0.106465447,1202.268,3008656476
2,4946,175,128,2.46231675,0.106333794,1203.75654,3008656476
2,4947,176,128,1.81729758,0.106455517,1202.38015,3008656476
2,4948,177,128,2.79456854,0.106341723,1203.66679,3008656476
2,4949,178,128,1.99945414,0.106447388,1202.47197,3008656476
2,4950,179,128,2.91305232,0.118727167,1078.10203,3008656476
2,4951,180,128,2.3360312,0.106304943,1204.08324,3008656476
2,4952,181,128,2.30417848,0.106161634,1205.70865,3008656476
2,4953,182,128,2.69756508,0.106225352,1204.98542,3008656476
2,4954,183,128,1.69983184,0.106300792,1204.13026,3008656476
2,4955,184,128,1.84786582,0.106284282,1204.3173,3008656476
2,4956,185,128,2.21665883,0.106204853,1205.218,3008656476
2,4957,186,128,1.92836463,0.106317509,1203.94092,3008656476
2,4958,187,128,1.80593443,0.106141459,1205.93782,3008656476
2,4959,188,128,2.37198615,0.106284279,1204.31734,3008656476
2,4960,189,128,2.261271,0.118233007,1082.60801,3008656476
2,4961,190,128,2.07367158,0.106307565,1204.05354,3008656476
2,4962,191,128,1.7576884,0.106251317,1204.69095,3008656476
2,4963,192,128,1.69588208,0.106367283,1203.37755,3008656476
2,4964,193,128,2.24408269,0.106222744,1205.015,3008656476
2,4965,194,128,2.06251717,0.106315751,1203.96083,3008656476
2,4966,195,128,2.3012805,0.1062525,1204.67754,3008656476
2,4967,196,128,2.23517823,0.106282819,1204.33388,3008656476
2,4968,197,128,2.05820823,0.106234806,1204.87818,3008656476
2,4969,198,128,1.78573215,0.106315393,1203.96489,3008656476
2,4970,199,128,2.32897019,0.120277703,1064.20389,3008656476
2,4971,200,128,2.06463885,0.106277562,1204.39345,3008656476
2,4972,201,128,1.91629553,0.106307986,1204.04877,3008656476
2,4973,202,128,2.68818617,0.10643107,1202.65633,3008656476
2,4974,203,128,2.07864928,0.106279099,1204.37604,3008656476
2,4975,204,128,2.1970818,0.106367712,1203.37269,3008656476
2,4976,205,128,2.08391929,0.106275764,1204.41383,3008656476
2,4977,206,128,1.74023008,0.106353121,1203.53779,3008656476
2,4978,207,128,1.88193393,0.106202447,1205.2453,3008656476
2,4979,208,128,1.5554359,0.106351979,1203.55071,3008656476
2,4980,209,128,1.84183598,0.112183474,1140.98802,3008656476
2,4981,210,128,1.71930468,0.106179011,1205.51132,3008656476
2,4982,211,128,1.96990633,0.106408776,1202.9083,3008656476
2,4983,212,128,2.11438751,0.106288992,1204.26394,3008656476
2,4984,213,128,1.95197201,0.106375986,1203.27909,3008656476
2,4985,214,128,1.53191125,0.106344385,1203.63666,3008656476
2,4986,215,128,1.80333698,0.106365662,1203.39589,3008656476
2,4987,216,128,2.08141112,0.106282504,1204.33745,3008656476
2,4988,217,128,2.18080664,0.106319911,1203.91372,3008656476
2,4989,218,128,1.67528701,0.117075656,1093.31012,3008656476
2,4990,219,128,2.4416852,0.105117773,1217.68181,3008656476
2,4991,220,128,1.97345638,0.10643643,1202.59577,3008656476
2,4992,221,128,1.85488296,0.106330799,1203.79045,3008656476
2,4993,222,128,2.16181469,0.106379279,1203.24185,3008656476
2,4994,223,128,1.9195081,0.106238992,1204.83071,3008656476
2,4995,224,128,2.03718138,0.106312774,1203.99455,3008656476
2,4996,225,128,2.07362509,0.106239339,1204.82677,3008656476
2,4997,226,128,2.15531325,0.106956537,1196.7478,3008656476
2,4998,227,128,2.51385498,0.106335248,1203.74008,3008656476
2,4999,228,128,2.01388049,0.118590784,1079.34188,3008656476
2,5000,229,128,2.03931594,0.106319971,1203.91304,3008656476
2,5001,230,128,2.2110548,0.106450851,1202.43285,3008656476
2,5002,231,128,2.45778108,0.106225579,1204.98284,3008656476
2,5003,232,128,2.04250193,0.106265411,1204.53117,3008656476
2,5004,233,128,2.33692884,0.106331828,1203.7788,3008656476
2,5005,234,128,2.30622458,0.106321551,1203.89515,3008656476
2,5006,235,128,1.93947506,0.106206581,1205.19839,3008656476
2,5007,236,128,2.54850936,0.106346663,1203.61087,3008656476
2,5008,237,128,2.11006093,0.106264205,1204.54484,3008656476
2,5009,238,128,2.49913859,0.118422302,1080.87749,3008656476
2,5010,239,128,2.58942008,0.106316826,1203.94866,3008656476
2,5011,240,128,2.5296762,0.106211015,1205.14807,3008656476
2,5012,241,128,1.97579384,0.106235656,1204.86854,3008656476
2,5013,242,128,2.24977231,0.106164974,1205.67071,3008656476
2,5014,243,128,2.28729367,0.106176054,1205.5449,3008656476
2,5015,244,128,2.56472468,0.106229267,1204.94101,3008656476
2,5016,245,128,1.92665923,0.106211857,1205.13852,3008656476
2,5017,246,128,2.3138299,0.106240918,1204.80887,3008656476
2,5018,247,128,2.28783846,0.106294938,1204.19657,3008656476
2,5019,248,128,2.38080788,0.121077613,1057.17314,3008656476
2,5020,249,128,1.31189322,0.106147856,1205.86515,3008656476
2,5021,250,128,1.78083086,0.106241654,1204.80052,3008656476
2,5022,251,128,2.63343358,0.106182052,1205.4768,3008656476
2,5023,252,128,2.32029223,0.106268792,1204.49285,3008656476
2,5024,253,128,2.0308466,0.106096883,1206.44449,3008656476
2,5025,254,128,2.45278358,0.106118339,1206.20056,3008656476
2,5026,255,128,2.59487247,0.106222431,1205.01855,3008656476
2,5027,256,128,2.20507145,0.106251651,1204.68716,3008656476
2,5028,257,128,2.5259378,0.106322139,1203.8885,3008656476
2,5029,258,128,2.09242535,0.116364563,1099.99124,3008656476
2,5030,259,128,2.18175793,0.106289076,1204.26299,3008656476
2,5031,260,128,2.61836696,0.10623699,1204.85341,3008656476
2,5032,261,128,2.30829358,0.106194702,1205.3332,3008656476
2,5033,262,128,2.66350007,0.106266943,1204.51381,3008656476
2,5034,263,128,1.78316343,0.106202143,1205.24875,3008656476
2,5035,264,128,1.94768333,0.106214717,1205.10607,3008656476
2,5036,265,128,1.94024026,0.106230946,1204.92196,3008656476
2,5037,266,128,2.02019072,0.106307325,1204.05626,3008656476
2,5038,267,128,1.51155925,0.118811577,1077.33609,3008656476
2,5039,268,128,1.63000286,0.104537019,1224.44662,3008656476
2,5040,269,128,2.19282579,0.106190027,1205.38626,3008656476
2,5041,270,128,2.67057395,0.106206085,1205.20401,3008656476
2,5042,271,128,1.93716323,0.106247732,1204.7316,3008656476
2,5043,272,128,2.11487055,0.106301937,1204.11729,3008656476
2,5044,273,128,2.57094049,0.106144398,1205.90443,3008656476
2,5045,274,128,1.72179198,0.106334209,1203.75184,3008656476
2,5046,275,128,2.05443907,0.10626509,1204.53481,3008656476
2,5047,276,128,2.32866979,0.106236601,1204.85782,3008656476
2,5048,277,128,2.53557205,0.118339621,1081.63267,3008656476
2,5049,278,128,1.98435569,0.106293704,1204.21055,3008656476
2,5050,279,128,1.88170516,0.106320002,1203.91269,3008656476
2,5051,280,128,2.0573988,0.10627534,1204.41864,3008656476
2,5052,281,128,1.85633409,0.106229216,1204.94159,3008656476
2,5053,282,128,1.53072286,0.106447217,1202.4739,3008656476
2,5054,283,128,1.90833116,0.106348697,1203.58785,3008656476
2,5055,284,128,1.7283535,0.106277564,1204.39343,3008656476
2,5056,285,128,1.76687384,0.106255788,1204.64026,3008656476
2,5057,286,128,2.07405066,0.106211118,1205.1469,3008656476
2,5058,287,128,1.65291739,0.119519813,1070.95214,3008656476
2,5059,288,128,1.79126477,0.106140787,1205.94546,3008656476
2,5060,289,128,2.15275145,0.106263879,1204.54854,3008656476
2,5061,290,128,1.88748264,0.106220626,1205.03903,3008656476
2,5062,291,128,2.5296731,0.106164753,1205.67322,3008656476
2,5063,292,128,2.1079216,0.106327435,1203.82853,3008656476
2,5064,293,128,1.76097727,0.106201973,1205.25068,3008656476
2,5065,294,128,1.75692141,0.106424792,1202.72727,3008656476
2,5066,295,128,2.01376963,0.10630593,1204.07206,3008656476
2,5067,296,128,2.5479629,0.106369851,1203.34849,3008656476
2,5068,297,128,1.91890264,0.120042062,1066.29291,3008656476
2,5069,298,128,2.10466886,0.106350489,1203.56757,3008656476
2,5070,299,128,2.19403982,0.106294453,1204.20207,3008656476
2,5071,300,128,2.0932498,0.106170438,1205.60866,3008656476
2,5072,301,128,2.06303144,0.106270247,1204.47636,3008656476
2,5073,302,128,2.13306308,0.106293086,1204.21755,3008656476
2,5074,303,128,2.19110203,0.106323886,1203.86871,3008656476
2,5075,304,128,1.89101338,0.106245789,1204.75363,3008656476
2,5076,305,128,2.09463191,0.10625192,1204.68411,3008656476
2,5077,306,128,1.96031034,0.106201672,1205.25409,3008656476
2,5078,307,128,1.69206572,0.117332049,1090.92103,3008656476
2,5079,308,128,2.50342178,0.106280637,1204.35861,3008656476
2,5080,309,128,2.46464682,0.106338784,1203.70005,3008656476
2,5081,310,128,1.99510038,0.106395181,1203.06201,3008656476
2,5082,311,128,1.74428129,0.106197274,1205.30401,3008656476
2,5083,312,128,1.90426481,0.10628457,1204.31404,3008656476
2,5084,313,128,2.00557208,0.106240343,1204.81539,3008656476
2,5085,314,128,1.50529337,0.10631299,1203.9921,3008656476
2,5086,315,128,1.91302562,0.106253648,1204.66452,3008656476
2,5087,316,128,1.97433829,0.11881006,1077.34985,3008656476
2,5088,317,128,1.96069407,0.104562144,1224.1524,3008656476
2,5089,318,128,2.30564833,0.106166472,1205.6537,3008656476
2,5090,319,128,2.22937131,0.106229369,1204.93985,3008656476
2,5091,320,128,2.53367448,0.106269622,1204.48344,3008656476
2,5092,321,128,1.91987133,0.10626416,1204.54535,3008656476
2,5093,322,128,2.19105458,0.106349623,1203.57737,3008656476
2,5094,323,128,2.17734385,0.106312369,1203.99913,3008656476
2,5095,324,128,1.6803354,0.106282827,1204.33379,3008656476
2,5096,325,128,2.39515066,0.106323787,1203.86984,3008656476
2,5097,326,128,2.25052905,0.118402236,1081.06067,3008656476
2,5098,327,128,2.31840014,0.106344309,1203.63752,3008656476
2,5099,328,128,2.37886596,0.106260064,1204.59178,3008656476
2,5100,329,128,2.08626556,0.106247363,1204.73578,3008656476
2,5101,330,128,3.01560783,0.106251185,1204.69245,3008656476
2,5102,331,128,2.29717827,0.10626589,1204.52574,3008656476
2,5103,332,128,1.72527933,0.10628139,1204.35007,3008656476
2,5104,333,128,2.37707734,0.10637689,1203.26887,3008656476
2,5105,334,128,2.14753795,0.106383046,1203.19924,3008656476
2,5106,335,128,2.33846784,0.106287174,1204.28454,3008656476
2,5107,336,128,2.17245293,0.118341957,1081.61132,3008656476
2,5108,337,128,2.31797576,0.106246229,1204.74864,3008656476
2,5109,338,128,1.86100221,0.106213636,1205.11833,3008656476
2,5110,339,128,2.32148194,0.10627976,1204.36855,3008656476
2,5111,340,128,2.14727354,0.106435431,1202.60705,3008656476
2,5112,341,128,1.92458558,0.1062566,1204.63105,3008656476
2,5113,342,128,2.02227354,0.106335353,1203.73889,3008656476
2,5114,343,128,1.9601866,0.106267623,1204.5061,3008656476
2,5115,344,128,2.25198174,0.106279793,1204.36817,3008656476
2,5116,345,128,1.85631025,0.106256138,1204.63629,3008656476
2,5117,346,128,1.67388296,0.121058241,1057.34231,3008656476
2,5118,347,128,2.31324816,0.106229681,1204.93631,3008656476
2,5119,348,128,2.06014824,0.10625668,1204.63015,3008656476
2,5120,349,128,2.45384836,0.106246863,1204.74145,3008656476
2,5121,350,128,2.33526897,0.106322005,1203.89001,3008656476
2,5122,351,128,2.29067206,0.106268195,1204.49962,3008656476
2,5123,352,128,2.49144387,0.106275529,1204.41649,3008656476
2,5124,353,128,2.2787044,0.106385039,1203.1767,3008656476
2,5125,354,128,2.02208114,0.106139106,1205.96456,3008656476
2,5126,355,128,2.23659301,0.106253747,1204.6634,3008656476
2,5127,356,128,2.52914333,0.116732456,1096.52452,3008656476
2,5128,357,128,2.01582813,0.106307206,1204.05761,3008656476
2,5129,358,128,1.57354128,0.106293554,1204.21225,3008656476
2,5130,359,128,1.72832251,0.106351133,1203.56029,3008656476
2,5131,360,128,2.15944648,0.106289332,1204.26009,3008656476
2,5132,361,128,2.06528497,0.106234343,1204.88343,3008656476
2,5133,362,128,2.06261134,0.106280576,1204.3593,3008656476
2,5134,363,128,2.24415922,0.106190413,1205.38188,3008656476
2,5135,364,128,2.14012218,0.106223391,1205.00766,3008656476
2,5136,365,128,2.18157554,0.116906601,1094.89113,3008656476
2,5137,366,128,2.3736496,0.105218589,1216.51508,3008656476
2,5138,367,128,2.44689441,0.10620629,1205.20169,3008656476
2,5139,368,128,1.87843573,0.10639045,1203.11551,3008656476
2,5140,369,128,2.29022813,0.106247283,1204.73669,3008656476
2,5141,370,128,2.1097095,0.106279067,1204.3764,3008656476
2,5142,371,128,2.00130725,0.10618463,1205.44753,3008656476
2,5143,372,128,2.31323171,0.106266978,1204.51341,3008656476
2,5144,373,128,2.4964335,0.106216844,1205.08194,3008656476
2,5145,374,128,2.35220027,0.106199567,1205.27798,3008656476
2,5146,375,128,1.62239015,0.118013193,1084.6245,3008656476
2,5147,376,128,2.65622401,0.106172223,1205.5884,3008656476
2,5148,377,128,1.64473605,0.106403793,1202.96463,3008656476
2,5149,378,128,2.29751754,0.106146261,1205.88327,3008656476
2,5150,379,128,1.6406132,0.106202335,1205.24657,3008656476
2,5151,380,128,1.95366383,0.106207704,1205.18564,3008656476
2,5152,381,128,1.87513459,0.106226181,1204.97601,3008656476
2,5153,382,128,1.42396975,0.106234828,1204.87793,3008656476
2,5154,383,128,1.74313772,0.106261668,1204.5736,3008656476
2,5155,384,128,2.71456242,0.106175308,1205.55337,3008656476
2,5156,385,128,2.47286105,0.120392151,1063.19223,3008656476
2,5157,386,128,1.92579257,0.106277044,1204.39932,3008656476
2,5158,387,128,1.82761681,0.106170657,1205.60618,3008656476
2,5159,388,128,2.35129547,0.106309661,1204.0298,3008656476
2,5160,389,128,2.73321724,0.106267701,1204.50521,3008656476
2,5161,390,128,2.36285901,0.10640394,1202.96297,3008656476
2,5162,391,128,2.63136101,0.106213339,1205.1217,3008656476
2,5163,392,128,1.90374637,0.106333069,1203.76475,3008656476
2,5164,393,128,2.35474682,0.106315625,1203.96226,3008656476
2,5165,394,128,1.85383427,0.10628787,1204.27665,3008656476
2,5166,395,128,2.18688273,0.119914774,1067.42477,3008656476
2,5167,396,128,2.37395906,0.106285064,1204.30844,3008656476
2,5168,397,128,2.72442412,0.10638066,1203.22623,3008656476
2,5169,398,128,2.15053821,0.10633324,1203.76281,3008656476
2,5170,399,128,2.56109333,0.106235853,1204.86631,3008656476
2,5171,400,128,2.14745021,0.106336071,1203.73076,3008656476
2,5172,401,128,2.40410423,0.099392496,1287.82358,3008656476
2,5173,402,128,2.05675149,0.106209254,1205.16805,3008656476
2,5174,403,128,2.0152297,0.106486459,1202.03077,3008656476
2,5175,404,128,2.22100544,0.106307059,1204.05927,3008656476
2,5176,405,128,2.12713695,0.11394,1123.39828,3008656476
2,5177,406,128,2.10280132,0.106181822,1205.47941,3008656476
2,5178,407,128,1.53065479,0.106299407,1204.14595,3008656476
2,5179,408,128,1.89381683,0.106256179,1204.63583,3008656476
2,5180,409,128,2.42634535,0.106278127,1204.38705,3008656476
2,5181,410,128,1.68041205,0.106243528,1204.77927,3008656476
2,5182,411,128,2.3482337,0.106221331,1205.03103,3008656476
2,5183,412,128,1.68298638,0.106266763,1204.51585,3008656476
2,5184,413,128,1.89266276,0.106288976,1204.26412,3008656476
2,5185,414,128,1.84370685,0.11750293,1089.33454,3008656476
2,5186,415,128,2.57355881,0.105299808,1215.57677,3008656476
2,5187,416,128,2.01098514,0.106304765,1204.08525,3008656476
2,5188,417,128,1.72626483,0.106359949,1203.46052,3008656476
2,5189,418,128,1.97361815,0.106273099,1204.44403,3008656476
2,5190,419,128,1.32413793,0.106254203,1204.65823,3008656476
2,5191,420,128,1.29269457,0.106241054,1204.80732,3008656476
2,5192,421,128,2.14581704,0.106227999,1204.95539,3008656476
2,5193,422,128,1.87007725,0.106421541,1202.76402,3008656476
2,5194,423,128,1.97593844,0.106404445,1202.95726,3008656476
2,5195,424,128,2.50371647,0.120046531,1066.25322,3008656476
2,5196,425,128,2.60273194,0.106285162,1204.30733,3008656476
2,5197,426,128,2.99502301,0.106351344,1203.5579,3008656476
2,5198,427,128,1.970052,0.106216579,1205.08494,3008656476
2,5199,428,128,1.50199008,0.106363362,1203.42191,3008656476
2,5200,429,128,1.31155622,0.106167871,1205.63781,3008656476
2,5201,430,128,1.55103827,0.10638511,1203.1759,3008656476
2,5202,431,128,1.47826993,0.106250047,1204.70535,3008656476
2,5203,432,128,1.85367882,0.106299354,1204.14655,3008656476
2,5204,433,128,1.40225124,0.106271017,1204.46763,3008656476
2,5205,434,128,2.09148335,0.12047635,1062.44919,3008656476
2,5206,435,128,2.3464551,0.10623553,1204.86997,3008656476
2,5207,436,128,2.52680969,0.106162379,1205.70018,3008656476
2,5208,437,128,1.70887363,0.106345273,1203.62661,3008656476
2,5209,438,128,1.71669567,0.106249775,1204.70843,3008656476
2,5210,439,128,2.1443181,0.106218486,1205.06331,3008656476
2,5211,440,128,2.00571704,0.106152526,1205.8121,3008656476
2,5212,441,128,2.00359988,0.106276532,1204.40513,3008656476
2,5213,442,128,1.86074722,0.106335491,1203.73733,3008656476
2,5214,443,128,1.70949066,0.106284646,1204.31318,3008656476
2,5215,444,128,1.68292654,0.120041947,1066.29393,3008656476
2,5216,445,128,1.85047662,0.10624263,1204.78945,3008656476
2,5217,446,128,2.07612062,0.106225016,1204.98923,3008656476
2,5218,447,128,2.62663341,0.106158393,1205.74546,3008656476
2,5219,448,128,2.08164477,0.106273155,1204.4434,3008656476
2,5220,449,128,2.13873124,0.106250891,1204.69578,3008656476
2,5221,450,128,2.00124145,0.106268692,1204.49398,3008656476
2,5222,451,128,2.44551468,0.106349213,1203.58201,3008656476
2,5223,452,128,1.85015404,0.10621414,1205.11261,3008656476
2,5224,453,128,2.08275747,0.106260819,1204.58322,3008656476
2,5225,454,128,2.52274752,0.114555707,1117.36031,3008656476
2,5226,455,128,2.15052414,0.10621795,1205.06939,3008656476
2,5227,456,128,2.35317707,0.106194342,1205.33729,3008656476
2,5228,457,128,2.30853748,0.106365824,1203.39405,3008656476
2,5229,458,128,2.25929976,0.106191748,1205.36673,3008656476
2,5230,459,128,1.55459428,0.106258656,1204.60775,3008656476
2,5231,460,128,2.37099242,0.106297997,1204.16192,3008656476
2,5232,461,128,2.10336018,0.10632337,1203.87456,3008656476
2,5233,462,128,2.16402841,0.106158188,1205.74778,3008656476
2,5234,463,128,1.7592212,0.116792744,1095.9585,3008656476
2,5235,464,128,1.73095977,0.104571915,1224.03802,3008656476
2,5236,465,128,1.54330266,0.106258443,1204.61016,3008656476
2,5237,466,128,1.61948895,0.106141874,1205.93311,3008656476
2,5238,467,128,1.90517414,0.106268494,1204.49623,3008656476
2,5239,468,128,2.37988234,0.10629245,1204.22476,3008656476
2,5240,469,128,2.31884861,0.106237923,1204.84283,3008656476
2,5241,470,128,2.42746663,0.106230149,1204.931,3008656476
2,5242,471,128,1.52608752,0.106454449,1202.39221,3008656476
2,5243,472,128,2.83833098,0.106246294,1204.7479,3008656476
2,5244,473,128,2.01565981,0.119259814,1073.28693,3008656476
2,5245,474,128,1.94598293,0.106373419,1203.30813,3008656476
2,5246,475,128,1.44867957,0.106383003,1203.19973,3008656476
2,5247,476,128,1.82369924,0.106386763,1203.1572,3008656476
2,5248,477,128,2.08229446,0.106328083,1203.8212,3008656476
2,5249,478,128,2.03485084,0.106438815,1202.56882,3008656476
2,5250,479,128,2.50971437,0.106352107,1203.54926,3008656476
2,5251,480,128,2.05768967,0.106250527,1204.69991,3008656476
2,5252,481,128,1.71935344,0.106337106,1203.71905,3008656476
2,5253,482,128,1.66623318,0.106406312,1202.93616,3008656476
2,5254,483,128,2.19490027,0.120530647,1061.97057,3008656476
2,5255,484,128,2.08450365,0.106321242,1203.89865,3008656476
2,5256,485,128,1.7437129,0.106370814,1203.3376,3008656476
2,5257,486,128,1.69444585,0.106218442,1205.06381,3008656476
2,5258,487,128,2.15320587,0.106300303,1204.1358,3008656476
2,5259,488,128,1.80167091,0.106192392,1205.35942,3008656476
2,5260,489,128,2.60540152,0.106221364,1205.03066,3008656476
2,5261,490,128,2.73412395,0.106228935,1204.94477,3008656476
2,5262,491,128,2.60920453,0.106245263,1204.75959,3008656476
2,5263,492,128,2.06903458,0.106138118,1205.97578,3008656476
2,5264,493,128,2.11804295,0.120168231,1065.17337,3008656476
2,5265,494,128,2.23255968,0.106254444,1204.6555,3008656476
2,5266,495,128,2.17781115,0.106142152,1205.92995,3008656476
2,5267,496,128,2.71238804,0.106219133,1205.05597,3008656476
2,5268,497,128,2.57839799,0.106321172,1203.89945,3008656476
2,5269,498,128,2.48945832,0.106232806,1204.90087,3008656476
2,5270,499,128,2.39048314,0.106251901,1204.68433,3008656476
2,5271,500,128,2.65275884,0.106297812,1204.16401,3008656476
2,5272,501,128,2.544559,0.106300187,1204.13711,3008656476
2,5273,502,128,1.99628544,0.106145386,1205.89321,3008656476
2,5274,503,128,2.4462564,0.115158955,1111.50713,3008656476
2,5275,504,128,2.52788305,0.106220229,1205.04353,3008656476
2,5276,505,128,2.59168339,0.106295659,1204.1884,3008656476
2,5277,506,128,2.71869206,0.106130196,1206.0658,3008656476
2,5278,507,128,2.1230514,0.106258079,1204.61429,3008656476
2,5279,508,128,2.49255729,0.106219969,1205.04648,3008656476
2,5280,509,128,2.40778065,0.106187716,1205.4125,3008656476
2,5281,510,128,2.59394813,0.107064188,1195.54449,3008656476
2,5282,511,128,2.38736224,0.10620031,1205.26955,3008656476
2,5283,512,128,2.66562915,0.116620243,1097.5796,3008656476
2,5284,513,128,2.49229622,0.104636278,1223.2851,3008656476
2,5285,514,128,2.42094636,0.106335901,1203.73269,3008656476
2,5286,515,128,2.6056819,0.106263391,1204.55407,3008656476
2,5287,516,128,2.3970232,0.106666403,1200.00297,3008656476
2,5288,517,128,2.60572338,0.106636364,1200.341,3008656476
2,5289,518,128,2.6722784,0.10642566,1202.71746,3008656476
2,5290,519,128,2.38578749,0.106530159,1201.53768,3008656476
2,5291,520,128,2.05356717,0.106438558,1202.57172,3008656476
2,5292,521,128,2.09227514,0.106377195,1203.26542,3008656476
2,5293,522,128,1.68092215,0.119275779,1073.14327,3008656476
2,5294,523,128,2.17664742,0.106261892,1204.57106,3008656476
2,5295,524,128,1.79723656,0.106320218,1203.91025,3008656476
2,5296,525,128,2.02033091,0.126625362,1010.85595,3008656476
2,5297,526,128,2.42186594,0.14364598,891.079583,3008656476
2,5298,527,128,2.07111382,0.106498414,1201.89583,3008656476
2,5299,528,128,2.41471982,0.106383977,1203.18871,3008656476
2,5300,529,128,1.94328237,0.106365567,1203.39696,3008656476
2,5301,530,128,1.3281914,0.106425075,1202.72408,3008656476
2,5302,531,128,2.41475391,0.106286832,1204.28841,3008656476
2,5303,532,128,2.58331847,0.109313037,1170.94908,3008656476
2,5304,533,128,2.3567307,0.106262812,1204.56063,3008656476
2,5305,534,128,2.36275911,0.106411448,1202.8781,3008656476
2,5306,535,128,2.16789579,0.106274525,1204.42787,3008656476
2,5307,536,128,2.17592931,0.10627574,1204.4141,3008656476
2,5308,537,128,2.28430939,0.106435662,1202.60444,3008656476
2,5309,538,128,1.79968822,0.106393417,1203.08195,3008656476
2,5310,539,128,1.97584462,0.093297607,1371.95373,3008656476
2,5311,540,128,1.97064662,0.106520852,1201.64266,3008656476
2,5312,541,128,2.08984923,0.121301996,1055.21759,3008656476
2,5313,542,128,2.28181624,0.106383728,1203.19153,3008656476
2,5314,543,128,2.60940719,0.106423881,1202.73757,3008656476
2,5315,544,128,2.13610888,0.106284193,1204.31831,3008656476
2,5316,545,128,1.74324322,0.106281637,1204.34728,3008656476
2,5317,546,128,1.85134125,0.106243599,1204.77846,3008656476
2,5318,547,128,2.3636117,0.106383184,1203.19768,3008656476
2,5319,548,128,2.46405268,0.106273962,1204.43425,3008656476
2,5320,549,128,2.28249955,0.106463581,1202.28907,3008656476
2,5321,550,128,2.1240716,0.106308889,1204.03854,3008656476
2,5322,551,128,1.72519517,0.11972303,1069.13432,3008656476
2,5323,552,128,2.10681129,0.106077824,1206.66125,3008656476
2,5324,553,128,2.33952475,0.10643316,1202.63271,3008656476
2,5325,554,128,2.87619638,0.106364742,1203.40629,3008656476
2,5326,555,128,2.6517899,0.106412508,1202.86611,3008656476
2,5327,556,128,1.67662752,0.106382242,1203.20833,3008656476
2,5328,557,128,2.150141,0.106263766,1204.54982,3008656476
2,5329,558,128,2.69231009,0.106385555,1203.17086,3008656476
2,5330,559,128,2.65611362,0.106491596,1201.97278,3008656476
2,5331,560,128,2.52696204,0.106328191,1203.81997,3008656476
2,5332,561,128,2.15320945,0.118585466,1079.39029,3008656476
2,5333,562,128,2.50529242,0.106377226,1203.26507,3008656476
2,5334,563,128,2.72422123,0.106336977,1203.72051,3008656476
2,5335,564,128,2.22728753,0.106372404,1203.31961,3008656476
2,5336,565,128,2.16084385,0.106349796,1203.57542,3008656476
2,5337,566,128,1.78233492,0.106352337,1203.54666,3008656476
2,5338,567,128,2.38943553,0.106272658,1204.44903,3008656476
2,5339,568,128,2.31154251,0.106238373,1204.83773,3008656476
2,5340,569,128,2.60915565,0.106297075,1204.17236,3008656476
2,5341,570,128,3.10209227,0.106363909,1203.41572,3008656476
2,5342,571,128,2.01576066,0.117469456,1089.64495,3008656476
2,5343,572,128,1.88178265,0.106403506,1202.96788,3008656476
2,5344,573,128,2.5461514,0.106450205,1202.44015,3008656476
2,5345,574,128,2.13497448,0.106443385,1202.51719,3008656476
2,5346,575,128,2.6037848,0.106444482,1202.50479,3008656476
2,5347,576,128,1.79697251,0.106231998,1204.91003,3008656476
2,5348,577,128,2.60330558,0.106350431,1203.56823,3008656476
2,5349,578,128,2.10735273,0.106305474,1204.07722,3008656476
2,5350,579,128,2.2374115,0.106206157,1205.2032,3008656476
2,5351,580,128,2.05431747,0.119083564,1074.87545,3008656476
2,5352,581,128,2.56638908,0.104631869,1223.33665,3008656476
2,5353,582,128,2.37097549,0.106354115,1203.52654,3008656476
2,5354,583,128,2.06084323,0.106316757,1203.94944,3008656476
2,5355,584,128,2.47188377,0.106184313,1205.45113,3008656476
2,5356,585,128,2.04894376,0.093170141,1373.8307,3008656476
2,5357,586,128,2.12022305,0.106343694,1203.64448,3008656476
2,5358,587,128,2.50449681,0.1062506,1204.69908,3008656476
2,5359,588,128,2.39881158,0.106309542,1204.03115,3008656476
2,5360,589,128,2.73863626,0.106376552,1203.27269,3008656476
2,5361,590,128,2.51368618,0.119984238,1066.80679,3008656476
2,5362,591,128,2.3734889,0.106141745,1205.93457,3008656476
2,5363,592,128,2.1812613,0.106285463,1204.30392,3008656476
2,5364,593,128,1.88688385,0.106300992,1204.12799,3008656476
2,5365,594,128,1.89952755,0.106393107,1203.08546,3008656476
2,5366,595,128,2.34857416,0.106275478,1204.41707,3008656476
2,5367,596,128,2.53342891,0.106361958,1203.43779,3008656476
2,5368,597,128,2.40783954,0.106185504,1205.43761,3008656476
2,5369,598,128,2.08258748,0.106394222,1203.07285,3008656476
2,5370,599,128,2.45634818,0.106272592,1204.44978,3008656476
2,5371,600,128,2.26455903,0.11872226,1078.14659,3008656476
2,5372,601,128,2.0504086,0.106345291,1203.6264,3008656476
2,5373,602,128,2.37150598,0.106263974,1204.54746,3008656476
2,5374,603,128,1.79908133,0.106275034,1204.4221,3008656476
2,5375,604,128,2.57971549,0.106255266,1204.64618,3008656476
2,5376,605,128,1.71461463,0.106160894,1205.71705,3008656476
2,5377,606,128,1.82574785,0.106246009,1204.75114,3008656476
2,5378,607,128,1.76657355,0.106460572,1202.32305,3008656476
2,5379,608,128,2.37981367,0.106401312,1202.99268,3008656476
2,5380,609,128,1.74370027,0.106339131,1203.69613,3008656476
2,5381,610,128,1.97000933,0.118983682,1075.77777,3008656476
2,5382,611,128,1.78128409,0.106375566,1203.28384,3008656476
2,5383,612,128,1.96838593,0.106461084,1202.31727,3008656476
2,5384,613,128,2.02355528,0.106437741,1202.58095,3008656476
2,5385,614,128,2.37766933,0.106351296,1203.55844,3008656476
2,5386,615,128,1.65659082,0.106369084,1203.35717,3008656476
2,5387,616,128,2.3503778,0.106303326,1204.10155,3008656476
2,5388,617,128,2.39941478,0.106276321,1204.40752,3008656476
2,5389,618,128,2.04169178,0.106289829,1204.25445,3008656476
2,5390,619,128,2.23448181,0.106299763,1204.14191,3008656476
2,5391,620,128,2.08454919,0.108766193,1176.83626,3008656476
2,5392,621,128,1.92505002,0.106308181,1204.04656,3008656476
2,5393,622,128,2.22044778,0.106381478,1203.21697,3008656476
2,5394,623,128,2.28296471,0.106227618,1204.95971,3008656476
2,5395,624,128,2.34428692,0.106209785,1205.16203,3008656476
2,5396,625,128,2.48159933,0.106235441,1204.87098,3008656476
2,5397,626,128,2.0425837,0.1063485,1203.59008,3008656476
2,5398,627,128,1.87391722,0.106364145,1203.41305,3008656476
2,5399,628,128,1.9419142,0.106356363,1203.5011,3008656476
2,5400,629,128,2.84112239,0.121316128,1055.09467,3008656476
2,5401,630,128,2.59942722,0.106407733,1202.92009,3008656476
2,5402,631,128,1.84579194,0.106364471,1203.40936,3008656476
2,5403,632,128,2.75789738,0.106440717,1202.54733,3008656476
2,5404,633,128,2.70017409,0.106386984,1203.1547,3008656476
2,5405,634,128,2.50664854,0.106373976,1203.30183,3008656476
2,5406,635,128,1.94868982,0.106342636,1203.65645,3008656476
2,5407,636,128,2.24252987,0.106389404,1203.12733,3008656476
2,5408,637,128,1.96307039,0.10625752,1204.62062,3008656476
2,5409,638,128,2.15068626,0.106260868,1204.58267,3008656476
2,5410,639,128,2.65031385,0.118990997,1075.71164,3008656476
2,5411,640,128,2.15644574,0.106296753,1204.17601,3008656476
2,5412,641,128,2.34323668,0.106249164,1204.71536,3008656476
2,5413,642,128,1.83091557,0.106409673,1202.89816,3008656476
2,5414,643,128,2.05156374,0.106318383,1203.93103,3008656476
2,5415,644,128,2.43876576,0.106211121,1205.14687,3008656476
2,5416,645,128,3.07421637,0.106274836,1204.42435,3008656476
2,5417,646,128,2.34183383,0.10632458,1203.86086,3008656476
2,5418,647,128,2.23098779,0.106257328,1204.6228,3008656476
2,5419,648,128,2.42428303,0.106346724,1203.61018,3008656476
2,5420,649,128,2.223032,0.119264282,1073.24672,3008656476
2,5421,650,128,1.91268992,0.106278401,1204.38395,3008656476
2,5422,651,128,2.26883268,0.106239606,1204.82375,3008656476
2,5423,652,128,1.5226891,0.106334592,1203.74751,3008656476
2,5424,653,128,1.85072982,0.10622771,1204.95867,3008656476
2,5425,654,128,2.73308372,0.10624331,1204.78174,3008656476
2,5426,655,128,2.72356796,0.106377045,1203.26711,3008656476
2,5427,656,128,2.44271493,0.106225908,1204.97911,3008656476
2,5428,657,128,2.05247474,0.10633114,1203.78659,3008656476
2,5429,658,128,2.32690573,0.106313391,1203.98756,3008656476
2,5430,659,128,2.43446302,0.120720724,1060.29848,3008656476
2,5431,660,128,2.23176932,0.106392996,1203.08671,3008656476
2,5432,661,128,2.52135897,0.106336157,1203.72979,3008656476
2,5433,662,128,2.13050842,0.106379993,1203.23377,3008656476
2,5434,663,128,2.15245914,0.106387362,1203.15043,3008656476
2,5435,664,128,1.73030448,0.106314057,1203.98002,3008656476
2,5436,665,128,2.77999592,0.106318331,1203.93162,3008656476
2,5437,666,128,2.61329484,0.106216764,1205.08284,3008656476
2,5438,667,128,2.10703921,0.106254405,1204.65594,3008656476
2,5439,668,128,1.88746119,0.106335294,1203.73956,3008656476
2,5440,669,128,1.86949134,0.109569049,1168.21311,3008656476
2,5441,670,128,2.07727337,0.106259764,1204.59518,3008656476
2,5442,671,128,1.73730922,0.106379002,1203.24498,3008656476
2,5443,672,128,1.9722966,0.106300105,1204.13804,3008656476
2,5444,673,128,2.02063203,0.106328015,1203.82197,3008656476
2,5445,674,128,2.43599439,0.106290954,1204.24171,3008656476
2,5446,675,128,2.27399158,0.106330075,1203.79864,3008656476
2,5447,676,128,2.31322193,0.106398526,1203.02418,3008656476
2,5448,677,128,2.57350445,0.106402492,1202.97934,3008656476
2,5449,678,128,2.17577028,0.119872883,1067.79779,3008656476
2,5450,679,128,2.14935923,0.106363699,1203.41809,3008656476
2,5451,680,128,2.12879181,0.106295595,1204.18913,3008656476
2,5452,681,128,2.40227246,0.1064803,1202.10029,3008656476
2,5453,682,128,2.12907028,0.106355024,1203.51625,3008656476
2,5454,683,128,2.03174758,0.106449152,1202.45204,3008656476
2,5455,684,128,2.18832374,0.106418303,1202.80061,3008656476
2,5456,685,128,1.92966866,0.106285927,1204.29867,3008656476
2,5457,686,128,2.06935143,0.106357402,1203.48934,3008656476
2,5458,687,128,1.70461094,0.106336005,1203.73151,3008656476
2,5459,688,128,2.41739488,0.118924804,1076.31037,3008656476
2,5460,689,128,1.72291565,0.106504546,1201.82663,3008656476
2,5461,690,128,2.09077859,0.106450322,1202.43882,3008656476
2,5462,691,128,2.36260986,0.106240938,1204.80864,3008656476
2,5463,692,128,2.15058708,0.106312549,1203.99709,3008656476
2,5464,693,128,1.92942762,0.106312309,1203.99981,3008656476
2,5465,694,128,2.25245547,0.106315597,1203.96258,3008656476
2,5466,695,128,2.17721033,0.106339051,1203.69703,3008656476
2,5467,696,128,2.71237946,0.1063177,1203.93876,3008656476
2,5468,697,128,2.59875894,0.10641147,1202.87785,3008656476
2,5469,698,128,2.15557599,0.119864296,1067.87429,3008656476
2,5470,699,128,2.24082947,0.106383866,1203.18996,3008656476
2,5471,700,128,2.77888441,0.106458989,1202.34093,3008656476
2,5472,701,128,2.31982827,0.106469692,1202.22006,3008656476
2,5473,702,128,2.05753994,0.10643144,1202.65215,3008656476
2,5474,703,128,1.79042161,0.106295487,1204.19035,3008656476
2,5475,704,128,2.2368598,0.106477714,1202.12949,3008656476
2,5476,705,128,2.48541021,0.106428402,1202.68648,3008656476
2,5477,706,128,2.42822552,0.106561072,1201.18912,3008656476
2,5478,707,128,2.30825639,0.106402981,1202.97382,3008656476
2,5479,708,128,1.86783767,0.118949762,1076.08454,3008656476
2,5480,709,128,2.60316277,0.10649664,1201.91585,3008656476
2,5481,710,128,1.6585592,0.106382832,1203.20166,3008656476
2,5482,711,128,2.28254056,0.106372778,1203.31538,3008656476
2,5483,712,128,2.09891176,0.106332628,1203.76974,3008656476
2,5484,713,128,2.34123039,0.106449146,1202.45211,3008656476
2,5485,714,128,1.72328341,0.10632527,1203.85304,3008656476
2,5486,715,128,1.33869672,0.106411352,1202.87918,3008656476
2,5487,716,128,1.70616889,0.106421323,1202.76648,3008656476
2,5488,717,128,2.39578342,0.106302868,1204.10674,3008656476
2,5489,718,128,2.70783949,0.111146601,1151.63216,3008656476
2,5490,719,128,2.61239386,0.106307825,1204.0506,3008656476
2,5491,720,128,2.53528404,0.106233035,1204.89827,3008656476
2,5492,721,128,2.52812719,0.106317884,1203.93668,3008656476
2,5493,722,128,2.09709191,0.10637473,1203.2933,3008656476
2,5494,723,128,2.6299994,0.106408196,1202.91486,3008656476
2,5495,724,128,2.05368638,0.106320273,1203.90963,3008656476
2,5496,725,128,2.29737639,0.106401723,1202.98804,3008656476
2,5497,726,128,2.04355955,0.106257498,1204.62087,3008656476
2,5498,727,128,2.60622835,0.120188552,1064.99328,3008656476
2,5499,728,128,2.19674563,0.106649434,1200.1939,3008656476
2,5500,729,128,2.28058457,0.106348156,1203.59398,3008656476
2,5501,730,128,2.07903385,0.106196808,1205.3093,3008656476
2,5502,731,128,2.6516273,0.10641773,1202.80709,3008656476
2,5503,732,128,2.11530209,0.106267507,1204.50741,3008656476
2,5504,733,128,1.84275079,0.10649827,1201.89746,3008656476
2,5505,734,128,1.70340157,0.106322559,1203.88374,3008656476
2,5506,735,128,1.51963782,0.106371132,1203.334,3008656476
2,5507,736,128,1.65555441,0.106362235,1203.43466,3008656476
2,5508,737,128,1.5682267,0.118757311,1077.82838,3008656476
2,5509,738,128,1.68908286,0.106323541,1203.87262,3008656476
2,5510,739,128,1.91458809,0.106331119,1203.78682,3008656476
2,5511,740,128,1.80410743,0.106296294,1204.18121,3008656476
2,5512,741,128,2.05789375,0.1063899,1203.12172,3008656476
2,5513,742,128,2.07070112,0.106293135,1204.217,3008656476
2,5514,743,128,2.16832805,0.106216899,1205.08131,3008656476
2,5515,744,128,1.92485631,0.106489896,1201.99197,3008656476
2,5516,745,128,1.35661852,0.106311926,1204.00415,3008656476
2,5517,746,128,1.45210874,0.106255756,1204.64062,3008656476
2,5518,747,128,1.76388502,0.118328082,1081.73815,3008656476
2,5519,748,128,2.27119303,0.106210026,1205.15929,3008656476
2,5520,749,128,2.45406127,0.106423837,1202.73807,3008656476
2,5521,750,128,2.04578972,0.106374811,1203.29238,3008656476
2,5522,751,128,2.229074,0.10622205,1205.02287,3008656476
2,5523,752,128,1.801808,0.106246361,1204.74714,3008656476
2,5524,753,128,1.96049464,0.106370712,1203.33875,3008656476
2,5525,754,128,1.98736274,0.106190141,1205.38497,3008656476
2,5526,755,128,1.98236072,0.106363043,1203.42552,3008656476
2,5527,756,128,2.30917954,0.106318681,1203.92765,3008656476
2,5528,757,128,1.53667676,0.120774765,1059.82405,3008656476
2,5529,758,128,2.21059895,0.106261701,1204.57323,3008656476
2,5530,759,128,1.84862828,0.106377821,1203.25834,3008656476
2,5531,760,128,2.1850121,0.106328006,1203.82207,3008656476
2,5532,761,128,2.31512833,0.106344847,1203.63143,3008656476
2,5533,762,128,2.60265756,0.106191132,1205.37372,3008656476
2,5534,763,128,2.311553,0.106382167,1203.20918,3008656476
2,5535,764,128,2.64998412,0.106402084,1202.98396,3008656476
2,5536,765,128,2.57492447,0.106244459,1204.76871,3008656476
2,5537,766,128,2.18881273,0.106335969,1203.73192,3008656476
2,5538,767,128,2.56866741,0.110883031,1154.3696,3008656476
2,5539,768,128,2.01696968,0.106428877,1202.68111,3008656476
2,5540,769,128,2.15077758,0.106237747,1204.84483,3008656476
2,5541,770,128,1.91000736,0.10603277,1207.17397,3008656476
2,5542,771,128,2.66671586,0.106369252,1203.35527,3008656476
2,5543,772,128,1.9916954,0.106346548,1203.61218,3008656476
2,5544,773,128,1.8934437,0.106398155,1203.02838,3008656476
2,5545,774,128,2.06787586,0.106388616,1203.13625,3008656476
2,5546,775,128,2.29500437,0.10635508,1203.51562,3008656476
2,5547,776,128,2.51083255,0.118467138,1080.46841,3008656476
2,5548,777,128,2.4289434,0.106423729,1202.73929,3008656476
2,5549,778,128,2.18827176,0.10627935,1204.37319,3008656476
2,5550,779,128,2.21584988,0.10643926,1202.56379,3008656476
2,5551,780,128,1.97896194,0.10633239,1203.77243,3008656476
2,5552,781,128,1.8991214,0.106454417,1202.39257,3008656476
2,5553,782,128,1.76358163,0.106387192,1203.15235,3008656476
2,5554,783,128,1.58050919,0.106499176,1201.88723,3008656476
2,5555,784,128,2.27016497,0.106309378,1204.03301,3008656476
2,5556,785,128,2.30792975,0.106371131,1203.33401,3008656476
2,5557,786,128,2.18016791,0.119453234,1071.54905,3008656476
2,5558,787,128,2.53335905,0.106257101,1204.62537,3008656476
2,5559,788,128,2.53077602,0.106332097,1203.77575,3008656476
2,5560,789,128,2.64561677,0.106406772,1202.93096,3008656476
2,5561,790,128,2.40513086,0.106336681,1203.72386,3008656476
2,5562,791,128,2.70277762,0.106313082,1203.99106,3008656476
2,5563,792,128,2.15961194,0.106324109,1203.86619,3008656476
2,5564,793,128,2.38296318,0.107463055,1191.10703,3008656476
2,5565,794,128,2.02952957,0.106362415,1203.43262,3008656476
2,5566,795,128,2.24072194,0.106324094,1203.86636,3008656476
2,5567,796,128,2.63031483,0.118550773,1079.70616,3008656476
2,5568,797,128,2.15071702,0.106397525,1203.0355,3008656476
2,5569,798,128,2.31361389,0.106386319,1203.16222,3008656476
2,5570,799,128,2.20068574,0.106348708,1203.58773,3008656476
2,5571,800,128,2.57280421,0.106396244,1203.04999,3008656476
2,5572,801,128,2.33805466,0.10642892,1202.68062,3008656476
2,5573,802,128,2.68974185,0.106356132,1203.50372,3008656476
2,5574,803,128,2.18283653,0.106392851,1203.08835,3008656476
2,5575,804,128,2.49748826,0.106378479,1203.25089,3008656476
2,5576,805,128,2.89399076,0.106341189,1203.67283,3008656476
2,5577,806,128,2.83950305,0.121496067,1053.53205,3008656476
2,5578,807,128,2.4304955,0.106310491,1204.0204,3008656476
2,5579,808,128,1.98871183,0.106511559,1201.7475,3008656476
2,5580,809,128,2.04259276,0.106317139,1203.94511,3008656476
2,5581,810,128,2.03689384,0.106408535,1202.91103,3008656476
2,5582,811,128,2.14694548,0.106294898,1204.19703,3008656476
2,5583,812,128,2.714324,0.106336394,1203.72711,3008656476
2,5584,813,128,2.35353065,0.106382762,1203.20245,3008656476
2,5585,814,128,1.97164726,0.106363793,1203.41703,3008656476
2,5586,815,128,1.81352949,0.106460937,1202.31893,3008656476
2,5587,816,128,2.68986297,0.109452977,1169.45197,3008656476
2,5588,817,128,2.41031885,0.106391974,1203.09827,3008656476
2,5589,818,128,2.21474266,0.106336709,1203.72354,3008656476
2,5590,819,128,2.03668261,0.106404329,1202.95858,3008656476
2,5591,820,128,1.93383777,0.106427657,1202.6949,3008656476
2,5592,821,128,2.23936391,0.106258175,1204.6132,3008656476
2,5593,822,128,2.03040314,0.106254824,1204.65119,3008656476
2,5594,823,128,2.70471978,0.106372315,1203.32062,3008656476
2,5595,824,128,2.534374,0.106222129,1205.02198,3008656476
2,5596,825,128,2.2049799,0.11847387,1080.40701,3008656476
2,5597,826,128,2.14281702,0.106397343,1203.03756,3008656476
2,5598,827,128,2.07497239,0.106399461,1203.01361,3008656476
2,5599,828,128,2.01352239,0.106343396,1203.64785,3008656476
2,5600,829,128,2.14677405,0.106499017,1201.88903,3008656476
2,5601,830,128,2.4680438,0.106302661,1204.10909,3008656476
2,5602,831,128,1.60692596,0.106423829,1202.73816,3008656476
2,5603,832,128,2.27579045,0.106397436,1203.03651,3008656476
2,5604,833,128,2.60065055,0.106387336,1203.15072,3008656476
2,5605,834,128,2.58402252,0.106307562,1204.05357,3008656476
2,5606,835,128,2.23446941,0.118399115,1081.08916,3008656476
2,5607,836,128,1.97076535,0.106419124,1202.79133,3008656476
2,5608,837,128,2.38063526,0.106430517,1202.66258,3008656476
2,5609,838,128,2.06318879,0.106421407,1202.76553,3008656476
2,5610,839,128,2.57547569,0.106490494,1201.98522,3008656476
2,5611,840,128,2.25505781,0.10625575,1204.64069,3008656476
2,5612,841,128,1.87827337,0.106354114,1203.52655,3008656476
2,5613,842,128,1.84364963,0.106329524,1203.80488,3008656476
2,5614,843,128,2.5607934,0.106326124,1203.84338,3008656476
2,5615,844,128,1.88056612,0.106296931,1204.17399,3008656476
2,5616,845,128,2.49742222,0.119583765,1070.37941,3008656476
2,5617,846,128,2.18278766,0.106276808,1204.402,3008656476
2,5618,847,128,2.79122496,0.106436549,1202.59442,3008656476
2,5619,848,128,2.02724409,0.106322288,1203.88681,3008656476
2,5620,849,128,2.0955565,0.106287267,1204.28348,3008656476
2,5621,850,128,2.07284665,0.106332908,1203.76657,3008656476
2,5622,851,128,2.12993407,0.106421353,1202.76614,3008656476
2,5623,852,128,1.60189188,0.106364656,1203.40727,3008656476
2,5624,853,128,2.14841127,0.106467394,1202.24601,3008656476
2,5625,854,128,2.49741793,0.106358274,1203.47948,3008656476
2,5626,855,128,2.14385366,0.120572666,1061.60048,3008656476
2,5627,856,128,2.43832421,0.106313069,1203.9912,3008656476
2,5628,857,128,2.0626142,0.106291584,1204.23457,3008656476
2,5629,858,128,2.44216299,0.10624053,1204.81327,3008656476
2,5630,859,128,2.14366961,0.10635755,1203.48767,3008656476
2,5631,860,128,2.38271451,0.106409019,1202.90555,3008656476
2,5632,861,128,2.49465227,0.106276293,1204.40784,3008656476
2,5633,862,128,2.02546763,0.09311042,1374.71187,3008656476
2,5634,863,128,1.76388144,0.106271635,1204.46063,3008656476
2,5635,864,128,2.11932278,0.118663714,1078.67853,3008656476
2,5636,865,128,1.90464497,0.104571154,1224.04693,3008656476
2,5637,866,128,2.15131831,0.106340852,1203.67665,3008656476
2,5638,867,128,2.30694652,0.106371668,1203.32794,3008656476
2,5639,868,128,2.24604201,0.106415209,1202.83558,3008656476
2,5640,869,128,2.30962348,0.106316338,1203.95418,3008656476
2,5641,870,128,2.59002924,0.106285687,1204.30138,3008656476
2,5642,871,128,2.06721783,0.106251397,1204.69004,3008656476
2,5643,872,128,2.19132924,0.10646598,1202.26198,3008656476
2,5644,873,128,2.04515147,0.10645525,1202.38316,3008656476
2,5645,874,128,2.51254201,0.118974458,1075.86117,3008656476
2,5646,875,128,2.0480206,0.106358563,1203.47621,3008656476
2,5647,876,128,2.19721985,0.106382234,1203.20842,3008656476
2,5648,877,128,1.69226909,0.106333272,1203.76245,3008656476
2,5649,878,128,2.09165931,0.10628582,1204.29988,3008656476
2,5650,879,128,2.1327579,0.106280413,1204.36115,3008656476
2,5651,880,128,2.31698895,0.106294029,1204.20687,3008656476
2,5652,881,128,2.85418749,0.1062547,1204.65259,3008656476
2,5653,882,128,3.14347816,0.106414796,1202.84025,3008656476
2,5654,883,128,2.59970093,0.106190259,1205.38363,3008656476
2,5655,884,128,1.88361073,0.118648971,1078.81256,3008656476
2,5656,885,128,2.72069216,0.106398841,1203.02062,3008656476
2,5657,886,128,2.16097784,0.106281078,1204.35361,3008656476
2,5658,887,128,2.42917275,0.107078788,1195.38148,3008656476
2,5659,888,128,2.04412937,0.106446953,1202.47688,3008656476
2,5660,889,128,2.50799561,0.106280691,1204.358,3008656476
2,5661,890,128,1.9206624,0.106489235,1201.99943,3008656476
2,5662,891,128,1.78502309,0.106307279,1204.05678,3008656476
2,5663,892,128,2.43645954,0.106435698,1202.60404,3008656476
2,5664,893,128,2.45849419,0.106337865,1203.71046,3008656476
2,5665,894,128,2.43412805,0.120254104,1064.41274,3008656476
2,5666,895,128,2.4668417,0.10630404,1204.09347,3008656476
2,5667,896,128,1.68704247,0.106347463,1203.60182,3008656476
2,5668,897,128,1.867782,0.10630046,1204.13402,3008656476
2,5669,898,128,1.63888693,0.106329579,1203.80426,3008656476
2,5670,899,128,1.86192548,0.106476455,1202.1437,3008656476
2,5671,900,128,1.81870174,0.106243467,1204.77996,3008656476
2,5672,901,128,1.91225874,0.106322815,1203.88084,3008656476
2,5673,902,128,1.85053134,0.106226879,1204.96809,3008656476
2,5674,903,128,2.17457008,0.106601288,1200.73596,3008656476
2,5675,904,128,1.87827206,0.115789198,1105.45718,3008656476
2,5676,905,128,2.04344821,0.106450268,1202.43943,3008656476
2,5677,906,128,2.30320334,0.1064029,1202.97473,3008656476
2,5678,907,128,2.41679311,0.106344413,1203.63634,3008656476
2,5679,908,128,2.23880577,0.106433354,1202.63052,3008656476
2,5680,909,128,2.09246898,0.106577187,1201.00749,3008656476
2,5681,910,128,2.17023253,0.106290773,1204.24376,3008656476
2,5682,911,128,2.15326571,0.106324643,1203.86014,3008656476
2,5683,912,128,2.57183099,0.106289436,1204.25891,3008656476
2,5684,913,128,1.97511196,0.116572564,1098.02852,3008656476
2,5685,914,128,2.75967503,0.105313573,1215.41788,3008656476
2,5686,915,128,2.60580111,0.106390954,1203.10981,3008656476
2,5687,916,128,2.07860136,0.106361648,1203.4413,3008656476
2,5688,917,128,1.8516475,0.10633496,1203.74334,3008656476
2,5689,918,128,2.18673086,0.106367909,1203.37046,3008656476
2,5690,919,128,1.98999405,0.10637499,1203.29036,3008656476
2,5691,920,128,2.26738977,0.106211727,1205.13999,3008656476
2,5692,921,128,2.2258544,0.106345061,1203.62901,3008656476
2,5693,922,128,2.39741898,0.106267482,1204.5077,3008656476
2,5694,923,128,2.63290405,0.120243321,1064.50819,3008656476
2,5695,924,128,2.02892685,0.106374009,1203.30146,3008656476
2,5696,925,128,2.47782612,0.106257656,1204.61908,3008656476
2,5697,926,128,2.0415535,0.106189023,1205.39766,3008656476
2,5698,927,128,1.77708054,0.10648294,1202.07049,3008656476
2,5699,928,128,2.09858775,0.106392432,1203.09309,3008656476
2,5700,929,128,1.95894718,0.106490043,1201.99031,3008656476
2,5701,930,128,1.84530675,0.106390435,1203.11567,3008656476
2,5702,931,128,2.09802747,0.106388367,1203.13906,3008656476
2,5703,932,128,2.13949919,0.106385612,1203.17022,3008656476
2,5704,933,128,2.11518931,0.118471077,1080.43248,3008656476
2,5705,934,128,2.14458799,0.106286071,1204.29703,3008656476
2,5706,935,128,2.05029106,0.106265554,1204.52955,3008656476
2,5707,936,128,1.91909075,0.106368042,1203.36896,3008656476
2,5708,937,128,1.97331941,0.106315993,1203.95809,3008656476
2,5709,938,128,2.37617564,0.10626238,1204.56553,3008656476
2,5710,939,128,2.20292473,0.106373779,1203.30406,3008656476
2,5711,940,128,2.21688724,0.106451876,1202.42127,3008656476
2,5712,941,128,1.96137857,0.106302025,1204.11629,3008656476
2,5713,942,128,2.0122776,0.10619334,1205.34866,3008656476
2,5714,943,128,2.04504299,0.121609399,1052.55022,3008656476
2,5715,944,128,2.77452612,0.106287392,1204.28207,3008656476
2,5716,945,128,2.43748903,0.10615383,1205.79728,3008656476
2,5717,946,128,2.09983301,0.106395881,1203.05409,3008656476
2,5718,947,128,2.38465977,0.106275585,1204.41586,3008656476
2,5719,948,128,2.8585794,0.106278497,1204.38286,3008656476
2,5720,949,128,2.76490211,0.106405145,1202.94935,3008656476
2,5721,950,128,2.30914044,0.106290869,1204.24267,3008656476
2,5722,951,128,1.82577014,0.106259919,1204.59343,3008656476
2,5723,952,128,1.85015512,0.106323925,1203.86827,3008656476
2,5724,953,128,2.40948248,0.115126285,1111.82255,3008656476
2,5725,954,128,2.37382007,0.106203048,1205.23848,3008656476
2,5726,955,128,1.74540436,0.106411323,1202.87951,3008656476
2,5727,956,128,2.54837823,0.106340599,1203.67951,3008656476
2,5728,957,128,2.30958128,0.106269038,1204.49006,3008656476
2,5729,958,128,2.12068248,0.106426358,1202.70958,3008656476
2,5730,959,128,2.2986114,0.10634852,1203.58986,3008656476
2,5731,960,128,2.15549684,0.106331896,1203.77803,3008656476
2,5732,961,128,2.02711749,0.106248014,1204.7284,3008656476
2,5733,962,128,2.23952937,0.118323791,1081.77737,3008656476
2,5734,963,128,2.13176298,0.104748564,1221.97379,3008656476
2,5735,964,128,1.8752054,0.106439531,1202.56073,3008656476
2,5736,965,128,1.83211827,0.106364041,1203.41423,3008656476
2,5737,966,128,2.08576798,0.106378903,1203.2461,3008656476
2,5738,967,128,2.6741066,0.10652654,1201.5785,3008656476
2,5739,968,128,2.31950355,0.106272116,1204.45517,3008656476
2,5740,969,128,1.90741408,0.106342598,1203.65688,3008656476
2,5741,970,128,1.96967459,0.106398939,1203.01952,3008656476
2,5742,971,128,2.39682865,0.106306543,1204.06512,3008656476
2,5743,972,128,1.8230176,0.118882588,1076.69258,3008656476
2,5744,973,128,1.95072949,0.106242179,1204.79457,3008656476
2,5745,974,128,1.99076295,0.10640651,1202.93392,3008656476
2,5746,975,128,2.23332238,0.10636816,1203.36762,3008656476
2,5747,976,128,2.34740877,0.106407998,1202.9171,3008656476
2,5748,977,128,2.14587522,0.106240477,1204.81387,3008656476
2,5749,978,128,2.30030012,0.106221542,1205.02864,3008656476
2,5750,979,128,2.41158247,0.106254482,1204.65507,3008656476
2,5751,980,128,2.1472075,0.10618444,1205.44969,3008656476
2,5752,981,128,2.28836989,0.106367709,1203.37273,3008656476
2,5753,982,128,1.94199872,0.119025322,1075.40142,3008656476
2,5754,983,128,2.10942817,0.106380671,1203.2261,3008656476
2,5755,984,128,1.97977519,0.106187493,1205.41503,3008656476
2,5756,985,128,1.90393341,0.106356099,1203.50409,3008656476
2,5757,986,128,1.68015254,0.106468548,1202.23298,3008656476
2,5758,987,128,1.87831736,0.106367857,1203.37105,3008656476
2,5759,988,128,1.92246568,0.106264268,1204.54413,3008656476
2,5760,989,128,2.13832593,0.106310667,1204.01841,3008656476
2,5761,990,128,1.94314039,0.106298267,1204.15886,3008656476
2,5762,991,128,1.80272925,0.106385863,1203.16738,3008656476
2,5763,992,128,2.14743137,0.119290833,1073.00785,3008656476
2,5764,993,128,1.58583915,0.106463548,1202.28944,3008656476
2,5765,994,128,1.5826782,0.106363995,1203.41475,3008656476
2,5766,995,128,1.64535213,0.106447029,1202.47602,3008656476
2,5767,996,128,2.02132297,0.106486206,1202.03362,3008656476
2,5768,997,128,2.17582774,0.10632223,1203.88747,3008656476
2,5769,998,128,1.94412565,0.106354099,1203.52672,3008656476
2,5770,999,128,2.01959181,0.106465899,1202.2629,3008656476
2,5771,1000,128,2.31347203,0.106342894,1203.65353,3008656476
2,5772,1001,128,1.97859871,0.106453644,1202.4013,3008656476
2,5773,1002,128,2.01608801,0.114834226,1114.65026,3008656476
2,5774,1003,128,1.92001164,0.106323525,1203.8728,3008656476
2,5775,1004,128,2.38124919,0.106403863,1202.96384,3008656476
2,5776,1005,128,2.04136562,0.106300975,1204.12818,3008656476
2,5777,1006,128,2.51149464,0.106308412,1204.04395,3008656476
2,5778,1007,128,2.1940887,0.106325406,1203.8515,3008656476
2,5779,1008,128,1.81230152,0.106294925,1204.19672,3008656476
2,5780,1009,128,1.96595573,0.106368999,1203.35813,3008656476
2,5781,1010,128,1.98554182,0.106332591,1203.77016,3008656476
2,5782,1011,128,1.80426967,0.116670422,1097.10754,3008656476
2,5783,1012,128,2.01013231,0.105199273,1216.73845,3008656476
2,5784,1013,128,1.99300504,0.106318843,1203.92582,3008656476
2,5785,1014,128,1.99352348,0.106235757,1204.8674,3008656476
2,5786,1015,128,1.46384692,0.106366876,1203.38215,3008656476
2,5787,1016,128,1.87941706,0.106211232,1205.14561,3008656476
2,5788,1017,128,1.90904844,0.106376366,1203.2748,3008656476
2,5789,1018,128,2.06220889,0.106387571,1203.14806,3008656476
2,5790,1019,128,2.71770096,0.10627042,1204.4744,3008656476
2,5791,1020,128,2.48121023,0.106216519,1205.08562,3008656476
2,5792,1021,128,1.98704219,0.118031699,1084.45444,3008656476
2,5793,1022,128,2.0609796,0.1063343,1203.75081,3008656476
2,5794,1023,128,2.5745039,0.106299397,1204.14606,3008656476
2,5795,1024,128,2.50636196,0.106300838,1204.12974,3008656476
2,5796,1025,128,2.35060501,0.10636426,1203.41175,3008656476
2,5797,1026,128,1.96918058,0.106362891,1203.42724,3008656476
2,5798,1027,128,1.8133775,0.10624604,1204.75078,3008656476
2,5799,1028,128,1.73690593,0.106275482,1204.41703,3008656476
2,5800,1029,128,2.31369209,0.106163603,1205.68628,3008656476
2,5801,1030,128,1.71132302,0.106375473,1203.2849,3008656476
2,5802,1031,128,2.36051679,0.119746763,1068.92242,3008656476
2,5803,1032,128,1.94815385,0.106444599,1202.50347,3008656476
2,5804,1033,128,1.97360444,0.106321306,1203.89793,3008656476
2,5805,1034,128,2.43594456,0.106334348,1203.75027,3008656476
2,5806,1035,128,2.16644955,0.106291754,1204.23264,3008656476
2,5807,1036,128,2.14141536,0.106255266,1204.64618,3008656476
2,5808,1037,128,2.07103372,0.106334976,1203.74316,3008656476
2,5809,1038,128,1.7838757,0.106258361,1204.61109,3008656476
2,5810,1039,128,1.86196685,0.106423155,1202.74577,3008656476
2,5811,1040,128,2.29894853,0.106231627,1204.91424,3008656476
2,5812,1041,128,2.28973269,0.120534319,1061.93822,3008656476
2,5813,1042,128,2.22140837,0.10633846,1203.70372,3008656476
2,5814,1043,128,1.52538991,0.106271851,1204.45818,3008656476
2,5815,1044,128,1.79845428,0.106307388,1204.05555,3008656476
2,5816,1045,128,1.99002457,0.106350765,1203.56445,3008656476
2,5817,1046,128,1.94595015,0.106272595,1204.44975,3008656476
2,5818,1047,128,1.70679605,0.106336496,1203.72595,3008656476
2,5819,1048,128,2.35312986,0.106355858,1203.50682,3008656476
2,5820,1049,128,2.0829165,0.10636044,1203.45497,3008656476
2,5821,1050,128,2.15739822,0.106444198,1202.508,3008656476
2,5822,1051,128,2.02441382,0.115282809,1110.31299,3008656476
2,5823,1052,128,1.84421158,0.10637957,1203.23855,3008656476
2,5824,1053,128,2.03053451,0.106330294,1203.79616,3008656476
2,5825,1054,128,2.37602377,0.106258507,1204.60943,3008656476
2,5826,1055,128,1.53423131,0.106383217,1203.19731,3008656476
2,5827,1056,128,2.29744267,0.106377024,1203.26735,3008656476
2,5828,1057,128,2.44926596,0.10629101,1204.24107,3008656476
2,5829,1058,128,2.08220744,0.106381736,1203.21406,3008656476
2,5830,1059,128,1.6361258,0.106267824,1204.50382,3008656476
2,5831,1060,128,2.5023315,0.116583094,1097.92934,3008656476
2,5832,1061,128,2.44653916,0.10468274,1222.74216,3008656476
2,5833,1062,128,2.37728095,0.106331925,1203.7777,3008656476
2,5834,1063,128,2.0592761,0.106405715,1202.94291,3008656476
2,5835,1064,128,1.86786878,0.106232429,1204.90514,3008656476
2,5836,1065,128,2.00054312,0.106405958,1202.94016,3008656476
2,5837,1066,128,1.9594208,0.10620947,1205.1656,3008656476
2,5838,1067,128,2.15632105,0.106410391,1202.89004,3008656476
2,5839,1068,128,2.17573786,0.106324705,1203.85944,3008656476
2,5840,1069,128,2.65900302,0.106459541,1202.3347,3008656476
2,5841,1070,128,2.13584065,0.118092729,1083.894,3008656476
2,5842,1071,128,2.3415401,0.106509638,1201.76918,3008656476
2,5843,1072,128,2.00092483,0.106301844,1204.11834,3008656476
2,5844,1073,128,2.63200402,0.106353721,1203.531,3008656476
2,5845,1074,128,2.58897662,0.106311355,1204.01062,3008656476
2,5846,1075,128,2.3031342,0.10638898,1203.13213,3008656476
2,5847,1076,128,2.63852954,0.107325971,1192.62839,3008656476
2,5848,1077,128,2.43687129,0.106466822,1202.25247,3008656476
2,5849,1078,128,2.5971911,0.106527631,1201.56619,3008656476
2,5850,1079,128,2.81731725,0.106372073,1203.32336,3008656476
2,5851,1080,128,2.11363006,0.181048119,706.994365,3008656476
2,5852,1081,128,1.27685928,0.094726959,1351.25208,3008656476
2,5853,1082,128,1.83554256,0.106317023,1203.94643,3008656476
2,5854,1083,128,2.57212138,0.106428512,1202.68524,3008656476
2,5855,1084,128,2.2924037,0.106284248,1204.31769,3008656476
2,5856,1085,128,2.49845171,0.106356399,1203.50069,3008656476
2,5857,1086,128,2.27034712,0.106323392,1203.87431,3008656476
2,5858,1087,128,2.00533938,0.106283755,1204.32328,3008656476
2,5859,1088,128,1.76508534,0.106403336,1202.9698,3008656476
2,5860,1089,128,1.9561373,0.120168059,1065.1749,3008656476
2,5861,1090,128,2.22252822,0.106740167,1199.17369,3008656476
2,5862,1091,128,2.3637526,0.10637927,1203.24195,3008656476
2,5863,1092,128,1.78128147,0.106311548,1204.00843,3008656476
2,5864,1093,128,2.53924203,0.106281597,1204.34773,3008656476
2,5865,1094,128,2.07082844,0.106246561,1204.74488,3008656476
2,5866,1095,128,2.04578161,0.106215791,1205.09388,3008656476
2,5867,1096,128,1.86372197,0.106273292,1204.44185,3008656476
2,5868,1097,128,2.00639296,0.10649236,1201.96416,3008656476
2,5869,1098,128,2.31813979,0.106323019,1203.87853,3008656476
2,5870,1099,128,2.59819508,0.120392424,1063.18982,3008656476
2,5871,1100,128,2.31991553,0.106312946,1203.9926,3008656476
2,5872,1101,128,2.41112733,0.106304555,1204.08763,3008656476
2,5873,1102,128,2.21048069,0.15311947,835.948557,3008656476
2,5874,1103,128,2.47697473,0.107621382,1189.35473,3008656476
2,5875,1104,128,2.10737705,0.107403906,1191.76299,3008656476
2,5876,1105,128,2.64451504,0.10626435,1204.5432,3008656476
2,5877,1106,128,2.19134903,0.106556564,1201.23993,3008656476
2,5878,1107,128,2.24035692,0.106371926,1203.32502,3008656476
2,5879,1108,128,1.98698914,0.121239169,1055.76441,3008656476
2,5880,1109,128,1.81132936,0.106262163,1204.56799,3008656476
2,5881,1110,128,2.14929843,0.106255576,1204.64266,3008656476
2,5882,1111,128,2.12031817,0.106183696,1205.45813,3008656476
2,5883,1112,128,1.6731751,0.106413543,1202.85441,3008656476
2,5884,1113,128,1.78673398,0.106285075,1204.30832,3008656476
2,5885,1114,128,2.6425159,0.106233379,1204.89437,3008656476
2,5886,1115,128,1.59945273,0.106161084,1205.71489,3008656476
2,5887,1116,128,1.82207847,0.106254408,1204.6559,3008656476
2,5888,1117,128,1.66031086,0.106193184,1205.35043,3008656476
2,5889,1118,128,2.17261028,0.11264718,1136.29121,3008656476
2,5890,1119,128,1.87286663,0.106642894,1200.2675,3008656476
2,5891,1120,128,1.52334213,0.106353686,1203.53139,3008656476
2,5892,1121,128,1.76236403,0.106202396,1205.24588,3008656476
2,5893,1122,128,1.82324421,0.106237335,1204.8495,3008656476
2,5894,1123,128,1.48667109,0.106242535,1204.79053,3008656476
2,5895,1124,128,1.38258255,0.106235828,1204.86659,3008656476
2,5896,1125,128,2.13773036,0.106229298,1204.94066,3008656476
2,5897,1126,128,1.64575958,0.106288459,1204.26998,3008656476
2,5898,1127,128,2.6032927,0.116289875,1100.69772,3008656476
2,5899,1128,128,2.10780382,0.105704816,1210.91928,3008656476
2,5900,1129,128,1.62865615,0.106257977,1204.61544,3008656476
2,5901,1130,128,2.14042354,0.106325273,1203.85301,3008656476
2,5902,1131,128,2.01209688,0.106262176,1204.56784,3008656476
2,5903,1132,128,1.85709882,0.10633272,1203.7687,3008656476
2,5904,1133,128,1.70374417,0.106211053,1205.14764,3008656476
2,5905,1134,128,2.33389306,0.106250854,1204.6962,3008656476
2,5906,1135,128,2.33540487,0.106220891,1205.03602,3008656476
2,5907,1136,128,2.16695857,0.106254035,1204.66013,3008656476
2,5908,1137,128,2.0978241,0.117819662,1086.4061,3008656476
2,5909,1138,128,2.02452278,0.106386972,1203.15484,3008656476
2,5910,1139,128,1.84330118,0.106222259,1205.0205,3008656476
2,5911,1140,128,1.99819851,0.106237558,1204.84697,3008656476
2,5912,1141,128,2.05336642,0.106128578,1206.08419,3008656476
2,5913,1142,128,2.04315639,0.106230406,1204.92809,3008656476
2,5914,1143,128,2.04897523,0.10630664,1204.06402,3008656476
2,5915,1144,128,1.77707398,0.106265153,1204.5341,3008656476
2,5916,1145,128,1.88853276,0.106182019,1205.47717,3008656476
2,5917,1146,128,2.31912446,0.106222385,1205.01907,3008656476
2,5918,1147,128,2.32740402,0.120043483,1066.28029,3008656476
2,5919,1148,128,2.19082093,0.106163387,1205.68874,3008656476
2,5920,1149,128,2.27267742,0.106330366,1203.79535,3008656476
2,5921,1150,128,2.22820592,0.106208576,1205.17575,3008656476
2,5922,1151,128,2.17900014,0.106290175,1204.25053,3008656476
2,5923,1152,128,2.50361681,0.106267527,1204.50719,3008656476
2,5924,1153,128,2.32699776,0.10610093,1206.39847,3008656476
2,5925,1154,128,2.33232498,0.10625567,1204.6416,3008656476
2,5926,1155,128,2.36792421,0.106202426,1205.24554,3008656476
2,5927,1156,128,2.17590642,0.106306073,1204.07044,3008656476
2,5928,1157,128,2.66337299,0.120303717,1063.97378,3008656476
2,5929,1158,128,1.98561656,0.10636951,1203.35235,3008656476
2,5930,1159,128,2.47859716,0.10621488,1205.10422,3008656476
2,5931,1160,128,2.42505598,0.106218441,1205.06382,3008656476
2,5932,1161,128,2.51631117,0.106166143,1205.65744,3008656476
2,5933,1162,128,1.91673887,0.106123409,1206.14293,3008656476
2,5934,1163,128,1.90299082,0.106232296,1204.90665,3008656476
2,5935,1164,128,1.93724978,0.106024651,1207.26641,3008656476
2,5936,1165,128,2.53556943,0.10660993,1200.63863,3008656476
2,5937,1166,128,2.29251146,0.106141632,1205.93586,3008656476
2,5938,1167,128,2.65579104,0.116312702,1100.4817,3008656476
2,5939,1168,128,2.22510386,0.106130383,1206.06368,3008656476
2,5940,1169,128,2.45511246,0.106237958,1204.84243,3008656476
2,5941,1170,128,2.37161684,0.106136317,1205.99625,3008656476
2,5942,1171,128,2.38301635,0.106286084,1204.29689,3008656476
2,5943,1172,128,2.24092603,0.106125928,1206.11431,3008656476
2,5944,1173,128,2.28015232,0.106204641,1205.2204,3008656476
2,5945,1174,128,2.605896,0.106170259,1205.6107,3008656476
2,5946,1175,128,2.30197692,0.106141735,1205.93469,3008656476
2,5947,1176,128,2.45440364,0.118686903,1078.46777,3008656476
2,5948,1177,128,2.29344416,0.104438093,1225.60645,3008656476
2,5949,1178,128,2.0135994,0.106080498,1206.63084,3008656476
2,5950,1179,128,2.26066661,0.106226883,1204.96805,3008656476
2,5951,1180,128,2.49255991,0.106062437,1206.83631,3008656476
2,5952,1181,128,2.16813684,0.106274878,1204.42387,3008656476
2,5953,1182,128,2.29927802,0.106191822,1205.36589,3008656476
2,5954,1183,128,1.59082198,0.106167426,1205.64287,3008656476
2,5955,1184,128,1.74587286,0.106036491,1207.13161,3008656476
2,5956,1185,128,2.60566258,0.10624082,1204.80998,3008656476
2,5957,1186,128,2.47504616,0.118138103,1083.4777,3008656476
2,5958,1187,128,2.39693213,0.106454458,1202.39211,3008656476
2,5959,1188,128,2.39474416,0.10614253,1205.92565,3008656476
2,5960,1189,128,2.28861642,0.106198232,1205.29314,3008656476
2,5961,1190,128,2.01354003,0.106074949,1206.69396,3008656476
2,5962,1191,128,1.72665238,0.106091262,1206.50841,3008656476
2,5963,1192,128,2.02893353,0.106059965,1206.86444,3008656476
2,5964,1193,128,2.05528736,0.106135012,1206.01108,3008656476
2,5965,1194,128,1.56633329,0.106127162,1206.10028,3008656476
2,5966,1195,128,1.63476348,0.106182948,1205.46663,3008656476
2,5967,1196,128,1.5360539,0.120498442,1062.2544,3008656476
2,5968,1197,128,2.13042903,0.10619505,1205.32925,3008656476
2,5969,1198,128,1.70125282,0.106129223,1206.07686,3008656476
2,5970,1199,128,2.15458798,0.106171331,1205.59852,3008656476
2,5971,1200,128,2.30219865,0.106034239,1207.15725,3008656476
2,5972,1201,128,2.66157699,0.106213158,1205.12376,3008656476
2,5973,1202,128,2.29425287,0.106118087,1206.20343,3008656476
2,5974,1203,128,1.99307168,0.106209068,1205.17016,3008656476
2,5975,1204,128,1.96691215,0.106168739,1205.62796,3008656476
2,5976,1205,128,2.31435633,0.106183271,1205.46296,3008656476
2,5977,1206,128,1.97100437,0.120953805,1058.25526,3008656476
2,5978,1207,128,2.29540992,0.106210062,1205.15889,3008656476
2,5979,1208,128,2.08439684,0.106048465,1206.99531,3008656476
2,5980,1209,128,1.90217972,0.106075721,1206.68518,3008656476
2,5981,1210,128,1.90575719,0.106128679,1206.08304,3008656476
2,5982,1211,128,2.27208114,0.106283573,1204.32534,3008656476
2,5983,1212,128,2.11462283,0.106177364,1205.53002,3008656476
2,5984,1213,128,1.80501628,0.106253481,1204.66641,3008656476
2,5985,1214,128,2.50265551,0.106320133,1203.91121,3008656476
2,5986,1215,128,2.40040231,0.106095971,1206.45486,3008656476
2,5987,1216,128,2.2122705,0.11593886,1104.03018,3008656476
2,5988,1217,128,2.37374187,0.106244036,1204.77351,3008656476
2,5989,1218,128,2.03854799,0.106346056,1203.61774,3008656476
2,5990,1219,128,2.46730328,0.106260204,1204.5902,3008656476
2,5991,1220,128,1.59436154,0.106857296,1197.85925,3008656476
2,5992,1221,128,1.98631942,0.10551766,1213.06708,3008656476
2,5993,1222,128,2.05169797,0.106363674,1203.41838,3008656476
2,5994,1223,128,2.05997562,0.106388902,1203.13301,3008656476
2,5995,1224,128,2.37744713,0.106269013,1204.49034,3008656476
2,5996,1225,128,2.29519701,0.117132424,1092.78025,3008656476
2,5997,1226,128,2.05313587,0.1045421,1224.38711,3008656476
2,5998,1227,128,2.27221942,0.106104416,1206.35884,3008656476
2,5999,1228,128,2.41450596,0.106101299,1206.39428,3008656476
2,6000,1229,128,2.05276155,0.106256729,1204.62959,3008656476
2,6001,1230,128,2.0512476,0.106144141,1205.90735,3008656476
2,6002,1231,128,1.82148254,0.106252073,1204.68238,3008656476
2,6003,1232,128,2.18301392,0.106151014,1205.82927,3008656476
2,6004,1233,128,2.11686015,0.106133034,1206.03355,3008656476
2,6005,1234,128,2.06662297,0.106136402,1205.99528,3008656476
2,6006,1235,128,2.09956741,0.1197931,1068.50895,3008656476
2,6007,1236,128,2.11600423,0.105860004,1209.14411,3008656476
2,6008,1237,128,2.0629344,0.106138236,1205.97444,3008656476
2,6009,1238,128,1.9703126,0.106025303,1207.25899,3008656476
2,6010,1239,128,2.17447996,0.106253123,1204.67047,3008656476
2,6011,1240,128,2.21585202,0.106116166,1206.22526,3008656476
2,6012,1241,128,1.38725007,0.106129432,1206.07448,3008656476
2,6013,1242,128,2.06861162,0.106058455,1206.88162,3008656476
2,6014,1243,128,1.43175876,0.106167946,1205.63696,3008656476
2,6015,1244,128,2.11885142,0.105962337,1207.97638,3008656476
2,6016,1245,128,1.83366966,0.119841109,1068.0809,3008656476
2,6017,1246,128,1.88829768,0.106099492,1206.41482,3008656476
2,6018,1247,128,1.54023802,0.106165831,1205.66098,3008656476
2,6019,1248,128,1.13225818,0.106099131,1206.41893,3008656476
2,6020,1249,128,1.19010186,0.106282682,1204.33543,3008656476
2,6021,1250,128,1.6210891,0.106163188,1205.691,3008656476
2,6022,1251,128,1.24197388,0.106260859,1204.58277,3008656476
2,6023,1252,128,1.63564384,0.106239645,1204.8233,3008656476
2,6024,1253,128,1.57078803,0.10624716,1204.73808,3008656476
2,6025,1254,128,1.53569329,0.106171073,1205.60145,3008656476
2,6026,1255,128,1.21505797,0.11808392,1083.97485,3008656476
2,6027,1256,128,1.54982197,0.106171795,1205.59326,3008656476
2,6028,1257,128,1.70682967,0.106163174,1205.69116,3008656476
2,6029,1258,128,1.16551411,0.106140988,1205.94317,3008656476
2,6030,1259,128,2.28232622,0.106111579,1206.2774,3008656476
2,6031,1260,128,2.50498819,0.106230766,1204.924,3008656476
2,6032,1261,128,2.1628201,0.106219346,1205.05355,3008656476
2,6033,1262,128,2.5007391,0.106063869,1206.82002,3008656476
2,6034,1263,128,2.27297211,0.097601502,1311.45523,3008656476
2,6035,1264,128,1.9326514,0.106277748,1204.39135,3008656476
2,6036,1265,128,2.00959873,0.116932861,1094.64524,3008656476
2,6037,1266,128,2.04874492,0.106142872,1205.92177,3008656476
2,6038,1267,128,2.11937881,0.106075311,1206.68984,3008656476
2,6039,1268,128,2.03410959,0.106148187,1205.86139,3008656476
2,6040,1269,128,2.13321066,0.106099885,1206.41036,3008656476
2,6041,1270,128,1.59458864,0.106293348,1204.21459,3008656476
2,6042,1271,128,1.93087101,0.106085287,1206.57637,3008656476
2,6043,1272,128,1.75582457,0.106173519,1205.57368,3008656476
2,6044,1273,128,2.48458076,0.106027914,1207.22926,3008656476
2,6045,1274,128,1.7397784,0.119420557,1071.84226,3008656476
2,6046,1275,128,2.35168123,0.1045979,1223.73394,3008656476
2,6047,1276,128,2.2543509,0.106392006,1203.09791,3008656476
2,6048,1277,128,1.74821687,0.106203223,1205.23649,3008656476
2,6049,1278,128,2.01807332,0.106340842,1203.67676,3008656476
2,6050,1279,128,2.23465991,0.106243292,1204.78195,3008656476
2,6051,1280,128,2.0359025,0.106279452,1204.37204,3008656476
2,6052,1281,128,2.22827554,0.106144152,1205.90723,3008656476
2,6053,1282,128,2.37408447,0.106268828,1204.49244,3008656476
2,6054,1283,128,1.53635538,0.106148725,1205.85528,3008656476
2,6055,1284,128,2.04403138,0.11940753,1071.9592,3008656476
2,6056,1285,128,2.43620086,0.106021553,1207.30169,3008656476
2,6057,1286,128,2.10416317,0.106169813,1205.61576,3008656476
2,6058,1287,128,2.09794521,0.106185645,1205.43601,3008656476
2,6059,1288,128,1.81497324,0.10602759,1207.23295,3008656476
2,6060,1289,128,1.62542462,0.106106301,1206.33741,3008656476
2,6061,1290,128,2.10479617,0.106106831,1206.33138,3008656476
2,6062,1291,128,2.20600772,0.106042229,1207.06629,3008656476
2,6063,1292,128,2.31138134,0.106203152,1205.2373,3008656476
2,6064,1293,128,1.85882592,0.165390069,773.927968,3008656476
2,6065,1294,128,1.87761056,0.108728077,1177.24882,3008656476
2,6066,1295,128,1.8269949,0.106015979,1207.36517,3008656476
2,6067,1296,128,1.8344568,0.106210504,1205.15387,3008656476
2,6068,1297,128,2.06036139,0.105972023,1207.86597,3008656476
2,6069,1298,128,2.22587442,0.106070874,1206.74032,3008656476
2,6070,1299,128,2.17004991,0.106027197,1207.23742,3008656476
2,6071,1300,128,2.2190249,0.106107789,1206.32049,3008656476
2,6072,1301,128,2.23325777,0.106027275,1207.23653,3008656476
2,6073,1302,128,1.91706383,0.106213803,1205.11644,3008656476
2,6074,1303,128,1.44489813,0.115344429,1109.71983,3008656476
2,6075,1304,128,1.95904779,0.105156247,1217.23629,3008656476
2,6076,1305,128,2.25466418,0.106164803,1205.67266,3008656476
2,6077,1306,128,2.11676502,0.106249217,1204.71476,3008656476
2,6078,1307,128,2.2526021,0.106084806,1206.58184,3008656476
2,6079,1308,128,1.60052681,0.106115672,1206.23088,3008656476
2,6080,1309,128,2.3409276,0.106202377,1205.24609,3008656476
2,6081,1310,128,2.58781385,0.106110997,1206.28402,3008656476
2,6082,1311,128,2.17983103,0.106125475,1206.11945,3008656476
2,6083,1312,128,1.88242126,0.106209862,1205.16116,3008656476
2,6084,1313,128,2.02551532,0.118959226,1075.99893,3008656476
2,6085,1314,128,2.06736326,0.106370944,1203.33613,3008656476
2,6086,1315,128,1.86015952,0.106238502,1204.83627,3008656476
2,6087,1316,128,2.12648106,0.106247752,1204.73137,3008656476
2,6088,1317,128,1.87655091,0.106251174,1204.69257,3008656476
2,6089,1318,128,1.43135774,0.106367203,1203.37845,3008656476
2,6090,1319,128,2.18249989,0.10637077,1203.3381,3008656476
2,6091,1320,128,2.37207389,0.106374164,1203.2997,3008656476
2,6092,1321,128,2.25027514,0.106286446,1204.29278,3008656476
2,6093,1322,128,2.41025019,0.106405538,1202.94491,3008656476
2,6094,1323,128,1.91045022,0.120845488,1059.2038,3008656476
2,6095,1324,128,1.45995831,0.106281566,1204.34808,3008656476
2,6096,1325,128,1.85676718,0.106135981,1206.00007,3008656476
2,6097,1326,128,2.27034688,0.106274518,1204.42795,3008656476
2,6098,1327,128,2.2860148,0.106168127,1205.63491,3008656476
2,6099,1328,128,2.30182099,0.10625535,1204.64522,3008656476
2,6100,1329,128,1.89145291,0.106152934,1205.80746,3008656476
2,6101,1330,128,2.17729425,0.106240321,1204.81564,3008656476
2,6102,1331,128,1.78911936,0.106240715,1204.81117,3008656476
2,6103,1332,128,2.13339853,0.106289473,1204.25849,3008656476
2,6104,1333,128,1.83253646,0.119887294,1067.66944,3008656476
2,6105,1334,128,2.24033403,0.106176021,1205.54527,3008656476
2,6106,1335,128,1.69698012,0.10611158,1206.27739,3008656476
2,6107,1336,128,2.08879972,0.106139136,1205.96422,3008656476
2,6108,1337,128,1.66329813,0.106095167,1206.464,3008656476
2,6109,1338,128,1.97953367,0.106113402,1206.25668,3008656476
2,6110,1339,128,1.90184426,0.106087394,1206.5524,3008656476
2,6111,1340,128,1.64733195,0.106277077,1204.39895,3008656476
2,6112,1341,128,1.92755973,0.106220726,1205.03789,3008656476
2,6113,1342,128,2.06114626,0.10623036,1204.92861,3008656476
2,6114,1343,128,1.69623494,0.115256653,1110.56496,3008656476
2,6115,1344,128,2.0042522,0.10612232,1206.15531,3008656476
2,6116,1345,128,1.95895541,0.106090871,1206.51286,3008656476
2,6117,1346,128,2.08768463,0.106094188,1206.47514,3008656476
2,6118,1347,128,1.64645338,0.106181992,1205.47748,3008656476
2,6119,1348,128,1.51208317,0.106195152,1205.32809,3008656476
2,6120,1349,128,2.15787077,0.106104742,1206.35513,3008656476
2,6121,1350,128,2.08465195,0.10622761,1204.9598,3008656476
2,6122,1351,128,2.07688999,0.106058073,1206.88597,3008656476
2,6123,1352,128,1.63833451,0.118767063,1077.73988,3008656476
2,6124,1353,128,1.69241917,0.104521619,1224.62703,3008656476
2,6125,1354,128,1.99232602,0.10622339,1205.00767,3008656476
2,6126,1355,128,1.76812327,0.106106085,1206.33986,3008656476
2,6127,1356,128,1.97239602,0.106216341,1205.08764,3008656476
2,6128,1357,128,2.2072866,0.106154974,1205.78429,3008656476
2,6129,1358,128,2.00288272,0.106125738,1206.11647,3008656476
2,6130,1359,128,1.86458814,0.106142308,1205.92818,3008656476
2,6131,1360,128,1.59434247,0.106247456,1204.73473,3008656476
2,6132,1361,128,2.34051895,0.106171695,1205.59439,3008656476
2,6133,1362,128,2.13354659,0.119506684,1071.0698,3008656476
2,6134,1363,128,2.10394144,0.105804927,1209.77353,3008656476
2,6135,1364,128,1.6948458,0.106209347,1205.167,3008656476
2,6136,1365,128,2.23998785,0.106134246,1206.01978,3008656476
2,6137,1366,128,2.10820937,0.106128205,1206.08843,3008656476
2,6138,1367,128,2.4360311,0.106176134,1205.54399,3008656476
2,6139,1368,128,2.10912347,0.106244267,1204.77089,3008656476
2,6140,1369,128,2.12256002,0.106223365,1205.00796,3008656476
2,6141,1370,128,1.69093895,0.10629894,1204.15124,3008656476
2,6142,1371,128,2.06338501,0.106219934,1205.04688,3008656476
2,6143,1372,128,1.73307621,0.120864528,1059.03694,3008656476
2,6144,1373,128,2.34362173,0.106073512,1206.7103,3008656476
2,6145,1374,128,2.44783521,0.10619164,1205.36796,3008656476
2,6146,1375,128,2.56491661,0.106143113,1205.91903,3008656476
2,6147,1376,128,2.60548472,0.106139041,1205.9653,3008656476
2,6148,1377,128,2.19434381,0.105947311,1208.1477,3008656476
2,6149,1378,128,1.98237216,0.106105491,1206.34662,3008656476
2,6150,1379,128,1.94604278,0.106048454,1206.99544,3008656476
2,6151,1380,128,2.27278852,0.106207394,1205.18916,3008656476
2,6152,1381,128,1.87670434,0.106154808,1205.78618,3008656476
2,6153,1382,128,2.02030015,0.118558429,1079.63644,3008656476
2,6154,1383,128,1.90653574,0.106146848,1205.8766,3008656476
2,6155,1384,128,1.74180293,0.106197462,1205.30187,3008656476
2,6156,1385,128,2.15997887,0.106178427,1205.51795,3008656476
2,6157,1386,128,1.55996525,0.106200214,1205.27064,3008656476
2,6158,1387,128,1.85823357,0.106176557,1205.53919,3008656476
2,6159,1388,128,2.36748767,0.106177998,1205.52282,3008656476
2,6160,1389,128,2.06183815,0.106162058,1205.70383,3008656476
2,6161,1390,128,1.75143647,0.106176707,1205.53748,3008656476
2,6162,1391,128,1.96619594,0.106168178,1205.63433,3008656476
2,6163,1392,128,1.97873116,0.117111228,1092.97804,3008656476
2,6164,1393,128,1.79874933,0.106199587,1205.27776,3008656476
2,6165,1394,128,2.27731705,0.106246832,1204.7418,3008656476
2,6166,1395,128,1.98172104,0.106135037,1206.01079,3008656476
2,6167,1396,128,1.92567098,0.106288491,1204.26961,3008656476
2,6168,1397,128,2.13452959,0.10613919,1205.9636,3008656476
2,6169,1398,128,2.05543685,0.10713785,1194.7225,3008656476
2,6170,1399,128,2.07202125,0.10624689,1204.74115,3008656476
2,6171,1400,128,2.32374287,0.106167148,1205.64603,3008656476
2,6172,1401,128,2.63341069,0.117922412,1085.45948,3008656476
2,6173,1402,128,1.90399849,0.104526957,1224.56449,3008656476
2,6174,1403,128,2.09074712,0.106189667,1205.39035,3008656476
2,6175,1404,128,1.77406299,0.106231733,1204.91304,3008656476
2,6176,1405,128,2.13186622,0.106230287,1204.92944,3008656476
2,6177,1406,128,2.52025795,0.106203907,1205.22873,3008656476
2,6178,1407,128,2.50371242,0.10634441,1203.63637,3008656476
2,6179,1408,128,2.138129,0.106251241,1204.69181,3008656476
2,6180,1409,128,2.3775301,0.106225052,1204.98882,3008656476
2,6181,1410,128,2.3882041,0.104755807,1221.8893,3008656476
2,6182,1411,128,2.67525601,0.119689843,1069.43076,3008656476
2,6183,1412,128,2.32425499,0.106135935,1206.00059,3008656476
2,6184,1413,128,2.59767962,0.106089705,1206.52612,3008656476
2,6185,1414,128,2.60513234,0.106114975,1206.2388,3008656476
2,6186,1415,128,2.69546461,0.106066032,1206.7954,3008656476
2,6187,1416,128,2.49075985,0.106025288,1207.25916,3008656476
2,6188,1417,128,2.4378438,0.106101441,1206.39266,3008656476
2,6189,1418,128,2.32888842,0.106044097,1207.04503,3008656476
2,6190,1419,128,2.55981874,0.106110364,1206.29122,3008656476
2,6191,1420,128,2.71587133,0.106141694,1205.93515,3008656476
2,6192,1421,128,2.498142,0.11823784,1082.56375,3008656476
2,6193,1422,128,2.9291265,0.10606461,1206.81158,3008656476
2,6194,1423,128,2.392205,0.106223176,1205.0101,3008656476
2,6195,1424,128,2.68797779,0.106088775,1206.5367,3008656476
2,6196,1425,128,3.09117603,0.106260566,1204.58609,3008656476
2,6197,1426,128,2.38082528,0.106125435,1206.11991,3008656476
2,6198,1427,128,2.35876274,0.106147939,1205.8642,3008656476
2,6199,1428,128,2.303262,0.106087274,1206.55377,3008656476
2,6200,1429,128,2.9967556,0.106123658,1206.1401,3008656476
2,6201,1430,128,2.68149042,0.106016875,1207.35496,3008656476
2,6202,1431,128,2.70377922,0.118322906,1081.78547,3008656476
2,6203,1432,128,2.83971977,0.106104225,1206.36101,3008656476
2,6204,1433,128,2.2453711,0.106058044,1206.8863,3008656476
2,6205,1434,128,2.3564291,0.105948149,1208.13814,3008656476
2,6206,1435,128,2.70813346,0.106174779,1205.55937,3008656476
2,6207,1436,128,1.83089519,0.106141203,1205.94073,3008656476
2,6208,1437,128,2.73177409,0.106131558,1206.05032,3008656476
2,6209,1438,128,2.54489732,0.106006842,1207.46923,3008656476
2,6210,1439,128,2.55157161,0.106105891,1206.34207,3008656476
2,6211,1440,128,2.66024637,0.106092386,1206.49563,3008656476
2,6212,1441,128,2.77815008,0.120363553,1063.44485,3008656476
2,6213,1442,128,2.34802032,0.105979231,1207.78382,3008656476
2,6214,1443,128,2.01396608,0.106202866,1205.24054,3008656476
2,6215,1444,128,2.71852517,0.105975337,1207.82819,3008656476
2,6216,1445,128,2.45738554,0.106039521,1207.09712,3008656476
2,6217,1446,128,2.97187805,0.106093954,1206.4778,3008656476
2,6218,1447,128,2.55149698,0.106101166,1206.39579,3008656476
2,6219,1448,128,2.15091777,0.106198016,1205.29559,3008656476
2,6220,1449,128,2.6912992,0.106039992,1207.09175,3008656476
2,6221,1450,128,2.0451777,0.120964152,1058.16474,3008656476
2,6222,1451,128,2.35225749,0.102369078,1250.37758,3008656476
2,6223,1452,128,2.28148198,0.106063172,1206.82795,3008656476
2,6224,1453,128,2.5749743,0.106165064,1205.66969,3008656476
2,6225,1454,128,2.40011859,0.106140774,1205.94561,3008656476
2,6226,1455,128,1.70046854,0.106021246,1207.30518,3008656476
2,6227,1456,128,2.59807348,0.106185805,1205.43419,3008656476
2,6228,1457,128,2.46532416,0.106170514,1205.6078,3008656476
2,6229,1458,128,2.7524507,0.106136535,1205.99377,3008656476
2,6230,1459,128,2.79988909,0.106175162,1205.55502,3008656476
2,6231,1460,128,2.31605744,0.118251476,1082.43892,3008656476
2,6232,1461,128,1.65307462,0.106141807,1205.93387,3008656476
2,6233,1462,128,1.64625525,0.106138211,1205.97473,3008656476
2,6234,1463,128,2.28618884,0.106093708,1206.4806,3008656476
2,6235,1464,128,1.85191619,0.106223413,1205.00741,3008656476
2,6236,1465,128,2.33951855,0.106265112,1204.53456,3008656476
2,6237,1466,128,2.84438634,0.106182089,1205.47638,3008656476
2,6238,1467,128,2.39725113,0.106162113,1205.70321,3008656476
2,6239,1468,128,2.16040301,0.106251262,1204.69157,3008656476
2,6240,1469,128,2.70567942,0.10607327,1206.71306,3008656476
2,6241,1470,128,2.01547837,0.118478395,1080.36575,3008656476
2,6242,1471,128,2.75070524,0.106187217,1205.41816,3008656476
2,6243,1472,128,2.5843904,0.106238728,1204.8337,3008656476
2,6244,1473,128,2.79921722,0.106213108,1205.12432,3008656476
2,6245,1474,128,2.40321755,0.106190492,1205.38099,3008656476
2,6246,1475,128,2.45489001,0.106161702,1205.70787,3008656476
2,6247,1476,128,2.18383193,0.106139446,1205.96069,3008656476
2,6248,1477,128,2.48705101,0.10610062,1206.402,3008656476
2,6249,1478,128,2.34795547,0.106271217,1204.46536,3008656476
2,6250,1479,128,2.47406983,0.10629572,1204.18771,3008656476
2,6251,1480,128,2.2576263,0.120583725,1061.50312,3008656476
2,6252,1481,128,2.68522263,0.106074089,1206.70374,3008656476
2,6253,1482,128,2.35094142,0.106141794,1205.93402,3008656476
2,6254,1483,128,2.32178617,0.106217701,1205.07221,3008656476
2,6255,1484,128,2.29414296,0.106140341,1205.95053,3008656476
2,6256,1485,128,2.48681045,0.106076438,1206.67702,3008656476
2,6257,1486,128,2.57413816,0.10616513,1205.66894,3008656476
2,6258,1487,128,2.56066656,0.106078924,1206.64874,3008656476
2,6259,1488,128,2.30267453,0.106060853,1206.85433,3008656476
2,6260,1489,128,2.04308319,0.10608305,1206.60181,3008656476
2,6261,1490,128,2.42863584,0.121965319,1049.47866,3008656476
2,6262,1491,128,2.5003562,0.106026094,1207.24998,3008656476
2,6263,1492,128,2.80937386,0.106114848,1206.24024,3008656476
2,6264,1493,128,2.22155857,0.106083576,1206.59583,3008656476
2,6265,1494,128,1.64560223,0.106073655,1206.70868,3008656476
2,6266,1495,128,2.15807915,0.106141686,1205.93524,3008656476
2,6267,1496,128,2.41757941,0.106095938,1206.45524,3008656476
2,6268,1497,128,2.3019321,0.106203473,1205.23366,3008656476
2,6269,1498,128,2.29639935,0.106154133,1205.79384,3008656476
2,6270,1499,128,2.10690904,0.106237192,1204.85112,3008656476
2,6271,1500,128,2.49157834,0.108142248,1183.62622,3008656476
2,6272,1501,128,2.86830425,0.106059494,1206.8698,3008656476
2,6273,1502,128,2.3291347,0.10610188,1206.38767,3008656476
2,6274,1503,128,2.51282597,0.106383534,1203.19372,3008656476
2,6275,1504,128,2.57056713,0.106299951,1204.13978,3008656476
2,6276,1505,128,2.50860763,0.106183388,1205.46163,3008656476
2,6277,1506,128,2.08872581,0.106318959,1203.9245,3008656476
2,6278,1507,128,2.3963089,0.106215217,1205.1004,3008656476
2,6279,1508,128,2.32278419,0.106297141,1204.17162,3008656476
2,6280,1509,128,2.58331966,0.117900772,1085.65871,3008656476
2,6281,1510,128,2.64560914,0.106187846,1205.41102,3008656476
2,6282,1511,128,2.09089494,0.106219523,1205.05154,3008656476
2,6283,1512,128,2.3386085,0.106090938,1206.5121,3008656476
2,6284,1513,128,2.62993717,0.106180902,1205.48985,3008656476
2,6285,1514,128,2.96027708,0.106061127,1206.85122,3008656476
2,6286,1515,128,2.12242413,0.106240386,1204.8149,3008656476
2,6287,1516,128,2.59521222,0.106093321,1206.485,3008656476
2,6288,1517,128,2.7054224,0.106070814,1206.741,3008656476
2,6289,1518,128,2.69467211,0.106177376,1205.52989,3008656476
2,6290,1519,128,2.23717713,0.118404845,1081.03684,3008656476
2,6291,1520,128,2.77128243,0.106180478,1205.49467,3008656476
2,6292,1521,128,2.03457928,0.106101492,1206.39208,3008656476
2,6293,1522,128,2.78078508,0.106087238,1206.55418,3008656476
2,6294,1523,128,2.85499597,0.106179808,1205.50227,3008656476
2,6295,1524,128,2.78021741,0.106251813,1204.68533,3008656476
2,6296,1525,128,2.10797668,0.106248512,1204.72275,3008656476
2,6297,1526,128,1.84381318,0.106034624,1207.15286,3008656476
2,6298,1527,128,1.93422043,0.106146133,1205.88472,3008656476
2,6299,1528,128,2.39356637,0.106118945,1206.19367,3008656476
2,6300,1529,128,2.86672282,0.1205708,1061.61691,3008656476
2,6301,1530,128,2.67501688,0.106061761,1206.844,3008656476
2,6302,1531,128,3.18635249,0.106231618,1204.91434,3008656476
2,6303,1532,128,3.04611754,0.106232258,1204.90708,3008656476
2,6304,1533,128,2.70408273,0.106200188,1205.27094,3008656476
2,6305,1534,128,2.6738708,0.106172073,1205.5901,3008656476
2,6306,1535,128,1.95782518,0.106073844,1206.70653,3008656476
2,6307,1536,128,2.55094647,0.106153217,1205.80425,3008656476
2,6308,1537,128,2.20700169,0.106123724,1206.13935,3008656476
2,6309,1538,128,2.62890506,0.106120561,1206.1753,3008656476
2,6310,1539,128,2.12483215,0.121362979,1054.68736,3008656476
2,6311,1540,128,2.80834818,0.10614467,1205.90134,3008656476
2,6312,1541,128,2.6779561,0.10618185,1205.47909,3008656476
2,6313,1542,128,2.9950242,0.106091501,1206.50569,3008656476
2,6314,1543,128,2.43542695,0.106235604,1204.86913,3008656476
2,6315,1544,128,2.58626819,0.106142936,1205.92104,3008656476
2,6316,1545,128,2.47553229,0.106092508,1206.49424,3008656476
2,6317,1546,128,2.35763741,0.106158241,1205.74718,3008656476
2,6318,1547,128,2.30283451,0.106056426,1206.90471,3008656476
2,6319,1548,128,2.27103972,0.106062923,1206.83078,3008656476
2,6320,1549,128,2.64105105,0.114436071,1118.52844,3008656476
2,6321,1550,128,2.54351926,0.1060839,1206.59214,3008656476
2,6322,1551,128,2.29192281,0.106081553,1206.61884,3008656476
2,6323,1552,128,2.42061853,0.106208686,1205.1745,3008656476
2,6324,1553,128,3.28566742,0.106070649,1206.74288,3008656476
2,6325,1554,128,3.03087449,0.106064825,1206.80914,3008656476
2,6326,1555,128,2.35447764,0.105999526,1207.55257,3008656476
2,6327,1556,128,2.533324,0.106022772,1207.28781,3008656476
2,6328,1557,128,2.70819402,0.106010801,1207.42414,3008656476
2,6329,1558,128,2.31040311,0.118092773,1083.89359,3008656476
2,6330,1559,128,2.28347373,0.104447457,1225.49657,3008656476
2,6331,1560,128,2.33412886,0.106075039,1206.69293,3008656476
2,6332,1561,128,2.37887502,0.10608452,1206.58509,3008656476
2,6333,1562,128,2.88022637,0.10602264,1207.28931,3008656476
2,6334,1563,128,2.7798233,0.105886847,1208.83758,3008656476
2,6335,1564,128,2.43411088,0.106066334,1206.79197,3008656476
2,6336,1565,128,2.29346323,0.106004653,1207.49417,3008656476
2,6337,1566,128,1.94238555,0.106189701,1205.38997,3008656476
2,6338,1567,128,1.58659637,0.10594189,1208.20952,3008656476
2,6339,1568,128,1.49450827,0.11810877,1083.74679,3008656476
2,6340,1569,128,1.94532418,0.105742532,1210.48738,3008656476
2,6341,1570,128,2.16568184,0.106095273,1206.4628,3008656476
2,6342,1571,128,2.460361,0.106088921,1206.53503,3008656476
2,6343,1572,128,1.8091954,0.106074714,1206.69663,3008656476
2,6344,1573,128,2.20750046,0.106022855,1207.28686,3008656476
2,6345,1574,128,2.39698195,0.106073356,1206.71208,3008656476
2,6346,1575,128,2.68018985,0.10603725,1207.12297,3008656476
2,6347,1576,128,2.47970915,0.10618614,1205.43039,3008656476
2,6348,1577,128,2.37887502,0.10600859,1207.44932,3008656476
2,6349,1578,128,2.3423655,0.118979198,1075.81831,3008656476
2,6350,1579,128,2.517591,0.1059734,1207.85027,3008656476
2,6351,1580,128,2.51888633,0.106166472,1205.6537,3008656476
2,6352,1581,128,2.30666542,0.106028466,1207.22297,3008656476
2,6353,1582,128,1.99125671,0.106053838,1206.93416,3008656476
2,6354,1583,128,2.180691,0.106077129,1206.66916,3008656476
2,6355,1584,128,2.54173374,0.106130328,1206.0643,3008656476
2,6356,1585,128,2.64573407,0.106043686,1207.04971,3008656476
2,6357,1586,128,2.35634422,0.106092991,1206.48875,3008656476
2,6358,1587,128,2.05148745,0.106125509,1206.11907,3008656476
2,6359,1588,128,2.17827559,0.119813695,1068.32529,3008656476
2,6360,1589,128,2.49554014,0.10611397,1206.25022,3008656476
2,6361,1590,128,1.96928751,0.106125017,1206.12466,3008656476
2,6362,1591,128,1.98219264,0.106156183,1205.77056,3008656476
2,6363,1592,128,2.55524015,0.106102806,1206.37714,3008656476
2,6364,1593,128,2.44178438,0.10621518,1205.10082,3008656476
2,6365,1594,128,2.32196021,0.106096566,1206.4481,3008656476
2,6366,1595,128,2.18931532,0.10603156,1207.18775,3008656476
2,6367,1596,128,2.1303122,0.106074399,1206.70021,3008656476
2,6368,1597,128,1.94200921,0.106108283,1206.31487,3008656476
2,6369,1598,128,2.23204994,0.119643362,1069.84623,3008656476
2,6370,1599,128,1.90090668,0.10616815,1205.63465,3008656476
2,6371,1600,128,1.5900842,0.106019108,1207.32953,3008656476
2,6372,1601,128,2.18967772,0.106110484,1206.28985,3008656476
2,6373,1602,128,1.89038575,0.106302051,1204.116,3008656476
2,6374,1603,128,2.06800032,0.106450622,1202.43544,3008656476
2,6375,1604,128,1.76793444,0.106283163,1204.32998,3008656476
2,6376,1605,128,1.70222175,0.106334766,1203.74554,3008656476
2,6377,1606,128,1.46130419,0.106293735,1204.2102,3008656476
2,6378,1607,128,2.44355345,0.120255771,1064.39798,3008656476
2,6379,1608,128,1.96828961,0.098210071,1303.32866,3008656476
2,6380,1609,128,2.31647849,0.105989842,1207.6629,3008656476
2,6381,1610,128,2.59480453,0.106015961,1207.36537,3008656476
2,6382,1611,128,2.57977462,0.106161339,1205.712,3008656476
2,6383,1612,128,2.79817438,0.106290785,1204.24362,3008656476
2,6384,1613,128,2.391155,0.106153762,1205.79806,3008656476
2,6385,1614,128,2.26021528,0.106255531,1204.64317,3008656476
2,6386,1615,128,2.45688224,0.106117194,1206.21358,3008656476
2,6387,1616,128,2.01710892,0.106143647,1205.91296,3008656476
2,6388,1617,128,2.65578771,0.118032611,1084.44606,3008656476
2,6389,1618,128,1.6085552,0.106993716,1196.33194,3008656476
2,6390,1619,128,2.68487239,0.106195375,1205.32556,3008656476
2,6391,1620,128,3.14959335,0.106280888,1204.35576,3008656476
2,6392,1621,128,2.84052444,0.106265611,1204.5289,3008656476
2,6393,1622,128,2.36006284,0.106205433,1205.21141,3008656476
2,6394,1623,128,2.64633393,0.106125465,1206.11957,3008656476
2,6395,1624,128,2.49766302,0.106230896,1204.92253,3008656476
2,6396,1625,128,2.20642519,0.106102599,1206.3795,3008656476
2,6397,1626,128,2.63122773,0.106260911,1204.58218,3008656476
2,6398,1627,128,2.82425618,0.120458859,1062.60346,3008656476
2,6399,1628,128,2.52723503,0.106167965,1205.63675,3008656476
2,6400,1629,128,2.22425365,0.106291764,1204.23253,3008656476
2,6401,1630,128,2.51176167,0.106129332,1206.07562,3008656476
2,6402,1631,128,2.48135591,0.106177815,1205.5249,3008656476
2,6403,1632,128,2.58987522,0.106247396,1204.73541,3008656476
2,6404,1633,128,2.27884912,0.106068983,1206.76183,3008656476
2,6405,1634,128,2.55020809,0.106148816,1205.85424,3008656476
2,6406,1635,128,2.22740388,0.106029943,1207.20616,3008656476
2,6407,1636,128,2.23780441,0.106142937,1205.92103,3008656476
2,6408,1637,128,2.42663884,0.119706114,1069.2854,3008656476
2,6409,1638,128,2.45323825,0.106133672,1206.0263,3008656476
2,6410,1639,128,2.76177764,0.106077084,1206.66967,3008656476
2,6411,1640,128,2.06622815,0.106107449,1206.32436,3008656476
2,6412,1641,128,1.89687169,0.106061939,1206.84198,3008656476
2,6413,1642,128,2.52884007,0.106177336,1205.53034,3008656476
2,6414,1643,128,2.0650034,0.106130014,1206.06787,3008656476
2,6415,1644,128,2.18233633,0.106093,1206.48865,3008656476
2,6416,1645,128,1.62026298,0.10610968,1206.29899,3008656476
2,6417,1646,128,2.57617378,0.106087938,1206.54621,3008656476
2,6418,1647,128,2.29457188,0.118538931,1079.81402,3008656476
2,6419,1648,128,2.01157713,0.106189255,1205.39503,3008656476
2,6420,1649,128,2.13431764,0.106095621,1206.45884,3008656476
2,6421,1650,128,2.01963854,0.106131369,1206.05247,3008656476
2,6422,1651,128,2.26702261,0.106092904,1206.48974,3008656476
2,6423,1652,128,2.33379841,0.106097997,1206.43182,3008656476
2,6424,1653,128,2.02813792,0.105982992,1207.74096,3008656476
2,6425,1654,128,1.88095629,0.106233068,1204.89789,3008656476
2,6426,1655,128,2.0952754,0.106043805,1207.04835,3008656476
2,6427,1656,128,2.35446262,0.106059492,1206.86982,3008656476
2,6428,1657,128,2.44567084,0.108716818,1177.37074,3008656476
2,6429,1658,128,2.33647275,0.106144073,1205.90812,3008656476
2,6430,1659,128,2.40012789,0.106127218,1206.09965,3008656476
2,6431,1660,128,1.8124944,0.106148721,1205.85532,3008656476
2,6432,1661,128,1.9301542,0.106105316,1206.34861,3008656476
2,6433,1662,128,2.32871723,0.106056489,1206.90399,3008656476
2,6434,1663,128,2.29491329,0.106099438,1206.41544,3008656476
2,6435,1664,128,2.4268353,0.106161485,1205.71034,3008656476
2,6436,1665,128,2.66353393,0.10608342,1206.5976,3008656476
2,6437,1666,128,2.74322081,0.116580025,1097.95825,3008656476
2,6438,1667,128,2.50297308,0.104337977,1226.78246,3008656476
2,6439,1668,128,2.71893907,0.106203453,1205.23388,3008656476
2,6440,1669,128,2.64290071,0.106129504,1206.07367,3008656476
2,6441,1670,128,2.45248771,0.106123543,1206.14141,3008656476
2,6442,1671,128,1.74921775,0.10596391,1207.95845,3008656476
2,6443,1672,128,2.52034307,0.10621134,1205.14438,3008656476
2,6444,1673,128,2.41967821,0.105968308,1207.90831,3008656476
2,6445,1674,128,2.45960546,0.106143592,1205.91359,3008656476
2,6446,1675,128,2.28939247,0.106145653,1205.89017,3008656476
2,6447,1676,128,2.3703053,0.119863533,1067.88109,3008656476
2,6448,1677,128,2.9416573,0.105802005,1209.80694,3008656476
2,6449,1678,128,2.83984661,0.106056202,1206.90726,3008656476
2,6450,1679,128,2.59679961,0.106099047,1206.41988,3008656476
2,6451,1680,128,2.77986169,0.106175876,1205.54692,3008656476
2,6452,1681,128,2.73774314,0.106095746,1206.45742,3008656476
2,6453,1682,128,2.88917089,0.105961771,1207.98283,3008656476
2,6454,1683,128,2.56728625,0.106143833,1205.91085,3008656476
2,6455,1684,128,2.22127271,0.106122573,1206.15244,3008656476
2,6456,1685,128,2.02961516,0.106111707,1206.27595,3008656476
2,6457,1686,128,2.68839049,0.121176409,1056.31122,3008656476
2,6458,1687,128,2.2049315,0.106132003,1206.04527,3008656476
2,6459,1688,128,2.24742198,0.10609691,1206.44418,3008656476
2,6460,1689,128,2.28547049,0.106074507,1206.69899,3008656476
2,6461,1690,128,2.29962111,0.106073882,1206.7061,3008656476
2,6462,1691,128,2.60224628,0.106078005,1206.65919,3008656476
2,6463,1692,128,2.35198665,0.106171786,1205.59336,3008656476
2,6464,1693,128,2.31599879,0.106069251,1206.75878,3008656476
2,6465,1694,128,2.44514012,0.106278439,1204.38352,3008656476
2,6466,1695,128,2.59538007,0.106588703,1200.87773,3008656476
2,6467,1696,128,2.492167,0.119214851,1073.69173,3008656476
2,6468,1697,128,2.53337288,0.106017429,1207.34865,3008656476
2,6469,1698,128,2.49457312,0.105977347,1207.80529,3008656476
2,6470,1699,128,2.47640967,0.105957171,1208.03527,3008656476
2,6471,1700,128,2.33173347,0.106045757,1207.02613,3008656476
2,6472,1701,128,2.58749366,0.10597392,1207.84435,3008656476
2,6473,1702,128,1.65891933,0.106015889,1207.36619,3008656476
2,6474,1703,128,1.82959604,0.106237568,1204.84686,3008656476
2,6475,1704,128,1.74910665,0.106048856,1206.99086,3008656476
2,6476,1705,128,1.87939811,0.105928064,1208.36722,3008656476
2,6477,1706,128,2.23589206,0.11794587,1085.2436,3008656476
2,6478,1707,128,2.30537915,0.10609105,1206.51082,3008656476
2,6479,1708,128,2.89788318,0.1060054,1207.48566,3008656476
2,6480,1709,128,2.19353628,0.105923787,1208.41601,3008656476
2,6481,1710,128,2.63188815,0.10615808,1205.74901,3008656476
2,6482,1711,128,2.20512748,0.106033698,1207.16341,3008656476
2,6483,1712,128,2.03793526,0.106152033,1205.8177,3008656476
2,6484,1713,128,2.26442695,0.1061253,1206.12144,3008656476
2,6485,1714,128,2.47392941,0.106293178,1204.21651,3008656476
2,6486,1715,128,2.12081718,0.121795402,1050.94279,3008656476
2,6487,1716,128,2.3006022,0.094791491,1350.33217,3008656476
2,6488,1717,128,2.72768855,0.106077558,1206.66428,3008656476
2,6489,1718,128,1.83299148,0.106095114,1206.46461,3008656476
2,6490,1719,128,2.3044796,0.106048635,1206.99338,3008656476
2,6491,1720,128,2.96189356,0.106043835,1207.04801,3008656476
2,6492,1721,128,2.65002561,0.106109137,1206.30516,3008656476
2,6493,1722,128,2.47074556,0.106073127,1206.71468,3008656476
2,6494,1723,128,2.71279597,0.106114082,1206.24895,3008656476
2,6495,1724,128,2.71931481,0.106073213,1206.71371,3008656476
2,6496,1725,128,1.94493544,0.113338883,1129.35646,3008656476
2,6497,1726,128,2.91670179,0.106208917,1205.17188,3008656476
2,6498,1727,128,2.47596121,0.106017734,1207.34518,3008656476
2,6499,1728,128,2.39775109,0.106072959,1206.7166,3008656476
2,6500,1729,128,2.51102996,0.106250981,1204.69476,3008656476
2,6501,1730,128,2.2241466,0.106104167,1206.36167,3008656476
2,6502,1731,128,2.10009789,0.106275817,1204.41323,3008656476
2,6503,1732,128,2.65162659,0.106170401,1205.60908,3008656476
2,6504,1733,128,1.93091357,0.106183476,1205.46063,3008656476
2,6505,1734,128,2.34165764,0.106228762,1204.94674,3008656476
2,6506,1735,128,1.79142022,0.120494205,1062.29175,3008656476
2,6507,1736,128,2.05017996,0.106083646,1206.59503,3008656476
2,6508,1737,128,1.59896719,0.106054826,1206.92292,3008656476
2,6509,1738,128,1.91710734,0.10599521,1207.60174,3008656476
2,6510,1739,128,1.53261065,0.106048996,1206.98927,3008656476
2,6511,1740,128,1.5111227,0.106070022,1206.75001,3008656476
2,6512,1741,128,1.93159926,0.106036388,1207.13278,3008656476
2,6513,1742,128,2.03080726,0.106065761,1206.79849,3008656476
2,6514,1743,128,2.25561213,0.106040936,1207.08101,3008656476
2,6515,1744,128,2.45395732,0.105931776,1208.32488,3008656476
2,6516,1745,128,1.57927752,0.118548983,1079.72246,3008656476
2,6517,1746,128,2.85502124,0.106111808,1206.2748,3008656476
2,6518,1747,128,2.82555175,0.10607248,1206.72205,3008656476
2,6519,1748,128,2.18406153,0.106010835,1207.42375,3008656476
2,6520,1749,128,3.15766764,0.106106878,1206.33085,3008656476
2,6521,1750,128,2.1287086,0.106077662,1206.6631,3008656476
2,6522,1751,128,2.62564111,0.106151131,1205.82794,3008656476
2,6523,1752,128,2.26469827,0.106110243,1206.29259,3008656476
2,6524,1753,128,2.58334494,0.106148701,1205.85555,3008656476
2,6525,1754,128,2.54054856,0.106062369,1206.83708,3008656476
2,6526,1755,128,2.98697543,0.119143467,1074.33503,3008656476
2,6527,1756,128,2.22834373,0.106152244,1205.8153,3008656476
2,6528,1757,128,2.21183491,0.106170865,1205.60382,3008656476
2,6529,1758,128,2.1370542,0.106037018,1207.12561,3008656476
2,6530,1759,128,2.42989016,0.106161861,1205.70607,3008656476
2,6531,1760,128,2.74164987,0.106132715,1206.03718,3008656476
2,6532,1761,128,1.95450127,0.106141281,1205.93985,3008656476
2,6533,1762,128,2.89781499,0.106054299,1206.92891,3008656476
2,6534,1763,128,2.13132691,0.106039129,1207.10158,3008656476
2,6535,1764,128,2.15864873,0.106083392,1206.59792,3008656476
2,6536,1765,128,1.70683098,0.112759014,1135.16424,3008656476
2,6537,1766,128,2.70146132,0.10609255,1206.49376,3008656476
2,6538,1767,128,2.62219119,0.105996686,1207.58492,3008656476
2,6539,1768,128,2.48828506,0.106098771,1206.42302,3008656476
2,6540,1769,128,1.98349082,0.106209764,1205.16227,3008656476
2,6541,1770,128,1.97001493,0.106025861,1207.25263,3008656476
2,6542,1771,128,1.98248971,0.106201586,1205.25507,3008656476
2,6543,1772,128,1.77056599,0.105994714,1207.60739,3008656476
2,6544,1773,128,2.00886917,0.106039925,1207.09252,3008656476
2,6545,1774,128,1.73525441,0.120330005,1063.74133,3008656476
2,6546,1775,128,2.04978514,0.104521709,1224.62598,3008656476
2,6547,1776,128,2.28923202,0.106034044,1207.15947,3008656476
2,6548,1777,128,2.08215642,0.106011761,1207.4132,3008656476
2,6549,1778,128,1.69246328,0.105987576,1207.68872,3008656476
2,6550,1779,128,2.00403357,0.106069923,1206.75114,3008656476
2,6551,1780,128,1.82114244,0.10597152,1207.8717,3008656476
2,6552,1781,128,1.3722744,0.105997032,1207.58098,3008656476
2,6553,1782,128,1.53616178,0.106029067,1207.21613,3008656476
2,6554,1783,128,1.7304976,0.106074697,1206.69682,3008656476
2,6555,1784,128,1.98297596,0.120129604,1065.51587,3008656476
2,6556,1785,128,1.91593981,0.106117606,1206.20889,3008656476
2,6557,1786,128,1.43368411,0.106098638,1206.42453,3008656476
2,6558,1787,128,1.70941865,0.106033177,1207.16934,3008656476
2,6559,1788,128,1.43487573,0.106083673,1206.59472,3008656476
2,6560,1789,128,1.96681798,0.106100481,1206.40358,3008656476
2,6561,1790,128,1.46117091,0.10609041,1206.5181,3008656476
2,6562,1791,128,2.10675311,0.106050892,1206.96769,3008656476
2,6563,1792,128,2.10412216,0.106281125,1204.35308,3008656476
2,6564,1793,128,1.65585411,0.106124791,1206.12723,3008656476
2,6565,1794,128,1.98642135,0.118478614,1080.36375,3008656476
2,6566,1795,128,1.33888888,0.105983587,1207.73417,3008656476
2,6567,1796,128,2.26201582,0.10602362,1207.27815,3008656476
2,6568,1797,128,2.36091447,0.105890993,1208.79025,3008656476
2,6569,1798,128,2.30003905,0.106044846,1207.0365,3008656476
2,6570,1799,128,1.77243233,0.106026154,1207.2493,3008656476
2,6571,1800,128,1.68286145,0.106142013,1205.93153,3008656476
2,6572,1801,128,1.86914051,0.10598851,1207.67808,3008656476
2,6573,1802,128,1.7775799,0.106044064,1207.0454,3008656476
2,6574,1803,128,2.23221135,0.10602757,1207.23318,3008656476
2,6575,1804,128,1.92068219,0.118070067,1084.10204,3008656476
2,6576,1805,128,2.59656596,0.106137022,1205.98824,3008656476
2,6577,1806,128,1.94527602,0.105989606,1207.66559,3008656476
2,6578,1807,128,2.26638341,0.105938807,1208.24468,3008656476
2,6579,1808,128,2.15283084,0.105968059,1207.91115,3008656476
2,6580,1809,128,3.00555515,0.106006771,1207.47004,3008656476
2,6581,1810,128,2.25439477,0.105908794,1208.58708,3008656476
2,6582,1811,128,1.80238354,0.105978431,1207.79293,3008656476
2,6583,1812,128,1.5387522,0.106148914,1205.85313,3008656476
2,6584,1813,128,1.54718041,0.105927192,1208.37717,3008656476
2,6585,1814,128,2.60092759,0.120861189,1059.0662,3008656476
2,6586,1815,128,2.38780975,0.105976407,1207.816,3008656476
2,6587,1816,128,2.21804857,0.106030384,1207.20114,3008656476
2,6588,1817,128,2.27758145,0.105981251,1207.7608,3008656476
2,6589,1818,128,1.55867445,0.106080781,1206.62762,3008656476
2,6590,1819,128,1.46210623,0.105951629,1208.09846,3008656476
2,6591,1820,128,2.08666229,0.106103855,1206.36522,3008656476
2,6592,1821,128,2.62751293,0.10603633,1207.13344,3008656476
2,6593,1822,128,2.89704323,0.106090869,1206.51288,3008656476
2,6594,1823,128,2.39433646,0.106028347,1207.22433,3008656476
2,6595,1824,128,2.25707126,0.107905589,1186.22215,3008656476
2,6596,1825,128,1.87535071,0.106030337,1207.20167,3008656476
2,6597,1826,128,2.40241194,0.106131632,1206.04948,3008656476
2,6598,1827,128,1.93506086,0.106304186,1204.09181,3008656476
2,6599,1828,128,1.8956511,0.106031629,1207.18696,3008656476
2,6600,1829,128,2.03305316,0.106127568,1206.09567,3008656476
2,6601,1830,128,2.03313041,0.106226005,1204.97801,3008656476
2,6602,1831,128,2.39824963,0.106090882,1206.51273,3008656476
2,6603,1832,128,1.93591297,0.106130148,1206.06635,3008656476
2,6604,1833,128,2.16466761,0.116010955,1103.34408,3008656476
2,6605,1834,128,2.36319494,0.105124285,1217.60638,3008656476
2,6606,1835,128,2.22599983,0.106195624,1205.32274,3008656476
2,6607,1836,128,1.70392978,0.106129849,1206.06975,3008656476
2,6608,1837,128,2.21479869,0.106077674,1206.66296,3008656476
2,6609,1838,128,2.54974985,0.106018479,1207.33669,3008656476
2,6610,1839,128,2.30723143,0.106257834,1204.61706,3008656476
2,6611,1840,128,2.44358349,0.105942434,1208.20332,3008656476
2,6612,1841,128,2.66856813,0.105962586,1207.97354,3008656476
2,6613,1842,128,2.30741239,0.106105493,1206.34659,3008656476
2,6614,1843,128,2.25267959,0.119106599,1074.66758,3008656476
2,6615,1844,128,2.45144844,0.105918742,1208.47357,3008656476
2,6616,1845,128,1.91618454,0.106137692,1205.98062,3008656476
2,6617,1846,128,1.81027782,0.106172925,1205.58042,3008656476
2,6618,1847,128,1.47494578,0.106077203,1206.66832,3008656476
2,6619,1848,128,2.20527816,0.106076136,1206.68045,3008656476
2,6620,1849,128,2.42271471,0.168169056,761.138839,3008656476
2,6621,1850,128,2.46119952,0.106137163,1205.98663,3008656476
2,6622,1851,128,2.08354497,0.10610343,1206.37005,3008656476
2,6623,1852,128,1.70223558,0.10604109,1207.07926,3008656476
2,6624,1853,128,2.24522877,0.109746224,1166.32714,3008656476
2,6625,1854,128,2.61922431,0.106004362,1207.49748,3008656476
2,6626,1855,128,2.2130599,0.10607946,1206.64264,3008656476
2,6627,1856,128,2.09491777,0.105989742,1207.66404,3008656476
2,6628,1857,128,1.50187778,0.10599509,1207.60311,3008656476
2,6629,1858,128,2.2177527,0.106151406,1205.82482,3008656476
2,6630,1859,128,1.86213851,0.106052384,1206.95071,3008656476
2,6631,1860,128,2.2017498,0.106029697,1207.20896,3008656476
2,6632,1861,128,2.5572021,0.106173891,1205.56946,3008656476
2,6633,1862,128,2.27836633,0.116557975,1098.16596,3008656476
2,6634,1863,128,2.05090237,0.104670092,1222.88992,3008656476
2,6635,1864,128,2.47331691,0.105957361,1208.03311,3008656476
2,6636,1865,128,2.36516762,0.106166819,1205.64976,3008656476
2,6637,1866,128,2.20823669,0.106049485,1206.9837,3008656476
2,6638,1867,128,2.89862299,0.106083295,1206.59902,3008656476
2,6639,1868,128,2.27850461,0.106027286,1207.23641,3008656476
2,6640,1869,128,2.08857036,0.106016634,1207.35771,3008656476
2,6641,1870,128,2.29618621,0.106110126,1206.29392,3008656476
2,6642,1871,128,2.03198361,0.105852406,1209.2309,3008656476
2,6643,1872,128,2.46714759,0.121086413,1057.09631,3008656476
2,6644,1873,128,2.42292094,0.105811262,1209.7011,3008656476
2,6645,1874,128,2.60160851,0.106053658,1206.93621,3008656476
2,6646,1875,128,2.03806233,0.105973007,1207.85475,3008656476
2,6647,1876,128,2.04743838,0.106121061,1206.16962,3008656476
2,6648,1877,128,1.89764667,0.105926854,1208.38102,3008656476
2,6649,1878,128,2.01056671,0.105967447,1207.91813,3008656476
2,6650,1879,128,1.38780558,0.106018549,1207.3359,3008656476
2,6651,1880,128,2.0573926,0.106034454,1207.1548,3008656476
2,6652,1881,128,1.9208529,0.106129355,1206.07536,3008656476
2,6653,1882,128,2.12891722,0.119472976,1071.37199,3008656476
2,6654,1883,128,1.84943116,0.105857231,1209.17578,3008656476
2,6655,1884,128,2.08871651,0.106093443,1206.48361,3008656476
2,6656,1885,128,1.94207513,0.106096071,1206.45372,3008656476
2,6657,1886,128,2.14347649,0.106218725,1205.0606,3008656476
2,6658,1887,128,1.9275192,0.10612409,1206.1352,3008656476
2,6659,1888,128,1.91008687,0.106320407,1203.90811,3008656476
2,6660,1889,128,2.45369148,0.106136753,1205.99129,3008656476
2,6661,1890,128,2.41284466,0.106243358,1204.7812,3008656476
2,6662,1891,128,2.20797491,0.106206616,1205.19799,3008656476
2,6663,1892,128,1.97827959,0.118363748,1081.41219,3008656476
2,6664,1893,128,1.77212191,0.106116877,1206.21718,3008656476
2,6665,1894,128,1.90862548,0.106052137,1206.95352,3008656476
2,6666,1895,128,1.95002699,0.105983702,1207.73286,3008656476
2,6667,1896,128,2.33783722,0.106198666,1205.28821,3008656476
2,6668,1897,128,2.18367577,0.106027891,1207.22952,3008656476
2,6669,1898,128,2.65708089,0.106036254,1207.13431,3008656476
2,6670,1899,128,3.50699544,0.106039094,1207.10198,3008656476
2,6671,1900,128,2.72849035,0.106050254,1206.97495,3008656476
2,6672,1901,128,2.06757212,0.106039551,1207.09677,3008656476
2,6673,1902,128,2.06655169,0.118648872,1078.81346,3008656476
2,6674,1903,128,2.56153488,0.106035115,1207.14727,3008656476
2,6675,1904,128,1.74463248,0.106102754,1206.37773,3008656476
2,6676,1905,128,2.28648019,0.106472612,1202.18709,3008656476
2,6677,1906,128,1.99673462,0.106154196,1205.79313,3008656476
2,6678,1907,128,1.8671664,0.106067333,1206.7806,3008656476
2,6679,1908,128,2.01202679,0.106095546,1206.45969,3008656476
2,6680,1909,128,1.98324442,0.106164674,1205.67412,3008656476
2,6681,1910,128,2.20478797,0.1060166,1207.35809,3008656476
2,6682,1911,128,1.77762961,0.106049655,1206.98177,3008656476
2,6683,1912,128,2.02430272,0.107972469,1185.48739,3008656476
2,6684,1913,128,2.20595121,0.105999402,1207.55398,3008656476
2,6685,1914,128,2.17989707,0.106145516,1205.89173,3008656476
2,6686,1915,128,1.48312688,0.106056141,1206.90795,3008656476
2,6687,1916,128,2.41723275,0.106217645,1205.07285,3008656476
2,6688,1917,128,1.98923635,0.106079718,1206.63971,3008656476
2,6689,1918,128,2.30992389,0.10597043,1207.88412,3008656476
2,6690,1919,128,1.83228922,0.105994218,1207.61304,3008656476
2,6691,1920,128,1.94867897,0.106062912,1206.8309,3008656476
2,6692,1921,128,2.09765196,0.117551907,1088.88068,3008656476
2,6693,1922,128,2.51850629,0.104001849,1230.74735,3008656476
2,6694,1923,128,2.09780788,0.106105601,1206.34537,3008656476
2,6695,1924,128,2.19447732,0.106163602,1205.6863,3008656476
2,6696,1925,128,1.76592791,0.106074489,1206.69919,3008656476
2,6697,1926,128,2.05416298,0.106136336,1205.99603,3008656476
2,6698,1927,128,2.08935213,0.106069634,1206.75442,3008656476
2,6699,1928,128,2.17177439,0.105971963,1207.86665,3008656476
2,6700,1929,128,2.60279036,0.105962858,1207.97044,3008656476
2,6701,1930,128,2.30827904,0.106123967,1206.13659,3008656476
2,6702,1931,128,1.66850746,0.118516413,1080.01919,3008656476
2,6703,1932,128,1.47651279,0.106328925,1203.81166,3008656476
2,6704,1933,128,1.72873843,0.106048733,1206.99226,3008656476
2,6705,1934,128,1.84965074,0.10612043,1206.17679,3008656476
2,6706,1935,128,1.63157153,0.106042581,1207.06228,3008656476
2,6707,1936,128,2.06538796,0.106060856,1206.8543,3008656476
2,6708,1937,128,2.01468539,0.106048896,1206.99041,3008656476
2,6709,1938,128,2.20372462,0.106106702,1206.33285,3008656476
2,6710,1939,128,1.9381479,0.105976988,1207.80938,3008656476
2,6711,1940,128,1.95853746,0.106144625,1205.90185,3008656476
2,6712,1941,128,1.54504371,0.118425233,1080.85073,3008656476
2,6713,1942,128,2.38442993,0.105858642,1209.15966,3008656476
2,6714,1943,128,2.17250919,0.106128663,1206.08322,3008656476
2,6715,1944,128,1.9798708,0.106057235,1206.8955,3008656476
2,6716,1945,128,2.2155292,0.106000051,1207.54659,3008656476
2,6717,1946,128,1.54429519,0.106082854,1206.60404,3008656476
2,6718,1947,128,1.82582951,0.106076879,1206.672,3008656476
2,6719,1948,128,2.3340807,0.106149817,1205.84287,3008656476
2,6720,1949,128,2.05666399,0.106018989,1207.33089,3008656476
2,6721,1950,128,2.67616034,0.106063275,1206.82677,3008656476
2,6722,1951,128,2.58463669,0.119858805,1067.92321,3008656476
2,6723,1952,128,2.17865515,0.106060625,1206.85693,3008656476
2,6724,1953,128,2.10863209,0.106022103,1207.29543,3008656476
2,6725,1954,128,2.07018065,0.10611887,1206.19453,3008656476
2,6726,1955,128,2.13048077,0.106076075,1206.68115,3008656476
2,6727,1956,128,2.64520001,0.106096537,1206.44843,3008656476
2,6728,1957,128,2.02209091,0.106052379,1206.95077,3008656476
2,6729,1958,128,2.14516521,0.106093166,1206.48676,3008656476
2,6730,1959,128,1.516922,0.105993218,1207.62443,3008656476
2,6731,1960,128,2.33966303,0.106102913,1206.37593,3008656476
2,6732,1961,128,2.20714569,0.121295791,1055.27157,3008656476
2,6733,1962,128,2.14281726,0.106011284,1207.41864,3008656476
2,6734,1963,128,1.93269455,0.106043616,1207.0505,3008656476
2,6735,1964,128,1.74108076,0.106067998,1206.77304,3008656476
2,6736,1965,128,1.91577375,0.106097538,1206.43704,3008656476
2,6737,1966,128,2.31671333,0.105919597,1208.46381,3008656476
2,6738,1967,128,2.38715005,0.106113728,1206.25297,3008656476
2,6739,1968,128,2.62919998,0.105921132,1208.4463,3008656476
2,6740,1969,128,2.01460218,0.106084838,1206.58147,3008656476
2,6741,1970,128,2.1480937,0.105990542,1207.65492,3008656476
2,6742,1971,128,2.25980401,0.107873434,1186.57574,3008656476
2,6743,1972,128,2.56832194,0.105975132,1207.83053,3008656476
2,6744,1973,128,2.23282695,0.105963014,1207.96866,3008656476
2,6745,1974,128,1.07922697,0.1058875,1208.83013,3008656476
2,6746,1975,128,1.68756032,0.105966145,1207.93297,3008656476
2,6747,1976,128,2.01862907,0.105919423,1208.4658,3008656476
2,6748,1977,128,1.82159829,0.10598412,1207.7281,3008656476
2,6749,1978,128,1.98204446,0.106055074,1206.9201,3008656476
2,6750,1979,128,2.18882155,0.106103551,1206.36867,3008656476
2,6751,1980,128,2.46090078,0.116464896,1099.04361,3008656476
2,6752,1981,128,2.37003779,0.105017819,1218.84078,3008656476
2,6753,1982,128,2.09225202,0.106017065,1207.3528,3008656476
2,6754,1983,128,2.27896643,0.106073131,1206.71464,3008656476
2,6755,1984,128,1.91258216,0.106051971,1206.95541,3008656476
2,6756,1985,128,1.74059987,0.105950985,1208.1058,3008656476
2,6757,1986,128,1.68897939,0.105866321,1209.07196,3008656476
2,6758,1987,128,2.16526365,0.105996244,1207.58996,3008656476
2,6759,1988,128,2.39792323,0.106066383,1206.79141,3008656476
2,6760,1989,128,2.35013652,0.106107124,1206.32805,3008656476
2,6761,1990,128,1.8717798,0.118220006,1082.72706,3008656476
2,6762,1991,128,1.6357187,0.10571901,1210.7567,3008656476
2,6763,1992,128,1.58541977,0.105897154,1208.71992,3008656476
2,6764,1993,128,1.96382046,0.106033452,1207.16621,3008656476
2,6765,1994,128,1.98095798,0.105926255,1208.38785,3008656476
2,6766,1995,128,1.95588148,0.106149581,1205.84555,3008656476
2,6767,1996,128,2.00030732,0.106054502,1206.9266,3008656476
2,6768,1997,128,2.55777454,0.106041872,1207.07035,3008656476
2,6769,1998,128,2.37616348,0.10596264,1207.97292,3008656476
2,6770,1999,128,2.61470485,0.106082678,1206.60604,3008656476
2,6771,2000,128,2.1819675,0.119604209,1070.19645,3008656476
2,6772,2001,128,1.69881582,0.105836484,1209.41281,3008656476
2,6773,2002,128,2.26839519,0.105989807,1207.6633,3008656476
2,6774,2003,128,2.25997305,0.106080453,1206.63135,3008656476
2,6775,2004,128,1.94117081,0.106002493,1207.51877,3008656476
2,6776,2005,128,1.79454565,0.106084471,1206.58565,3008656476
2,6777,2006,128,1.99736369,0.105948677,1208.13212,3008656476
2,6778,2007,128,1.88699377,0.10642012,1202.78008,3008656476
2,6779,2008,128,2.03111839,0.106016852,1207.35522,3008656476
2,6780,2009,128,1.85196114,0.106029528,1207.21088,3008656476
2,6781,2010,128,1.92577553,0.120759276,1059.95998,3008656476
2,6782,2011,128,2.39132762,0.106086113,1206.56697,3008656476
2,6783,2012,128,2.59957004,0.106096951,1206.44372,3008656476
2,6784,2013,128,2.1665647,0.106196991,1205.30722,3008656476
2,6785,2014,128,2.46005845,0.106112657,1206.26515,3008656476
2,6786,2015,128,2.0827899,0.106135016,1206.01103,3008656476
2,6787,2016,128,2.28771067,0.106155873,1205.77408,3008656476
2,6788,2017,128,2.94492531,0.106222382,1205.01911,3008656476
2,6789,2018,128,2.11079288,0.106088947,1206.53474,3008656476
2,6790,2019,128,2.40084052,0.106203467,1205.23372,3008656476
2,6791,2020,128,2.01496005,0.119693083,1069.40181,3008656476
2,6792,2021,128,2.68356037,0.106057544,1206.89199,3008656476
2,6793,2022,128,2.49903989,0.106109971,1206.29568,3008656476
2,6794,2023,128,2.58396888,0.106104046,1206.36304,3008656476
2,6795,2024,128,2.56297898,0.105998087,1207.56896,3008656476
2,6796,2025,128,2.4227047,0.106165297,1205.66705,3008656476
2,6797,2026,128,1.77713907,0.106021241,1207.30524,3008656476
2,6798,2027,128,2.41163373,0.106189726,1205.38968,3008656476
2,6799,2028,128,2.23392844,0.106008247,1207.45323,3008656476
2,6800,2029,128,2.5738337,0.106167094,1205.64664,3008656476
2,6801,2030,128,2.32312179,0.107799429,1187.39033,3008656476
2,6802,2031,128,2.14455485,0.106116425,1206.22232,3008656476
2,6803,2032,128,2.09498,0.106080723,1206.62828,3008656476
2,6804,2033,128,2.0577538,0.106002716,1207.51623,3008656476
2,6805,2034,128,2.0899663,0.106022559,1207.29023,3008656476
2,6806,2035,128,2.11827731,0.106141559,1205.93669,3008656476
2,6807,2036,128,1.82662165,0.105977065,1207.8085,3008656476
2,6808,2037,128,2.03131485,0.10613829,1205.97383,3008656476
2,6809,2038,128,2.2428391,0.10608166,1206.61762,3008656476
2,6810,2039,128,2.52605319,0.115301741,1110.13068,3008656476
2,6811,2040,128,2.14810514,0.104946707,1219.66666,3008656476
2,6812,2041,128,2.75533533,0.106062718,1206.83311,3008656476
2,6813,2042,128,2.56125164,0.106058757,1206.87818,3008656476
2,6814,2043,128,2.46103597,0.106165178,1205.6684,3008656476
2,6815,2044,128,2.20534015,0.106070413,1206.74556,3008656476
2,6816,2045,128,2.20268893,0.106134043,1206.02209,3008656476
2,6817,2046,128,2.0496223,0.106020227,1207.31679,3008656476
2,6818,2047,128,2.37220788,0.106120675,1206.17401,3008656476
2,6819,2048,128,2.43060827,0.10612749,1206.09655,3008656476
2,6820,2049,128,2.06621432,0.118078246,1084.02694,3008656476
2,6821,2050,128,2.49311638,0.105808066,1209.73764,3008656476
2,6822,2051,128,2.17089605,0.106137822,1205.97915,3008656476
2,6823,2052,128,1.91944528,0.106122855,1206.14923,3008656476
2,6824,2053,128,2.40930963,0.106120076,1206.18082,3008656476
2,6825,2054,128,2.52248359,0.10609455,1206.47102,3008656476
2,6826,2055,128,2.09368396,0.106197988,1205.2959,3008656476
2,6827,2056,128,2.08446908,0.105914078,1208.52678,3008656476
2,6828,2057,128,2.27605009,0.106131891,1206.04654,3008656476
2,6829,2058,128,1.91051984,0.105922786,1208.42743,3008656476
2,6830,2059,128,2.29949117,0.120401238,1063.11199,3008656476
2,6831,2060,128,1.79389155,0.106108435,1206.31315,3008656476
2,6832,2061,128,2.55904865,0.106052824,1206.9457,3008656476
2,6833,2062,128,2.42145038,0.106078084,1206.6583,3008656476
2,6834,2063,128,1.74969339,0.106043834,1207.04802,3008656476
2,6835,2064,128,2.08907795,0.106014875,1207.37774,3008656476
2,6836,2065,128,2.02718687,0.106088354,1206.54148,3008656476
2,6837,2066,128,2.08698344,0.105887094,1208.83476,3008656476
2,6838,2067,128,1.82652175,0.106096322,1206.45087,3008656476
2,6839,2068,128,1.8292681,0.106016079,1207.36403,3008656476
2,6840,2069,128,1.96297097,0.120410397,1063.03113,3008656476
2,6841,2070,128,1.7114917,0.106083316,1206.59878,3008656476
2,6842,2071,128,2.30586672,0.10602221,1207.29421,3008656476
2,6843,2072,128,2.02390671,0.105965765,1207.9373,3008656476
2,6844,2073,128,2.15074921,0.106079248,1206.64505,3008656476
2,6845,2074,128,1.95744109,0.105924512,1208.40774,3008656476
2,6846,2075,128,2.52744508,0.10598538,1207.71374,3008656476
2,6847,2076,128,2.12467766,0.106252129,1204.68174,3008656476
2,6848,2077,128,2.0512538,0.106235557,1204.86967,3008656476
2,6849,2078,128,1.71862841,0.106235795,1204.86697,3008656476
2,6850,2079,128,2.54291582,0.118425941,1080.84427,3008656476
2,6851,2080,128,2.25799346,0.106122049,1206.15839,3008656476
2,6852,2081,128,1.91849923,0.10602966,1207.20938,3008656476
2,6853,2082,128,2.16787386,0.10606663,1206.7886,3008656476
2,6854,2083,128,2.28465915,0.106091418,1206.50664,3008656476
2,6855,2084,128,1.81096864,0.106036112,1207.13592,3008656476
2,6856,2085,128,2.05500317,0.106039962,1207.0921,3008656476
2,6857,2086,128,2.0639379,0.106118382,1206.20007,3008656476
2,6858,2087,128,1.79657257,0.10603366,1207.16384,3008656476
2,6859,2088,128,1.88282812,0.105996366,1207.58857,3008656476
2,6860,2089,128,2.00080681,0.107951602,1185.71654,3008656476
2,6861,2090,128,2.09025097,0.105979785,1207.7775,3008656476
2,6862,2091,128,1.81205225,0.106287451,1204.2814,3008656476
2,6863,2092,128,1.62070084,0.106139046,1205.96524,3008656476
2,6864,2093,128,1.57725358,0.106123094,1206.14652,3008656476
2,6865,2094,128,2.26362777,0.10616593,1205.65986,3008656476
2,6866,2095,128,1.57252324,0.106222443,1205.01842,3008656476
2,6867,2096,128,2.27961302,0.106315493,1203.96375,3008656476
2,6868,2097,128,2.017452,0.106262871,1204.55996,3008656476
2,6869,2098,128,2.05544901,0.119508163,1071.05654,3008656476
2,6870,2099,128,2.04588914,0.106148091,1205.86248,3008656476
2,6871,2100,128,1.9559716,0.106152148,1205.81639,3008656476
2,6872,2101,128,2.2590251,0.10609186,1206.50161,3008656476
2,6873,2102,128,1.98993826,0.106010164,1207.43139,3008656476
2,6874,2103,128,1.30162287,0.106101761,1206.38902,3008656476
2,6875,2104,128,1.9298892,0.10612571,1206.11678,3008656476
2,6876,2105,128,1.82911372,0.10607174,1206.73046,3008656476
2,6877,2106,128,1.58073437,0.106115323,1206.23484,3008656476
2,6878,2107,128,1.96142972,0.106281063,1204.35378,3008656476
2,6879,2108,128,2.02572513,0.11918109,1073.99588,3008656476
2,6880,2109,128,1.99356532,0.105875963,1208.96185,3008656476
2,6881,2110,128,2.13339829,0.106151933,1205.81883,3008656476
2,6882,2111,128,1.81043029,0.105991588,1207.64301,3008656476
2,6883,2112,128,2.04254389,0.105979308,1207.78294,3008656476
2,6884,2113,128,1.90131056,0.106012661,1207.40295,3008656476
2,6885,2114,128,1.52062726,0.106006423,1207.474,3008656476
2,6886,2115,128,2.03723407,0.105965894,1207.93583,3008656476
2,6887,2116,128,1.78387141,0.10604507,1207.03395,3008656476
2,6888,2117,128,1.95207095,0.105963947,1207.95802,3008656476
2,6889,2118,128,2.02026772,0.12050099,1062.23194,3008656476
2,6890,2119,128,2.27711415,0.106033797,1207.16228,3008656476
2,6891,2120,128,1.50106871,0.106091244,1206.50862,3008656476
2,6892,2121,128,1.76207399,0.10589427,1208.75284,3008656476
2,6893,2122,128,1.81318259,0.106055324,1206.91725,3008656476
2,6894,2123,128,1.48953569,0.105962381,1207.97588,3008656476
2,6895,2124,128,1.61337101,0.105980391,1207.7706,3008656476
2,6896,2125,128,1.18342292,0.106029236,1207.21421,3008656476
2,6897,2126,128,1.35647953,0.105995186,1207.60201,3008656476
2,6898,2127,128,2.3907299,0.105879512,1208.92133,3008656476
2,6899,2128,128,1.86453712,0.118079957,1084.01123,3008656476
2,6900,2129,128,1.63359773,0.106076251,1206.67915,3008656476
2,6901,2130,128,2.35083413,0.10623889,1204.83187,3008656476
2,6902,2131,128,1.73592627,0.106063274,1206.82679,3008656476
2,6903,2132,128,1.98598969,0.106081776,1206.6163,3008656476
2,6904,2133,128,1.88757026,0.105952676,1208.08652,3008656476
2,6905,2134,128,2.2799077,0.106025413,1207.25774,3008656476
2,6906,2135,128,1.87290406,0.105997871,1207.57142,3008656476
2,6907,2136,128,2.04310656,0.106072895,1206.71732,3008656476
2,6908,2137,128,1.9104408,0.105941249,1208.21683,3008656476
2,6909,2138,128,1.95878375,0.116156426,1101.96228,3008656476
2,6910,2139,128,2.13224578,0.105994945,1207.60476,3008656476
2,6911,2140,128,2.10178781,0.106019244,1207.32798,3008656476
2,6912,2141,128,1.84063113,0.093022933,1376.00478,3008656476
2,6913,2142,128,1.83817649,0.106270381,1204.47484,3008656476
2,6914,2143,128,2.06007004,0.106207385,1205.18926,3008656476
2,6915,2144,128,1.95279086,0.106157342,1205.75739,3008656476
2,6916,2145,128,2.3816607,0.106155003,1205.78396,3008656476
2,6917,2146,128,2.09588408,0.106230996,1204.9214,3008656476
2,6918,2147,128,2.16118765,0.118678562,1078.54357,3008656476
2,6919,2148,128,1.38967395,0.106148002,1205.86349,3008656476
2,6920,2149,128,1.8566699,0.106002707,1207.51633,3008656476
2,6921,2150,128,1.5542413,0.106000272,1207.54407,3008656476
2,6922,2151,128,2.04591203,0.105989735,1207.66412,3008656476
2,6923,2152,128,2.12340879,0.106057314,1206.8946,3008656476
2,6924,2153,128,1.79605365,0.10600079,1207.53817,3008656476
2,6925,2154,128,1.73970604,0.10603945,1207.09792,3008656476
2,6926,2155,128,2.54264855,0.106073771,1206.70736,3008656476
2,6927,2156,128,2.23824954,0.106124419,1206.13146,3008656476
2,6928,2157,128,2.00966072,0.119823086,1068.24156,3008656476
2,6929,2158,128,1.27329409,0.106077503,1206.6649,3008656476
2,6930,2159,128,1.85377491,0.106105892,1206.34206,3008656476
2,6931,2160,128,2.39671445,0.106115746,1206.23003,3008656476
2,6932,2161,128,2.45980239,0.106104762,1206.3549,3008656476
2,6933,2162,128,1.58392155,0.106033087,1207.17036,3008656476
2,6934,2163,128,1.66717267,0.106150043,1205.8403,3008656476
2,6935,2164,128,1.73326218,0.106032583,1207.1761,3008656476
2,6936,2165,128,2.06123257,0.106097117,1206.44183,3008656476
2,6937,2166,128,2.12700558,0.10617951,1205.50566,3008656476
2,6938,2167,128,1.99229264,0.118274464,1082.22854,3008656476
2,6939,2168,128,2.21385288,0.106104883,1206.35353,3008656476
2,6940,2169,128,2.25251436,0.105973568,1207.84836,3008656476
2,6941,2170,128,1.66314292,0.106277654,1204.39241,3008656476
2,6942,2171,128,1.85123289,0.106064792,1206.80951,3008656476
2,6943,2172,128,1.96980035,0.106254434,1204.65561,3008656476
2,6944,2173,128,2.4484694,0.106108806,1206.30893,3008656476
2,6945,2174,128,2.19461131,0.106322312,1203.88654,3008656476
2,6946,2175,128,2.01799369,0.106166532,1205.65302,3008656476
2,6947,2176,128,1.02947199,0.106243421,1204.78048,3008656476
2,6948,2177,128,1.89677763,0.118825005,1077.21435,3008656476
2,6949,2178,128,1.82279074,0.106168835,1205.62687,3008656476
2,6950,2179,128,2.44281316,0.106249915,1204.70685,3008656476
2,6951,2180,128,2.26114988,0.106168344,1205.63244,3008656476
2,6952,2181,128,1.68970931,0.106098789,1206.42282,3008656476
2,6953,2182,128,1.90496767,0.106173657,1205.57211,3008656476
2,6954,2183,128,2.33616805,0.106082523,1206.6078,3008656476
2,6955,2184,128,1.91827118,0.106157219,1205.75879,3008656476
2,6956,2185,128,2.10660553,0.106152318,1205.81446,3008656476
2,6957,2186,128,2.26072884,0.106262166,1204.56796,3008656476
2,6958,2187,128,2.05107093,0.118430587,1080.80187,3008656476
2,6959,2188,128,1.81989431,0.106060168,1206.86213,3008656476
2,6960,2189,128,1.98787081,0.106119764,1206.18436,3008656476
2,6961,2190,128,1.70585155,0.105939432,1208.23755,3008656476
2,6962,2191,128,2.15124846,0.106007094,1207.46636,3008656476
2,6963,2192,128,1.68253982,0.10599544,1207.59912,3008656476
2,6964,2193,128,1.2300303,0.10597754,1207.80309,3008656476
2,6965,2194,128,1.99024701,0.106058019,1206.88658,3008656476
2,6966,2195,128,1.64261377,0.10609355,1206.48239,3008656476
2,6967,2196,128,2.07585716,0.120696163,1060.51424,3008656476
2,6968,2197,128,2.49098063,0.103525803,1236.40673,3008656476
2,6969,2198,128,2.24999404,0.105963856,1207.95906,3008656476
2,6970,2199,128,1.67916715,0.10619919,1205.28226,3008656476
2,6971,2200,128,2.09540105,0.106024674,1207.26615,3008656476
2,6972,2201,128,2.29850006,0.106060641,1206.85675,3008656476
2,6973,2202,128,1.8323617,0.105995286,1207.60087,3008656476
2,6974,2203,128,2.20856619,0.106195326,1205.32612,3008656476
2,6975,2204,128,2.34132457,0.105981946,1207.75288,3008656476
2,6976,2205,128,1.82302105,0.106065399,1206.80261,3008656476
2,6977,2206,128,2.05388737,0.119457631,1071.50961,3008656476
2,6978,2207,128,1.91748285,0.10649844,1201.89554,3008656476
2,6979,2208,128,1.86343825,0.106149579,1205.84557,3008656476
2,6980,2209,128,2.30034089,0.106058929,1206.87623,3008656476
2,6981,2210,128,1.85070086,0.106082648,1206.60638,3008656476
2,6982,2211,128,1.73229265,0.106153867,1205.79686,3008656476
2,6983,2212,128,1.62810266,0.10604116,1207.07846,3008656476
2,6984,2213,128,1.74334538,0.105953495,1208.07719,3008656476
2,6985,2214,128,1.82753313,0.106159058,1205.7379,3008656476
2,6986,2215,128,2.18239689,0.106034412,1207.15528,3008656476
2,6987,2216,128,1.39465368,0.117945604,1085.24604,3008656476
2,6988,2217,128,2.36240268,0.105935009,1208.288,3008656476
2,6989,2218,128,2.05522728,0.106222884,1205.01341,3008656476
2,6990,2219,128,2.407763,0.106049052,1206.98863,3008656476
2,6991,2220,128,1.77275407,0.106137837,1205.97898,3008656476
2,6992,2221,128,1.36658573,0.106178182,1205.52073,3008656476
2,6993,2222,128,1.88337517,0.106095025,1206.46562,3008656476
2,6994,2223,128,1.97777355,0.10611681,1206.21794,3008656476
2,6995,2224,128,1.72669208,0.106193519,1205.34663,3008656476
2,6996,2225,128,1.72524798,0.106038281,1207.11123,3008656476
2,6997,2226,128,2.45817208,0.118699132,1078.35666,3008656476
2,6998,2227,128,1.89981925,0.106239264,1204.82762,3008656476
2,6999,2228,128,1.95717478,0.106057025,1206.89789,3008656476
2,7000,2229,128,1.86875772,0.106072566,1206.72107,3008656476
2,7001,2230,128,2.09896827,0.106184347,1205.45074,3008656476
2,7002,2231,128,1.45106387,0.106214848,1205.10458,3008656476
2,7003,2232,128,2.08460736,0.106133038,1206.03351,3008656476
2,7004,2233,128,1.63328409,0.1060997,1206.41246,3008656476
2,7005,2234,128,1.99643302,0.106138713,1205.96902,3008656476
2,7006,2235,128,1.40108991,0.106071897,1206.72868,3008656476
2,7007,2236,128,2.00333643,0.120221313,1064.70306,3008656476
2,7008,2237,128,2.42492604,0.106021408,1207.30334,3008656476
2,7009,2238,128,1.87810826,0.106151169,1205.82751,3008656476
2,7010,2239,128,1.81554651,0.106062335,1206.83747,3008656476
2,7011,2240,128,1.83990037,0.106039114,1207.10175,3008656476
2,7012,2241,128,1.86218262,0.10598241,1207.74759,3008656476
2,7013,2242,128,2.50814176,0.106126601,1206.10666,3008656476
2,7014,2243,128,2.07190585,0.105985605,1207.71118,3008656476
2,7015,2244,128,2.24844313,0.106069779,1206.75277,3008656476
2,7016,2245,128,2.16460943,0.106123879,1206.13759,3008656476
2,7017,2246,128,1.55377495,0.108656791,1178.02117,3008656476
2,7018,2247,128,1.58700335,0.106031972,1207.18306,3008656476
2,7019,2248,128,1.67061424,0.106093045,1206.48814,3008656476
2,7020,2249,128,1.95651627,0.106185693,1205.43546,3008656476
2,7021,2250,128,2.24435091,0.106009628,1207.4375,3008656476
2,7022,2251,128,1.56084168,0.10616805,1205.63578,3008656476
2,7023,2252,128,1.39374554,0.106078675,1206.65157,3008656476
2,7024,2253,128,1.73982131,0.106146672,1205.8786,3008656476
2,7025,2254,128,2.60471106,0.106091015,1206.51122,3008656476
2,7026,2255,128,1.9700098,0.117328051,1090.95821,3008656476
2,7027,2256,128,2.11047721,0.104826748,1221.0624,3008656476
2,7028,2257,128,1.99390435,0.10621493,1205.10365,3008656476
2,7029,2258,128,2.28114319,0.106063399,1206.82536,3008656476
2,7030,2259,128,2.14100671,0.106118034,1206.20403,3008656476
2,7031,2260,128,2.0401957,0.106027932,1207.22905,3008656476
2,7032,2261,128,1.71304309,0.105992713,1207.63019,3008656476
2,7033,2262,128,1.78245449,0.105935975,1208.27698,3008656476
2,7034,2263,128,2.07844853,0.106087705,1206.54886,3008656476
2,7035,2264,128,1.56067407,0.106110359,1206.29127,3008656476
2,7036,2265,128,1.89364827,0.118898737,1076.54634,3008656476
2,7037,2266,128,2.02506065,0.105672162,1211.29347,3008656476
2,7038,2267,128,1.70282483,0.106023605,1207.27832,3008656476
2,7039,2268,128,2.00704765,0.106066584,1206.78912,3008656476
2,7040,2269,128,1.36721122,0.106055943,1206.91021,3008656476
2,7041,2270,128,1.62538636,0.10596308,1207.96791,3008656476
2,7042,2271,128,1.84866035,0.105929955,1208.34565,3008656476
2,7043,2272,128,2.05555344,0.106877962,1197.62763,3008656476
2,7044,2273,128,1.6657902,0.105990031,1207.66075,3008656476
2,7045,2274,128,1.49669588,0.106093919,1206.4782,3008656476
2,7046,2275,128,2.1273396,0.11817728,1083.11851,3008656476
2,7047,2276,128,2.00895357,0.105999798,1207.54947,3008656476
2,7048,2277,128,1.41578126,0.106101409,1206.39303,3008656476
2,7049,2278,128,1.58272672,0.106056019,1206.90934,3008656476
2,7050,2279,128,1.58647048,0.106008559,1207.44967,3008656476
2,7051,2280,128,1.63080084,0.105969156,1207.89865,3008656476
2,7052,2281,128,1.98871922,0.10609121,1206.509,3008656476
2,7053,2282,128,2.13473558,0.106058659,1206.8793,3008656476
2,7054,2283,128,1.56266165,0.106085376,1206.57535,3008656476
2,7055,2284,128,1.60755134,0.106046912,1207.01299,3008656476
2,7056,2285,128,1.48318613,0.120322755,1063.80543,3008656476
2,7057,2286,128,1.54617238,0.106026114,1207.24975,3008656476
2,7058,2287,128,1.55350828,0.106084989,1206.57975,3008656476
2,7059,2288,128,1.44190466,0.105991572,1207.64319,3008656476
2,7060,2289,128,1.42355013,0.106081809,1206.61592,3008656476
2,7061,2290,128,1.84928405,0.106038886,1207.10434,3008656476
2,7062,2291,128,2.27240872,0.105995349,1207.60016,3008656476
2,7063,2292,128,1.45613849,0.106044962,1207.03518,3008656476
2,7064,2293,128,2.0089941,0.10608724,1206.55415,3008656476
2,7065,2294,128,1.99978554,0.105987127,1207.69384,3008656476
2,7066,2295,128,2.3309114,0.119930478,1067.285,3008656476
2,7067,2296,128,2.5327034,0.105992509,1207.63251,3008656476
2,7068,2297,128,1.87456083,0.106179386,1205.50707,3008656476
2,7069,2298,128,1.73434532,0.105951785,1208.09668,3008656476
2,7070,2299,128,2.27010322,0.106114468,1206.24456,3008656476
2,7071,2300,128,2.06014013,0.106098451,1206.42666,3008656476
2,7072,2301,128,2.37341452,0.106125751,1206.11632,3008656476
2,7073,2302,128,2.53701305,0.106057367,1206.894,3008656476
2,7074,2303,128,1.96212387,0.106126735,1206.10513,3008656476
2,7075,2304,128,1.96106291,0.105994355,1207.61148,3008656476
2,7076,2305,128,2.04487872,0.108041555,1184.72934,3008656476
2,7077,2306,128,2.59585214,0.106017397,1207.34902,3008656476
2,7078,2307,128,2.08245659,0.106023219,1207.28272,3008656476
2,7079,2308,128,2.45502877,0.106127436,1206.09717,3008656476
2,7080,2309,128,2.51149964,0.106008069,1207.45526,3008656476
2,7081,2310,128,2.10685349,0.106129442,1206.07437,3008656476
2,7082,2311,128,1.94928515,0.106165155,1205.66866,3008656476
2,7083,2312,128,1.86754918,0.106013384,1207.39472,3008656476
2,7084,2313,128,2.3924768,0.106076784,1206.67308,3008656476
2,7085,2314,128,2.84531784,0.115911963,1104.28636,3008656476
2,7086,2315,128,2.457335,0.104973894,1219.35078,3008656476
2,7087,2316,128,2.7757113,0.106088566,1206.53907,3008656476
2,7088,2317,128,2.64260197,0.106104155,1206.36181,3008656476
2,7089,2318,128,2.62120938,0.106013368,1207.3949,3008656476
2,7090,2319,128,2.54914427,0.106120921,1206.17121,3008656476
2,7091,2320,128,2.62648535,0.106091848,1206.50175,3008656476
2,7092,2321,128,2.57481194,0.106164625,1205.67468,3008656476
2,7093,2322,128,2.53841209,0.106059427,1206.87056,3008656476
2,7094,2323,128,2.72511435,0.106256621,1204.63082,3008656476
2,7095,2324,128,2.32470775,0.118075453,1084.05258,3008656476
2,7096,2325,128,2.79045391,0.105705547,1210.91091,3008656476
2,7097,2326,128,2.54918885,0.106073145,1206.71448,3008656476
2,7098,2327,128,2.76772046,0.106156918,1205.76221,3008656476
2,7099,2328,128,2.47941661,0.106064352,1206.81452,3008656476
2,7100,2329,128,2.17400718,0.106126308,1206.10999,3008656476
2,7101,2330,128,2.41879678,0.105988439,1207.67889,3008656476
2,7102,2331,128,2.38939619,0.106165761,1205.66178,3008656476
2,7103,2332,128,1.79225087,0.10610648,1206.33537,3008656476
2,7104,2333,128,2.09169674,0.106057539,1206.89204,3008656476
2,7105,2334,128,1.80810928,0.121792445,1050.96831,3008656476
2,7106,2335,128,2.19147873,0.105855498,1209.19558,3008656476
2,7107,2336,128,2.60528755,0.106076672,1206.67436,3008656476
2,7108,2337,128,2.56765246,0.106044057,1207.04548,3008656476
2,7109,2338,128,2.34678388,0.106086714,1206.56014,3008656476
2,7110,2339,128,2.27262378,0.106181349,1205.48478,3008656476
2,7111,2340,128,2.06044626,0.106037842,1207.11623,3008656476
2,7112,2341,128,2.52363181,0.106154843,1205.78578,3008656476
2,7113,2342,128,2.27279425,0.10607108,1206.73797,3008656476
2,7114,2343,128,2.28621221,0.106142428,1205.92681,3008656476
2,7115,2344,128,2.24955988,0.120476119,1062.45122,3008656476
2,7116,2345,128,2.85698962,0.106053059,1206.94303,3008656476
2,7117,2346,128,2.66110134,0.105907568,1208.60107,3008656476
2,7118,2347,128,2.51988792,0.106117016,1206.2156,3008656476
2,7119,2348,128,2.41237593,0.106065089,1206.80613,3008656476
2,7120,2349,128,2.40700698,0.105996345,1207.58881,3008656476
2,7121,2350,128,2.33240032,0.106017431,1207.34863,3008656476
2,7122,2351,128,2.2758379,0.105931603,1208.32685,3008656476
2,7123,2352,128,2.00415039,0.106043902,1207.04725,3008656476
2,7124,2353,128,2.01274061,0.105990272,1207.658,3008656476
2,7125,2354,128,2.45014167,0.118659014,1078.72125,3008656476
2,7126,2355,128,2.03872108,0.106044677,1207.03843,3008656476
2,7127,2356,128,2.58797765,0.106034503,1207.15424,3008656476
2,7128,2357,128,2.09812784,0.105983469,1207.73552,3008656476
2,7129,2358,128,2.03339601,0.106026294,1207.2477,3008656476
2,7130,2359,128,2.1163311,0.106171042,1205.60181,3008656476
2,7131,2360,128,2.26914477,0.10619478,1205.33231,3008656476
2,7132,2361,128,1.91256988,0.106245682,1204.75484,3008656476
2,7133,2362,128,1.91587758,0.106291458,1204.236,3008656476
2,7134,2363,128,1.7839998,0.106383208,1203.19741,3008656476
2,7135,2364,128,1.48725784,0.108210218,1182.88275,3008656476
2,7136,2365,128,1.78003597,0.106134009,1206.02247,3008656476
2,7137,2366,128,1.73358953,0.10610688,1206.33082,3008656476
2,7138,2367,128,1.94441271,0.106231591,1204.91465,3008656476
2,7139,2368,128,1.89320624,0.10600106,1207.53509,3008656476
2,7140,2369,128,1.99622238,0.105976411,1207.81595,3008656476
2,7141,2370,128,1.72021127,0.105898306,1208.70678,3008656476
2,7142,2371,128,1.78607583,0.106053518,1206.9378,3008656476
2,7143,2372,128,2.51881719,0.106160584,1205.72057,3008656476
2,7144,2373,128,2.59255075,0.118476888,1080.37949,3008656476
2,7145,2374,128,2.61442995,0.106109188,1206.30459,3008656476
2,7146,2375,128,1.65874898,0.106083127,1206.60093,3008656476
2,7147,2376,128,1.87897885,0.106142586,1205.92502,3008656476
2,7148,2377,128,2.26920462,0.106154436,1205.7904,3008656476
2,7149,2378,128,2.07345891,0.105980645,1207.7677,3008656476
2,7150,2379,128,1.7932539,0.106080937,1206.62584,3008656476
2,7151,2380,128,1.97328126,0.106165342,1205.66653,3008656476
2,7152,2381,128,1.75217652,0.106110445,1206.29029,3008656476
2,7153,2382,128,2.05069923,0.106062867,1206.83142,3008656476
2,7154,2383,128,2.31805229,0.119663121,1069.66958,3008656476
2,7155,2384,64,1.18427062,0.102544216,624.121013,3008656476
3,7156,0,128,1.31651938,0.119998289,1066.68188,3008656476
3,7157,1,128,1.72582054,0.115093286,1112.14133,3008656476
3,7158,2,128,1.65747762,0.114300664,1119.85351,3008656476
3,7159,3,128,1.8253684,0.106270338,1204.47533,3008656476
3,7160,4,128,2.06747985,0.106056075,1206.9087,3008656476
3,7161,5,128,2.34037328,0.106269781,1204.48164,3008656476
3,7162,6,128,2.19474292,0.106268886,1204.49178,3008656476
3,7163,7,128,2.06926322,0.106224794,1204.99175,3008656476
3,7164,8,128,2.32538295,0.106221287,1205.03153,3008656476
3,7165,9,128,2.02376413,0.120623619,1061.15205,3008656476
3,7166,10,128,1.89004076,0.106087773,1206.54809,3008656476
3,7167,11,128,2.38923335,0.106382937,1203.20047,3008656476
3,7168,12,128,1.74819136,0.106238179,1204.83993,3008656476
3,7169,13,128,1.62354386,0.106240432,1204.81438,3008656476
3,7170,14,128,1.63614476,0.106319246,1203.92125,3008656476
3,7171,15,128,1.69148374,0.095602892,1338.87163,3008656476
3,7172,16,128,1.80283535,0.106044523,1207.04018,3008656476
3,7173,17,128,1.90223908,0.106276828,1204.40177,3008656476
3,7174,18,128,2.01791835,0.106162914,1205.69411,3008656476
3,7175,19,128,1.72617114,0.118280369,1082.17451,3008656476
3,7176,20,128,1.77671766,0.106007496,1207.46178,3008656476
3,7177,21,128,2.33948755,0.106152624,1205.81098,3008656476
3,7178,22,128,1.58325267,0.106127741,1206.0937,3008656476
3,7179,23,128,1.49063683,0.106058425,1206.88196,3008656476
3,7180,24,128,1.61530459,0.106194404,1205.33658,3008656476
3,7181,25,128,1.82383811,0.106135927,1206.00068,3008656476
3,7182,26,128,1.66744936,0.106028544,1207.22209,3008656476
3,7183,27,128,1.94459808,0.106118461,1206.19917,3008656476
3,7184,28,128,1.77203035,0.106087739,1206.54848,3008656476
3,7185,29,128,1.46758389,0.117992485,1084.81485,3008656476
3,7186,30,128,1.42757893,0.105993855,1207.61718,3008656476
3,7187,31,128,1.50358236,0.105986747,1207.69817,3008656476
3,7188,32,128,1.70014381,0.106085062,1206.57892,3008656476
3,7189,33,128,1.87895238,0.10612518,1206.12281,3008656476
3,7190,34,128,1.93907332,0.106018305,1207.33868,3008656476
3,7191,35,128,1.80772436,0.106089227,1206.53155,3008656476
3,7192,36,128,1.86795115,0.10622573,1204.98113,3008656476
3,7193,37,128,1.61496925,0.106147413,1205.87018,3008656476
3,7194,38,128,1.70251191,0.10601054,1207.42711,3008656476
3,7195,39,128,1.27530408,0.111112541,1151.98518,3008656476
3,7196,40,128,1.75026596,0.106043425,1207.05268,3008656476
3,7197,41,128,1.92204309,0.106175343,1205.55297,3008656476
3,7198,42,128,1.71205091,0.106132724,1206.03707,3008656476
3,7199,43,128,2.00165892,0.106069743,1206.75318,3008656476
3,7200,44,128,1.86786926,0.106061138,1206.85109,3008656476
3,7201,45,128,1.91423213,0.106013637,1207.39184,3008656476
3,7202,46,128,1.69433951,0.106068929,1206.76244,3008656476
3,7203,47,128,1.72333443,0.106179627,1205.50433,3008656476
3,7204,48,128,1.64997792,0.118314821,1081.85939,3008656476
3,7205,49,128,1.91979134,0.104540042,1224.41122,3008656476
3,7206,50,128,1.78033149,0.105976822,1207.81127,3008656476
3,7207,51,128,1.92268085,0.106060464,1206.85876,3008656476
3,7208,52,128,1.56810486,0.106016624,1207.35782,3008656476
3,7209,53,128,2.05429268,0.106090791,1206.51377,3008656476
3,7210,54,128,1.53195369,0.106021252,1207.30512,3008656476
3,7211,55,128,1.69652879,0.106116702,1206.21917,3008656476
3,7212,56,128,1.88537204,0.106002041,1207.52392,3008656476
3,7213,57,128,1.78946853,0.106064685,1206.81073,3008656476
3,7214,58,128,1.56173384,0.11883047,1077.1648,3008656476
3,7215,59,128,1.62528002,0.105811569,1209.69759,3008656476
3,7216,60,128,1.93332732,0.106139674,1205.9581,3008656476
3,7217,61,128,2.05416346,0.106320393,1203.90827,3008656476
3,7218,62,128,1.41843641,0.106197702,1205.29915,3008656476
3,7219,63,128,1.96961999,0.105983898,1207.73063,3008656476
3,7220,64,128,1.53022361,0.106074423,1206.69994,3008656476
3,7221,65,128,2.02740932,0.106157572,1205.75478,3008656476
3,7222,66,128,1.59048712,0.106075916,1206.68296,3008656476
3,7223,67,128,2.02429366,0.106131294,1206.05332,3008656476
3,7224,68,128,2.29008365,0.118373639,1081.32183,3008656476
3,7225,69,128,1.81603253,0.106112464,1206.26734,3008656476
3,7226,70,128,1.95470369,0.106059979,1206.86428,3008656476
3,7227,71,128,2.0163095,0.106194273,1205.33807,3008656476
3,7228,72,128,1.66611063,0.106147776,1205.86606,3008656476
3,7229,73,128,1.97112715,0.106088424,1206.54069,3008656476
3,7230,74,128,1.73358393,0.106101328,1206.39395,3008656476
3,7231,75,128,1.45815086,0.106027273,1207.23656,3008656476
3,7232,76,128,2.38460159,0.106149326,1205.84845,3008656476
3,7233,77,128,1.94012272,0.106091031,1206.51104,3008656476
3,7234,78,128,1.6755594,0.11964817,1069.80324,3008656476
3,7235,79,128,1.62668705,0.106083471,1206.59702,3008656476
3,7236,80,128,1.81889415,0.105967418,1207.91846,3008656476
3,7237,81,128,1.90160763,0.106073598,1206.70933,3008656476
3,7238,82,128,2.0146904,0.106000902,1207.53689,3008656476
3,7239,83,128,2.04240966,0.106089453,1206.52898,3008656476
3,7240,84,128,1.8900615,0.106085849,1206.56997,3008656476
3,7241,85,128,1.70012951,0.106106773,1206.33204,3008656476
3,7242,86,128,1.72125208,0.106086441,1206.56324,3008656476
3,7243,87,128,1.42383289,0.106108816,1206.30881,3008656476
3,7244,88,128,1.20217562,0.121462674,1053.82169,3008656476
3,7245,89,128,1.5180037,0.106134438,1206.0176,3008656476
3,7246,90,128,1.60175014,0.10617978,1205.50259,3008656476
3,7247,91,128,1.57555151,0.106153085,1205.80575,3008656476
3,7248,92,128,1.65485346,0.106034705,1207.15194,3008656476
3,7249,93,128,1.5391624,0.106154253,1205.79248,3008656476
3,7250,94,128,1.38598704,0.106157385,1205.75691,3008656476
3,7251,95,128,1.62574208,0.106262429,1204.56497,3008656476
3,7252,96,128,1.46025109,0.106159366,1205.73441,3008656476
3,7253,97,128,1.93890023,0.106144883,1205.89892,3008656476
3,7254,98,128,1.31973147,0.108618467,1178.43681,3008656476
3,7255,99,128,1.71807694,0.10606701,1206.78428,3008656476
3,7256,100,128,1.82805657,0.106071682,1206.73112,3008656476
3,7257,101,128,1.79500067,0.106164939,1205.67111,3008656476
3,7258,102,128,1.63079047,0.106034955,1207.1491,3008656476
3,7259,103,128,1.26234841,0.106097111,1206.4419,3008656476
3,7260,104,128,1.50765359,0.106214917,1205.1038,3008656476
3,7261,105,128,1.35373175,0.106080665,1206.62894,3008656476
3,7262,106,128,1.60138226,0.107103196,1195.10906,3008656476
3,7263,107,128,1.46399236,0.117596091,1088.47155,3008656476
3,7264,108,128,1.60271931,0.106341048,1203.67443,3008656476
3,7265,109,128,1.20712817,0.105992169,1207.63639,3008656476
3,7266,110,128,1.56296372,0.105965159,1207.94421,3008656476
3,7267,111,128,1.60320079,0.106067762,1206.77572,3008656476
3,7268,112,128,1.49029636,0.106007368,1207.46324,3008656476
3,7269,113,128,1.50870502,0.106074934,1206.69413,3008656476
3,7270,114,128,1.83638668,0.106127842,1206.09255,3008656476
3,7271,115,128,1.81687987,0.105845346,1209.31156,3008656476
3,7272,116,128,1.41659403,0.105996399,1207.58819,3008656476
3,7273,117,128,1.51105773,0.118958114,1076.00899,3008656476
3,7274,118,128,1.55028248,0.105993956,1207.61603,3008656476
3,7275,119,128,1.75943089,0.106023523,1207.27926,3008656476
3,7276,120,128,1.70691979,0.105946535,1208.15655,3008656476
3,7277,121,128,1.41098464,0.106039751,1207.0945,3008656476
3,7278,122,128,1.41989231,0.105945107,1208.17283,3008656476
3,7279,123,128,1.4617641,0.106050496,1206.9722,3008656476
3,7280,124,128,1.37966764,0.106117515,1206.20993,3008656476
3,7281,125,128,1.4558202,0.1059699,1207.89017,3008656476
3,7282,126,128,1.35962653,0.106067488,1206.77884,3008656476
3,7283,127,128,1.87613606,0.11979654,1068.47827,3008656476
3,7284,128,128,1.71845829,0.106077995,1206.65931,3008656476
3,7285,129,128,1.40077436,0.106017178,1207.35151,3008656476
3,7286,130,128,1.40884912,0.106024969,1207.26279,3008656476
3,7287,131,128,1.45359612,0.106040746,1207.08317,3008656476
3,7288,132,128,1.15263665,0.106018956,1207.33126,3008656476
3,7289,133,128,1.31046152,0.105991029,1207.64938,3008656476
3,7290,134,128,1.48816955,0.106157597,1205.7545,3008656476
3,7291,135,128,1.20413744,0.105872998,1208.99571,3008656476
3,7292,136,128,1.3090173,0.106095113,1206.46462,3008656476
3,7293,137,128,1.18311059,0.118040557,1084.37306,3008656476
3,7294,138,128,1.09814084,0.105988031,1207.68354,3008656476
3,7295,139,128,1.36275864,0.105993742,1207.61846,3008656476
3,7296,140,128,1.04965937,0.106038194,1207.11222,3008656476
3,7297,141,128,1.06154454,0.105969416,1207.89568,3008656476
3,7298,142,128,1.50246263,0.106065249,1206.80431,3008656476
3,7299,143,128,1.15698051,0.106070448,1206.74516,3008656476
3,7300,144,128,0.721746325,0.105993551,1207.62064,3008656476
3,7301,145,128,0.759759188,0.105981133,1207.76214,3008656476
3,7302,146,128,1.18906653,0.106004259,1207.49865,3008656476
3,7303,147,128,1.36636913,0.114402445,1118.85721,3008656476
3,7304,148,128,1.51096976,0.106104165,1206.36169,3008656476
3,7305,149,128,1.51218641,0.10599972,1207.55036,3008656476
3,7306,150,128,1.17020285,0.105996818,1207.58342,3008656476
3,7307,151,128,0.88075155,0.105926977,1208.37962,3008656476
3,7308,152,128,1.24263275,0.106051117,1206.96513,3008656476
3,7309,153,128,1.15479028,0.106033534,1207.16527,3008656476
3,7310,154,128,1.19253564,0.105380621,1214.64458,3008656476
3,7311,155,128,1.78266752,0.105995442,1207.5991,3008656476
3,7312,156,128,1.81215394,0.119768478,1068.72862,3008656476
3,7313,157,128,1.63437903,0.104275675,1227.51543,3008656476
3,7314,158,128,1.42731881,0.106122465,1206.15366,3008656476
3,7315,159,128,1.03499281,0.106002221,1207.52187,3008656476
3,7316,160,128,1.36128938,0.10610966,1206.29922,3008656476
3,7317,161,128,1.19891667,0.105906837,1208.60941,3008656476
3,7318,162,128,1.25693989,0.106042632,1207.0617,3008656476
3,7319,163,128,1.61877239,0.106004183,1207.49952,3008656476
3,7320,164,128,1.66257811,0.106121289,1206.16703,3008656476
3,7321,165,128,1.50455678,0.105977056,1207.8086,3008656476
3,7322,166,128,1.77248371,0.120505623,1062.1911,3008656476
3,7323,167,128,1.38210809,0.105765651,1210.22278,3008656476
3,7324,168,128,1.39840651,0.106007659,1207.45993,3008656476
3,7325,169,128,1.38260734,0.106104697,1206.35564,3008656476
3,7326,170,128,1.84652328,0.106025241,1207.25969,3008656476
3,7327,171,128,1.43177009,0.106128233,1206.08811,3008656476
3,7328,172,128,1.74366474,0.106108034,1206.3177,3008656476
3,7329,173,128,1.62917554,0.106103839,1206.3654,3008656476
3,7330,174,128,1.18957722,0.106093337,1206.48481,3008656476
3,7331,175,128,1.65683568,0.106039889,1207.09293,3008656476
3,7332,176,128,1.26273549,0.118666704,1078.65135,3008656476
3,7333,177,128,1.85885727,0.105974568,1207.83696,3008656476
3,7334,178,128,1.31327105,0.106135815,1206.00195,3008656476
3,7335,179,128,1.86363411,0.106034398,1207.15544,3008656476
3,7336,180,128,1.59084034,0.106169031,1205.62464,3008656476
3,7337,181,128,1.50168669,0.106051551,1206.96019,3008656476
3,7338,182,128,1.6197201,0.106123145,1206.14594,3008656476
3,7339,183,128,1.27636552,0.106076696,1206.67408,3008656476
3,7340,184,128,1.32128012,0.10616323,1205.69052,3008656476
3,7341,185,128,1.55675602,0.106207287,1205.19037,3008656476
3,7342,186,128,1.442927,0.118581566,1079.42579,3008656476
3,7343,187,128,1.13196743,0.106124297,1206.13284,3008656476
3,7344,188,128,1.66659296,0.106088313,1206.54195,3008656476
3,7345,189,128,1.58418643,0.106174808,1205.55904,3008656476
3,7346,190,128,1.30256271,0.106074876,1206.69479,3008656476
3,7347,191,128,1.3181293,0.106116351,1206.22316,3008656476
3,7348,192,128,1.16800857,0.106066371,1206.79155,3008656476
3,7349,193,128,1.65907168,0.106027571,1207.23316,3008656476
3,7350,194,128,1.42882347,0.106141918,1205.93261,3008656476
3,7351,195,128,1.46757829,0.105961614,1207.98462,3008656476
3,7352,196,128,1.42585135,0.120227503,1064.64824,3008656476
3,7353,197,128,1.3687216,0.106090222,1206.52024,3008656476
3,7354,198,128,1.11324513,0.10622304,1205.01164,3008656476
3,7355,199,128,1.42257261,0.105989868,1207.6626,3008656476
3,7356,200,128,1.21157289,0.106166071,1205.65826,3008656476
3,7357,201,128,1.08963144,0.106260983,1204.58137,3008656476
3,7358,202,128,1.56665349,0.106353971,1203.52817,3008656476
3,7359,203,128,1.22666848,0.106232629,1204.90287,3008656476
3,7360,204,128,1.45910668,0.106390917,1203.11022,3008656476
3,7361,205,128,1.20650566,0.12115834,1056.46875,3008656476
3,7362,206,128,1.09164095,0.102316986,1251.01418,3008656476
3,7363,207,128,1.35964954,0.10600352,1207.50707,3008656476
3,7364,208,128,0.942917407,0.105962276,1207.97707,3008656476
3,7365,209,128,1.12059367,0.106060609,1206.85711,3008656476
3,7366,210,128,0.984227717,0.106158177,1205.74791,3008656476
3,7367,211,128,1.09682596,0.10615865,1205.74254,3008656476
3,7368,212,128,1.40435505,0.106095081,1206.46498,3008656476
3,7369,213,128,1.40119028,0.106124327,1206.1325,3008656476
3,7370,214,128,1.094293,0.106066787,1206.78681,3008656476
3,7371,215,128,1.1608721,0.117967351,1085.04598,3008656476
3,7372,216,128,1.40332234,0.106375862,1203.2805,3008656476
3,7373,217,128,1.50266051,0.106132144,1206.04367,3008656476
3,7374,218,128,0.973966837,0.106100966,1206.39806,3008656476
3,7375,219,128,1.54397225,0.106006373,1207.47457,3008656476
3,7376,220,128,1.46586192,0.106178036,1205.52239,3008656476
3,7377,221,128,1.23325169,0.105960467,1207.9977,3008656476
3,7378,222,128,1.47997975,0.10601885,1207.33247,3008656476
3,7379,223,128,1.25158036,0.106057335,1206.89437,3008656476
3,7380,224,128,1.28985739,0.106020334,1207.31557,3008656476
3,7381,225,128,1.43951797,0.132108155,968.903093,3008656476
3,7382,226,128,1.47926188,0.151133562,846.932993,3008656476
3,7383,227,128,1.61442828,0.106119216,1206.19059,3008656476
3,7384,228,128,1.30311012,0.106169452,1205.61986,3008656476
3,7385,229,128,1.40035391,0.105929752,1208.34796,3008656476
3,7386,230,128,1.49321377,0.106145985,1205.8864,3008656476
3,7387,231,128,1.67202473,0.105996201,1207.59045,3008656476
3,7388,232,128,1.17208564,0.106013567,1207.39263,3008656476
3,7389,233,128,1.47593546,0.106103259,1206.37199,3008656476
3,7390,234,128,1.63656998,0.121038937,1057.51094,3008656476
3,7391,235,128,1.46919,0.106346378,1203.6141,3008656476
3,7392,236,128,1.57191288,0.106089597,1206.52735,3008656476
3,7393,237,128,1.4133606,0.106170115,1205.61233,3008656476
3,7394,238,128,1.42489135,0.106094271,1206.47419,3008656476
3,7395,239,128,1.57366312,0.105920917,1208.44875,3008656476
3,7396,240,128,1.67335844,0.106059825,1206.86603,3008656476
3,7397,241,128,1.32678425,0.106102782,1206.37742,3008656476
3,7398,242,128,1.4959352,0.106020651,1207.31196,3008656476
3,7399,243,128,1.64606667,0.106060231,1206.86141,3008656476
3,7400,244,128,1.60070038,0.121121096,1056.79361,3008656476
3,7401,245,128,1.23746717,0.106032159,1207.18093,3008656476
3,7402,246,128,1.54709291,0.106126539,1206.10736,3008656476
3,7403,247,128,1.63653839,0.106157171,1205.75934,3008656476
3,7404,248,128,1.74297547,0.106087133,1206.55537,3008656476
3,7405,249,128,0.872241378,0.106217429,1205.0753,3008656476
3,7406,250,128,1.2153796,0.106158953,1205.7391,3008656476
3,7407,251,128,1.63373649,0.106141659,1205.93555,3008656476
3,7408,252,128,1.56820142,0.106056318,1206.90594,3008656476
3,7409,253,128,1.33261013,0.106279081,1204.37624,3008656476
3,7410,254,128,1.51793373,0.118567596,1079.55297,3008656476
3,7411,255,128,1.7481252,0.105967728,1207.91492,3008656476
3,7412,256,128,1.66394448,0.106070761,1206.7416,3008656476
3,7413,257,128,1.78761959,0.106044388,1207.04172,3008656476
3,7414,258,128,1.44888413,0.106198541,1205.28963,3008656476
3,7415,259,128,1.40069783,0.106098993,1206.4205,3008656476
3,7416,260,128,1.70836377,0.106097505,1206.43742,3008656476
3,7417,261,128,1.38360918,0.106160339,1205.72335,3008656476
3,7418,262,128,1.67795503,0.106162065,1205.70375,3008656476
3,7419,263,128,1.25528586,0.106041282,1207.07707,3008656476
3,7420,264,128,1.30375051,0.118331658,1081.70546,3008656476
3,7421,265,128,1.24521506,0.105997402,1207.57677,3008656476
3,7422,266,128,1.39644921,0.106164518,1205.67589,3008656476
3,7423,267,128,1.24772024,0.106042263,1207.0659,3008656476
3,7424,268,128,1.09153092,0.106159012,1205.73843,3008656476
3,7425,269,128,1.50936067,0.106001889,1207.52565,3008656476
3,7426,270,128,1.77417517,0.106111142,1206.28237,3008656476
3,7427,271,128,1.38120246,0.106018374,1207.33789,3008656476
3,7428,272,128,1.462605,0.106093802,1206.47953,3008656476
3,7429,273,128,1.52898753,0.106021909,1207.29764,3008656476
3,7430,274,128,1.16418946,0.111445759,1148.54079,3008656476
3,7431,275,128,1.4633044,0.106012839,1207.40093,3008656476
3,7432,276,128,1.55538654,0.106198951,1205.28497,3008656476
3,7433,277,128,1.29005206,0.106040692,1207.08379,3008656476
3,7434,278,128,1.53216612,0.106155732,1205.77568,3008656476
3,7435,279,128,1.14351666,0.105997448,1207.57624,3008656476
3,7436,280,128,1.44983792,0.106041779,1207.07141,3008656476
3,7437,281,128,1.25846493,0.106025818,1207.25312,3008656476
3,7438,282,128,1.01933682,0.106013604,1207.39221,3008656476
3,7439,283,128,1.39097142,0.119207886,1073.75447,3008656476
3,7440,284,128,1.24249625,0.104345925,1226.68902,3008656476
3,7441,285,128,1.21186233,0.106054044,1206.93182,3008656476
3,7442,286,128,1.46721458,0.106005931,1207.47961,3008656476
3,7443,287,128,1.10027766,0.106029846,1207.20726,3008656476
3,7444,288,128,1.19728076,0.105952976,1208.0831,3008656476
3,7445,289,128,1.36378515,0.106100677,1206.40135,3008656476
3,7446,290,128,1.39924097,0.106027323,1207.23599,3008656476
3,7447,291,128,1.55275714,0.106120476,1206.17627,3008656476
3,7448,292,128,1.51887906,0.106220586,1205.03948,3008656476
3,7449,293,128,1.27815461,0.120282653,1064.1601,3008656476
3,7450,294,128,1.10828912,0.105830737,1209.47849,3008656476
3,7451,295,128,1.22258091,0.10617524,1205.55414,3008656476
3,7452,296,128,1.63452005,0.106265905,1204.52557,3008656476
3,7453,297,128,1.26222086,0.106059343,1206.87152,3008656476
3,7454,298,128,1.22716784,0.106198112,1205.2945,3008656476
3,7455,299,128,1.44495845,0.106072893,1206.71735,3008656476
3,7456,300,128,1.45875657,0.10616298,1205.69336,3008656476
3,7457,301,128,1.41153038,0.106063122,1206.82851,3008656476
3,7458,302,128,1.52259731,0.106095443,1206.46087,3008656476
3,7459,303,128,1.45003366,0.11787898,1085.85941,3008656476
3,7460,304,128,1.53264928,0.106027907,1207.22934,3008656476
3,7461,305,128,1.49769747,0.10599124,1207.64697,3008656476
3,7462,306,128,1.40329134,0.10613106,1206.05598,3008656476
3,7463,307,128,1.210338,0.106261494,1204.57557,3008656476
3,7464,308,128,1.48332334,0.106082704,1206.60574,3008656476
3,7465,309,128,1.70463216,0.106005083,1207.48927,3008656476
3,7466,310,128,1.31692886,0.106101809,1206.38848,3008656476
3,7467,311,128,1.22531176,0.106164934,1205.67117,3008656476
3,7468,312,128,1.24062431,0.106072506,1206.72175,3008656476
3,7469,313,128,1.24951756,0.11916025,1074.18371,3008656476
3,7470,314,128,0.917737424,0.106092211,1206.49762,3008656476
3,7471,315,128,1.2277317,0.1060633,1206.82649,3008656476
3,7472,316,128,1.17573631,0.106196535,1205.3124,3008656476
3,7473,317,128,1.21951854,0.105932354,1208.31828,3008656476
3,7474,318,128,1.39333284,0.106056872,1206.89963,3008656476
3,7475,319,128,1.56115735,0.106140938,1205.94374,3008656476
3,7476,320,128,1.98748565,0.105926493,1208.38514,3008656476
3,7477,321,128,1.30718994,0.106180655,1205.49266,3008656476
3,7478,322,128,1.29308653,0.106120781,1206.1728,3008656476
3,7479,323,128,1.39446342,0.12069349,1060.53773,3008656476
3,7480,324,128,1.18504715,0.105973101,1207.85368,3008656476
3,7481,325,128,1.40933204,0.106170606,1205.60676,3008656476
3,7482,326,128,1.33634949,0.106059237,1206.87272,3008656476
3,7483,327,128,1.35831535,0.105956523,1208.04266,3008656476
3,7484,328,128,1.66611791,0.106014317,1207.38409,3008656476
3,7485,329,128,1.39078283,0.106087777,1206.54805,3008656476
3,7486,330,128,2.06846738,0.105894327,1208.75219,3008656476
3,7487,331,128,1.41227055,0.106118196,1206.20219,3008656476
3,7488,332,128,1.00613928,0.105980039,1207.77461,3008656476
3,7489,333,128,1.47307265,0.107841204,1186.93037,3008656476
3,7490,334,128,1.39906788,0.105985031,1207.71772,3008656476
3,7491,335,128,1.50019932,0.106020695,1207.31146,3008656476
3,7492,336,128,1.27217352,0.105947757,1208.14261,3008656476
3,7493,337,128,1.30629694,0.106027259,1207.23672,3008656476
3,7494,338,128,1.19309354,0.106048044,1207.0001,3008656476
3,7495,339,128,1.50720525,0.106069005,1206.76158,3008656476
3,7496,340,128,1.50454307,0.105993595,1207.62014,3008656476
3,7497,341,128,1.1425842,0.10602018,1207.31732,3008656476
3,7498,342,128,1.27389014,0.118024095,1084.52431,3008656476
3,7499,343,128,1.41305876,0.106355818,1203.50727,3008656476
3,7500,344,128,1.3119899,0.10597591,1207.82166,3008656476
3,7501,345,128,1.25513756,0.106087129,1206.55542,3008656476
3,7502,346,128,0.989167929,0.106079302,1206.64444,3008656476
3,7503,347,128,1.50156486,0.106279246,1204.37437,3008656476
3,7504,348,128,1.26119339,0.105895006,1208.74444,3008656476
3,7505,349,128,1.46709251,0.106050039,1206.9774,3008656476
3,7506,350,128,1.20057571,0.106362141,1203.43572,3008656476
3,7507,351,128,1.47379029,0.105932188,1208.32018,3008656476
3,7508,352,128,1.56316662,0.117870733,1085.93539,3008656476
3,7509,353,128,1.41026592,0.105923614,1208.41798,3008656476
3,7510,354,128,1.34182441,0.105996276,1207.58959,3008656476
3,7511,355,128,1.31241882,0.10598311,1207.73961,3008656476
3,7512,356,128,1.60322976,0.106054907,1206.922,3008656476
3,7513,357,128,1.14406037,0.105984818,1207.72015,3008656476
3,7514,358,128,1.0211935,0.1059927,1207.63034,3008656476
3,7515,359,128,1.16915762,0.105898345,1208.70633,3008656476
3,7516,360,128,1.52067482,0.105963198,1207.96656,3008656476
3,7517,361,128,1.18672836,0.106074037,1206.70433,3008656476
3,7518,362,128,1.44170606,0.119528201,1070.87699,3008656476
3,7519,363,128,1.53508246,0.106123435,1206.14264,3008656476
3,7520,364,128,1.43042421,0.106082495,1206.60812,3008656476
3,7521,365,128,1.47509921,0.106082954,1206.6029,3008656476
3,7522,366,128,1.63137472,0.106024206,1207.27148,3008656476
3,7523,367,128,1.66610396,0.106013449,1207.39398,3008656476
3,7524,368,128,1.07492387,0.106054744,1206.92385,3008656476
3,7525,369,128,1.55770254,0.105927344,1208.37543,3008656476
3,7526,370,128,1.29273665,0.106033586,1207.16468,3008656476
3,7527,371,128,1.51808083,0.106033355,1207.16731,3008656476
3,7528,372,128,1.52344584,0.12004674,1066.25136,3008656476
3,7529,373,128,1.7099576,0.106031381,1207.18978,3008656476
3,7530,374,128,1.48095131,0.105990105,1207.6599,3008656476
3,7531,375,128,0.896007478,0.106000126,1207.54573,3008656476
3,7532,376,128,1.72806585,0.105954606,1208.06452,3008656476
3,7533,377,128,0.994167268,0.106112881,1206.2626,3008656476
3,7534,378,128,1.45128334,0.106013208,1207.39672,3008656476
3,7535,379,128,1.25123322,0.106075923,1206.68288,3008656476
3,7536,380,128,1.3026495,0.106129498,1206.07373,3008656476
3,7537,381,128,1.31414747,0.106033371,1207.16713,3008656476
3,7538,382,128,0.816651821,0.116945973,1094.52251,3008656476
3,7539,383,128,1.16661775,0.106193975,1205.34145,3008656476
3,7540,384,128,1.70233428,0.106187598,1205.41384,3008656476
3,7541,385,128,1.34565473,0.106025794,1207.2534,3008656476
3,7542,386,128,1.14723027,0.105991184,1207.64761,3008656476
3,7543,387,128,1.29004169,0.106065129,1206.80568,3008656476
3,7544,388,128,1.44314361,0.106239798,1204.82157,3008656476
3,7545,389,128,1.51626885,0.106233847,1204.88906,3008656476
3,7546,390,128,1.47115958,0.106199732,1205.27611,3008656476
3,7547,391,128,1.59622121,0.118415552,1080.9391,3008656476
3,7548,392,128,1.1023984,0.104428025,1225.72461,3008656476
3,7549,393,128,1.53205121,0.10609766,1206.43566,3008656476
3,7550,394,128,1.05756915,0.106007243,1207.46466,3008656476
3,7551,395,128,1.43077016,0.1060598,1206.86632,3008656476
3,7552,396,128,1.49972153,0.106034046,1207.15944,3008656476
3,7553,397,128,1.5481323,0.106051493,1206.96085,3008656476
3,7554,398,128,1.1437782,0.105978401,1207.79327,3008656476
3,7555,399,128,1.33999348,0.105984926,1207.71892,3008656476
3,7556,400,128,1.29774642,0.10606334,1206.82603,3008656476
3,7557,401,128,1.43599463,0.119305943,1072.87195,3008656476
3,7558,402,128,1.32940078,0.105909332,1208.58094,3008656476
3,7559,403,128,1.28704584,0.106030756,1207.1969,3008656476
3,7560,404,128,1.55271828,0.106074011,1206.70463,3008656476
3,7561,405,128,1.2530427,0.106073739,1206.70772,3008656476
3,7562,406,128,1.51402879,0.105964979,1207.94626,3008656476
3,7563,407,128,1.12646091,0.106039361,1207.09894,3008656476
3,7564,408,128,1.23901129,0.105956894,1208.03843,3008656476
3,7565,409,128,1.60993123,0.10601336,1207.39499,3008656476
3,7566,410,128,1.10258663,0.106024581,1207.26721,3008656476
3,7567,411,128,1.4638505,0.120446501,1062.71248,3008656476
3,7568,412,128,1.17382383,0.105728482,1210.64823,3008656476
3,7569,413,128,1.24218607,0.106067211,1206.78199,3008656476
3,7570,414,128,1.32792842,0.10604107,1207.07948,3008656476
3,7571,415,128,1.65246058,0.106097911,1206.4328,3008656476
3,7572,416,128,1.30159473,0.106118984,1206.19323,3008656476
3,7573,417,128,1.08114374,0.106085931,1206.56904,3008656476
3,7574,418,128,1.42989862,0.106151357,1205.82538,3008656476
3,7575,419,128,0.845746696,0.106052446,1206.95,3008656476
3,7576,420,128,0.951298654,0.106047814,1207.00272,3008656476
3,7577,421,128,1.35285902,0.118209089,1082.82706,3008656476
3,7578,422,128,1.1528337,0.106012191,1207.40831,3008656476
3,7579,423,128,1.20134175,0.106078561,1206.65287,3008656476
3,7580,424,128,1.71696496,0.106049195,1206.987,3008656476
3,7581,425,128,1.5813359,0.106003297,1207.50961,3008656476
3,7582,426,128,1.91245914,0.106006554,1207.47251,3008656476
3,7583,427,128,1.39331698,0.105986407,1207.70204,3008656476
3,7584,428,128,1.01065302,0.106091452,1206.50625,3008656476
3,7585,429,128,0.729160905,0.106027555,1207.23335,3008656476
3,7586,430,128,1.13396204,0.106104703,1206.35558,3008656476
3,7587,431,128,0.858995259,0.110064192,1162.9577,3008656476
3,7588,432,128,1.04394186,0.105971451,1207.87249,3008656476
3,7589,433,128,0.940370262,0.105964758,1207.94878,3008656476
3,7590,434,128,1.23732531,0.106067416,1206.77966,3008656476
3,7591,435,128,1.33063853,0.106283769,1204.32312,3008656476
3,7592,436,128,1.44758916,0.106190153,1205.38483,3008656476
3,7593,437,128,1.10876286,0.106259189,1204.6017,3008656476
3,7594,438,128,1.12619257,0.106175474,1205.55148,3008656476
3,7595,439,128,1.43666947,0.106237585,1204.84667,3008656476
3,7596,440,128,1.41801143,0.109177356,1172.40429,3008656476
3,7597,441,128,1.26200569,0.105213202,1216.57736,3008656476
3,7598,442,128,1.32585049,0.106227147,1204.96505,3008656476
3,7599,443,128,1.04568303,0.106238637,1204.83473,3008656476
3,7600,444,128,1.19288659,0.106106408,1206.33619,3008656476
3,7601,445,128,1.19992661,0.106137069,1205.9877,3008656476
3,7602,446,128,1.56067133,0.106138858,1205.96738,3008656476
3,7603,447,128,1.60027766,0.106092603,1206.49316,3008656476
3,7604,448,128,1.19964182,0.106271161,1204.466,3008656476
3,7605,449,128,1.46988702,0.106094542,1206.47111,3008656476
3,7606,450,128,1.13128519,0.120249033,1064.45762,3008656476
3,7607,451,128,1.59523356,0.106357739,1203.48553,3008656476
3,7608,452,128,1.16299355,0.106083593,1206.59563,3008656476
3,7609,453,128,1.3331157,0.106095542,1206.45974,3008656476
3,7610,454,128,1.66746569,0.106145986,1205.88639,3008656476
3,7611,455,128,1.00058377,0.106079131,1206.64639,3008656476
3,7612,456,128,1.39501023,0.106139453,1205.96061,3008656476
3,7613,457,128,1.44655704,0.106105615,1206.34521,3008656476
3,7614,458,128,1.43609107,0.106050536,1206.97174,3008656476
3,7615,459,128,1.01448274,0.10615528,1205.78081,3008656476
3,7616,460,128,1.46502161,0.118491445,1080.24676,3008656476
3,7617,461,128,1.29250383,0.106150954,1205.82995,3008656476
3,7618,462,128,1.22104013,0.106101436,1206.39272,3008656476
3,7619,463,128,1.07306433,0.106063123,1206.8285,3008656476
3,7620,464,128,1.29799747,0.106002526,1207.51839,3008656476
3,7621,465,128,0.877838492,0.106048365,1206.99645,3008656476
3,7622,466,128,1.02251101,0.106193103,1205.35135,3008656476
3,7623,467,128,1.27569103,0.106052165,1206.9532,3008656476
3,7624,468,128,1.39499509,0.106147192,1205.87269,3008656476
3,7625,469,128,1.36385655,0.106097475,1206.43776,3008656476
3,7626,470,128,1.38969839,0.118201375,1082.89772,3008656476
3,7627,471,128,1.12367046,0.105985633,1207.71086,3008656476
3,7628,472,128,1.77552962,0.106069295,1206.75828,3008656476
3,7629,473,128,1.31604087,0.106092023,1206.49976,3008656476
3,7630,474,128,1.07691228,0.106046517,1207.01748,3008656476
3,7631,475,128,1.03009653,0.106116296,1206.22378,3008656476
3,7632,476,128,1.038818,0.106085054,1206.57902,3008656476
3,7633,477,128,1.32996619,0.105874157,1208.98247,3008656476
3,7634,478,128,1.27742362,0.106056392,1206.9051,3008656476
3,7635,479,128,1.31369603,0.106054962,1206.92137,3008656476
3,7636,480,128,1.10491014,0.121141864,1056.61244,3008656476
3,7637,481,128,1.00551736,0.105966474,1207.92922,3008656476
3,7638,482,128,1.13274419,0.106044014,1207.04597,3008656476
3,7639,483,128,1.47898614,0.105910715,1208.56516,3008656476
3,7640,484,128,1.22756946,0.106035615,1207.14158,3008656476
3,7641,485,128,1.04562068,0.106241359,1204.80387,3008656476
3,7642,486,128,1.20343888,0.106264616,1204.54018,3008656476
3,7643,487,128,1.3221252,0.106186121,1205.4306,3008656476
3,7644,488,128,1.19076967,0.10625635,1204.63389,3008656476
3,7645,489,128,1.75811481,0.106155381,1205.77967,3008656476
3,7646,490,128,1.80631971,0.116377431,1099.86961,3008656476
3,7647,491,128,1.57069552,0.105989182,1207.67042,3008656476
3,7648,492,128,1.38349473,0.106066701,1206.78779,3008656476
3,7649,493,128,1.34765863,0.106190685,1205.3788,3008656476
3,7650,494,128,1.2636497,0.105998912,1207.55956,3008656476
3,7651,495,128,1.37832046,0.106086519,1206.56235,3008656476
3,7652,496,128,1.76243556,0.105994928,1207.60495,3008656476
3,7653,497,128,1.56842661,0.106012842,1207.40089,3008656476
3,7654,498,128,1.54306531,0.106134682,1206.01483,3008656476
3,7655,499,128,1.55541241,0.119162499,1074.16344,3008656476
3,7656,500,128,1.54771602,0.104479696,1225.11842,3008656476
3,7657,501,128,1.59525883,0.106067831,1206.77494,3008656476
3,7658,502,128,1.20926762,0.106265708,1204.5278,3008656476
3,7659,503,128,1.59137344,0.106031544,1207.18793,3008656476
3,7660,504,128,1.55776727,0.106149178,1205.85013,3008656476
3,7661,505,128,1.73740065,0.106065526,1206.80116,3008656476
3,7662,506,128,1.55135119,0.106069116,1206.76032,3008656476
3,7663,507,128,1.40687096,0.10617052,1205.60773,3008656476
3,7664,508,128,1.51837683,0.106026912,1207.24067,3008656476
3,7665,509,128,1.71019363,0.118060234,1084.19233,3008656476
3,7666,510,128,1.67226613,0.105906133,1208.61745,3008656476
3,7667,511,128,1.31030118,0.105938159,1208.25207,3008656476
3,7668,512,128,1.71459281,0.106063894,1206.81973,3008656476
3,7669,513,128,1.41497827,0.106095719,1206.45773,3008656476
3,7670,514,128,1.66081691,0.106134714,1206.01446,3008656476
3,7671,515,128,1.7089591,0.106102525,1206.38034,3008656476
3,7672,516,128,1.73994803,0.106205171,1205.21439,3008656476
3,7673,517,128,1.89432621,0.105975136,1207.83049,3008656476
3,7674,518,128,1.76012778,0.106107303,1206.32602,3008656476
3,7675,519,128,1.69045103,0.120664811,1060.78979,3008656476
3,7676,520,128,1.07909834,0.105825821,1209.53467,3008656476
3,7677,521,128,1.20945287,0.106203755,1205.23046,3008656476
3,7678,522,128,0.882465184,0.106064373,1206.81428,3008656476
3,7679,523,128,1.29421437,0.106112302,1206.26918,3008656476
3,7680,524,128,1.12425888,0.106136488,1205.9943,3008656476
3,7681,525,128,1.20829153,0.106097154,1206.44141,3008656476
3,7682,526,128,1.78067267,0.106027955,1207.22879,3008656476
3,7683,527,128,1.44857633,0.106066161,1206.79394,3008656476
3,7684,528,128,1.66257656,0.106025018,1207.26223,3008656476
3,7685,529,128,1.26186836,0.120637844,1061.02692,3008656476
3,7686,530,128,0.806365609,0.106053272,1206.9406,3008656476
3,7687,531,128,1.49849343,0.106216754,1205.08296,3008656476
3,7688,532,128,1.5494349,0.106047924,1207.00147,3008656476
3,7689,533,128,1.3220067,0.106121253,1206.16744,3008656476
3,7690,534,128,1.34957743,0.105943045,1208.19635,3008656476
3,7691,535,128,1.40695608,0.106024941,1207.26311,3008656476
3,7692,536,128,1.27416313,0.106008177,1207.45402,3008656476
3,7693,537,128,1.20293486,0.10595381,1208.07359,3008656476
3,7694,538,128,1.18996,0.106019203,1207.32845,3008656476
3,7695,539,128,1.28979909,0.11903345,1075.32799,3008656476
3,7696,540,128,1.10011542,0.105915779,1208.50737,3008656476
3,7697,541,128,1.14673722,0.106107798,1206.32039,3008656476
3,7698,542,128,1.3086009,0.105907191,1208.60537,3008656476
3,7699,543,128,1.6940701,0.105992919,1207.62784,3008656476
3,7700,544,128,1.48574078,0.106064668,1206.81092,3008656476
3,7701,545,128,1.09420037,0.106081822,1206.61578,3008656476
3,7702,546,128,1.09980357,0.105983966,1207.72986,3008656476
3,7703,547,128,1.31442761,0.10616524,1205.66769,3008656476
3,7704,548,128,1.73929691,0.106032653,1207.1753,3008656476
3,7705,549,128,1.38150322,0.107800282,1187.38094,3008656476
3,7706,550,128,1.50412285,0.106034489,1207.1544,3008656476
3,7707,551,128,1.10740769,0.105950364,1208.11289,3008656476
3,7708,552,128,1.23457718,0.106017291,1207.35022,3008656476
3,7709,553,128,1.36460102,0.10611474,1206.24147,3008656476
3,7710,554,128,1.7601589,0.105905405,1208.62575,3008656476
3,7711,555,128,1.71646154,0.106058888,1206.87669,3008656476
3,7712,556,128,1.0169003,0.105958235,1208.02314,3008656476
3,7713,557,128,1.2668041,0.106050781,1206.96895,3008656476
3,7714,558,128,1.38137567,0.115321891,1109.93671,3008656476
3,7715,559,128,1.57126355,0.104950199,1219.62608,3008656476
3,7716,560,128,1.48168862,0.106096775,1206.44572,3008656476
3,7717,561,128,1.14220393,0.105896021,1208.73286,3008656476
3,7718,562,128,1.78522098,0.106027288,1207.23639,3008656476
3,7719,563,128,1.61687338,0.106104719,1206.35539,3008656476
3,7720,564,128,1.22154033,0.106015406,1207.37169,3008656476
3,7721,565,128,1.32510722,0.106036096,1207.13611,3008656476
3,7722,566,128,1.08859968,0.106036099,1207.13607,3008656476
3,7723,567,128,1.32947946,0.106099832,1206.41096,3008656476
3,7724,568,128,1.50376356,0.120132449,1065.49064,3008656476
3,7725,569,128,1.57025671,0.105686698,1211.12687,3008656476
3,7726,570,128,1.98394597,0.106237713,1204.84521,3008656476
3,7727,571,128,1.30017316,0.106163291,1205.68983,3008656476
3,7728,572,128,1.06765592,0.106186307,1205.42849,3008656476
3,7729,573,128,1.22185409,0.106060894,1206.85387,3008656476
3,7730,574,128,1.09613204,0.106050171,1206.97589,3008656476
3,7731,575,128,1.51340663,0.106121566,1206.16388,3008656476
3,7732,576,128,1.05317307,0.106096688,1206.44671,3008656476
3,7733,577,128,1.54934657,0.105986629,1207.69951,3008656476
3,7734,578,128,1.26226163,0.120287436,1064.11779,3008656476
3,7735,579,128,1.47894323,0.106004312,1207.49805,3008656476
3,7736,580,128,1.24272943,0.106048567,1206.99415,3008656476
3,7737,581,128,1.68761241,0.106105206,1206.34986,3008656476
3,7738,582,128,1.56086206,0.106077456,1206.66544,3008656476
3,7739,583,128,1.08986962,0.106152206,1205.81573,3008656476
3,7740,584,128,1.42731345,0.106148712,1205.85542,3008656476
3,7741,585,128,1.28501856,0.106155469,1205.77867,3008656476
3,7742,586,128,1.14643896,0.106178185,1205.5207,3008656476
3,7743,587,128,1.50671709,0.106128923,1206.08027,3008656476
3,7744,588,128,1.62373149,0.118841753,1077.06254,3008656476
3,7745,589,128,1.69215178,0.106088441,1206.54049,3008656476
3,7746,590,128,1.63068032,0.106064111,1206.81726,3008656476
3,7747,591,128,1.60438061,0.106029996,1207.20555,3008656476
3,7748,592,128,1.51544833,0.106037938,1207.11514,3008656476
3,7749,593,128,1.23530471,0.10604251,1207.06309,3008656476
3,7750,594,128,1.30745709,0.106005838,1207.48067,3008656476
3,7751,595,128,1.71900415,0.10603521,1207.14619,3008656476
3,7752,596,128,1.53978372,0.106026855,1207.24132,3008656476
3,7753,597,128,1.58428597,0.105950212,1208.11462,3008656476
3,7754,598,128,1.35620344,0.118441114,1080.70581,3008656476
3,7755,599,128,1.43331718,0.105956666,1208.04103,3008656476
3,7756,600,128,1.47283101,0.10612786,1206.09235,3008656476
3,7757,601,128,1.40355515,0.105947102,1208.15008,3008656476
3,7758,602,128,1.50984156,0.105956544,1208.04242,3008656476
3,7759,603,128,1.1929481,0.106025205,1207.2601,3008656476
3,7760,604,128,1.49471426,0.106025299,1207.25903,3008656476
3,7761,605,128,1.12315476,0.106027316,1207.23607,3008656476
3,7762,606,128,1.2182641,0.105898952,1208.6994,3008656476
3,7763,607,128,1.20420146,0.106006684,1207.47103,3008656476
3,7764,608,128,1.50054753,0.108096941,1184.12231,3008656476
3,7765,609,128,1.11232281,0.105944044,1208.18495,3008656476
3,7766,610,128,1.29681802,0.105951296,1208.10226,3008656476
3,7767,611,128,1.20180297,0.105952139,1208.09265,3008656476
3,7768,612,128,1.44513154,0.106391095,1203.10821,3008656476
3,7769,613,128,1.40788198,0.106212549,1205.13067,3008656476
3,7770,614,128,1.55579674,0.106190081,1205.38565,3008656476
3,7771,615,128,1.04117799,0.106134508,1206.0168,3008656476
3,7772,616,128,1.63768196,0.106082063,1206.61304,3008656476
3,7773,617,128,1.53582084,0.115515305,1108.07828,3008656476
3,7774,618,128,1.27060652,0.104760613,1221.83325,3008656476
3,7775,619,128,1.51646495,0.106085279,1206.57646,3008656476
3,7776,620,128,1.13934469,0.106026918,1207.2406,3008656476
3,7777,621,128,1.13711619,0.106023482,1207.27972,3008656476
3,7778,622,128,1.41016901,0.106073078,1206.71524,3008656476
3,7779,623,128,1.45218289,0.106109805,1206.29757,3008656476
3,7780,624,128,1.49531484,0.106034753,1207.15139,3008656476
3,7781,625,128,1.49754453,0.106176063,1205.54479,3008656476
3,7782,626,128,1.19308186,0.105984453,1207.72431,3008656476
3,7783,627,128,1.11341202,0.120279934,1064.18416,3008656476
3,7784,628,128,1.25287664,0.105860549,1209.13788,3008656476
3,7785,629,128,1.70079637,0.106039259,1207.1001,3008656476
3,7786,630,128,1.52104068,0.106161665,1205.70829,3008656476
3,7787,631,128,1.06352413,0.105988892,1207.67372,3008656476
3,7788,632,128,1.60237062,0.106070928,1206.7397,3008656476
3,7789,633,128,1.43718612,0.106010283,1207.43004,3008656476
3,7790,634,128,1.71055388,0.106082606,1206.60686,3008656476
3,7791,635,128,1.41852367,0.105948037,1208.13942,3008656476
3,7792,636,128,1.3545382,0.106067854,1206.77467,3008656476
3,7793,637,128,1.11658454,0.11879936,1077.44688,3008656476
3,7794,638,128,1.5050267,0.105947031,1208.15089,3008656476
3,7795,639,128,1.40109384,0.105977528,1207.80322,3008656476
3,7796,640,128,1.17599154,0.106090255,1206.51986,3008656476
3,7797,641,128,1.4503715,0.106061692,1206.84479,3008656476
3,7798,642,128,1.14224768,0.106065316,1206.80355,3008656476
3,7799,643,128,1.02112782,0.106058996,1206.87546,3008656476
3,7800,644,128,1.51710832,0.106081616,1206.61812,3008656476
3,7801,645,128,2.00730467,0.106038743,1207.10597,3008656476
3,7802,646,128,1.67057252,0.105986645,1207.69933,3008656476
3,7803,647,128,1.36553133,0.118172023,1083.1667,3008656476
3,7804,648,128,1.66631341,0.106085048,1206.57908,3008656476
3,7805,649,128,1.62590003,0.106022296,1207.29323,3008656476
3,7806,650,128,1.28738439,0.106028328,1207.22454,3008656476
3,7807,651,128,1.55138767,0.106050975,1206.96674,3008656476
3,7808,652,128,1.04468727,0.106058302,1206.88336,3008656476
3,7809,653,128,1.19317079,0.105963043,1207.96833,3008656476
3,7810,654,128,1.63042951,0.106027798,1207.23058,3008656476
3,7811,655,128,1.6156317,0.106037744,1207.11734,3008656476
3,7812,656,128,1.67440999,0.106057961,1206.88724,3008656476
3,7813,657,128,1.3325659,0.120505261,1062.19429,3008656476
3,7814,658,128,1.48156691,0.105968967,1207.9008,3008656476
3,7815,659,128,1.42187059,0.106070729,1206.74197,3008656476
3,7816,660,128,1.38421297,0.106033916,1207.16092,3008656476
3,7817,661,128,1.55022109,0.106083551,1206.59611,3008656476
3,7818,662,128,1.30128121,0.10613003,1206.06769,3008656476
3,7819,663,128,1.40675342,0.106101803,1206.38855,3008656476
3,7820,664,128,1.18286788,0.106018058,1207.34149,3008656476
3,7821,665,128,1.63352883,0.106220941,1205.03546,3008656476
3,7822,666,128,1.624421,0.106121818,1206.16102,3008656476
3,7823,667,128,1.33744395,0.10852771,1179.42229,3008656476
3,7824,668,128,1.19962955,0.106070386,1206.74587,3008656476
3,7825,669,128,1.17253673,0.10606835,1206.76903,3008656476
3,7826,670,128,1.41309249,0.106105819,1206.34289,3008656476
3,7827,671,128,1.1417675,0.106125533,1206.1188,3008656476
3,7828,672,128,1.29517102,0.106268876,1204.4919,3008656476
3,7829,673,128,1.41090035,0.10659629,1200.79226,3008656476
3,7830,674,128,1.25579822,0.106308381,1204.0443,3008656476
3,7831,675,128,1.33937693,0.106266728,1204.51624,3008656476
3,7832,676,128,1.30392802,0.118794904,1077.4873,3008656476
3,7833,677,128,1.50141823,0.106130355,1206.064,3008656476
3,7834,678,128,1.2974813,0.10616339,1205.6887,3008656476
3,7835,679,128,1.33600557,0.106161662,1205.70833,3008656476
3,7836,680,128,1.22985876,0.106009665,1207.43708,3008656476
3,7837,681,128,1.52484059,0.106167318,1205.64409,3008656476
3,7838,682,128,1.31751454,0.106030183,1207.20342,3008656476
3,7839,683,128,1.32189405,0.10602311,1207.28396,3008656476
3,7840,684,128,1.33345664,0.106069391,1206.75719,3008656476
3,7841,685,128,1.27289665,0.106085229,1206.57702,3008656476
3,7842,686,128,1.41379642,0.117840712,1086.21204,3008656476
3,7843,687,128,1.20660603,0.106092729,1206.49173,3008656476
3,7844,688,128,1.43228173,0.105995499,1207.59845,3008656476
3,7845,689,128,1.08109856,0.106089665,1206.52657,3008656476
3,7846,690,128,1.16701126,0.106083256,1206.59947,3008656476
3,7847,691,128,1.25970602,0.105980048,1207.7745,3008656476
3,7848,692,128,1.23475516,0.106080155,1206.63474,3008656476
3,7849,693,128,1.3626467,0.1060241,1207.27269,3008656476
3,7850,694,128,1.23924696,0.106065577,1206.80058,3008656476
3,7851,695,128,1.48611069,0.105932961,1208.31136,3008656476
3,7852,696,128,1.72195303,0.118206968,1082.84649,3008656476
3,7853,697,128,1.75702703,0.106136996,1205.98853,3008656476
3,7854,698,128,1.47818172,0.106066304,1206.79231,3008656476
3,7855,699,128,1.62904191,0.105993443,1207.62187,3008656476
3,7856,700,128,1.8352387,0.105986101,1207.70553,3008656476
3,7857,701,128,1.55952299,0.106090176,1206.52076,3008656476
3,7858,702,128,1.37717092,0.105889877,1208.80299,3008656476
3,7859,703,128,1.15537608,0.1060706,1206.74343,3008656476
3,7860,704,128,1.41816509,0.106033416,1207.16662,3008656476
3,7861,705,128,1.63518047,0.106020452,1207.31423,3008656476
3,7862,706,128,1.59198272,0.120426021,1062.89321,3008656476
3,7863,707,128,1.50025463,0.106033541,1207.16519,3008656476
3,7864,708,128,1.17737067,0.106125054,1206.12424,3008656476
3,7865,709,128,1.60208428,0.106112815,1206.26335,3008656476
3,7866,710,128,0.984714448,0.106040959,1207.08075,3008656476
3,7867,711,128,1.41671646,0.106017133,1207.35202,3008656476
3,7868,712,128,1.36722398,0.106139842,1205.9562,3008656476
3,7869,713,128,1.56749165,0.106007957,1207.45653,3008656476
3,7870,714,128,1.20904481,0.106004383,1207.49724,3008656476
3,7871,715,128,0.930176258,0.106239911,1204.82029,3008656476
3,7872,716,128,1.14068174,0.118328693,1081.73256,3008656476
3,7873,717,128,1.52360201,0.106106965,1206.32986,3008656476
3,7874,718,128,1.7520653,0.105991378,1207.6454,3008656476
3,7875,719,128,1.68292034,0.106074105,1206.70356,3008656476
3,7876,720,128,1.67295825,0.106061295,1206.8493,3008656476
3,7877,721,128,1.54583037,0.106115845,1206.22891,3008656476
3,7878,722,128,1.34702277,0.106119286,1206.1898,3008656476
3,7879,723,128,1.66821694,0.105957662,1208.02968,3008656476
3,7880,724,128,1.31036997,0.106126861,1206.1037,3008656476
3,7881,725,128,1.36067569,0.11923755,1073.48734,3008656476
3,7882,726,128,1.44491827,0.104732825,1222.15743,3008656476
3,7883,727,128,1.851372,0.106109611,1206.29978,3008656476
3,7884,728,128,1.38573563,0.106089136,1206.53259,3008656476
3,7885,729,128,1.42842448,0.106062426,1206.83643,3008656476
3,7886,730,128,1.09681499,0.106150601,1205.83396,3008656476
3,7887,731,128,1.73724174,0.106000635,1207.53994,3008656476
3,7888,732,128,1.27990723,0.106096053,1206.45393,3008656476
3,7889,733,128,1.10735595,0.106048431,1206.9957,3008656476
3,7890,734,128,1.12705863,0.106193325,1205.34883,3008656476
3,7891,735,128,1.02669036,0.118006248,1084.68833,3008656476
3,7892,736,128,1.11432552,0.105872108,1209.00587,3008656476
3,7893,737,128,1.12860858,0.106113478,1206.25582,3008656476
3,7894,738,128,1.12124002,0.106093473,1206.48327,3008656476
3,7895,739,128,1.11839533,0.105993272,1207.62382,3008656476
3,7896,740,128,1.13243473,0.106159506,1205.73281,3008656476
3,7897,741,128,1.38244545,0.106069435,1206.75669,3008656476
3,7898,742,128,1.4191252,0.106051683,1206.95869,3008656476
3,7899,743,128,1.20947313,0.106201579,1205.25515,3008656476
3,7900,744,128,1.32606483,0.106180776,1205.49128,3008656476
3,7901,745,128,0.888700366,0.120205507,1064.84306,3008656476
3,7902,746,128,1.15503013,0.105869406,1209.03673,3008656476
3,7903,747,128,1.21672201,0.106089552,1206.52786,3008656476
3,7904,748,128,1.56789076,0.106120095,1206.1806,3008656476
3,7905,749,128,1.45232105,0.106169803,1205.61588,3008656476
3,7906,750,128,1.47519875,0.106039885,1207.09297,3008656476
3,7907,751,128,1.50523412,0.106031868,1207.18424,3008656476
3,7908,752,128,1.33215249,0.106056157,1206.90777,3008656476
3,7909,753,128,1.29475927,0.106208505,1205.17655,3008656476
3,7910,754,128,1.24670303,0.105950206,1208.11469,3008656476
3,7911,755,128,1.1966753,0.106690454,1199.73245,3008656476
3,7912,756,128,1.34737015,0.106137248,1205.98567,3008656476
3,7913,757,128,1.00554729,0.1060888,1206.53641,3008656476
3,7914,758,128,1.43758309,0.10598208,1207.75135,3008656476
3,7915,759,128,1.25040281,0.106010618,1207.42622,3008656476
3,7916,760,128,1.53482842,0.10608941,1206.52947,3008656476
3,7917,761,128,1.38663363,0.106068091,1206.77198,3008656476
3,7918,762,128,1.49362957,0.106093056,1206.48801,3008656476
3,7919,763,128,1.33802652,0.105918935,1208.47137,3008656476
3,7920,764,128,1.58369446,0.105964837,1207.94788,3008656476
3,7921,765,128,1.44198239,0.116529068,1098.43837,3008656476
3,7922,766,128,1.28893399,0.105905287,1208.6271,3008656476
3,7923,767,128,1.58442295,0.106050432,1206.97292,3008656476
3,7924,768,128,1.27171743,0.10604686,1207.01358,3008656476
3,7925,769,128,1.4052496,0.106220373,1205.0419,3008656476
3,7926,770,128,1.24670088,0.10614374,1205.91191,3008656476
3,7927,771,128,1.64330697,0.106175072,1205.55605,3008656476
3,7928,772,128,1.31081128,0.106241629,1204.8008,3008656476
3,7929,773,128,1.08246779,0.106255362,1204.64509,3008656476
3,7930,774,128,1.42958248,0.118598929,1079.26776,3008656476
3,7931,775,128,1.43201554,0.104421252,1225.80411,3008656476
3,7932,776,128,1.79040611,0.106004334,1207.4978,3008656476
3,7933,777,128,1.72849143,0.106027409,1207.23501,3008656476
3,7934,778,128,1.62009656,0.106077974,1206.65955,3008656476
3,7935,779,128,1.35711789,0.106103161,1206.37311,3008656476
3,7936,780,128,1.30368805,0.106140462,1205.94915,3008656476
3,7937,781,128,1.19671869,0.106133483,1206.02845,3008656476
3,7938,782,128,1.17369437,0.174612382,733.052253,3008656476
3,7939,783,128,1.03279281,0.10609213,1206.49854,3008656476
3,7940,784,128,1.46209991,0.117394173,1090.34373,3008656476
3,7941,785,128,1.4463191,0.106068548,1206.76678,3008656476
3,7942,786,128,1.37451923,0.106132253,1206.04243,3008656476
3,7943,787,128,1.53548086,0.106025831,1207.25298,3008656476
3,7944,788,128,1.74193549,0.106067484,1206.77888,3008656476
3,7945,789,128,1.73875916,0.106012304,1207.40702,3008656476
3,7946,790,128,1.34809208,0.10605587,1206.91104,3008656476
3,7947,791,128,1.62614179,0.106128677,1206.08306,3008656476
3,7948,792,128,1.34172952,0.106168252,1205.63349,3008656476
3,7949,793,128,1.43503273,0.120692287,1060.5483,3008656476
3,7950,794,128,1.50416136,0.102321948,1250.95351,3008656476
3,7951,795,128,1.53356087,0.106005296,1207.48684,3008656476
3,7952,796,128,1.7391789,0.106035072,1207.14776,3008656476
3,7953,797,128,1.44317913,0.10609546,1206.46067,3008656476
3,7954,798,128,1.64487123,0.106267156,1204.51139,3008656476
3,7955,799,128,1.52787352,0.106146367,1205.88206,3008656476
3,7956,800,128,1.7432307,0.106041478,1207.07484,3008656476
3,7957,801,128,1.70152414,0.105912206,1208.54814,3008656476
3,7958,802,128,1.79187822,0.105977472,1207.80386,3008656476
3,7959,803,128,1.338727,0.118926604,1076.29408,3008656476
3,7960,804,128,1.47104979,0.106039484,1207.09754,3008656476
3,7961,805,128,1.82872105,0.106029003,1207.21686,3008656476
3,7962,806,128,1.92548835,0.106023555,1207.27889,3008656476
3,7963,807,128,1.6299305,0.105978924,1207.78731,3008656476
3,7964,808,128,1.16725492,0.106026923,1207.24054,3008656476
3,7965,809,128,1.29847312,0.106022663,1207.28905,3008656476
3,7966,810,128,1.34239042,0.105918744,1208.47354,3008656476
3,7967,811,128,1.33223116,0.106098419,1206.42703,3008656476
3,7968,812,128,1.69361734,0.106002636,1207.51714,3008656476
3,7969,813,128,1.61645925,0.117910603,1085.56819,3008656476
3,7970,814,128,1.31643224,0.106159478,1205.73313,3008656476
3,7971,815,128,1.1646899,0.106036521,1207.13127,3008656476
3,7972,816,128,1.54126823,0.105943687,1208.18903,3008656476
3,7973,817,128,1.4860388,0.106000194,1207.54496,3008656476
3,7974,818,128,1.27197695,0.105987664,1207.68772,3008656476
3,7975,819,128,1.15772212,0.106013799,1207.38999,3008656476
3,7976,820,128,1.22515976,0.105988347,1207.67993,3008656476
3,7977,821,128,1.48853886,0.106177778,1205.52532,3008656476
3,7978,822,128,1.36718524,0.105853827,1209.21467,3008656476
3,7979,823,128,1.65227354,0.120505273,1062.19418,3008656476
3,7980,824,128,1.73170316,0.105979288,1207.78317,3008656476
3,7981,825,128,1.42054188,0.106135958,1206.00033,3008656476
3,7982,826,128,1.30880713,0.105993167,1207.62502,3008656476
3,7983,827,128,1.09970987,0.106138245,1205.97434,3008656476
3,7984,828,128,1.19078422,0.105987398,1207.69075,3008656476
3,7985,829,128,1.20786107,0.106113639,1206.25399,3008656476
3,7986,830,128,1.66134453,0.10593594,1208.27738,3008656476
3,7987,831,128,1.11232209,0.106104588,1206.35688,3008656476
3,7988,832,128,1.38666821,0.105930626,1208.33799,3008656476
3,7989,833,128,1.71349895,0.120587388,1061.47087,3008656476
3,7990,834,128,1.37534499,0.105993509,1207.62112,3008656476
3,7991,835,128,1.22360921,0.106094703,1206.46928,3008656476
3,7992,836,128,1.37853014,0.106048271,1206.99752,3008656476
3,7993,837,128,1.51681948,0.106035602,1207.14173,3008656476
3,7994,838,128,1.22830367,0.105932127,1208.32087,3008656476
3,7995,839,128,1.70128012,0.106065184,1206.80505,3008656476
3,7996,840,128,1.52357328,0.10591515,1208.51455,3008656476
3,7997,841,128,1.25652111,0.106057798,1206.8891,3008656476
3,7998,842,128,1.25482893,0.105998522,1207.56401,3008656476
3,7999,843,128,1.58501744,0.108276981,1182.15339,3008656476
3,8000,844,128,1.34199011,0.106115174,1206.23654,3008656476
3,8001,845,128,1.43718457,0.105967062,1207.92251,3008656476
3,8002,846,128,1.54460192,0.105965238,1207.94331,3008656476
3,8003,847,128,1.94462574,0.106106547,1206.33461,3008656476
3,8004,848,128,1.16512716,0.105998963,1207.55898,3008656476
3,8005,849,128,1.50980258,0.106080765,1206.6278,3008656476
3,8006,850,128,1.40066552,0.106001919,1207.52531,3008656476
3,8007,851,128,1.46958303,0.106071951,1206.72806,3008656476
3,8008,852,128,1.1262933,0.117014287,1093.88352,3008656476
3,8009,853,128,1.40627158,0.103566351,1235.92266,3008656476
3,8010,854,128,1.66718161,0.105974243,1207.84066,3008656476
3,8011,855,128,1.49506342,0.105979028,1207.78613,3008656476
3,8012,856,128,1.49576211,0.106073183,1206.71405,3008656476
3,8013,857,128,1.34667659,0.106062879,1206.83128,3008656476
3,8014,858,128,1.7035718,0.105968878,1207.90181,3008656476
3,8015,859,128,1.31249905,0.105983432,1207.73594,3008656476
3,8016,860,128,1.57833135,0.105985868,1207.70818,3008656476
3,8017,861,128,1.43258739,0.106105616,1206.34519,3008656476
3,8018,862,128,1.14166331,0.118401779,1081.06484,3008656476
3,8019,863,128,1.34957445,0.106037269,1207.12275,3008656476
3,8020,864,128,1.30873859,0.105982553,1207.74596,3008656476
3,8021,865,128,1.22465968,0.106163909,1205.68281,3008656476
3,8022,866,128,1.27838445,0.106055438,1206.91595,3008656476
3,8023,867,128,1.44683301,0.10616553,1205.6644,3008656476
3,8024,868,128,1.41261959,0.106110674,1206.28769,3008656476
3,8025,869,128,1.62898612,0.106000839,1207.53761,3008656476
3,8026,870,128,1.68410146,0.106074587,1206.69808,3008656476
3,8027,871,128,1.43598521,0.106106709,1206.33277,3008656476
3,8028,872,128,1.37071717,0.120137987,1065.44152,3008656476
3,8029,873,128,1.47816873,0.106003646,1207.50564,3008656476
3,8030,874,128,1.69796181,0.106171058,1205.60162,3008656476
3,8031,875,128,1.47231781,0.106028473,1207.22289,3008656476
3,8032,876,128,1.47922397,0.106015008,1207.37622,3008656476
3,8033,877,128,1.35503304,0.106124376,1206.13194,3008656476
3,8034,878,128,1.46859097,0.106055556,1206.91461,3008656476
3,8035,879,128,1.35174823,0.106058301,1206.88337,3008656476
3,8036,880,128,1.51396835,0.106084071,1206.5902,3008656476
3,8037,881,128,2.08037829,0.106010527,1207.42726,3008656476
3,8038,882,128,1.90774083,0.118422535,1080.87536,3008656476
3,8039,883,128,1.60478759,0.10606243,1206.83639,3008656476
3,8040,884,128,1.18750215,0.106112172,1206.27066,3008656476
3,8041,885,128,1.8166461,0.106012774,1207.40167,3008656476
3,8042,886,128,1.45311415,0.106093591,1206.48193,3008656476
3,8043,887,128,1.52765632,0.106190485,1205.38107,3008656476
3,8044,888,128,1.54708123,0.106113294,1206.25791,3008656476
3,8045,889,128,1.79485595,0.106085544,1206.57344,3008656476
3,8046,890,128,1.41248882,0.106167155,1205.64595,3008656476
3,8047,891,128,1.28245699,0.106023708,1207.27715,3008656476
3,8048,892,128,1.54403007,0.120130162,1065.51092,3008656476
3,8049,893,128,1.50254273,0.106198095,1205.29469,3008656476
3,8050,894,128,1.39299941,0.106076599,1206.67519,3008656476
3,8051,895,128,1.59552038,0.106009318,1207.44103,3008656476
3,8052,896,128,1.04579997,0.106081427,1206.62027,3008656476
3,8053,897,128,1.07387888,0.106105887,1206.34211,3008656476
3,8054,898,128,1.17951977,0.106011025,1207.42159,3008656476
3,8055,899,128,1.21278334,0.106030289,1207.20222,3008656476
3,8056,900,128,1.2008723,0.106020696,1207.31145,3008656476
3,8057,901,128,1.41333079,0.106035957,1207.13769,3008656476
3,8058,902,128,1.16020882,0.109069438,1173.56431,3008656476
3,8059,903,128,1.46161032,0.105960322,1207.99935,3008656476
3,8060,904,128,1.4111191,0.10619086,1205.37681,3008656476
3,8061,905,128,1.45652103,0.106159864,1205.72875,3008656476
3,8062,906,128,1.74408305,0.106067809,1206.77519,3008656476
3,8063,907,128,1.63929963,0.105891458,1208.78494,3008656476
3,8064,908,128,1.43906665,0.10603144,1207.18911,3008656476
3,8065,909,128,1.31299281,0.106089612,1206.52718,3008656476
3,8066,910,128,1.55180669,0.105998877,1207.55996,3008656476
3,8067,911,128,1.58655739,0.11832523,1081.76422,3008656476
3,8068,912,128,1.64471591,0.10430848,1227.12938,3008656476
3,8069,913,128,1.28904772,0.106025536,1207.25633,3008656476
3,8070,914,128,1.82604659,0.106097463,1206.4379,3008656476
3,8071,915,128,1.74134243,0.106055202,1206.91864,3008656476
3,8072,916,128,1.4291718,0.106045521,1207.02882,3008656476
3,8073,917,128,1.25651836,0.10604514,1207.03316,3008656476
3,8074,918,128,1.53741491,0.105956992,1208.03731,3008656476
3,8075,919,128,1.18190098,0.10607068,1206.74252,3008656476
3,8076,920,128,1.57425952,0.106010713,1207.42514,3008656476
3,8077,921,128,1.51677442,0.120680953,1060.64791,3008656476
3,8078,922,128,1.54339278,0.105817991,1209.62417,3008656476
3,8079,923,128,1.47447062,0.106115979,1206.22739,3008656476
3,8080,924,128,1.4308877,0.106231309,1204.91785,3008656476
3,8081,925,128,1.52984083,0.106066355,1206.79173,3008656476
3,8082,926,128,1.46280539,0.10608735,1206.5529,3008656476
3,8083,927,128,1.25716555,0.106103765,1206.36624,3008656476
3,8084,928,128,1.16293192,0.106139485,1205.96025,3008656476
3,8085,929,128,1.22736537,0.106105487,1206.34666,3008656476
3,8086,930,128,1.22676623,0.106090249,1206.51993,3008656476
3,8087,931,128,1.49669313,0.118577149,1079.46599,3008656476
3,8088,932,128,1.60845876,0.106100337,1206.40522,3008656476
3,8089,933,128,1.48159373,0.105965239,1207.9433,3008656476
3,8090,934,128,1.56424499,0.10612028,1206.1785,3008656476
3,8091,935,128,1.55554008,0.10605116,1206.96464,3008656476
3,8092,936,128,1.48734069,0.106143921,1205.90985,3008656476
3,8093,937,128,1.33926976,0.105979618,1207.77941,3008656476
3,8094,938,128,1.53123248,0.106015375,1207.37204,3008656476
3,8095,939,128,1.49949503,0.105990778,1207.65224,3008656476
3,8096,940,128,1.51481724,0.106137586,1205.98183,3008656476
3,8097,941,128,1.36227655,0.118136309,1083.49415,3008656476
3,8098,942,128,1.32733262,0.106123665,1206.14003,3008656476
3,8099,943,128,1.37895167,0.106110173,1206.29339,3008656476
3,8100,944,128,1.877949,0.106056515,1206.9037,3008656476
3,8101,945,128,1.48967111,0.106059284,1206.87219,3008656476
3,8102,946,128,1.57964563,0.106074885,1206.69469,3008656476
3,8103,947,128,1.62458849,0.105972245,1207.86344,3008656476
3,8104,948,128,1.77911031,0.106095717,1206.45775,3008656476
3,8105,949,128,1.72304118,0.106049871,1206.97931,3008656476
3,8106,950,128,1.38907123,0.105975412,1207.82734,3008656476
3,8107,951,128,1.2108742,0.120353802,1063.53101,3008656476
3,8108,952,128,1.39435458,0.106109647,1206.29937,3008656476
3,8109,953,128,1.59214151,0.106050345,1206.97391,3008656476
3,8110,954,128,1.60259581,0.106085793,1206.57061,3008656476
3,8111,955,128,1.1662302,0.106148733,1205.85518,3008656476
3,8112,956,128,1.58812702,0.106128736,1206.08239,3008656476
3,8113,957,128,1.53405297,0.106059506,1206.86966,3008656476
3,8114,958,128,1.23689342,0.106230889,1204.92261,3008656476
3,8115,959,128,1.49189866,0.106225327,1204.9857,3008656476
3,8116,960,128,1.36492562,0.106194128,1205.33972,3008656476
3,8117,961,128,1.32455349,0.107965206,1185.56714,3008656476
3,8118,962,128,1.46922565,0.105984592,1207.72272,3008656476
3,8119,963,128,1.36224639,0.106183754,1205.45748,3008656476
3,8120,964,128,1.22595716,0.106165546,1205.66422,3008656476
3,8121,965,128,1.08792412,0.106168713,1205.62825,3008656476
3,8122,966,128,1.4704895,0.106076117,1206.68067,3008656476
3,8123,967,128,1.77275145,0.106194992,1205.32991,3008656476
3,8124,968,128,1.39591408,0.106120568,1206.17523,3008656476
3,8125,969,128,1.20213115,0.10611161,1206.27705,3008656476
3,8126,970,128,1.27712989,0.118960779,1075.98488,3008656476
3,8127,971,128,1.63361132,0.10599868,1207.56221,3008656476
3,8128,972,128,1.28492558,0.105860733,1209.13578,3008656476
3,8129,973,128,1.32462966,0.106127214,1206.09969,3008656476
3,8130,974,128,1.1673044,0.105982146,1207.7506,3008656476
3,8131,975,128,1.34583783,0.105939494,1208.23685,3008656476
3,8132,976,128,1.53226793,0.10589422,1208.75341,3008656476
3,8133,977,128,1.18796968,0.105972825,1207.85683,3008656476
3,8134,978,128,1.3827188,0.106063203,1206.82759,3008656476
3,8135,979,128,1.65060878,0.106139878,1205.95579,3008656476
3,8136,980,128,1.47816384,0.118033897,1084.43425,3008656476
3,8137,981,128,1.45097673,0.106083219,1206.59989,3008656476
3,8138,982,128,1.26983237,0.10607431,1206.70123,3008656476
3,8139,983,128,1.58360767,0.106072776,1206.71868,3008656476
3,8140,984,128,1.18172741,0.106123826,1206.1382,3008656476
3,8141,985,128,1.25750899,0.106081256,1206.62221,3008656476
3,8142,986,128,0.972642243,0.106052658,1206.94759,3008656476
3,8143,987,128,1.22896302,0.106047174,1207.01,3008656476
3,8144,988,128,1.28291774,0.1060165,1207.35923,3008656476
3,8145,989,128,1.42770731,0.105986516,1207.7008,3008656476
3,8146,990,128,1.38553143,0.117847114,1086.15303,3008656476
3,8147,991,128,1.07873178,0.106076203,1206.67969,3008656476
3,8148,992,128,1.27593648,0.106108798,1206.30902,3008656476
3,8149,993,128,1.02895045,0.105955732,1208.05168,3008656476
3,8150,994,128,1.03650045,0.106104616,1206.35656,3008656476
3,8151,995,128,1.22675478,0.106154037,1205.79493,3008656476
3,8152,996,128,1.43671095,0.106030516,1207.19963,3008656476
3,8153,997,128,1.46832633,0.105972877,1207.85623,3008656476
3,8154,998,128,1.34015918,0.106160799,1205.71813,3008656476
3,8155,999,128,1.3353802,0.106056511,1206.90374,3008656476
3,8156,1000,128,1.49703324,0.12013666,1065.45329,3008656476
3,8157,1001,128,1.4665848,0.10610838,1206.31377,3008656476
3,8158,1002,128,1.25749004,0.106094441,1206.47226,3008656476
3,8159,1003,128,1.16628027,0.106039209,1207.10067,3008656476
3,8160,1004,128,1.51590586,0.106024692,1207.26595,3008656476
3,8161,1005,128,1.3966862,0.105980938,1207.76436,3008656476
3,8162,1006,128,1.34545004,0.106202724,1205.24216,3008656476
3,8163,1007,128,1.50029147,0.106105003,1206.35216,3008656476
3,8164,1008,128,1.24193609,0.106142609,1205.92476,3008656476
3,8165,1009,128,1.42823815,0.106104941,1206.35287,3008656476
3,8166,1010,128,1.15174055,0.116795454,1095.93307,3008656476
3,8167,1011,128,1.16827798,0.106145753,1205.88904,3008656476
3,8168,1012,128,1.36551416,0.106029463,1207.21162,3008656476
3,8169,1013,128,1.41263318,0.106023139,1207.28363,3008656476
3,8170,1014,128,1.3411274,0.106098779,1206.42293,3008656476
3,8171,1015,128,1.07414687,0.106052723,1206.94685,3008656476
3,8172,1016,128,1.17305696,0.106158843,1205.74035,3008656476
3,8173,1017,128,1.36035395,0.106017918,1207.34308,3008656476
3,8174,1018,128,1.38783228,0.106001004,1207.53573,3008656476
3,8175,1019,128,1.7587682,0.11928014,1073.10404,3008656476
3,8176,1020,128,1.45727277,0.10364248,1235.01483,3008656476
3,8177,1021,128,1.20294571,0.106115351,1206.23452,3008656476
3,8178,1022,128,1.33779156,0.106122545,1206.15275,3008656476
3,8179,1023,128,1.45335102,0.106108552,1206.31182,3008656476
3,8180,1024,128,1.60644484,0.106128947,1206.08,3008656476
3,8181,1025,128,1.62299156,0.106128884,1206.08071,3008656476
3,8182,1026,128,1.32562757,0.106061993,1206.84136,3008656476
3,8183,1027,128,1.33379519,0.106073655,1206.70868,3008656476
3,8184,1028,128,1.27043128,0.106067015,1206.78422,3008656476
3,8185,1029,128,1.63828194,0.11829442,1082.04597,3008656476
3,8186,1030,128,1.20238936,0.106299557,1204.14425,3008656476
3,8187,1031,128,1.60366106,0.106017484,1207.34803,3008656476
3,8188,1032,128,1.27831054,0.092968448,1376.8112,3008656476
3,8189,1033,128,1.44157898,0.106224947,1204.99001,3008656476
3,8190,1034,128,1.76802635,0.106196822,1205.30914,3008656476
3,8191,1035,128,1.22458994,0.106164825,1205.67241,3008656476
3,8192,1036,128,1.41977251,0.106210544,1205.15342,3008656476
3,8193,1037,128,1.33998179,0.10622225,1205.02061,3008656476
3,8194,1038,128,1.22215736,0.106205742,1205.20791,3008656476
3,8195,1039,128,1.35697794,0.120437469,1062.79218,3008656476
3,8196,1040,128,1.4592011,0.106060534,1206.85796,3008656476
3,8197,1041,128,1.58775699,0.106023326,1207.2815,3008656476
3,8198,1042,128,1.63107467,0.106022684,1207.28881,3008656476
3,8199,1043,128,1.2630465,0.105927149,1208.37766,3008656476
3,8200,1044,128,1.12314761,0.106172221,1205.58842,3008656476
3,8201,1045,128,1.41482484,0.106010853,1207.42355,3008656476
3,8202,1046,128,1.25952876,0.106124263,1206.13323,3008656476
3,8203,1047,128,1.03672421,0.1059903,1207.65768,3008656476
3,8204,1048,128,1.51874781,0.106067207,1206.78204,3008656476
3,8205,1049,128,1.15463221,0.119157989,1074.2041,3008656476
3,8206,1050,128,1.08566427,0.105962293,1207.97688,3008656476
3,8207,1051,128,1.30203223,0.105964316,1207.95382,3008656476
3,8208,1052,128,1.11671317,0.106032635,1207.17551,3008656476
3,8209,1053,128,1.35406697,0.106197062,1205.30641,3008656476
3,8210,1054,128,1.49147582,0.10610407,1206.36277,3008656476
3,8211,1055,128,1.02456319,0.10622977,1204.9353,3008656476
3,8212,1056,128,1.44110024,0.106136789,1205.99088,3008656476
3,8213,1057,128,1.44071496,0.10618596,1205.43243,3008656476
3,8214,1058,128,1.30666029,0.106163225,1205.69058,3008656476
3,8215,1059,128,1.11154675,0.114209165,1120.75069,3008656476
3,8216,1060,128,1.44592774,0.106139983,1205.95459,3008656476
3,8217,1061,128,1.53384018,0.106112934,1206.262,3008656476
3,8218,1062,128,1.42748237,0.106083243,1206.59961,3008656476
3,8219,1063,128,1.23391247,0.106037181,1207.12375,3008656476
3,8220,1064,128,1.3216604,0.10612483,1206.12678,3008656476
3,8221,1065,128,1.3266679,0.106066942,1206.78505,3008656476
3,8222,1066,128,1.35407186,0.106073767,1206.7074,3008656476
3,8223,1067,128,1.36933947,0.106043515,1207.05165,3008656476
3,8224,1068,128,1.33519745,0.119469951,1071.39912,3008656476
3,8225,1069,128,1.59544337,0.104405509,1225.98895,3008656476
3,8226,1070,128,1.21746123,0.106087069,1206.5561,3008656476
3,8227,1071,128,1.36937058,0.105952263,1208.09123,3008656476
3,8228,1072,128,1.43233049,0.106040904,1207.08137,3008656476
3,8229,1073,128,1.5685674,0.106054699,1206.92436,3008656476
3,8230,1074,128,1.66929352,0.106052561,1206.94869,3008656476
3,8231,1075,128,1.5480777,0.106105981,1206.34104,3008656476
3,8232,1076,128,1.61961639,0.106116285,1206.22391,3008656476
3,8233,1077,128,1.40672636,0.105979437,1207.78147,3008656476
3,8234,1078,128,1.62320101,0.120403505,1063.09198,3008656476
3,8235,1079,128,1.87480843,0.106163437,1205.68817,3008656476
3,8236,1080,128,1.56372678,0.106106401,1206.33627,3008656476
3,8237,1081,128,0.901490688,0.106036199,1207.13493,3008656476
3,8238,1082,128,1.17133272,0.106025506,1207.25668,3008656476
3,8239,1083,128,1.69880462,0.105912851,1208.54078,3008656476
3,8240,1084,128,1.50162137,0.10607011,1206.74901,3008656476
3,8241,1085,128,1.67286181,0.105978773,1207.78904,3008656476
3,8242,1086,128,1.35541153,0.105952863,1208.08439,3008656476
3,8243,1087,128,1.16014647,0.106021631,1207.3008,3008656476
3,8244,1088,128,1.12280548,0.11990163,1067.54178,3008656476
3,8245,1089,128,1.4930824,0.106028727,1207.22,3008656476
3,8246,1090,128,1.66472328,0.106046525,1207.01739,3008656476
3,8247,1091,128,1.48095846,0.106004364,1207.49746,3008656476
3,8248,1092,128,1.25110126,0.105973736,1207.84644,3008656476
3,8249,1093,128,1.56665325,0.106165141,1205.66882,3008656476
3,8250,1094,128,1.33006859,0.105964138,1207.95585,3008656476
3,8251,1095,128,1.3714397,0.106071279,1206.73571,3008656476
3,8252,1096,128,1.19222593,0.106080741,1206.62807,3008656476
3,8253,1097,128,1.19685102,0.106895216,1197.43432,3008656476
3,8254,1098,128,1.4278214,0.118458165,1080.55025,3008656476
3,8255,1099,128,1.4921037,0.10598268,1207.74451,3008656476
3,8256,1100,128,1.25247812,0.106071116,1206.73756,3008656476
3,8257,1101,128,1.5100764,0.106016484,1207.35941,3008656476
3,8258,1102,128,1.3916533,0.106054874,1206.92237,3008656476
3,8259,1103,128,1.56861281,0.106138755,1205.96855,3008656476
3,8260,1104,128,1.46282101,0.106021572,1207.30147,3008656476
3,8261,1105,128,1.59843218,0.106089295,1206.53078,3008656476
3,8262,1106,128,1.36724532,0.106104298,1206.36018,3008656476
3,8263,1107,128,1.40788555,0.105981131,1207.76216,3008656476
3,8264,1108,128,1.43346727,0.118142895,1083.43375,3008656476
3,8265,1109,128,1.30666602,0.106063807,1206.82072,3008656476
3,8266,1110,128,1.34495747,0.106123974,1206.13651,3008656476
3,8267,1111,128,1.4765842,0.105996937,1207.58206,3008656476
3,8268,1112,128,1.05920088,0.106037248,1207.12299,3008656476
3,8269,1113,128,1.3660872,0.106104197,1206.36133,3008656476
3,8270,1114,128,2.00147438,0.106057922,1206.88769,3008656476
3,8271,1115,128,0.975114226,0.106157061,1205.76059,3008656476
3,8272,1116,128,1.35807061,0.106106184,1206.33874,3008656476
3,8273,1117,128,1.16403735,0.10610333,1206.37119,3008656476
3,8274,1118,128,1.52263737,0.108778834,1176.6995,3008656476
3,8275,1119,128,1.15166152,0.106114719,1206.24171,3008656476
3,8276,1120,128,1.06484509,0.106015923,1207.3658,3008656476
3,8277,1121,128,0.963689327,0.106154966,1205.78438,3008656476
3,8278,1122,128,1.27045035,0.106070332,1206.74648,3008656476
3,8279,1123,128,1.11509681,0.106041493,1207.07467,3008656476
3,8280,1124,128,1.04387712,0.106086182,1206.56619,3008656476
3,8281,1125,128,1.30488598,0.10605867,1206.87917,3008656476
3,8282,1126,128,1.19468105,0.106021146,1207.30632,3008656476
3,8283,1127,128,1.70272052,0.119775278,1068.66794,3008656476
3,8284,1128,128,1.3250103,0.104387798,1226.19695,3008656476
3,8285,1129,128,1.07544112,0.106106238,1206.33812,3008656476
3,8286,1130,128,1.39285946,0.106056708,1206.9015,3008656476
3,8287,1131,128,1.2778604,0.106238936,1204.83134,3008656476
3,8288,1132,128,1.27587855,0.106083244,1206.5996,3008656476
3,8289,1133,128,1.20147908,0.106074736,1206.69638,3008656476
3,8290,1134,128,1.58328724,0.105993919,1207.61645,3008656476
3,8291,1135,128,1.50822508,0.106037023,1207.12555,3008656476
3,8292,1136,128,1.51491189,0.105952389,1208.0898,3008656476
3,8293,1137,128,1.34551442,0.12041187,1063.01812,3008656476
3,8294,1138,128,1.32179356,0.105781813,1210.03787,3008656476
3,8295,1139,128,1.40450859,0.105981328,1207.75992,3008656476
3,8296,1140,128,1.31825018,0.105995257,1207.6012,3008656476
3,8297,1141,128,1.43177474,0.105993722,1207.61869,3008656476
3,8298,1142,128,1.30593038,0.10602836,1207.22418,3008656476
3,8299,1143,128,1.37062991,0.105963692,1207.96093,3008656476
3,8300,1144,128,1.16104376,0.106042303,1207.06545,3008656476
3,8301,1145,128,1.00610566,0.105969494,1207.89479,3008656476
3,8302,1146,128,1.51869059,0.105952339,1208.09037,3008656476
3,8303,1147,128,1.56167209,0.117913097,1085.54523,3008656476
3,8304,1148,128,1.5520947,0.105832842,1209.45443,3008656476
3,8305,1149,128,1.62228787,0.106095521,1206.45998,3008656476
3,8306,1150,128,1.40383971,0.106070802,1206.74114,3008656476
3,8307,1151,128,1.46043193,0.105987691,1207.68741,3008656476
3,8308,1152,128,1.61226499,0.106135636,1206.00399,3008656476
3,8309,1153,128,1.61386013,0.105984139,1207.72788,3008656476
3,8310,1154,128,1.71871924,0.106162595,1205.69773,3008656476
3,8311,1155,128,1.47116697,0.106078261,1206.65628,3008656476
3,8312,1156,128,1.25684571,0.106027061,1207.23897,3008656476
3,8313,1157,128,1.57197106,0.118900157,1076.53348,3008656476
3,8314,1158,128,1.12499547,0.106021788,1207.29901,3008656476
3,8315,1159,128,1.59704661,0.105980625,1207.76793,3008656476
3,8316,1160,128,1.55761147,0.106041419,1207.07551,3008656476
3,8317,1161,128,1.68846965,0.105928124,1208.36653,3008656476
3,8318,1162,128,1.32324886,0.106099928,1206.40987,3008656476
3,8319,1163,128,1.16404653,0.105909289,1208.58143,3008656476
3,8320,1164,128,1.20504129,0.105996548,1207.5865,3008656476
3,8321,1165,128,1.55319369,0.106028574,1207.22174,3008656476
3,8322,1166,128,1.29366255,0.106050415,1206.97312,3008656476
3,8323,1167,128,1.63231301,0.11950548,1071.08059,3008656476
3,8324,1168,128,1.29581428,0.10605632,1206.90592,3008656476
3,8325,1169,128,1.39827085,0.105982931,1207.74165,3008656476
3,8326,1170,128,1.48582017,0.106039001,1207.10304,3008656476
3,8327,1171,128,1.44857991,0.106013999,1207.38771,3008656476
3,8328,1172,128,1.49538803,0.106076002,1206.68198,3008656476
3,8329,1173,128,1.63170147,0.105880396,1208.91123,3008656476
3,8330,1174,128,1.57114398,0.106073601,1206.70929,3008656476
3,8331,1175,128,1.38526809,0.105884157,1208.86829,3008656476
3,8332,1176,128,1.4415741,0.106072444,1206.72245,3008656476
3,8333,1177,128,1.39742279,0.108081388,1184.29271,3008656476
3,8334,1178,128,1.34882891,0.106052964,1206.94411,3008656476
3,8335,1179,128,1.42108011,0.105931326,1208.33001,3008656476
3,8336,1180,128,1.68685973,0.106093848,1206.479,3008656476
3,8337,1181,128,1.54739463,0.106062418,1206.83653,3008656476
3,8338,1182,128,1.40897048,0.106235337,1204.87216,3008656476
3,8339,1183,128,1.03971529,0.106038229,1207.11182,3008656476
3,8340,1184,128,1.14197505,0.106106134,1206.33931,3008656476
3,8341,1185,128,1.75076509,0.106106726,1206.33257,3008656476
3,8342,1186,128,1.82836533,0.118076986,1084.03851,3008656476
3,8343,1187,128,1.5662117,0.103954981,1231.30223,3008656476
3,8344,1188,128,1.53308892,0.106047295,1207.00863,3008656476
3,8345,1189,128,1.58923042,0.105969974,1207.88932,3008656476
3,8346,1190,128,1.39166558,0.106018366,1207.33798,3008656476
3,8347,1191,128,1.23032272,0.106003674,1207.50532,3008656476
3,8348,1192,128,1.28509903,0.106132808,1206.03612,3008656476
3,8349,1193,128,1.29581606,0.106053879,1206.93369,3008656476
3,8350,1194,128,1.10349476,0.106062785,1206.83235,3008656476
3,8351,1195,128,1.04613268,0.106016925,1207.35439,3008656476
3,8352,1196,128,1.07782567,0.117763538,1086.92387,3008656476
3,8353,1197,128,1.45655036,0.10619377,1205.34378,3008656476
3,8354,1198,128,1.18545973,0.106055685,1206.91314,3008656476
3,8355,1199,128,1.3359282,0.106019873,1207.32082,3008656476
3,8356,1200,128,1.40107846,0.106015731,1207.36799,3008656476
3,8357,1201,128,1.62847221,0.106172166,1205.58904,3008656476
3,8358,1202,128,1.57779109,0.106061031,1206.85231,3008656476
3,8359,1203,128,1.20596468,0.106081052,1206.62453,3008656476
3,8360,1204,128,1.33839345,0.106046286,1207.02011,3008656476
3,8361,1205,128,1.32604849,0.10604955,1206.98296,3008656476
3,8362,1206,128,1.16664803,0.117958144,1085.13067,3008656476
3,8363,1207,128,1.5279007,0.105924355,1208.40953,3008656476
3,8364,1208,128,1.33368719,0.106076249,1206.67917,3008656476
3,8365,1209,128,1.19548452,0.106237139,1204.85172,3008656476
3,8366,1210,128,0.951035738,0.106023767,1207.27648,3008656476
3,8367,1211,128,1.47767746,0.106187134,1205.4191,3008656476
3,8368,1212,128,1.32706594,0.106028534,1207.2222,3008656476
3,8369,1213,128,1.0551666,0.106094592,1206.47054,3008656476
3,8370,1214,128,1.30236411,0.106036422,1207.13239,3008656476
3,8371,1215,128,1.50212479,0.106080185,1206.6344,3008656476
3,8372,1216,128,1.37856126,0.120864681,1059.0356,3008656476
3,8373,1217,128,1.55286205,0.106069857,1206.75189,3008656476
3,8374,1218,128,1.52036095,0.106167883,1205.63768,3008656476
3,8375,1219,128,1.55138636,0.106110092,1206.29431,3008656476
3,8376,1220,128,1.14593148,0.106159165,1205.73669,3008656476
3,8377,1221,128,1.26604402,0.10607685,1206.67233,3008656476
3,8378,1222,128,1.24489391,0.106017436,1207.34857,3008656476
3,8379,1223,128,1.31533062,0.106075278,1206.69021,3008656476
3,8380,1224,128,1.53461146,0.105973114,1207.85353,3008656476
3,8381,1225,128,1.4256742,0.10616248,1205.69904,3008656476
3,8382,1226,128,1.33239281,0.119262681,1073.26113,3008656476
3,8383,1227,128,1.45030725,0.106112358,1206.26855,3008656476
3,8384,1228,128,1.434273,0.106127336,1206.0983,3008656476
3,8385,1229,128,1.32526863,0.106030125,1207.20408,3008656476
3,8386,1230,128,1.40172923,0.106173176,1205.57757,3008656476
3,8387,1231,128,1.14538896,0.106023548,1207.27897,3008656476
3,8388,1232,128,1.27037811,0.106024381,1207.26949,3008656476
3,8389,1233,128,1.16063201,0.105998528,1207.56394,3008656476
3,8390,1234,128,1.51375866,0.106114436,1206.24493,3008656476
3,8391,1235,128,1.39177632,0.105999845,1207.54894,3008656476
3,8392,1236,128,1.18672574,0.107814163,1187.22806,3008656476
3,8393,1237,128,1.10659099,0.105996049,1207.59218,3008656476
3,8394,1238,128,1.24183738,0.106180437,1205.49513,3008656476
3,8395,1239,128,1.26799548,0.106160667,1205.71963,3008656476
3,8396,1240,128,1.49483442,0.106182195,1205.47517,3008656476
3,8397,1241,128,0.984401584,0.105841424,1209.35637,3008656476
3,8398,1242,128,1.43674433,0.106292626,1204.22277,3008656476
3,8399,1243,128,0.79777813,0.106154102,1205.7942,3008656476
3,8400,1244,128,1.46535134,0.106205496,1205.2107,3008656476
3,8401,1245,128,1.19899774,0.115804751,1105.30871,3008656476
3,8402,1246,128,1.18608785,0.104685062,1222.71504,3008656476
3,8403,1247,128,1.02010989,0.106042693,1207.06101,3008656476
3,8404,1248,128,0.75881207,0.106027112,1207.23839,3008656476
3,8405,1249,128,0.743143141,0.106026768,1207.24231,3008656476
3,8406,1250,128,0.979131281,0.106083443,1206.59734,3008656476
3,8407,1251,128,0.872152865,0.10598155,1207.75739,3008656476
3,8408,1252,128,1.06628227,0.106005411,1207.48553,3008656476
3,8409,1253,128,1.02106309,0.106046699,1207.01541,3008656476
3,8410,1254,128,1.10753763,0.106120477,1206.17626,3008656476
3,8411,1255,128,0.741222143,0.119106524,1074.66825,3008656476
3,8412,1256,128,0.992992043,0.106190083,1205.38563,3008656476
3,8413,1257,128,1.15033114,0.106007177,1207.46542,3008656476
3,8414,1258,128,0.789342105,0.106164795,1205.67275,3008656476
3,8415,1259,128,1.44785726,0.106070349,1206.74629,3008656476
3,8416,1260,128,1.6386236,0.106068586,1206.76635,3008656476
3,8417,1261,128,1.30121446,0.106101138,1206.39611,3008656476
3,8418,1262,128,1.3008641,0.106217802,1205.07107,3008656476
3,8419,1263,128,1.19887078,0.106124598,1206.12942,3008656476
3,8420,1264,128,1.00273228,0.105979835,1207.77693,3008656476
3,8421,1265,128,1.09177363,0.119755254,1068.84663,3008656476
3,8422,1266,128,1.21997941,0.105851809,1209.23772,3008656476
3,8423,1267,128,1.36441565,0.106104062,1206.36286,3008656476
3,8424,1268,128,1.15336668,0.106014629,1207.38054,3008656476
3,8425,1269,128,1.29743004,0.106008047,1207.45551,3008656476
3,8426,1270,128,0.921697736,0.106055739,1206.91253,3008656476
3,8427,1271,128,1.22052228,0.10598795,1207.68446,3008656476
3,8428,1272,128,1.26606023,0.106064553,1206.81223,3008656476
3,8429,1273,128,1.47755086,0.106080397,1206.63198,3008656476
3,8430,1274,128,1.06371379,0.106015121,1207.37494,3008656476
3,8431,1275,128,1.46325552,0.117875997,1085.88689,3008656476
3,8432,1276,128,1.27580905,0.105882729,1208.8846,3008656476
3,8433,1277,128,1.14159358,0.105958245,1208.02303,3008656476
3,8434,1278,128,1.18541873,0.105972551,1207.85995,3008656476
3,8435,1279,128,1.38465059,0.105973749,1207.84629,3008656476
3,8436,1280,128,1.3608619,0.105981577,1207.75708,3008656476
3,8437,1281,128,1.46949542,0.105943482,1208.19136,3008656476
3,8438,1282,128,1.52247679,0.105987629,1207.68812,3008656476
3,8439,1283,128,0.953315496,0.106024814,1207.26456,3008656476
3,8440,1284,128,1.51915514,0.106015047,1207.37578,3008656476
3,8441,1285,128,1.61853933,0.118066159,1084.13792,3008656476
3,8442,1286,128,1.41003025,0.106075554,1206.68708,3008656476
3,8443,1287,128,1.28100431,0.106068589,1206.76631,3008656476
3,8444,1288,128,1.22179782,0.105943423,1208.19204,3008656476
3,8445,1289,128,0.878942072,0.106404401,1202.95776,3008656476
3,8446,1290,128,1.35249603,0.105937211,1208.26288,3008656476
3,8447,1291,128,1.58121192,0.106049139,1206.98764,3008656476
3,8448,1292,128,1.53083265,0.105942272,1208.20516,3008656476
3,8449,1293,128,1.07984746,0.106088544,1206.53932,3008656476
3,8450,1294,128,1.32636762,0.106072576,1206.72095,3008656476
3,8451,1295,128,1.24644756,0.108939373,1174.96546,3008656476
3,8452,1296,128,1.06937659,0.106041298,1207.07689,3008656476
3,8453,1297,128,1.23771262,0.106132065,1206.04456,3008656476
3,8454,1298,128,1.32909679,0.106072609,1206.72058,3008656476
3,8455,1299,128,1.30924451,0.106222614,1205.01648,3008656476
3,8456,1300,128,1.31283104,0.106173567,1205.57313,3008656476
3,8457,1301,128,1.55557764,0.106190905,1205.3763,3008656476
3,8458,1302,128,1.310238,0.10613857,1205.97065,3008656476
3,8459,1303,128,0.878119946,0.106130161,1206.0662,3008656476
3,8460,1304,128,1.20043123,0.118309031,1081.91234,3008656476
3,8461,1305,128,1.57596481,0.104275707,1227.51505,3008656476
3,8462,1306,128,1.51496911,0.105965507,1207.94024,3008656476
3,8463,1307,128,1.41697621,0.105940498,1208.22539,3008656476
3,8464,1308,128,1.11419964,0.105998588,1207.56326,3008656476
3,8465,1309,128,1.51932967,0.106059617,1206.8684,3008656476
3,8466,1310,128,1.43266952,0.09822488,1303.13216,3008656476
3,8467,1311,128,1.46011829,0.105945791,1208.16503,3008656476
3,8468,1312,128,1.20124471,0.106151604,1205.82257,3008656476
3,8469,1313,128,1.28399515,0.106160622,1205.72014,3008656476
3,8470,1314,128,1.3390063,0.119697933,1069.35848,3008656476
3,8471,1315,128,1.20367932,0.105839904,1209.37373,3008656476
3,8472,1316,128,1.28525233,0.106081026,1206.62483,3008656476
3,8473,1317,128,1.25369751,0.105983074,1207.74002,3008656476
3,8474,1318,128,0.867722511,0.106127941,1206.09143,3008656476
3,8475,1319,128,1.36884809,0.106033317,1207.16774,3008656476
3,8476,1320,128,1.61133611,0.106013012,1207.39896,3008656476
3,8477,1321,128,1.48038125,0.106061589,1206.84596,3008656476
3,8478,1322,128,1.63313055,0.10598222,1207.74975,3008656476
3,8479,1323,128,1.19929826,0.106026191,1207.24888,3008656476
3,8480,1324,128,1.00713563,0.117923409,1085.4503,3008656476
3,8481,1325,128,1.2505182,0.106030383,1207.20115,3008656476
3,8482,1326,128,1.37711513,0.105921383,1208.44344,3008656476
3,8483,1327,128,1.56506515,0.1061119,1206.27375,3008656476
3,8484,1328,128,1.40706229,0.106004233,1207.49895,3008656476
3,8485,1329,128,1.1225059,0.106143949,1205.90953,3008656476
3,8486,1330,128,1.32939792,0.105898443,1208.70521,3008656476
3,8487,1331,128,1.25864613,0.106022904,1207.2863,3008656476
3,8488,1332,128,1.36680043,0.105975452,1207.82688,3008656476
3,8489,1333,128,1.1572293,0.106045165,1207.03287,3008656476
3,8490,1334,128,1.4367789,0.118786487,1077.56365,3008656476
3,8491,1335,128,1.19070601,0.106059913,1206.86503,3008656476
3,8492,1336,128,1.4181155,0.106114614,1206.2429,3008656476
3,8493,1337,128,1.02159166,0.10629356,1204.21218,3008656476
3,8494,1338,128,1.33305573,0.106316887,1203.94797,3008656476
3,8495,1339,128,1.23840916,0.164412015,778.53191,3008656476
3,8496,1340,128,0.934079468,0.106075811,1206.68415,3008656476
3,8497,1341,128,1.25642836,0.106054791,1206.92332,3008656476
3,8498,1342,128,1.34936082,0.10602983,1207.20744,3008656476
3,8499,1343,128,1.10857725,0.121383712,1054.50721,3008656476
3,8500,1344,128,1.33613932,0.106113219,1206.25876,3008656476
3,8501,1345,128,1.14331806,0.106059089,1206.87441,3008656476
3,8502,1346,128,1.30822957,0.106195043,1205.32933,3008656476
3,8503,1347,128,0.993168354,0.106155194,1205.78179,3008656476
3,8504,1348,128,1.01222241,0.106007121,1207.46605,3008656476
3,8505,1349,128,1.14862216,0.105961288,1207.98834,3008656476
3,8506,1350,128,1.25573266,0.106069191,1206.75946,3008656476
3,8507,1351,128,1.22350323,0.106010443,1207.42822,3008656476
3,8508,1352,128,0.926726639,0.106125689,1206.11702,3008656476
3,8509,1353,128,1.03936589,0.119247068,1073.40165,3008656476
3,8510,1354,128,1.36904144,0.105989962,1207.66153,3008656476
3,8511,1355,128,1.13761866,0.106048226,1206.99803,3008656476
3,8512,1356,128,1.25355828,0.10613952,1205.95985,3008656476
3,8513,1357,128,1.4951483,0.106066363,1206.79164,3008656476
3,8514,1358,128,1.10255754,0.106110771,1206.28659,3008656476
3,8515,1359,128,1.18703818,0.106065107,1206.80593,3008656476
3,8516,1360,128,1.01781654,0.105992453,1207.63315,3008656476
3,8517,1361,128,1.49724627,0.106122579,1206.15237,3008656476
3,8518,1362,128,1.44358695,0.10606804,1206.77256,3008656476
3,8519,1363,128,1.4363445,0.118214018,1082.78191,3008656476
3,8520,1364,128,1.18787777,0.105986689,1207.69883,3008656476
3,8521,1365,128,1.48914242,0.106001797,1207.5267,3008656476
3,8522,1366,128,1.29002213,0.106012873,1207.40054,3008656476
3,8523,1367,128,1.58024764,0.106079063,1206.64716,3008656476
3,8524,1368,128,1.50996745,0.106048205,1206.99827,3008656476
3,8525,1369,128,1.50861514,0.106031455,1207.18894,3008656476
3,8526,1370,128,1.09911561,0.106005717,1207.48205,3008656476
3,8527,1371,128,1.39424622,0.106170456,1205.60846,3008656476
3,8528,1372,128,1.12279427,0.106066973,1206.7847,3008656476
3,8529,1373,128,1.45746994,0.112811565,1134.63544,3008656476
3,8530,1374,128,1.52271092,0.105947559,1208.14487,3008656476
3,8531,1375,128,1.76086211,0.106000389,1207.54274,3008656476
3,8532,1376,128,1.7534337,0.10609947,1206.41507,3008656476
3,8533,1377,128,1.34711409,0.106001777,1207.52693,3008656476
3,8534,1378,128,1.46141052,0.105932738,1208.3139,3008656476
3,8535,1379,128,1.28699303,0.105991895,1207.63951,3008656476
3,8536,1380,128,1.74103367,0.106126198,1206.11124,3008656476
3,8537,1381,128,1.22778881,0.105823385,1209.56252,3008656476
3,8538,1382,128,1.42442703,0.118669075,1078.62979,3008656476
3,8539,1383,128,1.41209662,0.104372446,1226.37731,3008656476
3,8540,1384,128,1.26320088,0.105962401,1207.97565,3008656476
3,8541,1385,128,1.69125009,0.105968269,1207.90876,3008656476
3,8542,1386,128,1.27767336,0.106011676,1207.41417,3008656476
3,8543,1387,128,1.32411718,0.10598167,1207.75602,3008656476
3,8544,1388,128,1.66923022,0.106012409,1207.40582,3008656476
3,8545,1389,128,1.40809011,0.105986709,1207.6986,3008656476
3,8546,1390,128,1.14002311,0.105954726,1208.06315,3008656476
3,8547,1391,128,1.38942194,0.105975118,1207.83069,3008656476
3,8548,1392,128,1.48127174,0.120492043,1062.31081,3008656476
3,8549,1393,128,1.16587162,0.106285638,1204.30194,3008656476
3,8550,1394,128,1.56552923,0.106024509,1207.26803,3008656476
3,8551,1395,128,1.23997355,0.106017846,1207.3439,3008656476
3,8552,1396,128,1.16611469,0.105995049,1207.60357,3008656476
3,8553,1397,128,1.2299,0.106066181,1206.79371,3008656476
3,8554,1398,128,1.42268908,0.106065219,1206.80465,3008656476
3,8555,1399,128,1.39386427,0.10600644,1207.47381,3008656476
3,8556,1400,128,1.50168371,0.106077894,1206.66046,3008656476
3,8557,1401,128,1.83023989,0.105979387,1207.78204,3008656476
3,8558,1402,128,1.04957843,0.108553717,1179.13972,3008656476
3,8559,1403,128,1.26724923,0.106045357,1207.03069,3008656476
3,8560,1404,128,1.21437442,0.106073057,1206.71548,3008656476
3,8561,1405,128,1.49415231,0.105968055,1207.9112,3008656476
3,8562,1406,128,1.67512286,0.106062064,1206.84055,3008656476
3,8563,1407,128,1.78774536,0.106020871,1207.30946,3008656476
3,8564,1408,128,1.37279892,0.106069403,1206.75705,3008656476
3,8565,1409,128,1.32024324,0.106013466,1207.39379,3008656476
3,8566,1410,128,1.70457792,0.106093994,1206.47734,3008656476
3,8567,1411,128,1.69890499,0.106061617,1206.84564,3008656476
3,8568,1412,128,1.55561459,0.118439436,1080.72112,3008656476
3,8569,1413,128,1.7537173,0.10596933,1207.89666,3008656476
3,8570,1414,128,1.8193599,0.105963238,1207.96611,3008656476
3,8571,1415,128,2.07457042,0.105974849,1207.83376,3008656476
3,8572,1416,128,1.94402111,0.105988692,1207.676,3008656476
3,8573,1417,128,1.51433122,0.106031268,1207.19107,3008656476
3,8574,1418,128,1.468961,0.106091078,1206.5105,3008656476
3,8575,1419,128,1.70145619,0.106046111,1207.0221,3008656476
3,8576,1420,128,1.94834399,0.106016939,1207.35423,3008656476
3,8577,1421,128,1.73196113,0.10598194,1207.75294,3008656476
3,8578,1422,128,1.91252673,0.118158188,1083.29353,3008656476
3,8579,1423,128,1.62276399,0.106094726,1206.46902,3008656476
3,8580,1424,128,1.66793013,0.106087661,1206.54936,3008656476
3,8581,1425,128,1.935835,0.106057795,1206.88913,3008656476
3,8582,1426,128,1.67513907,0.106024022,1207.27357,3008656476
3,8583,1427,128,1.60403419,0.106127515,1206.09627,3008656476
3,8584,1428,128,1.69852221,0.106101182,1206.39561,3008656476
3,8585,1429,128,2.13343358,0.1060734,1206.71158,3008656476
3,8586,1430,128,1.78680432,0.106068785,1206.76408,3008656476
3,8587,1431,128,1.79728639,0.106091522,1206.50545,3008656476
3,8588,1432,128,1.63527644,0.108256818,1182.37357,3008656476
3,8589,1433,128,1.5664115,0.105978192,1207.79566,3008656476
3,8590,1434,128,1.47824347,0.106268435,1204.4969,3008656476
3,8591,1435,128,1.74365544,0.106161271,1205.71277,3008656476
3,8592,1436,128,1.23069394,0.106150994,1205.8295,3008656476
3,8593,1437,128,1.68883979,0.106068069,1206.77223,3008656476
3,8594,1438,128,1.5795517,0.106253777,1204.66306,3008656476
3,8595,1439,128,1.75629103,0.106217706,1205.07216,3008656476
3,8596,1440,128,1.65802217,0.106268701,1204.49388,3008656476
3,8597,1441,128,1.71767437,0.12022858,1064.63871,3008656476
3,8598,1442,128,1.46283412,0.106221987,1205.02359,3008656476
3,8599,1443,128,1.3034972,0.105997115,1207.58004,3008656476
3,8600,1444,128,1.93315697,0.106012952,1207.39964,3008656476
3,8601,1445,128,1.65864003,0.106058313,1206.88324,3008656476
3,8602,1446,128,2.10627413,0.106151653,1205.82201,3008656476
3,8603,1447,128,1.75551176,0.105882232,1208.89027,3008656476
3,8604,1448,128,1.51682281,0.105973198,1207.85257,3008656476
3,8605,1449,128,1.69523537,0.105874848,1208.97458,3008656476
3,8606,1450,128,1.27657115,0.106111826,1206.2746,3008656476
3,8607,1451,128,1.55436218,0.119694365,1069.39036,3008656476
3,8608,1452,128,1.4367317,0.106033754,1207.16277,3008656476
3,8609,1453,128,1.65627694,0.105949103,1208.12726,3008656476
3,8610,1454,128,1.61147451,0.106049776,1206.98039,3008656476
3,8611,1455,128,1.11468482,0.106002209,1207.52201,3008656476
3,8612,1456,128,1.58612204,0.106046288,1207.02009,3008656476
3,8613,1457,128,1.3997854,0.105985457,1207.71287,3008656476
3,8614,1458,128,1.60327995,0.106021759,1207.29934,3008656476
3,8615,1459,128,2.07916594,0.105943251,1208.194,3008656476
3,8616,1460,128,1.46465886,0.106150593,1205.83406,3008656476
3,8617,1461,128,1.11955535,0.118247834,1082.47226,3008656476
3,8618,1462,128,0.91978389,0.105974364,1207.83928,3008656476
3,8619,1463,128,1.52694547,0.105893923,1208.7568,3008656476
3,8620,1464,128,1.34128296,0.105985302,1207.71463,3008656476
3,8621,1465,128,1.66995883,0.106146167,1205.88433,3008656476
3,8622,1466,128,1.92104459,0.105985004,1207.71803,3008656476
3,8623,1467,128,1.786376,0.106116509,1206.22136,3008656476
3,8624,1468,128,1.61981535,0.106121326,1206.16661,3008656476
3,8625,1469,128,1.68226504,0.106027015,1207.23949,3008656476
3,8626,1470,128,1.32086003,0.10616253,1205.69847,3008656476
3,8627,1471,128,1.7837007,0.118282578,1082.1543,3008656476
3,8628,1472,128,1.88778567,0.106057182,1206.89611,3008656476
3,8629,1473,128,1.63533986,0.106037309,1207.1223,3008656476
3,8630,1474,128,1.65982997,0.105948028,1208.13952,3008656476
3,8631,1475,128,1.64350402,0.106134034,1206.02219,3008656476
3,8632,1476,128,1.31263208,0.10596994,1207.88971,3008656476
3,8633,1477,128,1.64499748,0.106134735,1206.01422,3008656476
3,8634,1478,128,1.53588593,0.105930166,1208.34324,3008656476
3,8635,1479,128,1.46878743,0.105980091,1207.77401,3008656476
3,8636,1480,128,1.58108807,0.106129517,1206.07352,3008656476
3,8637,1481,128,1.71646833,0.117714198,1087.37945,3008656476
3,8638,1482,128,1.57790232,0.105941658,1208.21217,3008656476
3,8639,1483,128,1.77829003,0.1060386,1207.1076,3008656476
3,8640,1484,128,1.55360806,0.106159701,1205.7306,3008656476
3,8641,1485,128,1.77984166,0.105959747,1208.0059,3008656476
3,8642,1486,128,1.71300495,0.10614964,1205.84488,3008656476
3,8643,1487,128,1.39053309,0.105988513,1207.67804,3008656476
3,8644,1488,128,1.7193985,0.106009474,1207.43925,3008656476
3,8645,1489,128,1.30209005,0.106089954,1206.52329,3008656476
3,8646,1490,128,1.5365845,0.121671779,1052.01059,3008656476
3,8647,1491,128,1.61598289,0.099828771,1282.19549,3008656476
3,8648,1492,128,1.96225202,0.106157607,1205.75438,3008656476
3,8649,1493,128,1.46914995,0.106131311,1206.05313,3008656476
3,8650,1494,128,1.09951794,0.106133568,1206.02748,3008656476
3,8651,1495,128,1.48276067,0.10609504,1206.46545,3008656476
3,8652,1496,128,1.59594297,0.106037743,1207.11736,3008656476
3,8653,1497,128,1.51413202,0.106125935,1206.11423,3008656476
3,8654,1498,128,1.41686773,0.106045586,1207.02808,3008656476
3,8655,1499,128,1.41932011,0.106178371,1205.51859,3008656476
3,8656,1500,128,1.55376244,0.117944684,1085.25451,3008656476
3,8657,1501,128,1.95550978,0.106119869,1206.18317,3008656476
3,8658,1502,128,1.57822585,0.106031907,1207.1838,3008656476
3,8659,1503,128,1.51998615,0.106117009,1206.21568,3008656476
3,8660,1504,128,1.80834949,0.10600811,1207.45479,3008656476
3,8661,1505,128,1.61939955,0.106238943,1204.83126,3008656476
3,8662,1506,128,1.44427359,0.106093094,1206.48758,3008656476
3,8663,1507,128,1.61290073,0.106065945,1206.79639,3008656476
3,8664,1508,128,1.58854449,0.106082686,1206.60595,3008656476
3,8665,1509,128,1.45961249,0.106005598,1207.4834,3008656476
3,8666,1510,128,1.74701011,0.11808517,1083.96338,3008656476
3,8667,1511,128,1.50183964,0.106057157,1206.89639,3008656476
3,8668,1512,128,1.36732316,0.106143659,1205.91283,3008656476
3,8669,1513,128,1.74725282,0.105867588,1209.05749,3008656476
3,8670,1514,128,2.13770604,0.106081148,1206.62344,3008656476
3,8671,1515,128,1.48561966,0.105989526,1207.6665,3008656476
3,8672,1516,128,1.79854441,0.106059088,1206.87442,3008656476
3,8673,1517,128,1.75159109,0.106002676,1207.51669,3008656476
3,8674,1518,128,1.81725121,0.106078427,1206.65439,3008656476
3,8675,1519,128,1.44146919,0.10594386,1208.18705,3008656476
3,8676,1520,128,1.82163215,0.120420474,1062.94217,3008656476
3,8677,1521,128,1.34557211,0.105988906,1207.67357,3008656476
3,8678,1522,128,1.7091707,0.106927124,1197.07699,3008656476
3,8679,1523,128,1.76759017,0.106021591,1207.30126,3008656476
3,8680,1524,128,1.80651414,0.106172443,1205.5859,3008656476
3,8681,1525,128,1.4003768,0.106152745,1205.80961,3008656476
3,8682,1526,128,1.1283294,0.10618468,1205.44696,3008656476
3,8683,1527,128,1.29931962,0.106157841,1205.75173,3008656476
3,8684,1528,128,1.61169708,0.106227252,1204.96386,3008656476
3,8685,1529,128,1.73012245,0.10614602,1205.886,3008656476
3,8686,1530,128,1.99232101,0.121262713,1055.55943,3008656476
3,8687,1531,128,1.8315959,0.106063692,1206.82203,3008656476
3,8688,1532,128,1.92008233,0.105938786,1208.24492,3008656476
3,8689,1533,128,1.73454106,0.105976759,1207.81199,3008656476
3,8690,1534,128,1.57951021,0.105828279,1209.50658,3008656476
3,8691,1535,128,1.41441643,0.106006863,1207.46899,3008656476
3,8692,1536,128,1.90947676,0.106010326,1207.42955,3008656476
3,8693,1537,128,1.31173766,0.105938774,1208.24506,3008656476
3,8694,1538,128,1.68502414,0.105953284,1208.07959,3008656476
3,8695,1539,128,1.56351411,0.10599694,1207.58203,3008656476
3,8696,1540,128,1.9675914,0.110349841,1159.9473,3008656476
3,8697,1541,128,1.91151559,0.106002582,1207.51776,3008656476
3,8698,1542,128,1.93709207,0.106053777,1206.93486,3008656476
3,8699,1543,128,1.59420311,0.105973021,1207.85459,3008656476
3,8700,1544,128,1.55574393,0.106063251,1206.82705,3008656476
3,8701,1545,128,1.59746754,0.105980277,1207.7719,3008656476
3,8702,1546,128,1.5817461,0.106019649,1207.32337,3008656476
3,8703,1547,128,1.49194229,0.1060574,1206.89363,3008656476
3,8704,1548,128,1.36459517,0.106073508,1206.71035,3008656476
3,8705,1549,128,1.73317719,0.117562652,1088.78115,3008656476
3,8706,1550,128,1.79705596,0.104332161,1226.85085,3008656476
3,8707,1551,128,1.5501312,0.10601848,1207.33668,3008656476
3,8708,1552,128,1.41741335,0.106015488,1207.37076,3008656476
3,8709,1553,128,2.18118405,0.106129312,1206.07585,3008656476
3,8710,1554,128,1.87562668,0.106007173,1207.46546,3008656476
3,8711,1555,128,1.61093926,0.106117158,1206.21398,3008656476
3,8712,1556,128,1.66409874,0.106018384,1207.33778,3008656476
3,8713,1557,128,1.77916217,0.106080983,1206.62532,3008656476
3,8714,1558,128,1.48174798,0.105969706,1207.89238,3008656476
3,8715,1559,128,1.4714154,0.119451654,1071.56323,3008656476
3,8716,1560,128,1.41493964,0.106175253,1205.55399,3008656476
3,8717,1561,128,1.45554876,0.106017857,1207.34378,3008656476
3,8718,1562,128,1.74046612,0.105812574,1209.6861,3008656476
3,8719,1563,128,1.6629734,0.106057944,1206.88744,3008656476
3,8720,1564,128,1.49878788,0.106131524,1206.05071,3008656476
3,8721,1565,128,1.33520913,0.106056348,1206.9056,3008656476
3,8722,1566,128,1.4455936,0.10587344,1208.99066,3008656476
3,8723,1567,128,0.981185079,0.106049191,1206.98705,3008656476
3,8724,1568,128,1.04373574,0.105966591,1207.92788,3008656476
3,8725,1569,128,1.19234657,0.120000716,1066.6603,3008656476
3,8726,1570,128,1.36882746,0.105770241,1210.17026,3008656476
3,8727,1571,128,1.37377441,0.105939419,1208.2377,3008656476
3,8728,1572,128,1.0731982,0.105971718,1207.86944,3008656476
3,8729,1573,128,1.38589001,0.106057765,1206.88947,3008656476
3,8730,1574,128,1.79763019,0.105898338,1208.70641,3008656476
3,8731,1575,128,1.6354717,0.106059087,1206.87443,3008656476
3,8732,1576,128,1.48605371,0.105874788,1208.97527,3008656476
3,8733,1577,128,1.23262703,0.106192761,1205.35523,3008656476
3,8734,1578,128,1.4118489,0.105907116,1208.60623,3008656476
3,8735,1579,128,1.51099801,0.120752887,1060.01606,3008656476
3,8736,1580,128,1.64677203,0.105929111,1208.35527,3008656476
3,8737,1581,128,1.52401674,0.106005743,1207.48175,3008656476
3,8738,1582,128,1.31148446,0.105955742,1208.05157,3008656476
3,8739,1583,128,1.26493287,0.106042516,1207.06302,3008656476
3,8740,1584,128,1.72861898,0.105922624,1208.42928,3008656476
3,8741,1585,128,1.72924006,0.10603664,1207.12991,3008656476
3,8742,1586,128,1.55287266,0.10602839,1207.22384,3008656476
3,8743,1587,128,1.21775579,0.106174348,1205.56427,3008656476
3,8744,1588,128,1.48280919,0.105934078,1208.29862,3008656476
3,8745,1589,128,1.67480743,0.118682422,1078.50849,3008656476
3,8746,1590,128,1.23330748,0.1059768,1207.81152,3008656476
3,8747,1591,128,1.43034649,0.10605435,1206.92833,3008656476
3,8748,1592,128,1.52861655,0.105945329,1208.1703,3008656476
3,8749,1593,128,1.28840005,0.106105675,1206.34452,3008656476
3,8750,1594,128,1.36684918,0.105962529,1207.97419,3008656476
3,8751,1595,128,1.181229,0.106148409,1205.85887,3008656476
3,8752,1596,128,1.27393746,0.105914774,1208.51884,3008656476
3,8753,1597,128,1.0196569,0.106046597,1207.01657,3008656476
3,8754,1598,128,1.44674361,0.105869987,1209.03009,3008656476
3,8755,1599,128,1.13740849,0.10779832,1187.40255,3008656476
3,8756,1600,128,1.21604371,0.105992427,1207.63345,3008656476
3,8757,1601,128,1.50143075,0.106029392,1207.21243,3008656476
3,8758,1602,128,1.1585412,0.105990903,1207.65081,3008656476
3,8759,1603,128,1.22860241,0.106145854,1205.88789,3008656476
3,8760,1604,128,1.16162467,0.10595244,1208.08921,3008656476
3,8761,1605,128,1.06039858,0.106083872,1206.59246,3008656476
3,8762,1606,128,0.95054549,0.106016983,1207.35373,3008656476
3,8763,1607,128,1.45840967,0.105985967,1207.70705,3008656476
3,8764,1608,128,1.03989589,0.11552911,1107.94587,3008656476
3,8765,1609,128,1.58748329,0.104858331,1220.69462,3008656476
3,8766,1610,128,1.78720367,0.106095843,1206.45632,3008656476
3,8767,1611,128,1.47552836,0.106175608,1205.54996,3008656476
3,8768,1612,128,1.81839371,0.106065697,1206.79922,3008656476
3,8769,1613,128,1.59074509,0.106084613,1206.58403,3008656476
3,8770,1614,128,1.66462994,0.106009817,1207.43535,3008656476
3,8771,1615,128,1.7129252,0.105957786,1208.02826,3008656476
3,8772,1616,128,1.20977151,0.106080534,1206.63043,3008656476
3,8773,1617,128,1.81913674,0.106017998,1207.34217,3008656476
3,8774,1618,128,1.13036966,0.120422562,1062.92374,3008656476
3,8775,1619,128,1.77675796,0.105873727,1208.98738,3008656476
3,8776,1620,128,2.22845411,0.105978065,1207.7971,3008656476
3,8777,1621,128,1.84243083,0.106258427,1204.61034,3008656476
3,8778,1622,128,1.61204934,0.106220828,1205.03674,3008656476
3,8779,1623,128,1.69393742,0.106242005,1204.79654,3008656476
3,8780,1624,128,1.68821752,0.106098603,1206.42493,3008656476
3,8781,1625,128,1.32407677,0.106265449,1204.53074,3008656476
3,8782,1626,128,1.78463483,0.106123897,1206.13739,3008656476
3,8783,1627,128,1.91175866,0.106244508,1204.76816,3008656476
3,8784,1628,128,1.75732088,0.119856248,1067.94599,3008656476
3,8785,1629,128,1.45976031,0.105885313,1208.85509,3008656476
3,8786,1630,128,1.68883061,0.106017563,1207.34713,3008656476
3,8787,1631,128,1.71049809,0.105946224,1208.16009,3008656476
3,8788,1632,128,1.6292057,0.106072601,1206.72067,3008656476
3,8789,1633,128,1.61806583,0.106155959,1205.7731,3008656476
3,8790,1634,128,1.74840569,0.106024212,1207.27141,3008656476
3,8791,1635,128,1.47837937,0.105998257,1207.56703,3008656476
3,8792,1636,128,1.67814648,0.105984083,1207.72852,3008656476
3,8793,1637,128,1.63463688,0.10617584,1205.54733,3008656476
3,8794,1638,128,1.57755041,0.118485975,1080.29663,3008656476
3,8795,1639,128,1.5832994,0.106079409,1206.64322,3008656476
3,8796,1640,128,1.25275362,0.105983071,1207.74006,3008656476
3,8797,1641,128,1.48320854,0.106121151,1206.1686,3008656476
3,8798,1642,128,1.75173318,0.106022683,1207.28882,3008656476
3,8799,1643,128,1.36069155,0.106029343,1207.21299,3008656476
3,8800,1644,128,1.65167081,0.105991505,1207.64395,3008656476
3,8801,1645,128,1.1319766,0.106140129,1205.95293,3008656476
3,8802,1646,128,1.57778668,0.106009901,1207.43439,3008656476
3,8803,1647,128,1.44002616,0.1059285,1208.36224,3008656476
3,8804,1648,128,1.34057701,0.119913115,1067.43954,3008656476
3,8805,1649,128,1.40263438,0.106056227,1206.90697,3008656476
3,8806,1650,128,1.34075487,0.106142756,1205.92309,3008656476
3,8807,1651,128,1.46985292,0.106102721,1206.37811,3008656476
3,8808,1652,128,1.57967818,0.106047823,1207.00262,3008656476
3,8809,1653,128,1.49865305,0.106015021,1207.37608,3008656476
3,8810,1654,128,1.28542459,0.106067956,1206.77351,3008656476
3,8811,1655,128,1.43620348,0.105963589,1207.9621,3008656476
3,8812,1656,128,1.45644128,0.106056136,1206.90801,3008656476
3,8813,1657,128,1.49621367,0.106110923,1206.28486,3008656476
3,8814,1658,128,1.48833406,0.10787161,1186.59581,3008656476
3,8815,1659,128,1.70896471,0.106001693,1207.52788,3008656476
3,8816,1660,128,1.35358572,0.1061677,1205.63976,3008656476
3,8817,1661,128,1.40242016,0.106057319,1206.89455,3008656476
3,8818,1662,128,1.55454338,0.106012309,1207.40696,3008656476
3,8819,1663,128,1.42138529,0.106101006,1206.39761,3008656476
3,8820,1664,128,1.57736957,0.106051464,1206.96118,3008656476
3,8821,1665,128,1.73922372,0.10600214,1207.52279,3008656476
3,8822,1666,128,1.90438151,0.105976603,1207.81377,3008656476
3,8823,1667,128,1.7246871,0.118140323,1083.45734,3008656476
3,8824,1668,128,1.84156668,0.104504468,1224.82801,3008656476
3,8825,1669,128,1.90450215,0.10608207,1206.61296,3008656476
3,8826,1670,128,1.6764183,0.105926495,1208.38512,3008656476
3,8827,1671,128,1.14855134,0.106071767,1206.73016,3008656476
3,8828,1672,128,1.77400887,0.105941801,1208.21053,3008656476
3,8829,1673,128,1.78147078,0.105950096,1208.11594,3008656476
3,8830,1674,128,1.65042007,0.106071527,1206.73289,3008656476
3,8831,1675,128,1.55785179,0.105964022,1207.95717,3008656476
3,8832,1676,128,1.67776215,0.106042219,1207.0664,3008656476
3,8833,1677,128,1.91644478,0.119768248,1068.73067,3008656476
3,8834,1678,128,1.89000833,0.105928647,1208.36057,3008656476
3,8835,1679,128,1.75162768,0.106071153,1206.73714,3008656476
3,8836,1680,128,2.00586843,0.106166961,1205.64815,3008656476
3,8837,1681,128,1.64337754,0.10610215,1206.3846,3008656476
3,8838,1682,128,1.99841332,0.106034582,1207.15334,3008656476
3,8839,1683,128,1.81972563,0.1060977,1206.4352,3008656476
3,8840,1684,128,1.42339027,0.106047452,1207.00684,3008656476
3,8841,1685,128,1.49065471,0.105998884,1207.55988,3008656476
3,8842,1686,128,1.82468879,0.106011215,1207.41942,3008656476
3,8843,1687,128,1.47953773,0.118387299,1081.19706,3008656476
3,8844,1688,128,1.61809564,0.105716684,1210.78334,3008656476
3,8845,1689,128,1.20497572,0.105908746,1208.58763,3008656476
3,8846,1690,128,1.65761817,0.105997512,1207.57551,3008656476
3,8847,1691,128,1.52168012,0.106051411,1206.96178,3008656476
3,8848,1692,128,1.45106077,0.106062252,1206.83841,3008656476
3,8849,1693,128,1.37094295,0.106004699,1207.49364,3008656476
3,8850,1694,128,1.56979918,0.106094599,1206.47046,3008656476
3,8851,1695,128,1.64628196,0.106056631,1206.90238,3008656476
3,8852,1696,128,1.56777966,0.106182443,1205.47236,3008656476
3,8853,1697,128,1.6965946,0.118922903,1076.32758,3008656476
3,8854,1698,128,1.3370688,0.105928541,1208.36178,3008656476
3,8855,1699,128,1.40964007,0.105998613,1207.56297,3008656476
3,8856,1700,128,1.48884046,0.105996535,1207.58664,3008656476
3,8857,1701,128,1.68069661,0.106051498,1206.96079,3008656476
3,8858,1702,128,1.05863404,0.106071305,1206.73541,3008656476
3,8859,1703,128,1.26790249,0.106084352,1206.587,3008656476
3,8860,1704,128,1.31622744,0.106011093,1207.42081,3008656476
3,8861,1705,128,1.25923812,0.106118559,1206.19806,3008656476
3,8862,1706,128,1.46965182,0.106154195,1205.79314,3008656476
3,8863,1707,128,1.64420581,0.1213615,1054.70021,3008656476
3,8864,1708,128,1.89683402,0.106034516,1207.15409,3008656476
3,8865,1709,128,1.50711906,0.106119156,1206.19127,3008656476
3,8866,1710,128,1.88103664,0.106107555,1206.32315,3008656476
3,8867,1711,128,1.2509712,0.106059058,1206.87476,3008656476
3,8868,1712,128,1.40021122,0.106000159,1207.54536,3008656476
3,8869,1713,128,1.57847083,0.106022932,1207.28599,3008656476
3,8870,1714,128,1.80342019,0.106107638,1206.32221,3008656476
3,8871,1715,128,1.37589717,0.105992961,1207.62736,3008656476
3,8872,1716,128,1.38179898,0.106099303,1206.41697,3008656476
3,8873,1717,128,1.85534251,0.10756093,1190.02318,3008656476
3,8874,1718,128,1.07868004,0.105952933,1208.08359,3008656476
3,8875,1719,128,1.52569056,0.105871073,1209.01769,3008656476
3,8876,1720,128,1.81286323,0.106064792,1206.80951,3008656476
3,8877,1721,128,1.73290718,0.105899316,1208.69525,3008656476
3,8878,1722,128,1.37948835,0.105998467,1207.56463,3008656476
3,8879,1723,128,1.85991514,0.106097572,1206.43666,3008656476
3,8880,1724,128,1.61165214,0.105984733,1207.72112,3008656476
3,8881,1725,128,1.20827341,0.106029507,1207.21112,3008656476
3,8882,1726,128,1.94013464,0.11619189,1101.62594,3008656476
3,8883,1727,128,1.39759529,0.10484031,1220.90444,3008656476
3,8884,1728,128,1.66244793,0.105984878,1207.71946,3008656476
3,8885,1729,128,1.66040802,0.10605036,1206.97374,3008656476
3,8886,1730,128,1.57095826,0.10598256,1207.74588,3008656476
3,8887,1731,128,1.35022378,0.105980317,1207.77144,3008656476
3,8888,1732,128,1.91359532,0.106026593,1207.2443,3008656476
3,8889,1733,128,1.21272743,0.106022022,1207.29635,3008656476
3,8890,1734,128,1.70223391,0.106053942,1206.93298,3008656476
3,8891,1735,128,1.29364836,0.106037381,1207.12148,3008656476
3,8892,1736,128,1.31202054,0.119301163,1072.91494,3008656476
3,8893,1737,128,1.19039273,0.105654364,1211.49752,3008656476
3,8894,1738,128,1.30763626,0.10602859,1207.22156,3008656476
3,8895,1739,128,1.03795135,0.105924209,1208.4112,3008656476
3,8896,1740,128,1.03438938,0.106026359,1207.24696,3008656476
3,8897,1741,128,1.25924623,0.106030276,1207.20237,3008656476
3,8898,1742,128,1.39066315,0.106008041,1207.45557,3008656476
3,8899,1743,128,1.45433044,0.10598367,1207.73323,3008656476
3,8900,1744,128,1.441185,0.106089276,1206.531,3008656476
3,8901,1745,128,1.21994603,0.105942546,1208.20204,3008656476
3,8902,1746,128,1.84226847,0.119623836,1070.02086,3008656476
3,8903,1747,128,1.58649027,0.10589619,1208.73093,3008656476
3,8904,1748,128,1.15410113,0.106056723,1206.90133,3008656476
3,8905,1749,128,2.19623423,0.10603605,1207.13663,3008656476
3,8906,1750,128,1.43999052,0.105996878,1207.58274,3008656476
3,8907,1751,128,1.42984331,0.106023129,1207.28374,3008656476
3,8908,1752,128,1.43782496,0.106054985,1206.92111,3008656476
3,8909,1753,128,1.4385227,0.10610589,1206.34208,3008656476
3,8910,1754,128,1.6737119,0.105971749,1207.86909,3008656476
3,8911,1755,128,1.914572,0.106087216,1206.55443,3008656476
3,8912,1756,128,1.35356343,0.120109423,1065.6949,3008656476
3,8913,1757,128,1.6017921,0.106031582,1207.1875,3008656476
3,8914,1758,128,1.27055585,0.10605672,1206.90136,3008656476
3,8915,1759,128,1.66814554,0.106082177,1206.61174,3008656476
3,8916,1760,128,1.76630902,0.106034817,1207.15067,3008656476
3,8917,1761,128,1.18651724,0.106072483,1206.72201,3008656476
3,8918,1762,128,1.73381901,0.106006378,1207.47452,3008656476
3,8919,1763,128,1.37031686,0.106143985,1205.90912,3008656476
3,8920,1764,128,1.21583366,0.106031611,1207.18717,3008656476
3,8921,1765,128,1.28298533,0.106008589,1207.44933,3008656476
3,8922,1766,128,1.81832373,0.118290086,1082.08561,3008656476
3,8923,1767,128,1.78390026,0.106094313,1206.47372,3008656476
3,8924,1768,128,1.77333128,0.106018862,1207.33233,3008656476
3,8925,1769,128,1.24595451,0.106078981,1206.64809,3008656476
3,8926,1770,128,1.40103149,0.106081948,1206.61434,3008656476
3,8927,1771,128,1.39008081,0.10601707,1207.35274,3008656476
3,8928,1772,128,1.09223449,0.106004846,1207.49197,3008656476
3,8929,1773,128,1.21936369,0.106039894,1207.09287,3008656476
3,8930,1774,128,1.21417546,0.106072839,1206.71796,3008656476
3,8931,1775,128,1.2715112,0.105970527,1207.88302,3008656476
3,8932,1776,128,1.47765195,0.107978924,1185.41652,3008656476
3,8933,1777,128,1.36336923,0.105944817,1208.17614,3008656476
3,8934,1778,128,1.24069262,0.10626362,1204.55147,3008656476
3,8935,1779,128,1.26762664,0.106201325,1205.25803,3008656476
3,8936,1780,128,1.17217839,0.106215841,1205.09332,3008656476
3,8937,1781,128,0.93138963,0.106171775,1205.59348,3008656476
3,8938,1782,128,1.07670546,0.106176075,1205.54466,3008656476
3,8939,1783,128,1.34407282,0.106097291,1206.43985,3008656476
3,8940,1784,128,1.39497674,0.106080465,1206.63121,3008656476
3,8941,1785,128,1.32601964,0.115656079,1106.72955,3008656476
3,8942,1786,128,1.01880956,0.104533948,1224.4826,3008656476
3,8943,1787,128,1.10249305,0.106097002,1206.44314,3008656476
3,8944,1788,128,0.998443484,0.106026235,1207.24838,3008656476
3,8945,1789,128,1.39934862,0.106083268,1206.59933,3008656476
3,8946,1790,128,0.916551411,0.106107915,1206.31906,3008656476
3,8947,1791,128,1.33785164,0.105913449,1208.53396,3008656476
3,8948,1792,128,1.3976171,0.106033237,1207.16865,3008656476
3,8949,1793,128,1.12584698,0.106052582,1206.94846,3008656476
3,8950,1794,128,1.23759127,0.105902769,1208.65584,3008656476
3,8951,1795,128,0.982243061,0.119606396,1070.17688,3008656476
3,8952,1796,128,1.49481976,0.106080916,1206.62608,3008656476
3,8953,1797,128,1.57010019,0.105983503,1207.73513,3008656476
3,8954,1798,128,1.49944925,0.105963835,1207.9593,3008656476
3,8955,1799,128,1.25777709,0.106062434,1206.83634,3008656476
3,8956,1800,128,0.994671345,0.106003669,1207.50537,3008656476
3,8957,1801,128,1.34022427,0.106176837,1205.53601,3008656476
3,8958,1802,128,1.25556552,0.106071987,1206.72765,3008656476
3,8959,1803,128,1.32189822,0.106029226,1207.21432,3008656476
3,8960,1804,128,1.30344331,0.106163655,1205.68569,3008656476
3,8961,1805,128,1.60255587,0.120386801,1063.23948,3008656476
3,8962,1806,128,1.12932837,0.10597086,1207.87922,3008656476
3,8963,1807,128,1.35722125,0.106159304,1205.73511,3008656476
3,8964,1808,128,1.28511584,0.106008021,1207.4558,3008656476
3,8965,1809,128,1.75610745,0.106083643,1206.59506,3008656476
3,8966,1810,128,1.47202289,0.106021914,1207.29758,3008656476
3,8967,1811,128,0.986668885,0.106213506,1205.11981,3008656476
3,8968,1812,128,0.948567808,0.106279361,1204.37307,3008656476
3,8969,1813,128,0.924678028,0.106069074,1206.76079,3008656476
3,8970,1814,128,1.76994085,0.106215341,1205.09899,3008656476
3,8971,1815,128,1.45285785,0.11808411,1083.97311,3008656476
3,8972,1816,128,1.34306884,0.105904202,1208.63948,3008656476
3,8973,1817,128,1.246943,0.106169692,1205.61714,3008656476
3,8974,1818,128,1.02504325,0.106089092,1206.53309,3008656476
3,8975,1819,128,0.883588612,0.105878925,1208.92803,3008656476
3,8976,1820,128,1.38910615,0.106001671,1207.52813,3008656476
3,8977,1821,128,1.89638305,0.106094831,1206.46782,3008656476
3,8978,1822,128,1.67044568,0.106053147,1206.94203,3008656476
3,8979,1823,128,1.57922673,0.106084263,1206.58801,3008656476
3,8980,1824,128,1.40547502,0.157240494,814.039671,3008656476
3,8981,1825,128,1.41347945,0.112462023,1138.16199,3008656476
3,8982,1826,128,1.76119053,0.106588142,1200.88405,3008656476
3,8983,1827,128,1.30566514,0.106663597,1200.03453,3008656476
3,8984,1828,128,1.32894456,0.10665946,1200.08108,3008656476
3,8985,1829,128,1.34607911,0.106641249,1200.28602,3008656476
3,8986,1830,128,1.26046312,0.121761534,1051.23511,3008656476
3,8987,1831,128,1.48418057,0.106341015,1203.6748,3008656476
3,8988,1832,128,1.26786315,0.106359606,1203.46441,3008656476
3,8989,1833,128,1.37076449,0.10644461,1202.50335,3008656476
3,8990,1834,128,1.55344999,0.106292312,1204.22632,3008656476
3,8991,1835,128,1.5181427,0.10629794,1204.16256,3008656476
3,8992,1836,128,1.12332571,0.106322362,1203.88597,3008656476
3,8993,1837,128,1.38511503,0.10626183,1204.57176,3008656476
3,8994,1838,128,1.45300424,0.106291734,1204.23287,3008656476
3,8995,1839,128,1.51653242,0.106165338,1205.66658,3008656476
3,8996,1840,128,1.63606668,0.120333516,1063.7103,3008656476
3,8997,1841,128,1.88457322,0.106796803,1198.53775,3008656476
3,8998,1842,128,1.38428748,0.106383803,1203.19068,3008656476
3,8999,1843,128,1.24487495,0.106254761,1204.6519,3008656476
3,9000,1844,128,1.42206657,0.10631382,1203.9827,3008656476
3,9001,1845,128,1.34691548,0.106344798,1203.63198,3008656476
3,9002,1846,128,1.28455544,0.106402161,1202.98309,3008656476
3,9003,1847,128,1.02862191,0.106330175,1203.79751,3008656476
3,9004,1848,128,1.6001842,0.106306678,1204.06359,3008656476
3,9005,1849,128,1.58723855,0.106477016,1202.13737,3008656476
3,9006,1850,128,1.49774992,0.118431229,1080.79601,3008656476
3,9007,1851,128,1.26986313,0.106093448,1206.48355,3008656476
3,9008,1852,128,1.00038397,0.106454963,1202.3864,3008656476
3,9009,1853,128,1.44709408,0.106606961,1200.67206,3008656476
3,9010,1854,128,1.61570978,0.106471395,1202.20084,3008656476
3,9011,1855,128,1.13447487,0.1065483,1201.3331,3008656476
3,9012,1856,128,1.36689472,0.106521643,1201.63374,3008656476
3,9013,1857,128,0.956818342,0.106517659,1201.67868,3008656476
3,9014,1858,128,1.31141305,0.106375306,1203.28679,3008656476
3,9015,1859,128,1.15631628,0.119549594,1070.68536,3008656476
3,9016,1860,128,1.3824296,0.104456712,1225.38799,3008656476
3,9017,1861,128,1.61749482,0.106426155,1202.71187,3008656476
3,9018,1862,128,1.22954154,0.106333868,1203.7557,3008656476
3,9019,1863,128,1.12507689,0.106515285,1201.70546,3008656476
3,9020,1864,128,1.37937307,0.106314452,1203.97554,3008656476
3,9021,1865,128,1.5497911,0.106370189,1203.34467,3008656476
3,9022,1866,128,1.27555668,0.106347832,1203.59764,3008656476
3,9023,1867,128,1.8253063,0.106415185,1202.83585,3008656476
3,9024,1868,128,1.3151927,0.106322641,1203.88281,3008656476
3,9025,1869,128,1.20115232,0.119978847,1066.85473,3008656476
3,9026,1870,128,1.44381058,0.106221086,1205.03381,3008656476
3,9027,1871,128,1.33254123,0.10628396,1204.32095,3008656476
3,9028,1872,128,1.79491842,0.106303933,1204.09468,3008656476
3,9029,1873,128,1.67197621,0.106387152,1203.1528,3008656476
3,9030,1874,128,1.56122124,0.106295518,1204.19,3008656476
3,9031,1875,128,1.38004243,0.106363415,1203.42131,3008656476
3,9032,1876,128,1.24986625,0.106355474,1203.51116,3008656476
3,9033,1877,128,1.19998586,0.106303489,1204.09971,3008656476
3,9034,1878,128,1.46636593,0.106313663,1203.98448,3008656476
3,9035,1879,128,1.026963,0.119676194,1069.55273,3008656476
3,9036,1880,128,1.48150134,0.106313917,1203.9816,3008656476
3,9037,1881,128,1.14947701,0.106420094,1202.78037,3008656476
3,9038,1882,128,1.49879348,0.106344542,1203.63488,3008656476
3,9039,1883,128,1.20712674,0.106337335,1203.71646,3008656476
3,9040,1884,128,1.59094059,0.106460879,1202.31959,3008656476
3,9041,1885,128,1.23580945,0.106444229,1202.50765,3008656476
3,9042,1886,128,1.4119848,0.106135669,1206.00361,3008656476
3,9043,1887,128,1.31002629,0.106288202,1204.27289,3008656476
3,9044,1888,128,1.33651543,0.10620766,1205.18614,3008656476
3,9045,1889,128,1.45578301,0.118399262,1081.08782,3008656476
3,9046,1890,128,1.62134778,0.106389634,1203.12473,3008656476
3,9047,1891,128,1.44245791,0.106342502,1203.65797,3008656476
3,9048,1892,128,1.25047863,0.106423696,1202.73966,3008656476
3,9049,1893,128,1.20857358,0.106402631,1202.97777,3008656476
3,9050,1894,128,1.25917351,0.106295564,1204.18948,3008656476
3,9051,1895,128,1.22022712,0.106305071,1204.08179,3008656476
3,9052,1896,128,1.36218214,0.106345862,1203.61994,3008656476
3,9053,1897,128,1.32907939,0.106342186,1203.66155,3008656476
3,9054,1898,128,1.81813014,0.106270739,1204.47078,3008656476
3,9055,1899,128,2.22451949,0.113773812,1125.03921,3008656476
3,9056,1900,128,1.71904254,0.106208429,1205.17742,3008656476
3,9057,1901,128,1.53387058,0.106215391,1205.09842,3008656476
3,9058,1902,128,1.18989873,0.10629478,1204.19836,3008656476
3,9059,1903,128,1.46115899,0.106227577,1204.96018,3008656476
3,9060,1904,128,1.15431631,0.106182932,1205.46681,3008656476
3,9061,1905,128,1.33501208,0.106260032,1204.59215,3008656476
3,9062,1906,128,1.3232348,0.106292138,1204.22829,3008656476
3,9063,1907,128,1.21915579,0.106189319,1205.3943,3008656476
3,9064,1908,128,1.18009484,0.117813261,1086.46513,3008656476
3,9065,1909,128,1.12458599,0.104611734,1223.57211,3008656476
3,9066,1910,128,1.33615553,0.106333492,1203.75996,3008656476
3,9067,1911,128,1.18419027,0.106261244,1204.57841,3008656476
3,9068,1912,128,1.38134658,0.106282208,1204.34081,3008656476
3,9069,1913,128,1.49567401,0.106237398,1204.84879,3008656476
3,9070,1914,128,1.45800948,0.106252235,1204.68054,3008656476
3,9071,1915,128,1.04330575,0.106199824,1205.27507,3008656476
3,9072,1916,128,1.53962088,0.106163052,1205.69254,3008656476
3,9073,1917,128,1.21255231,0.1062436,1204.77845,3008656476
3,9074,1918,128,1.61233187,0.119757911,1068.82292,3008656476
3,9075,1919,128,1.10937059,0.106216128,1205.09006,3008656476
3,9076,1920,128,1.22597086,0.106331861,1203.77842,3008656476
3,9077,1921,128,1.24790132,0.106184812,1205.44546,3008656476
3,9078,1922,128,1.72447872,0.106367503,1203.37506,3008656476
3,9079,1923,128,1.34076965,0.106302076,1204.11571,3008656476
3,9080,1924,128,1.35347605,0.106325183,1203.85403,3008656476
3,9081,1925,128,1.03264737,0.106220067,1205.04537,3008656476
3,9082,1926,128,1.31970215,0.106279242,1204.37442,3008656476
3,9083,1927,128,1.28348088,0.106384831,1203.17905,3008656476
3,9084,1928,128,1.31368411,0.118294804,1082.04245,3008656476
3,9085,1929,128,1.62556744,0.106317365,1203.94255,3008656476
3,9086,1930,128,1.4774909,0.106279671,1204.36955,3008656476
3,9087,1931,128,1.22807229,0.106295337,1204.19205,3008656476
3,9088,1932,128,0.950266063,0.106311416,1204.00992,3008656476
3,9089,1933,128,1.08624935,0.106219448,1205.05239,3008656476
3,9090,1934,128,1.25482059,0.10648815,1202.01168,3008656476
3,9091,1935,128,1.09671593,0.106373773,1203.30413,3008656476
3,9092,1936,128,1.60474026,0.10644452,1202.50437,3008656476
3,9093,1937,128,1.44955707,0.106321285,1203.89817,3008656476
3,9094,1938,128,1.54730403,0.118937134,1076.19879,3008656476
3,9095,1939,128,1.27684402,0.097138565,1317.70528,3008656476
3,9096,1940,128,1.40169024,0.10654632,1201.35543,3008656476
3,9097,1941,128,1.17651379,0.1065305,1201.53383,3008656476
3,9098,1942,128,1.47017372,0.106526642,1201.57735,3008656476
3,9099,1943,128,1.42618942,0.106483683,1202.0621,3008656476
3,9100,1944,128,1.28765798,0.106539042,1201.4375,3008656476
3,9101,1945,128,1.34758008,0.10645736,1202.35933,3008656476
3,9102,1946,128,1.05385172,0.106461153,1202.31649,3008656476
3,9103,1947,128,1.15848696,0.106387984,1203.14339,3008656476
3,9104,1948,128,1.42960227,0.114882904,1114.17796,3008656476
3,9105,1949,128,1.2996099,0.106416662,1202.81916,3008656476
3,9106,1950,128,1.67918849,0.106488837,1202.00392,3008656476
3,9107,1951,128,1.77522683,0.10627584,1204.41297,3008656476
3,9108,1952,128,1.29590285,0.106378776,1203.24754,3008656476
3,9109,1953,128,1.37347162,0.1062833,1204.32843,3008656476
3,9110,1954,128,1.41910946,0.106383228,1203.19718,3008656476
3,9111,1955,128,1.28228772,0.106226453,1204.97293,3008656476
3,9112,1956,128,1.77284014,0.106341547,1203.66878,3008656476
3,9113,1957,128,1.24433517,0.120265375,1064.31298,3008656476
3,9114,1958,128,1.36336422,0.106452187,1202.41776,3008656476
3,9115,1959,128,0.992942631,0.106393649,1203.07933,3008656476
3,9116,1960,128,1.49201298,0.106378079,1203.25542,3008656476
3,9117,1961,128,1.44233239,0.106269953,1204.47969,3008656476
3,9118,1962,128,1.24942303,0.106401271,1202.99315,3008656476
3,9119,1963,128,1.30247903,0.106325826,1203.84675,3008656476
3,9120,1964,128,1.14703989,0.106501181,1201.86461,3008656476
3,9121,1965,128,1.17040944,0.106386226,1203.16327,3008656476
3,9122,1966,128,1.71210408,0.106541396,1201.41095,3008656476
3,9123,1967,128,1.5785439,0.118996828,1075.65892,3008656476
3,9124,1968,128,1.66350865,0.106441207,1202.54179,3008656476
3,9125,1969,128,1.26626372,0.106307325,1204.05626,3008656476
3,9126,1970,128,1.45138586,0.106336567,1203.72515,3008656476
3,9127,1971,128,1.42136443,0.106421191,1202.76797,3008656476
3,9128,1972,128,1.55612636,0.106459905,1202.33059,3008656476
3,9129,1973,128,1.65162289,0.106283513,1204.32602,3008656476
3,9130,1974,128,0.838539958,0.106515296,1201.70534,3008656476
3,9131,1975,128,1.13591969,0.106219308,1205.05398,3008656476
3,9132,1976,128,1.56854534,0.106448117,1202.46373,3008656476
3,9133,1977,128,1.35485721,0.118808565,1077.3634,3008656476
3,9134,1978,128,1.31297767,0.106260586,1204.58587,3008656476
3,9135,1979,128,1.30682111,0.10625018,1204.70384,3008656476
3,9136,1980,128,1.69486725,0.106250834,1204.69643,3008656476
3,9137,1981,128,1.60627055,0.10619682,1205.30916,3008656476
3,9138,1982,128,1.46490395,0.106264698,1204.53925,3008656476
3,9139,1983,128,1.41731715,0.106362887,1203.42728,3008656476
3,9140,1984,128,1.32348907,0.106217756,1205.07159,3008656476
3,9141,1985,128,1.14948952,0.106291598,1204.23441,3008656476
3,9142,1986,128,1.25405598,0.106194109,1205.33993,3008656476
3,9143,1987,128,1.54967809,0.120426463,1062.88931,3008656476
3,9144,1988,128,1.76285493,0.106202342,1205.24649,3008656476
3,9145,1989,128,1.48749804,0.106311727,1204.0064,3008656476
3,9146,1990,128,1.2360661,0.106220271,1205.04306,3008656476
3,9147,1991,128,1.12991512,0.106271134,1204.4663,3008656476
3,9148,1992,128,1.09116709,0.106287125,1204.28509,3008656476
3,9149,1993,128,1.15525401,0.106257128,1204.62507,3008656476
3,9150,1994,128,1.41989648,0.106187378,1205.41633,3008656476
3,9151,1995,128,1.3367691,0.106177903,1205.5239,3008656476
3,9152,1996,128,1.39850736,0.106268857,1204.49211,3008656476
3,9153,1997,128,1.7287997,0.112028618,1142.5652,3008656476
3,9154,1998,128,1.54982865,0.106238383,1204.83762,3008656476
3,9155,1999,128,1.51693714,0.106355692,1203.50869,3008656476
3,9156,2000,128,1.30426335,0.10618666,1205.42449,3008656476
3,9157,2001,128,1.19714236,0.106306922,1204.06082,3008656476
3,9158,2002,128,1.62129176,0.106381914,1203.21204,3008656476
3,9159,2003,128,1.51346767,0.10682973,1198.16834,3008656476
3,9160,2004,128,1.14567947,0.106307904,1204.0497,3008656476
3,9161,2005,128,1.15134513,0.106450412,1202.43781,3008656476
3,9162,2006,128,1.20914793,0.11925292,1073.34898,3008656476
3,9163,2007,128,1.13970602,0.106773438,1198.80002,3008656476
3,9164,2008,128,1.29293275,0.106274151,1204.43211,3008656476
3,9165,2009,128,1.10681152,0.106344289,1203.63774,3008656476
3,9166,2010,128,1.29229236,0.106295632,1204.18871,3008656476
3,9167,2011,128,1.70652854,0.106265238,1204.53313,3008656476
3,9168,2012,128,1.5910821,0.106366489,1203.38653,3008656476
3,9169,2013,128,1.17667317,0.106192866,1205.35404,3008656476
3,9170,2014,128,1.61449325,0.106301885,1204.11788,3008656476
3,9171,2015,128,1.27075195,0.106371863,1203.32573,3008656476
3,9172,2016,128,1.3973273,0.118434246,1080.76848,3008656476
3,9173,2017,128,1.69162154,0.106206228,1205.20239,3008656476
3,9174,2018,128,1.37358427,0.106264324,1204.54349,3008656476
3,9175,2019,128,1.43977308,0.106379421,1203.24024,3008656476
3,9176,2020,128,1.32342625,0.106276708,1204.40313,3008656476
3,9177,2021,128,1.69921434,0.106324002,1203.8674,3008656476
3,9178,2022,128,1.62270427,0.10629624,1204.18182,3008656476
3,9179,2023,128,1.60250914,0.106330019,1203.79928,3008656476
3,9180,2024,128,1.64286673,0.106379977,1203.23395,3008656476
3,9181,2025,128,1.53606403,0.106358173,1203.48062,3008656476
3,9182,2026,128,1.00243008,0.118538267,1079.82007,3008656476
3,9183,2027,128,1.4329102,0.106256555,1204.63156,3008656476
3,9184,2028,128,1.30515313,0.10630303,1204.10491,3008656476
3,9185,2029,128,1.57278931,0.106264696,1204.53928,3008656476
3,9186,2030,128,1.37627637,0.106261951,1204.57039,3008656476
3,9187,2031,128,1.29534245,0.106320909,1203.90242,3008656476
3,9188,2032,128,1.34719312,0.106215439,1205.09788,3008656476
3,9189,2033,128,1.28318822,0.106340698,1203.67839,3008656476
3,9190,2034,128,1.43114078,0.106247072,1204.73908,3008656476
3,9191,2035,128,1.37284017,0.10622242,1205.01868,3008656476
3,9192,2036,128,1.38652766,0.121269399,1055.50123,3008656476
3,9193,2037,128,1.27927268,0.106280381,1204.36151,3008656476
3,9194,2038,128,1.56721985,0.106302593,1204.10986,3008656476
3,9195,2039,128,1.5255034,0.106380671,1203.2261,3008656476
3,9196,2040,128,1.37422299,0.1064697,1202.21997,3008656476
3,9197,2041,128,1.55383813,0.106239489,1204.82507,3008656476
3,9198,2042,128,1.62336838,0.106326702,1203.83683,3008656476
3,9199,2043,128,1.3818574,0.106327753,1203.82493,3008656476
3,9200,2044,128,1.38136172,0.106474452,1202.16632,3008656476
3,9201,2045,128,1.40524864,0.10638878,1203.13439,3008656476
3,9202,2046,128,1.33945942,0.111132409,1151.77923,3008656476
3,9203,2047,128,1.5232563,0.106342719,1203.65551,3008656476
3,9204,2048,128,1.63895583,0.106244097,1204.77282,3008656476
3,9205,2049,128,1.47801268,0.106309523,1204.03136,3008656476
3,9206,2050,128,1.70024347,0.106243649,1204.7779,3008656476
3,9207,2051,128,1.37217367,0.106238112,1204.84069,3008656476
3,9208,2052,128,1.2358036,0.106193011,1205.35239,3008656476
3,9209,2053,128,1.42045939,0.106245581,1204.75599,3008656476
3,9210,2054,128,1.40294719,0.106256242,1204.63511,3008656476
3,9211,2055,128,1.40493619,0.115783115,1105.51526,3008656476
3,9212,2056,128,1.36926222,0.104982808,1219.24725,3008656476
3,9213,2057,128,1.45467913,0.106348088,1203.59475,3008656476
3,9214,2058,128,1.42546463,0.106381791,1203.21343,3008656476
3,9215,2059,128,1.49278128,0.106499655,1201.88183,3008656476
3,9216,2060,128,1.12967753,0.106314199,1203.97841,3008656476
3,9217,2061,128,1.38848972,0.106490627,1201.98372,3008656476
3,9218,2062,128,1.63230419,0.106406512,1202.9339,3008656476
3,9219,2063,128,1.13023889,0.106354901,1203.51765,3008656476
3,9220,2064,128,1.39614403,0.106332935,1203.76626,3008656476
3,9221,2065,128,1.34091294,0.118193228,1082.97237,3008656476
3,9222,2066,128,1.31433725,0.106352497,1203.54485,3008656476
3,9223,2067,128,1.33435178,0.106471471,1202.19998,3008656476
3,9224,2068,128,1.1748997,0.106299911,1204.14024,3008656476
3,9225,2069,128,1.27412927,0.106465877,1202.26314,3008656476
3,9226,2070,128,0.943998516,0.106209,1205.17094,3008656476
3,9227,2071,128,1.43088543,0.106379583,1203.23841,3008656476
3,9228,2072,128,1.32294846,0.106221297,1205.03142,3008656476
3,9229,2073,128,1.33344507,0.106345627,1203.6226,3008656476
3,9230,2074,128,1.05856967,0.106327449,1203.82837,3008656476
3,9231,2075,128,1.31400847,0.120171353,1065.1457,3008656476
3,9232,2076,128,1.33325791,0.106256135,1204.63633,3008656476
3,9233,2077,128,1.31183481,0.106591247,1200.84907,3008656476
3,9234,2078,128,1.26023173,0.10628061,1204.35891,3008656476
3,9235,2079,128,1.39867222,0.106236127,1204.8632,3008656476
3,9236,2080,128,1.47291458,0.10622861,1204.94846,3008656476
3,9237,2081,128,1.21165371,0.106275846,1204.4129,3008656476
3,9238,2082,128,1.35181701,0.106317528,1203.94071,3008656476
3,9239,2083,128,1.34876084,0.1062751,1204.42136,3008656476
3,9240,2084,128,1.23210955,0.106275722,1204.41431,3008656476
3,9241,2085,128,1.18655837,0.120525263,1062.01801,3008656476
3,9242,2086,128,1.17958975,0.106328633,1203.81497,3008656476
3,9243,2087,128,1.13783574,0.106296537,1204.17846,3008656476
3,9244,2088,128,1.25565863,0.106303597,1204.09848,3008656476
3,9245,2089,128,1.00827479,0.106261224,1204.57863,3008656476
3,9246,2090,128,1.39281023,0.106281444,1204.34946,3008656476
3,9247,2091,128,1.21814549,0.106199961,1205.27351,3008656476
3,9248,2092,128,1.19276583,0.106263834,1204.54905,3008656476
3,9249,2093,128,1.12888253,0.106274578,1204.42727,3008656476
3,9250,2094,128,1.62378526,0.180713092,708.305074,3008656476
3,9251,2095,128,1.12457132,0.106649052,1200.1982,3008656476
3,9252,2096,128,1.47017765,0.106348897,1203.58559,3008656476
3,9253,2097,128,1.21858621,0.106355066,1203.51578,3008656476
3,9254,2098,128,1.42098653,0.106338711,1203.70088,3008656476
3,9255,2099,128,1.31433594,0.106131043,1206.05618,3008656476
3,9256,2100,128,1.30650115,0.106265736,1204.52749,3008656476
3,9257,2101,128,1.52115762,0.106214123,1205.11281,3008656476
3,9258,2102,128,1.38324118,0.106226668,1204.97049,3008656476
3,9259,2103,128,0.82181704,0.106329315,1203.80725,3008656476
3,9260,2104,128,1.28888428,0.120686826,1060.59629,3008656476
3,9261,2105,128,1.2728169,0.106106363,1206.3367,3008656476
3,9262,2106,128,1.03089297,0.106249776,1204.70842,3008656476
3,9263,2107,128,1.34366798,0.106186482,1205.42651,3008656476
3,9264,2108,128,1.4421885,0.106205213,1205.21391,3008656476
3,9265,2109,128,1.17061651,0.106177107,1205.53294,3008656476
3,9266,2110,128,1.31618392,0.106221515,1205.02894,3008656476
3,9267,2111,128,1.17848456,0.10621763,1205.07302,3008656476
3,9268,2112,128,1.36484158,0.106282824,1204.33383,3008656476
3,9269,2113,128,1.11693931,0.106207095,1205.19255,3008656476
3,9270,2114,128,1.04208517,0.119048107,1075.19559,3008656476
3,9271,2115,128,1.31586719,0.10614861,1205.85658,3008656476
3,9272,2116,128,1.07064521,0.106107126,1206.32803,3008656476
3,9273,2117,128,1.21976388,0.106152647,1205.81072,3008656476
3,9274,2118,128,1.29794633,0.106203606,1205.23215,3008656476
3,9275,2119,128,1.2075181,0.106140175,1205.95241,3008656476
3,9276,2120,128,1.06534648,0.10614734,1205.87101,3008656476
3,9277,2121,128,1.13573253,0.106275609,1204.41559,3008656476
3,9278,2122,128,1.22373486,0.106290711,1204.24446,3008656476
3,9279,2123,128,1.07008767,0.106205965,1205.20538,3008656476
3,9280,2124,128,1.06515157,0.116087343,1102.61805,3008656476
3,9281,2125,128,0.840200782,0.106972809,1196.56576,3008656476
3,9282,2126,128,1.01367629,0.106196161,1205.31664,3008656476
3,9283,2127,128,1.47381568,0.106341032,1203.67461,3008656476
3,9284,2128,128,1.34362972,0.106256259,1204.63492,3008656476
3,9285,2129,128,1.0899967,0.10636326,1203.42306,3008656476
3,9286,2130,128,1.72751653,0.106302201,1204.1143,3008656476
3,9287,2131,128,1.17024183,0.10635886,1203.47285,3008656476
3,9288,2132,128,1.11334968,0.106309632,1204.03013,3008656476
3,9289,2133,128,1.35917735,0.117592868,1088.50139,3008656476
3,9290,2134,128,1.4430387,0.105165665,1217.12728,3008656476
3,9291,2135,128,1.12191772,0.106221331,1205.03103,3008656476
3,9292,2136,128,1.19660544,0.106471431,1202.20043,3008656476
3,9293,2137,128,1.26254427,0.106516368,1201.69325,3008656476
3,9294,2138,128,1.20746577,0.106614829,1200.58346,3008656476
3,9295,2139,128,1.27198458,0.106454033,1202.39691,3008656476
3,9296,2140,128,1.26164579,0.106456286,1202.37146,3008656476
3,9297,2141,128,1.15094531,0.10654528,1201.36716,3008656476
3,9298,2142,128,1.30460811,0.106391527,1203.10333,3008656476
3,9299,2143,128,1.43813133,0.120660488,1060.8278,3008656476
3,9300,2144,128,1.13512087,0.10635441,1203.5232,3008656476
3,9301,2145,128,1.4255985,0.106267062,1204.51246,3008656476
3,9302,2146,128,1.28437364,0.106265663,1204.52832,3008656476
3,9303,2147,128,1.39239657,0.106363068,1203.42523,3008656476
3,9304,2148,128,0.889710546,0.106316599,1203.95123,3008656476
3,9305,2149,128,1.15322495,0.106304395,1204.08945,3008656476
3,9306,2150,128,0.929671645,0.10634573,1203.62143,3008656476
3,9307,2151,128,1.29459524,0.106220374,1205.04189,3008656476
3,9308,2152,128,1.28292203,0.106297336,1204.16941,3008656476
3,9309,2153,128,1.01279306,0.119496169,1071.16405,3008656476
3,9310,2154,128,1.18246341,0.10628325,1204.329,3008656476
3,9311,2155,128,1.5198921,0.106248951,1204.71778,3008656476
3,9312,2156,128,1.44737232,0.106344697,1203.63313,3008656476
3,9313,2157,128,1.22802293,0.106274506,1204.42809,3008656476
3,9314,2158,128,0.81359911,0.106364871,1203.40483,3008656476
3,9315,2159,128,0.998619199,0.106255868,1204.63935,3008656476
3,9316,2160,128,1.17078722,0.106259663,1204.59633,3008656476
3,9317,2161,128,1.37740803,0.106243377,1204.78098,3008656476
3,9318,2162,128,0.944876254,0.10624739,1204.73548,3008656476
3,9319,2163,128,1.16481411,0.118130907,1083.5437,3008656476
3,9320,2164,128,1.19819438,0.106229111,1204.94278,3008656476
3,9321,2165,128,1.22404528,0.106314286,1203.97742,3008656476
3,9322,2166,128,1.27258611,0.106369602,1203.35131,3008656476
3,9323,2167,128,1.37549889,0.106145166,1205.89571,3008656476
3,9324,2168,128,1.37197125,0.106501333,1201.86289,3008656476
3,9325,2169,128,1.37424326,0.106305293,1204.07927,3008656476
3,9326,2170,128,1.01658762,0.106351389,1203.55739,3008656476
3,9327,2171,128,1.46378398,0.106415905,1202.82772,3008656476
3,9328,2172,128,1.18619883,0.106346415,1203.61368,3008656476
3,9329,2173,128,1.3075496,0.113644718,1126.31719,3008656476
3,9330,2174,128,1.32308292,0.106330413,1203.79482,3008656476
3,9331,2175,128,1.32910144,0.106382459,1203.20588,3008656476
3,9332,2176,128,0.833301187,0.106255142,1204.64758,3008656476
3,9333,2177,128,1.24645829,0.106336698,1203.72367,3008656476
3,9334,2178,128,1.21891356,0.106265207,1204.53348,3008656476
3,9335,2179,128,1.55614698,0.106278054,1204.38788,3008656476
3,9336,2180,128,1.34848034,0.106246416,1204.74652,3008656476
3,9337,2181,128,1.01608765,0.106300149,1204.13754,3008656476
3,9338,2182,128,1.13297296,0.118222415,1082.705,3008656476
3,9339,2183,128,1.36441827,0.103895882,1232.00263,3008656476
3,9340,2184,128,1.16819429,0.106322705,1203.88209,3008656476
3,9341,2185,128,1.34994853,0.106377296,1203.26428,3008656476
3,9342,2186,128,1.32875323,0.106302613,1204.10963,3008656476
3,9343,2187,128,1.28143954,0.106364629,1203.40757,3008656476
3,9344,2188,128,1.20893502,0.106369354,1203.35412,3008656476
3,9345,2189,128,1.38674891,0.106317565,1203.94029,3008656476
3,9346,2190,128,0.940128207,0.106313887,1203.98194,3008656476
3,9347,2191,128,1.26799929,0.106267748,1204.50468,3008656476
3,9348,2192,128,1.04780161,0.121011248,1057.75291,3008656476
3,9349,2193,128,0.896296501,0.106365744,1203.39496,3008656476
3,9350,2194,128,1.29736626,0.106254722,1204.65234,3008656476
3,9351,2195,128,1.03149748,0.106187792,1205.41164,3008656476
3,9352,2196,128,1.21004128,0.10634479,1203.63207,3008656476
3,9353,2197,128,1.65595567,0.10645496,1202.38644,3008656476
3,9354,2198,128,1.60080922,0.106314114,1203.97937,3008656476
3,9355,2199,128,1.14223063,0.106264489,1204.54162,3008656476
3,9356,2200,128,1.47333205,0.106296111,1204.18328,3008656476
3,9357,2201,128,1.53139877,0.106337281,1203.71707,3008656476
3,9358,2202,128,1.28733456,0.118298159,1082.01177,3008656476
3,9359,2203,128,1.37421894,0.106337727,1203.71202,3008656476
3,9360,2204,128,1.27462316,0.106259969,1204.59286,3008656476
3,9361,2205,128,1.24342895,0.106350824,1203.56378,3008656476
3,9362,2206,128,1.39291763,0.106462301,1202.30353,3008656476
3,9363,2207,128,1.27191055,0.106248609,1204.72165,3008656476
3,9364,2208,128,1.22462702,0.106295027,1204.19556,3008656476
3,9365,2209,128,1.52048612,0.106401495,1202.99062,3008656476
3,9366,2210,128,1.33291924,0.106451311,1202.42765,3008656476
3,9367,2211,128,1.28862643,0.106290623,1204.24546,3008656476
3,9368,2212,128,1.14803159,0.119227758,1073.5755,3008656476
3,9369,2213,128,1.19985998,0.106407327,1202.92468,3008656476
3,9370,2214,128,1.06650519,0.10625746,1204.6213,3008656476
3,9371,2215,128,1.33439076,0.106215252,1205.1,3008656476
3,9372,2216,128,0.952660561,0.106338155,1203.70717,3008656476
3,9373,2217,128,1.52628028,0.106193175,1205.35053,3008656476
3,9374,2218,128,1.32184362,0.10630028,1204.13606,3008656476
3,9375,2219,128,1.64553547,0.106350322,1203.56946,3008656476
3,9376,2220,128,1.08218813,0.106237971,1204.84229,3008656476
3,9377,2221,128,0.91915822,0.106352916,1203.54011,3008656476
3,9378,2222,128,1.15963626,0.115801598,1105.33881,3008656476
3,9379,2223,128,1.38091922,0.106328872,1203.81226,3008656476
3,9380,2224,128,1.18817639,0.106316469,1203.9527,3008656476
3,9381,2225,128,1.23989713,0.106330755,1203.79094,3008656476
3,9382,2226,128,1.59006691,0.106255715,1204.64109,3008656476
3,9383,2227,128,1.25489688,0.106290117,1204.25119,3008656476
3,9384,2228,128,1.41462719,0.106451563,1202.42481,3008656476
3,9385,2229,128,1.30846381,0.106303242,1204.10251,3008656476
3,9386,2230,128,1.50830138,0.106328076,1203.82127,3008656476
3,9387,2231,128,0.97958076,0.118721204,1078.15618,3008656476
3,9388,2232,128,1.40369701,0.104597748,1223.73572,3008656476
3,9389,2233,128,0.917300999,0.106321107,1203.90018,3008656476
3,9390,2234,128,1.26129282,0.106315984,1203.95819,3008656476
3,9391,2235,128,1.04164302,0.106446942,1202.477,3008656476
3,9392,2236,128,1.38435614,0.106362377,1203.43305,3008656476
3,9393,2237,128,1.48788047,0.106289974,1204.25281,3008656476
3,9394,2238,128,1.02079082,0.106396365,1203.04862,3008656476
3,9395,2239,128,1.29399514,0.10626482,1204.53787,3008656476
3,9396,2240,128,1.33024418,0.106350766,1203.56444,3008656476
3,9397,2241,128,1.3296876,0.119986399,1066.78758,3008656476
3,9398,2242,128,1.68591213,0.106488632,1202.00624,3008656476
3,9399,2243,128,1.50816429,0.106329743,1203.8024,3008656476
3,9400,2244,128,1.39217424,0.106348879,1203.58579,3008656476
3,9401,2245,128,1.35346949,0.10629175,1204.23269,3008656476
3,9402,2246,128,1.14933038,0.106250647,1204.69855,3008656476
3,9403,2247,128,1.14028311,0.106538353,1201.44527,3008656476
3,9404,2248,128,0.991655409,0.106526417,1201.57989,3008656476
3,9405,2249,128,1.08756089,0.106262499,1204.56418,3008656476
3,9406,2250,128,1.61731565,0.10629272,1204.2217,3008656476
3,9407,2251,128,1.08860505,0.118410415,1080.98599,3008656476
3,9408,2252,128,0.901474297,0.106403369,1202.96943,3008656476
3,9409,2253,128,1.05845737,0.106297668,1204.16565,3008656476
3,9410,2254,128,1.55517972,0.106398699,1203.02223,3008656476
3,9411,2255,128,1.13364053,0.106242562,1204.79022,3008656476
3,9412,2256,128,1.42120349,0.10646384,1202.28615,3008656476
3,9413,2257,128,1.23047471,0.106410856,1202.88479,3008656476
3,9414,2258,128,1.50323248,0.106316026,1203.95772,3008656476
3,9415,2259,128,1.27103853,0.10633999,1203.6864,3008656476
3,9416,2260,128,1.3446871,0.10628517,1204.30724,3008656476
3,9417,2261,128,0.996291876,0.11860768,1079.18813,3008656476
3,9418,2262,128,1.03110385,0.10639005,1203.12003,3008656476
3,9419,2263,128,1.31620383,0.106322279,1203.88691,3008656476
3,9420,2264,128,1.03335416,0.106432089,1202.64482,3008656476
3,9421,2265,128,1.32634914,0.10634994,1203.57379,3008656476
3,9422,2266,128,1.20412731,0.10626023,1204.5899,3008656476
3,9423,2267,128,1.12994909,0.106260267,1204.58948,3008656476
3,9424,2268,128,1.37869525,0.10631088,1204.016,3008656476
3,9425,2269,128,1.00723231,0.106348326,1203.59205,3008656476
3,9426,2270,128,1.0715071,0.106175953,1205.54604,3008656476
3,9427,2271,128,1.24037337,0.115168216,1111.41775,3008656476
3,9428,2272,128,1.18701577,0.106327008,1203.83337,3008656476
3,9429,2273,128,1.22378862,0.106236223,1204.86211,3008656476
3,9430,2274,128,1.06656718,0.106243934,1204.77467,3008656476
3,9431,2275,128,1.58848667,0.106275573,1204.416,3008656476
3,9432,2276,128,1.34547675,0.106265958,1204.52497,3008656476
3,9433,2277,128,0.992046952,0.106260019,1204.59229,3008656476
3,9434,2278,128,1.02126026,0.106366848,1203.38247,3008656476
3,9435,2279,128,1.17984664,0.106179262,1205.50847,3008656476
3,9436,2280,128,1.07993698,0.120273417,1064.24182,3008656476
3,9437,2281,128,1.27613151,0.104426578,1225.74159,3008656476
3,9438,2282,128,1.46009278,0.106266135,1204.52296,3008656476
3,9439,2283,128,1.13830626,0.106252592,1204.67649,3008656476
3,9440,2284,128,1.06497109,0.106248585,1204.72193,3008656476
3,9441,2285,128,1.11309361,0.106315304,1203.96589,3008656476
3,9442,2286,128,1.08291161,0.106181042,1205.48826,3008656476
3,9443,2287,128,1.14459503,0.106189955,1205.38708,3008656476
3,9444,2288,128,1.12499225,0.106350076,1203.57225,3008656476
3,9445,2289,128,0.971331,0.106211034,1205.14786,3008656476
3,9446,2290,128,1.13766229,0.119678758,1069.52982,3008656476
3,9447,2291,128,1.6363405,0.106393923,1203.07623,3008656476
3,9448,2292,128,1.0074228,0.10631591,1203.95903,3008656476
3,9449,2293,128,1.54119706,0.106402768,1202.97622,3008656476
3,9450,2294,128,1.18903828,0.106371662,1203.32801,3008656476
3,9451,2295,128,1.56799829,0.106356723,1203.49703,3008656476
3,9452,2296,128,1.74202836,0.10647341,1202.17808,3008656476
3,9453,2297,128,1.24768651,0.106411412,1202.8785,3008656476
3,9454,2298,128,1.16231894,0.106296304,1204.1811,3008656476
3,9455,2299,128,1.45001936,0.106465836,1202.26361,3008656476
3,9456,2300,128,1.35153782,0.118563319,1079.59191,3008656476
3,9457,2301,128,1.25873613,0.106278303,1204.38506,3008656476
3,9458,2302,128,1.47059774,0.106225086,1204.98843,3008656476
3,9459,2303,128,1.27854598,0.106330497,1203.79387,3008656476
3,9460,2304,128,1.22959363,0.10631463,1203.97353,3008656476
3,9461,2305,128,1.22047162,0.106360595,1203.45321,3008656476
3,9462,2306,128,1.71964061,0.106395734,1203.05575,3008656476
3,9463,2307,128,1.4320631,0.106470857,1202.20691,3008656476
3,9464,2308,128,1.38929987,0.106328736,1203.8138,3008656476
3,9465,2309,128,1.42901063,0.106314284,1203.97744,3008656476
3,9466,2310,128,1.22037446,0.119045612,1075.21813,3008656476
3,9467,2311,128,1.17250347,0.10618012,1205.49873,3008656476
3,9468,2312,128,1.4017781,0.106202459,1205.24516,3008656476
3,9469,2313,128,1.62861276,0.106265267,1204.5328,3008656476
3,9470,2314,128,1.72475755,0.106139888,1205.95567,3008656476
3,9471,2315,128,1.38040745,0.106278656,1204.38106,3008656476
3,9472,2316,128,1.80693114,0.106150334,1205.837,3008656476
3,9473,2317,128,1.58056283,0.106118447,1206.19933,3008656476
3,9474,2318,128,1.96741116,0.106206522,1205.19906,3008656476
3,9475,2319,128,1.6207087,0.106210073,1205.15876,3008656476
3,9476,2320,128,1.60004175,0.115261747,1110.51588,3008656476
3,9477,2321,128,1.52746546,0.106335138,1203.74133,3008656476
3,9478,2322,128,1.60847509,0.106198194,1205.29357,3008656476
3,9479,2323,128,1.84134591,0.106214678,1205.10651,3008656476
3,9480,2324,128,1.51760852,0.106368674,1203.36181,3008656476
3,9481,2325,128,1.75526822,0.106391727,1203.10106,3008656476
3,9482,2326,128,1.74267983,0.106417748,1202.80689,3008656476
3,9483,2327,128,1.75600529,0.106379634,1203.23783,3008656476
3,9484,2328,128,1.63352466,0.1064718,1202.19626,3008656476
3,9485,2329,128,1.44822764,0.118181768,1083.07738,3008656476
3,9486,2330,128,1.4622885,0.105212693,1216.58325,3008656476
3,9487,2331,128,1.54189873,0.106197629,1205.29998,3008656476
3,9488,2332,128,1.17150903,0.106260519,1204.58663,3008656476
3,9489,2333,128,1.36445105,0.106261845,1204.57159,3008656476
3,9490,2334,128,1.24845099,0.106319569,1203.9176,3008656476
3,9491,2335,128,1.3924309,0.106289456,1204.25868,3008656476
3,9492,2336,128,1.8022306,0.106222366,1205.01929,3008656476
3,9493,2337,128,1.70036328,0.106183527,1205.46005,3008656476
3,9494,2338,128,1.49781454,0.106278516,1204.38264,3008656476
3,9495,2339,128,1.34991646,0.118612308,1079.14602,3008656476
3,9496,2340,128,1.43223941,0.106362373,1203.4331,3008656476
3,9497,2341,128,1.65040648,0.106331903,1203.77795,3008656476
3,9498,2342,128,1.46624601,0.106230125,1204.93128,3008656476
3,9499,2343,128,1.36737621,0.106296665,1204.17701,3008656476
3,9500,2344,128,1.297791,0.1062577,1204.61858,3008656476
3,9501,2345,128,1.80708981,0.107154789,1194.53364,3008656476
3,9502,2346,128,1.64458477,0.106337494,1203.71466,3008656476
3,9503,2347,128,1.62676287,0.106307156,1204.05817,3008656476
3,9504,2348,128,1.42652452,0.106308441,1204.04362,3008656476
3,9505,2349,128,1.57402468,0.118768598,1077.72595,3008656476
3,9506,2350,128,1.47117698,0.106345042,1203.62922,3008656476
3,9507,2351,128,1.55067003,0.106273441,1204.44016,3008656476
3,9508,2352,128,1.46839166,0.10628814,1204.27359,3008656476
3,9509,2353,128,1.29745615,0.10626334,1204.55465,3008656476
3,9510,2354,128,1.66336632,0.101460491,1261.57481,3008656476
3,9511,2355,128,1.36311674,0.106333292,1203.76222,3008656476
3,9512,2356,128,1.69083977,0.10651595,1201.69796,3008656476
3,9513,2357,128,1.37450862,0.106383327,1203.19606,3008656476
3,9514,2358,128,1.51305878,0.106451664,1202.42367,3008656476
3,9515,2359,128,1.31028891,0.119364244,1072.34793,3008656476
3,9516,2360,128,1.55646086,0.106348551,1203.58951,3008656476
3,9517,2361,128,1.35996485,0.106302924,1204.10611,3008656476
3,9518,2362,128,1.34476411,0.106352677,1203.54281,3008656476
3,9519,2363,128,1.23771405,0.106292221,1204.22735,3008656476
3,9520,2364,128,0.911227465,0.106297229,1204.17062,3008656476
3,9521,2365,128,1.0421263,0.10629965,1204.14319,3008656476
3,9522,2366,128,1.02942932,0.106386704,1203.15787,3008656476
3,9523,2367,128,1.14807177,0.106296158,1204.18275,3008656476
3,9524,2368,128,1.05310583,0.106282857,1204.33345,3008656476
3,9525,2369,128,1.32665992,0.11564073,1106.87644,3008656476
3,9526,2370,128,1.00722492,0.106358583,1203.47598,3008656476
3,9527,2371,128,1.00262487,0.106329254,1203.80794,3008656476
3,9528,2372,128,1.59683144,0.106292036,1204.22945,3008656476
3,9529,2373,128,1.52130556,0.106214017,1205.11401,3008656476
3,9530,2374,128,1.42669618,0.106348627,1203.58865,3008656476
3,9531,2375,128,1.13180864,0.10629822,1204.15939,3008656476
3,9532,2376,128,1.22447991,0.10630369,1204.09743,3008656476
3,9533,2377,128,1.32126486,0.10614239,1205.92725,3008656476
3,9534,2378,128,1.21985042,0.11921206,1073.71687,3008656476
3,9535,2379,128,1.13661575,0.104672646,1222.86008,3008656476
3,9536,2380,128,1.08999991,0.106345558,1203.62338,3008656476
3,9537,2381,128,1.25497031,0.106386956,1203.15502,3008656476
3,9538,2382,128,1.36796093,0.106214529,1205.1082,3008656476
3,9539,2383,128,1.75676858,0.10640404,1202.96184,3008656476
3,9540,2384,64,0.509018898,0.102862433,622.190222,3008656476
