epoch,global_step,batch_index,tokens,loss,compute_seconds,tokens_per_second,cuda_async_pool_peak_bytes
0,1,0,128,5.43915796,0.109352736,1170.52398,3008656476
0,2,1,128,4.76175833,0.122582017,1044.19884,3008656476
0,3,2,128,4.01450634,0.131414004,974.021003,3008656476
0,4,3,128,4.45687723,0.129957867,984.934602,3008656476
0,5,4,128,4.34562063,0.162852802,785.985862,3008656476
0,6,5,128,4.91529751,0.130235735,982.833168,3008656476
0,7,6,128,4.35404158,0.130302532,982.329338,3008656476
0,8,7,128,4.83548594,0.13124784,975.254145,3008656476
0,9,8,128,4.73530912,0.130656542,979.667746,3008656476
0,10,9,128,4.47452497,0.130472646,981.048549,3008656476
0,11,10,128,4.10514116,0.13220567,968.188429,3008656476
0,12,11,128,4.3549428,0.131962753,969.97067,3008656476
0,13,12,128,3.9146843,0.156727978,816.701661,3008656476
0,14,13,128,3.57572889,0.132534545,965.785939,3008656476
0,15,14,128,3.5027194,0.132899242,963.135666,3008656476
0,16,15,128,3.81042981,0.135030385,947.934793,3008656476
0,17,16,128,4.26758957,0.137253447,932.581314,3008656476
0,18,17,128,4.12068701,0.145143595,881.885281,3008656476
0,19,18,128,3.92891526,0.145419982,880.209159,3008656476
0,20,19,128,4.48937654,0.150501469,850.490037,3008656476
0,21,20,128,3.93550181,0.146649433,872.829832,3008656476
0,22,21,128,4.5752039,0.13407232,954.708623,3008656476
0,23,22,128,3.94279194,0.132046398,969.356241,3008656476
0,24,23,128,3.05836821,0.130696415,979.368868,3008656476
0,25,24,128,3.36289835,0.132559862,965.601488,3008656476
0,26,25,128,3.96740079,0.131432048,973.887282,3008656476
0,27,26,128,4.03314257,0.131132578,976.111367,3008656476
0,28,27,128,4.16472101,0.15294815,836.884918,3008656476
0,29,28,128,3.74521685,0.13043442,981.336061,3008656476
0,30,29,128,3.88957906,0.130234357,982.843567,3008656476
0,31,30,128,3.5978024,0.130544829,980.506091,3008656476
0,32,31,128,3.86698389,0.131972693,969.897614,3008656476
0,33,32,128,4.1606884,0.129336098,989.669566,3008656476
0,34,33,128,4.05943918,0.128253894,998.02038,3008656476
0,35,34,128,3.92738867,0.127825994,1001.36127,3008656476
0,36,35,128,3.92171931,0.156824761,816.197641,3008656476
0,37,36,128,3.9682889,0.129044538,991.905601,3008656476
0,38,37,128,3.6022284,0.127100947,1007.07354,3008656476
0,39,38,128,3.50168824,0.127797882,1001.58154,3008656476
0,40,39,128,3.10213542,0.126394763,1012.70019,3008656476
0,41,40,128,3.81049395,0.128120026,999.063175,3008656476
0,42,41,128,3.89310169,0.126800234,1009.46186,3008656476
0,43,42,128,4.09084415,0.127219262,1006.13695,3008656476
0,44,43,128,4.2136507,0.152475248,839.480517,3008656476
0,45,44,128,4.46868038,0.124524511,1027.91008,3008656476
0,46,45,128,4.28972721,0.127741541,1002.0233,3008656476
0,47,46,128,3.43626714,0.126448739,1012.2679,3008656476
0,48,47,128,3.87442303,0.126554575,1011.42136,3008656476
0,49,48,128,3.50032806,0.127375208,1004.90513,3008656476
0,50,49,128,3.71880412,0.127926974,1000.57084,3008656476
0,51,50,128,3.10434818,0.126469759,1012.09966,3008656476
0,52,51,128,4.26918936,0.142954276,895.391195,3008656476
0,53,52,128,3.0025177,0.132155128,968.558708,3008656476
0,54,53,128,4.02489758,0.126998856,1007.88309,3008656476
0,55,54,128,3.06549597,0.127076649,1007.26609,3008656476
0,56,55,128,3.49249363,0.127679749,1002.50824,3008656476
0,57,56,128,4.62538958,0.127395092,1004.74828,3008656476
0,58,57,128,3.79839206,0.126161766,1014.57045,3008656476
0,59,58,128,3.65042806,0.124317553,1029.6213,3008656476
0,60,59,128,3.74456525,0.14395432,889.170954,3008656476
0,61,60,128,3.40458369,0.140018243,914.166592,3008656476
0,62,61,128,4.57583952,0.126791762,1009.52931,3008656476
0,63,62,128,3.54980326,0.126087058,1015.1716,3008656476
0,64,63,128,4.7026186,0.126523799,1011.66738,3008656476
0,65,64,128,3.05901504,0.126227263,1014.04401,3008656476
0,66,65,128,3.97681952,0.126052615,1015.44899,3008656476
0,67,66,128,3.86700964,0.125298711,1021.55879,3008656476
0,68,67,128,4.77910709,0.14164095,903.693459,3008656476
0,69,68,128,4.89685392,0.139041786,920.586564,3008656476
0,70,69,128,3.99190426,0.125628198,1018.87954,3008656476
0,71,70,128,4.42439651,0.125980883,1016.02717,3008656476
0,72,71,128,4.30975103,0.126889414,1008.75239,3008656476
0,73,72,128,4.23992062,0.126720682,1010.09557,3008656476
0,74,73,128,3.82878804,0.12737609,1004.89817,3008656476
0,75,74,128,3.69858217,0.127857218,1001.11673,3008656476
0,76,75,128,3.62936115,0.142003005,901.389376,3008656476
0,77,76,128,4.70963955,0.144139627,888.027829,3008656476
0,78,77,128,4.41674662,0.127256085,1005.84581,3008656476
0,79,78,128,3.92009854,0.127594934,1003.17462,3008656476
0,80,79,128,3.85318851,0.127592725,1003.19199,3008656476
0,81,80,128,4.39176989,0.128765313,994.056528,3008656476
0,82,81,128,4.22622061,0.12895397,992.602244,3008656476
0,83,82,128,4.23839855,0.128992681,992.304362,3008656476
0,84,83,128,4.36341143,0.146837352,871.712805,3008656476
0,85,84,128,3.60295653,0.144291053,887.095889,3008656476
0,86,85,128,3.53210926,0.127992622,1000.05764,3008656476
0,87,86,128,3.59649801,0.128689508,994.642081,3008656476
0,88,87,128,3.41287422,0.130411039,981.512002,3008656476
0,89,88,128,3.44923782,0.129699683,986.895242,3008656476
0,90,89,128,4.09656,0.130278142,982.513245,3008656476
0,91,90,128,3.50965285,0.129875635,985.558223,3008656476
0,92,91,128,3.7399168,0.145803848,877.891782,3008656476
0,93,92,128,4.25962734,0.142252018,899.811488,3008656476
0,94,93,128,3.57823062,0.131996592,969.722006,3008656476
0,95,94,128,3.39931393,0.132325473,967.311864,3008656476
0,96,95,128,4.00829315,0.138291428,925.581591,3008656476
0,97,96,128,3.47342563,0.131577679,972.809377,3008656476
0,98,97,128,4.05721378,0.131496115,973.412789,3008656476
0,99,98,128,4.20768452,0.13072086,979.185724,3008656476
0,100,99,128,3.88224149,0.144825504,883.822231,3008656476
0,101,100,128,3.90572786,0.141054908,907.448041,3008656476
0,102,101,128,3.54824924,0.132239427,967.941278,3008656476
0,103,102,128,3.80340219,0.130864358,978.112008,3008656476
0,104,103,128,4.07581186,0.130270331,982.572156,3008656476
0,105,104,128,3.0855267,0.131344541,974.536125,3008656476
0,106,105,128,4.07911301,0.129664445,987.163443,3008656476
0,107,106,128,3.81872225,0.129899487,985.377256,3008656476
0,108,107,128,3.52293777,0.141594585,903.989372,3008656476
0,109,108,128,4.09467602,0.131105382,976.313848,3008656476
0,110,109,128,2.9379034,0.126163846,1014.55373,3008656476
0,111,110,128,3.62632227,0.127163223,1006.58034,3008656476
0,112,111,128,3.64199114,0.126946893,1008.29565,3008656476
0,113,112,128,4.30972052,0.125931323,1016.42703,3008656476
0,114,113,128,4.93235254,0.126618003,1010.9147,3008656476
0,115,114,128,4.61468697,0.126678973,1010.42815,3008656476
0,116,115,128,4.87855387,0.139206637,919.496389,3008656476
0,117,116,128,3.83959436,0.142588285,897.689456,3008656476
0,118,117,128,4.32557487,0.127135746,1006.79788,3008656476
0,119,118,128,4.0002017,0.127305307,1005.45691,3008656476
0,120,119,128,4.24121523,0.126028057,1015.64686,3008656476
0,121,120,128,4.32950306,0.126905925,1008.62115,3008656476
0,122,121,128,3.91631794,0.127516241,1003.7937,3008656476
0,123,122,128,3.22760201,0.127146419,1006.71337,3008656476
0,124,123,128,3.48621964,0.139688413,916.325107,3008656476
0,125,124,128,3.53973079,0.142041303,901.146338,3008656476
0,126,125,128,3.36730766,0.126339877,1013.14013,3008656476
0,127,126,128,3.33611488,0.127253559,1005.86578,3008656476
0,128,127,128,4.38917685,0.127623559,1002.94962,3008656476
0,129,128,128,4.36252594,0.126928797,1008.4394,3008656476
0,130,129,128,4.32256222,0.126475383,1012.05465,3008656476
0,131,130,128,4.41091967,0.126607116,1011.00162,3008656476
0,132,131,128,3.82262516,0.141167011,906.727422,3008656476
0,133,132,128,3.44471312,0.142167032,900.349386,3008656476
0,134,133,128,3.89277196,0.126863399,1008.95925,3008656476
0,135,134,128,4.41246986,0.126473696,1012.06815,3008656476
0,136,135,128,3.85553956,0.125919912,1016.51913,3008656476
0,137,136,128,3.43526816,0.125832577,1017.22466,3008656476
0,138,137,128,3.44118881,0.125992554,1015.93305,3008656476
0,139,138,128,2.79255104,0.126263928,1013.74955,3008656476
0,140,139,128,3.38710761,0.142584008,897.716383,3008656476
0,141,140,128,2.62172556,0.135956672,941.476414,3008656476
0,142,141,128,2.56689286,0.128838473,993.49206,3008656476
0,143,142,128,3.47187138,0.129841983,985.813656,3008656476
0,144,143,128,3.05380106,0.131314731,974.757356,3008656476
0,145,144,128,2.34381771,0.132404515,966.734405,3008656476
0,146,145,128,2.07316017,0.132797752,963.871738,3008656476
0,147,146,128,3.41967654,0.132803074,963.833111,3008656476
0,148,147,128,4.52840805,0.146388007,874.388569,3008656476
0,149,148,128,4.54792452,0.14449635,885.835525,3008656476
0,150,149,128,3.44210958,0.135890163,941.937203,3008656476
0,151,150,128,2.75891972,0.132379969,966.913657,3008656476
0,152,151,128,2.07564259,0.132573338,965.503335,3008656476
0,153,152,128,3.03360105,0.139105893,920.162311,3008656476
0,154,153,128,3.95268416,0.136092799,940.534701,3008656476
0,155,154,128,3.03787756,0.144073628,888.434627,3008656476
0,156,155,128,4.1483922,0.168642158,759.00357,3008656476
0,157,156,128,4.62038755,0.138884955,921.626104,3008656476
0,158,157,128,4.30969572,0.143954632,889.169027,3008656476
0,159,158,128,3.87543035,0.135296694,946.068941,3008656476
0,160,159,128,3.48770761,0.130170169,983.328216,3008656476
0,161,160,128,4.00656843,0.132217518,968.10167,3008656476
0,162,161,128,3.7550981,0.130538039,980.557093,3008656476
0,163,162,128,3.31066251,0.130705991,979.297116,3008656476
0,164,163,128,4.21993208,0.152138988,841.33595,3008656476
0,165,164,128,4.27653217,0.130106189,983.811769,3008656476
0,166,165,128,3.73581123,0.129651333,987.263278,3008656476
0,167,166,128,4.00252056,0.129299757,989.947723,3008656476
0,168,167,128,3.61983371,0.13024269,982.780684,3008656476
0,169,168,128,3.50664139,0.128578885,995.497822,3008656476
0,170,169,128,3.86123586,0.129178472,990.87718,3008656476
0,171,170,128,3.70452619,0.128248304,998.063881,3008656476
0,172,171,128,3.43430376,0.129519575,988.267604,3008656476
0,173,172,128,3.79769087,0.127156872,1006.63061,3008656476
0,174,173,128,3.5571928,0.127360451,1005.02157,3008656476
0,175,174,128,3.20889997,0.126412617,1012.55716,3008656476
0,176,175,128,3.85929084,0.127002667,1007.85285,3008656476
0,177,176,128,3.19424701,0.126106106,1015.01826,3008656476
0,178,177,128,4.2040863,0.126636363,1010.76813,3008656476
0,179,178,128,3.19959927,0.126712851,1010.158,3008656476
0,180,179,128,4.41043234,0.154220116,829.982517,3008656476
0,181,180,128,3.81987977,0.127495194,1003.95941,3008656476
0,182,181,128,3.7336874,0.126388192,1012.75284,3008656476
0,183,182,128,4.5116415,0.126855672,1009.02071,3008656476
0,184,183,128,2.84197211,0.12707013,1007.31777,3008656476
0,185,184,128,3.06259251,0.127657564,1002.68246,3008656476
0,186,185,128,3.91807103,0.126760115,1009.78135,3008656476
0,187,186,128,3.30521321,0.127581354,1003.2814,3008656476
0,188,187,128,3.06503344,0.155948881,820.781779,3008656476
0,189,188,128,3.88528275,0.126856951,1009.01054,3008656476
0,190,189,128,3.68015289,0.128067678,999.471545,3008656476
0,191,190,128,3.7486167,0.126895263,1008.7059,3008656476
0,192,191,128,3.09418106,0.12635826,1012.99274,3008656476
0,193,192,128,2.96666026,0.126861227,1008.97653,3008656476
0,194,193,128,3.72230506,0.126901198,1008.65872,3008656476
0,195,194,128,3.37898588,0.127605954,1003.08799,3008656476
0,196,195,128,4.35348415,0.151121441,847.000923,3008656476
0,197,196,128,3.76858139,0.12682231,1009.28614,3008656476
0,198,197,128,3.49477124,0.12605726,1015.41157,3008656476
0,199,198,128,3.57423353,0.126200143,1014.26193,3008656476
0,200,199,128,4.41445065,0.125171631,1022.59593,3008656476
0,201,200,128,4.1299324,0.125628753,1018.87503,3008656476
0,202,201,128,3.55454278,0.126566501,1011.32605,3008656476
0,203,202,128,4.59414291,0.125890358,1016.75777,3008656476
0,204,203,128,4.10906458,0.140414088,911.589441,3008656476
0,205,204,128,3.3987906,0.133907956,955.880471,3008656476
0,206,205,128,3.97178292,0.129863798,985.648056,3008656476
0,207,206,128,3.03848457,0.12999649,984.64197,3008656476
0,208,207,128,3.34317255,0.130529803,980.618963,3008656476
0,209,208,128,3.28923893,0.129957447,984.937785,3008656476
0,210,209,128,3.1905334,0.129929035,985.153165,3008656476
0,211,210,128,2.95476174,0.130341129,982.038448,3008656476
0,212,211,128,3.93343019,0.144881403,883.481229,3008656476
0,213,212,128,3.77844429,0.139245896,919.237146,3008656476
0,214,213,128,3.37035608,0.139187236,919.624555,3008656476
0,215,214,128,2.69189858,0.132426218,966.575969,3008656476
0,216,215,128,2.92867041,0.138879661,921.661236,3008656476
0,217,216,128,4.22849655,0.132889265,963.207976,3008656476
0,218,217,128,3.53103065,0.130513457,980.741779,3008656476
0,219,218,128,3.25322104,0.133154402,961.290037,3008656476
0,220,219,128,3.97011948,0.1632191,784.221945,3008656476
0,221,220,128,3.09145617,0.130617172,979.963033,3008656476
0,222,221,128,2.95963216,0.131155204,975.942975,3008656476
0,223,222,128,3.45651746,0.13031013,982.272061,3008656476
0,224,223,128,3.02426124,0.128950622,992.628015,3008656476
0,225,224,128,3.41966772,0.130002864,984.593693,3008656476
0,226,225,128,3.27290988,0.128978894,992.410433,3008656476
0,227,226,128,3.39059544,0.128629056,995.109534,3008656476
0,228,227,128,4.02552938,0.155414704,823.602894,3008656476
0,229,228,128,3.66155744,0.130445428,981.253249,3008656476
0,230,229,128,3.55004334,0.131322404,974.700402,3008656476
0,231,230,128,3.94702792,0.128735199,994.28906,3008656476
0,232,231,128,3.97290301,0.14839699,862.551188,3008656476
0,233,232,128,3.64294338,0.155453768,823.395931,3008656476
0,234,233,128,3.95425725,0.12704984,1007.47864,3008656476
0,235,234,128,3.89133358,0.141176683,906.665303,3008656476
0,236,235,128,3.0406158,0.145627361,878.955707,3008656476
0,237,236,128,3.97743392,0.127194348,1006.33402,3008656476
0,238,237,128,3.19512105,0.126410806,1012.57166,3008656476
0,239,238,128,3.6159575,0.126658513,1010.59137,3008656476
0,240,239,128,4.05181932,0.127733654,1002.08517,3008656476
0,241,240,128,3.72055387,0.127004237,1007.84039,3008656476
0,242,241,128,3.50966239,0.125781647,1017.63654,3008656476
0,243,242,128,3.63182092,0.14016625,913.201288,3008656476
0,244,243,128,3.95831656,0.142617821,897.503546,3008656476
0,245,244,128,4.01789713,0.126468771,1012.10757,3008656476
0,246,245,128,3.00530267,0.126397263,1012.68016,3008656476
0,247,246,128,3.70140576,0.126357733,1012.99696,3008656476
0,248,247,128,3.83229947,0.127055646,1007.4326,3008656476
0,249,248,128,3.94048667,0.126618174,1010.91333,3008656476
0,250,249,128,2.17729974,0.128039089,999.69471,3008656476
0,251,250,128,3.24679279,0.138903358,921.504,3008656476
0,252,251,128,4.15540934,0.14111457,907.06438,3008656476
0,253,252,128,3.82499456,0.126737629,1009.96051,3008656476
0,254,253,128,3.6616888,0.126859572,1008.98969,3008656476
0,255,254,128,3.95950723,0.127052189,1007.46001,3008656476
0,256,255,128,3.76826048,0.12715169,1006.67164,3008656476
0,257,256,128,3.18363905,0.12788131,1000.92813,3008656476
0,258,257,128,3.79502988,0.127996929,1000.02399,3008656476
0,259,258,128,3.28826046,0.142094074,900.811669,3008656476
0,260,259,128,3.79652739,0.139931838,914.731071,3008656476
0,261,260,128,3.97861218,0.127296715,1005.52477,3008656476
0,262,261,128,3.53245759,0.126871834,1008.89217,3008656476
0,263,262,128,3.90545869,0.127859694,1001.09734,3008656476
0,264,263,128,2.89796567,0.12669032,1010.33765,3008656476
0,265,264,128,3.45512605,0.127217654,1006.14967,3008656476
0,266,265,128,3.18033361,0.127302443,1005.47953,3008656476
0,267,266,128,3.42171049,0.126903291,1008.64208,3008656476
0,268,267,128,2.55706978,0.153373091,834.566215,3008656476
0,269,268,128,2.70739722,0.127501011,1003.91361,3008656476
0,270,269,128,3.45169663,0.126682873,1010.39704,3008656476
0,271,270,128,4.15687799,0.126617205,1010.92107,3008656476
0,272,271,128,2.8703537,0.126574246,1011.26417,3008656476
0,273,272,128,3.40194082,0.125966887,1016.14006,3008656476
0,274,273,128,4.04879808,0.126402514,1012.63809,3008656476
0,275,274,128,3.30000854,0.126604481,1011.02267,3008656476
0,276,275,128,3.59604001,0.160439962,797.806222,3008656476
0,277,276,128,3.79066324,0.126747106,1009.88499,3008656476
0,278,277,128,4.45564365,0.126733216,1009.99567,3008656476
0,279,278,128,3.147825,0.126110737,1014.98098,3008656476
0,280,279,128,3.35309625,0.126552467,1011.4382,3008656476
0,281,280,128,3.34182906,0.126377083,1012.84186,3008656476
0,282,281,128,3.27353907,0.126580806,1011.21176,3008656476
0,283,282,128,2.66367817,0.127294763,1005.54019,3008656476
0,284,283,128,2.87900376,0.159222098,803.908513,3008656476
0,285,284,128,2.65987849,0.126300629,1013.45497,3008656476
0,286,285,128,2.72112083,0.127334682,1005.22496,3008656476
0,287,286,128,3.24456429,0.126838984,1009.15346,3008656476
0,288,287,128,2.87824678,0.12835776,997.21279,3008656476
0,289,288,128,2.63997173,0.128023602,999.815643,3008656476
0,290,289,128,3.77745581,0.128331056,997.420297,3008656476
0,291,290,128,3.10137367,0.128538243,995.812585,3008656476
0,292,291,128,3.92300248,0.158670347,806.703977,3008656476
0,293,292,128,3.59262896,0.127705009,1002.30994,3008656476
0,294,293,128,3.02321672,0.127694565,1002.39192,3008656476
0,295,294,128,3.08433986,0.127903949,1000.75096,3008656476
0,296,295,128,3.51038671,0.128234751,998.169365,3008656476
0,297,296,128,4.06086969,0.129024869,992.05681,3008656476
0,298,297,128,3.49112487,0.129200127,990.7111,3008656476
0,299,298,128,3.4417963,0.130314203,982.24136,3008656476
0,300,299,128,3.70471191,0.16166758,791.748104,3008656476
0,301,300,128,3.04037809,0.12951654,988.290762,3008656476
0,302,301,128,3.5293076,0.129277942,990.114771,3008656476
0,303,302,128,3.35148501,0.129329165,989.72262,3008656476
0,304,303,128,3.79739904,0.129890369,985.446427,3008656476
0,305,304,128,3.25137639,0.130669063,979.573872,3008656476
0,306,305,128,3.33525562,0.129903421,985.347414,3008656476
0,307,306,128,3.1156311,0.130687813,979.433331,3008656476
0,308,307,128,2.72899437,0.157285818,813.805095,3008656476
0,309,308,128,4.27539778,0.139448674,917.900446,3008656476
0,310,309,128,3.96971107,0.133374692,959.70231,3008656476
0,311,310,128,3.2222805,0.130453376,981.193465,3008656476
0,312,311,128,2.99308419,0.132346748,967.156367,3008656476
0,313,312,128,3.10622168,0.130478074,981.007736,3008656476
0,314,313,128,3.23549271,0.130171621,983.317247,3008656476
0,315,314,128,2.54959393,0.14554547,879.45025,3008656476
0,316,315,128,3.36955214,0.144545398,885.534938,3008656476
0,317,316,128,3.61213398,0.129672591,987.10143,3008656476
0,318,317,128,3.16398907,0.130897448,977.864748,3008656476
0,319,318,128,3.54148149,0.128675933,994.747013,3008656476
0,320,319,128,3.92232251,0.127994888,1000.03994,3008656476
0,321,320,128,4.23465014,0.12899655,992.2746,3008656476
0,322,321,128,3.57751608,0.127674706,1002.54783,3008656476
0,323,322,128,3.47146654,0.142683519,897.090294,3008656476
0,324,323,128,3.66123772,0.141252521,906.178517,3008656476
0,325,324,128,2.71897602,0.128594811,995.374533,3008656476
0,326,325,128,4.09114599,0.127360255,1005.02311,3008656476
0,327,326,128,3.78155994,0.127648962,1002.75003,3008656476
0,328,327,128,3.94332099,0.127692008,1002.41199,3008656476
0,329,328,128,3.9224062,0.125764063,1017.77882,3008656476
0,330,329,128,3.7150197,0.127340496,1005.17906,3008656476
0,331,330,128,4.63339329,0.13968886,916.322175,3008656476
0,332,331,128,3.9129591,0.136469915,937.935661,3008656476
0,333,332,128,3.52909589,0.125905388,1016.6364,3008656476
0,334,333,128,4.0795126,0.127321301,1005.3306,3008656476
0,335,334,128,3.60699725,0.127016151,1007.74586,3008656476
0,336,335,128,4.06296158,0.128237675,998.146606,3008656476
0,337,336,128,3.87995076,0.126279333,1013.62588,3008656476
0,338,337,128,4.12581158,0.127243164,1005.94795,3008656476
0,339,338,128,3.63146281,0.127538941,1003.61504,3008656476
0,340,339,128,3.73902392,0.151747447,843.506777,3008656476
0,341,340,128,3.36675,0.126673447,1010.47223,3008656476
0,342,341,128,3.39115071,0.127721783,1002.17831,3008656476
0,343,342,128,3.85381651,0.126787225,1009.56544,3008656476
0,344,343,128,3.27779269,0.126493974,1011.90591,3008656476
0,345,344,128,4.04296541,0.12610726,1015.00897,3008656476
0,346,345,128,2.96125889,0.126783768,1009.59296,3008656476
0,347,346,128,3.37817383,0.12547028,1020.16191,3008656476
0,348,347,128,4.54961681,0.148975289,859.202898,3008656476
0,349,348,128,3.81714153,0.124827733,1025.41316,3008656476
0,350,349,128,4.07954311,0.127810806,1001.48027,3008656476
0,351,350,128,4.10285378,0.12857266,995.54602,3008656476
0,352,351,128,3.84780931,0.129309617,989.872238,3008656476
0,353,352,128,4.82390642,0.130115068,983.744634,3008656476
0,354,353,128,4.11041212,0.130821912,978.429363,3008656476
0,355,354,128,3.2322104,0.130008796,984.548769,3008656476
0,356,355,128,3.63031936,0.158344985,808.361566,3008656476
0,357,356,128,3.8883996,0.123628629,1035.35889,3008656476
0,358,357,128,3.4009459,0.131324656,974.683688,3008656476
0,359,358,128,2.3599534,0.133244225,960.642009,3008656476
0,360,359,128,3.27848744,0.144499123,885.818525,3008656476
0,361,360,128,3.23565078,0.144146437,887.985875,3008656476
0,362,361,128,3.0922761,0.139774727,915.759256,3008656476
0,363,362,128,3.24579239,0.1564251,818.282999,3008656476
0,364,363,128,3.67428923,0.143315088,893.136946,3008656476
0,365,364,128,3.75202847,0.130441953,981.279389,3008656476
0,366,365,128,3.86190104,0.130636059,979.821352,3008656476
0,367,366,128,3.76416302,0.13076471,978.857369,3008656476
0,368,367,128,3.93288136,0.131533142,973.13877,3008656476
0,369,368,128,3.08580041,0.128716847,994.430822,3008656476
0,370,369,128,3.63108039,0.129592016,987.715169,3008656476
0,371,370,128,3.64066267,0.144758025,884.234225,3008656476
0,372,371,128,3.13235712,0.143155073,894.135271,3008656476
0,373,372,128,3.58851147,0.129129512,991.252875,3008656476
0,374,373,128,4.08735228,0.129806683,986.081741,3008656476
0,375,374,128,3.85090685,0.127610497,1003.05228,3008656476
0,376,375,128,3.26670933,0.127120388,1006.91952,3008656476
0,377,376,128,4.21803808,0.128531557,995.864385,3008656476
0,378,377,128,2.99206805,0.129115718,991.358775,3008656476
0,379,378,128,3.59203315,0.139977657,914.431651,3008656476
0,380,379,128,2.42929029,0.140257921,912.60443,3008656476
0,381,380,128,3.18419814,0.127075332,1007.27653,3008656476
0,382,381,128,2.93941855,0.126673811,1010.46932,3008656476
0,383,382,128,2.51082873,0.126737516,1009.96141,3008656476
0,384,383,128,2.90791726,0.126654241,1010.62546,3008656476
0,385,384,128,4.48128653,0.126974354,1008.07758,3008656476
0,386,385,128,4.78205109,0.12711298,1006.9782,3008656476
0,387,386,128,3.37896895,0.141000728,907.796731,3008656476
0,388,387,128,2.81898117,0.13949336,917.606401,3008656476
0,389,388,128,3.72614551,0.12628452,1013.58425,3008656476
0,390,389,128,4.52128601,0.127606638,1003.08261,3008656476
0,391,390,128,3.86858511,0.127420291,1004.54958,3008656476
0,392,391,128,4.07263613,0.127752459,1001.93766,3008656476
0,393,392,128,2.91571474,0.127772404,1001.78126,3008656476
0,394,393,128,4.04162836,0.126229837,1014.02333,3008656476
0,395,394,128,3.48304319,0.141091394,907.213377,3008656476
0,396,395,128,3.88693762,0.146866094,871.542209,3008656476
0,397,396,128,3.52885199,0.126912835,1008.56623,3008656476
0,398,397,128,4.2843008,0.12734654,1005.13135,3008656476
0,399,398,128,3.68584967,0.126950067,1008.27044,3008656476
0,400,399,128,4.22991753,0.126972846,1008.08956,3008656476
0,401,400,128,3.82025576,0.127889193,1000.86643,3008656476
0,402,401,128,3.91256237,0.127239971,1005.97319,3008656476
0,403,402,128,3.51721072,0.138287144,925.610265,3008656476
0,404,403,128,3.36755896,0.146634997,872.915761,3008656476
0,405,404,128,3.45602512,0.126310415,1013.37645,3008656476
0,406,405,128,3.23831987,0.126520633,1011.69269,3008656476
0,407,406,128,3.34076834,0.126569942,1011.29856,3008656476
0,408,407,128,2.18363094,0.127046875,1007.50215,3008656476
0,409,408,128,3.06451631,0.125822051,1017.30976,3008656476
0,410,409,128,4.0748148,0.126292089,1013.5235,3008656476
0,411,410,128,2.58135629,0.125974623,1016.07766,3008656476
0,412,411,128,3.88838267,0.151642605,844.089957,3008656476
0,413,412,128,2.8660984,0.125294973,1021.58927,3008656476
0,414,413,128,3.01306987,0.126083185,1015.20278,3008656476
0,415,414,128,2.93421936,0.126594251,1011.10437,3008656476
0,416,415,128,4.08555794,0.127493753,1003.97076,3008656476
0,417,416,128,3.45146823,0.127130316,1006.84089,3008656476
0,418,417,128,2.61933398,0.127643545,1002.79258,3008656476
0,419,418,128,3.19640732,0.128308727,997.593874,3008656476
0,420,419,128,2.31741905,0.163225551,784.190951,3008656476
0,421,420,128,1.90288806,0.126726474,1010.04941,3008656476
0,422,421,128,3.78207588,0.126771586,1009.68998,3008656476
0,423,422,128,2.8797431,0.12643388,1012.38687,3008656476
0,424,423,128,3.50272274,0.127458216,1004.25068,3008656476
0,425,424,128,4.18805933,0.128883794,993.142707,3008656476
0,426,425,128,4.48010206,0.129046664,991.88926,3008656476
0,427,426,128,4.9469471,0.129959213,984.924401,3008656476
0,428,427,128,3.45098543,0.161769582,791.248876,3008656476
0,429,428,128,2.23609805,0.127855152,1001.13291,3008656476
0,430,429,128,2.40346193,0.128545089,995.75955,3008656476
0,431,430,128,2.55644608,0.128997785,992.2651,3008656476
0,432,431,128,2.49365258,0.129002453,992.229194,3008656476
0,433,432,128,2.9028337,0.12928914,990.029016,3008656476
0,434,433,128,2.68133855,0.12956814,987.897179,3008656476
0,435,434,128,3.57071137,0.13025529,982.685617,3008656476
0,436,435,128,4.08937788,0.155747283,821.844192,3008656476
0,437,436,128,4.4427166,0.133305189,960.202682,3008656476
0,438,437,128,2.91688228,0.13283345,963.612704,3008656476
0,439,438,128,2.59985471,0.133153452,961.296895,3008656476
0,440,439,128,3.73995161,0.132678591,964.737408,3008656476
0,441,440,128,3.53355694,0.139143925,919.910805,3008656476
0,442,441,128,2.9909718,0.143600665,891.360775,3008656476
0,443,442,128,3.00384164,0.146543545,873.460513,3008656476
0,444,443,128,3.16673398,0.143169173,894.047212,3008656476
0,445,444,128,3.09910369,0.130932405,977.603673,3008656476
0,446,445,128,3.10257268,0.130984805,977.212586,3008656476
0,447,446,128,3.2101059,0.131479085,973.538871,3008656476
0,448,447,128,4.09518719,0.13027135,982.56447,3008656476
0,449,448,128,3.74632621,0.130476143,981.022255,3008656476
0,450,449,128,3.78751159,0.129322949,989.770192,3008656476
0,451,450,128,3.45728397,0.143724787,890.590988,3008656476
0,452,451,128,4.20531416,0.142783077,896.464782,3008656476
0,453,452,128,3.83804488,0.128908706,992.950779,3008656476
0,454,453,128,3.25731039,0.127928096,1000.56207,3008656476
0,455,454,128,3.8979876,0.129012945,992.148501,3008656476
0,456,455,128,4.21404696,0.127279894,1005.65766,3008656476
0,457,456,128,3.98215652,0.127428655,1004.48365,3008656476
0,458,457,128,4.31525993,0.128817512,993.65372,3008656476
0,459,458,128,3.90850616,0.140137301,913.389933,3008656476
0,460,459,128,2.90939879,0.141832153,902.475195,3008656476
0,461,460,128,3.92939711,0.125682904,1018.43605,3008656476
0,462,461,128,3.97121572,0.1271298,1006.84497,3008656476
0,463,462,128,3.7882998,0.126817144,1009.32726,3008656476
0,464,463,128,3.07632852,0.125949853,1016.27749,3008656476
0,465,464,128,2.97914743,0.126820388,1009.30144,3008656476
0,466,465,128,3.10302305,0.126238934,1013.95026,3008656476
0,467,466,128,2.97397661,0.141418662,905.113923,3008656476
0,468,467,128,3.20611358,0.141487221,904.675342,3008656476
0,469,468,128,4.44336033,0.127176311,1006.47675,3008656476
0,470,469,128,4.06571674,0.12856818,995.580711,3008656476
0,471,470,128,4.08662081,0.126914087,1008.55628,3008656476
0,472,471,128,2.82710576,0.127544852,1003.56853,3008656476
0,473,472,128,4.37605095,0.114453373,1118.35935,3008656476
0,474,473,128,3.9851768,0.127013018,1007.77072,3008656476
0,475,474,128,3.36297321,0.141745562,903.026509,3008656476
0,476,475,128,2.57720494,0.144277518,887.17911,3008656476
0,477,476,128,3.53659368,0.126818207,1009.3188,3008656476
0,478,477,128,3.3721168,0.126815616,1009.33942,3008656476
0,479,478,128,3.80503488,0.128167384,998.69402,3008656476
0,480,479,128,4.24095297,0.126813058,1009.35978,3008656476
0,481,480,128,3.72695613,0.128665161,994.830294,3008656476
0,482,481,128,3.14943981,0.126965222,1008.15009,3008656476
0,483,482,128,3.02544641,0.138404626,924.824579,3008656476
0,484,483,128,3.7532258,0.145334765,880.725269,3008656476
0,485,484,128,3.90665269,0.126755401,1009.8189,3008656476
0,486,485,128,3.34522557,0.126384702,1012.7808,3008656476
0,487,486,128,2.74982476,0.127054994,1007.43777,3008656476
0,488,487,128,3.62764287,0.126438443,1012.35033,3008656476
0,489,488,128,3.14525867,0.126783486,1009.59521,3008656476
0,490,489,128,4.27202272,0.126055222,1015.42798,3008656476
0,491,490,128,4.42103148,0.136896417,935.013515,3008656476
0,492,491,128,4.25236988,0.144442124,886.168082,3008656476
0,493,492,128,3.72737217,0.127312653,1005.39889,3008656476
0,494,493,128,4.17199183,0.125964792,1016.15696,3008656476
0,495,494,128,3.9601841,0.126095045,1015.10729,3008656476
0,496,495,128,3.8973949,0.125389979,1020.81523,3008656476
0,497,496,128,4.152174,0.126206775,1014.20863,3008656476
0,498,497,128,4.43898582,0.125800218,1017.48631,3008656476
0,499,498,128,4.25451803,0.127375422,1004.90344,3008656476
0,500,499,128,3.66402507,0.151799718,843.216323,3008656476
0,501,500,128,4.24639463,0.126983446,1008.00541,3008656476
0,502,501,128,4.44794178,0.1276428,1002.79843,3008656476
0,503,502,128,3.41572952,0.127334716,1005.22469,3008656476
0,504,503,128,4.02113676,0.127341854,1005.16834,3008656476
0,505,504,128,4.14522362,0.127957326,1000.3335,3008656476
0,506,505,128,4.12680912,0.128590603,995.407106,3008656476
0,507,506,128,4.37511349,0.129688425,986.980912,3008656476
0,508,507,128,3.38699341,0.156778542,816.43826,3008656476
0,509,508,128,4.04633427,0.127629238,1002.90499,3008656476
0,510,509,128,4.05534267,0.127168752,1006.53657,3008656476
0,511,510,128,4.05114651,0.121062465,1057.30542,3008656476
0,512,511,128,3.99682498,0.129698168,986.90677,3008656476
0,513,512,128,4.14496136,0.129407157,989.126127,3008656476
0,514,513,128,4.26116896,0.129079163,991.639526,3008656476
0,515,514,128,3.8781352,0.129636617,987.375349,3008656476
0,516,515,128,4.18746328,0.157890831,810.686721,3008656476
0,517,516,128,3.59514236,0.129728389,986.676864,3008656476
0,518,517,128,4.08216333,0.128048796,999.618927,3008656476
0,519,518,128,4.41066694,0.129416644,989.053618,3008656476
0,520,519,128,4.1095171,0.12986254,985.657604,3008656476
0,521,520,128,3.64279389,0.132206908,968.179363,3008656476
0,522,521,128,3.6229198,0.131005715,977.056612,3008656476
0,523,522,128,3.3848505,0.131733969,971.65523,3008656476
0,524,523,128,3.88530588,0.150935121,848.046493,3008656476
0,525,524,128,3.19282293,0.138660584,923.117416,3008656476
0,526,525,128,3.47070384,0.141158868,906.779728,3008656476
0,527,526,128,4.28165579,0.134239146,953.522157,3008656476
0,528,527,128,3.69055676,0.130474648,981.033495,3008656476
0,529,528,128,4.14101028,0.130929875,977.622563,3008656476
0,530,529,128,3.33651352,0.131395764,974.156214,3008656476
0,531,530,128,3.30898976,0.14799432,864.898058,3008656476
0,532,531,128,4.02524948,0.145568377,879.311858,3008656476
0,533,532,128,4.62802505,0.130912627,977.751367,3008656476
0,534,533,128,4.2156167,0.130961618,977.385603,3008656476
0,535,534,128,3.95808101,0.129936347,985.097726,3008656476
0,536,535,128,4.11300421,0.129193203,990.764197,3008656476
0,537,536,128,3.73828125,0.12993246,985.127196,3008656476
0,538,537,128,4.20436144,0.129773851,986.331214,3008656476
0,539,538,128,2.84022546,0.142838836,896.114835,3008656476
0,540,539,128,3.38333702,0.143168129,894.053732,3008656476
0,541,540,128,3.6648953,0.130792485,978.6495,3008656476
0,542,541,128,4.01875877,0.127356526,1005.05254,3008656476
0,543,542,128,3.62416506,0.127991631,1000.06539,3008656476
0,544,543,128,4.2995224,0.128797462,993.808403,3008656476
0,545,544,128,3.04861498,0.127388644,1004.79914,3008656476
0,546,545,128,2.72482204,0.128209234,998.368027,3008656476
0,547,546,128,3.38246202,0.141029118,907.613986,3008656476
0,548,547,128,4.01848555,0.140867031,908.658322,3008656476
0,549,548,128,4.27872944,0.126697426,1010.28098,3008656476
0,550,549,128,4.0630374,0.127205413,1006.24649,3008656476
0,551,550,128,3.34417391,0.127119061,1006.93003,3008656476
0,552,551,128,2.97782087,0.127760426,1001.87518,3008656476
0,553,552,128,3.55102658,0.126637509,1010.75898,3008656476
0,554,553,128,4.10207033,0.127727886,1002.13042,3008656476
0,555,554,128,4.58680296,0.138649376,923.192038,3008656476
0,556,555,128,4.24444103,0.139493674,917.604335,3008656476
0,557,556,128,3.50492501,0.127660494,1002.65944,3008656476
0,558,557,128,3.53124547,0.127156001,1006.63751,3008656476
0,559,558,128,4.78336573,0.128062584,999.511301,3008656476
0,560,559,128,4.70034409,0.127731242,1002.10409,3008656476
0,561,560,128,4.55099678,0.127813249,1001.46112,3008656476
0,562,561,128,4.09089041,0.126748938,1009.87039,3008656476
0,563,562,128,4.34663725,0.139926192,914.76798,3008656476
0,564,563,128,4.54452515,0.139776764,915.74591,3008656476
0,565,564,128,4.07198334,0.127702842,1002.32695,3008656476
0,566,565,128,3.4590652,0.127558942,1003.45768,3008656476
0,567,566,128,2.78522134,0.127637745,1002.83815,3008656476
0,568,567,128,4.25513887,0.127560595,1003.44468,3008656476
0,569,568,128,4.04713249,0.126810394,1009.38098,3008656476
0,570,569,128,4.1703887,0.126830707,1009.21932,3008656476
0,571,570,128,4.67116308,0.139939393,914.681687,3008656476
0,572,571,128,3.24464321,0.143301615,893.220917,3008656476
0,573,572,128,3.15249372,0.12675401,1009.82998,3008656476
0,574,573,128,4.17400026,0.126763672,1009.75302,3008656476
0,575,574,128,3.86516666,0.126014347,1015.75736,3008656476
0,576,575,128,3.68365669,0.125580893,1019.26334,3008656476
0,577,576,128,3.34827542,0.126126247,1014.85617,3008656476
0,578,577,128,4.48974466,0.126462057,1012.1613,3008656476
0,579,578,128,3.47242165,0.126450479,1012.25397,3008656476
0,580,579,128,3.73538971,0.151570145,844.493485,3008656476
0,581,580,128,3.36805987,0.127219224,1006.13725,3008656476
0,582,581,128,3.77214098,0.127710795,1002.26453,3008656476
0,583,582,128,3.95674276,0.126570968,1011.29036,3008656476
0,584,583,128,3.72779441,0.127808342,1001.49957,3008656476
0,585,584,128,3.6803093,0.128903591,992.99018,3008656476
0,586,585,128,3.29272389,0.128950799,992.626653,3008656476
0,587,586,128,4.71079874,0.13024548,982.759632,3008656476
0,588,587,128,4.10781813,0.159353001,803.24813,3008656476
0,589,588,128,3.67606235,0.12808049,999.371567,3008656476
0,590,589,128,4.59457254,0.129090975,991.54879,3008656476
0,591,590,128,4.05532217,0.128285205,997.77679,3008656476
0,592,591,128,3.88337541,0.128747154,994.196734,3008656476
0,593,592,128,3.79337144,0.129742573,986.568996,3008656476
0,594,593,128,3.5316925,0.131998717,969.706395,3008656476
0,595,594,128,3.3920083,0.132935059,962.876166,3008656476
0,596,595,128,3.49809694,0.149992719,853.374756,3008656476
0,597,596,128,3.66295958,0.132340918,967.198973,3008656476
0,598,597,128,3.48288107,0.138730316,922.653416,3008656476
0,599,598,128,3.38833046,0.143678267,890.879342,3008656476
0,600,599,128,3.99410796,0.143788139,890.1986,3008656476
0,601,600,128,3.85452986,0.134624522,950.792605,3008656476
0,602,601,128,3.43910861,0.133896865,955.959648,3008656476
0,603,602,128,4.07586384,0.146928999,871.169074,3008656476
0,604,603,128,3.05499697,0.147325666,868.823495,3008656476
0,605,604,128,4.13338614,0.144593743,885.238859,3008656476
0,606,605,128,2.95448351,0.13236873,966.995755,3008656476
0,607,606,128,3.03360152,0.130656044,979.67148,3008656476
0,608,607,128,2.75363183,0.131117256,976.225433,3008656476
0,609,608,128,3.78508735,0.132567583,965.545249,3008656476
0,610,609,128,3.25568867,0.130656815,979.665699,3008656476
0,611,610,128,3.26276302,0.145024938,882.606824,3008656476
0,612,611,128,2.70665503,0.142399182,898.881568,3008656476
0,613,612,128,3.32526898,0.130399946,981.595499,3008656476
0,614,613,128,3.91767406,0.131178213,975.771792,3008656476
0,615,614,128,4.02839804,0.130848372,978.231506,3008656476
0,616,615,128,3.00012255,0.1298529,985.730777,3008656476
0,617,616,128,3.77526522,0.129524962,988.226501,3008656476
0,618,617,128,3.89041781,0.129288713,990.032285,3008656476
0,619,618,128,3.29790783,0.144170584,887.837147,3008656476
0,620,619,128,3.46608281,0.136036329,940.925126,3008656476
0,621,620,128,3.3616786,0.129646314,987.301498,3008656476
0,622,621,128,3.28372622,0.129863175,985.652784,3008656476
0,623,622,128,4.047575,0.118115054,1083.68913,3008656476
0,624,623,128,4.18525219,0.130675456,979.525949,3008656476
0,625,624,128,3.94474506,0.129939183,985.076226,3008656476
0,626,625,128,4.1256609,0.128415851,996.761685,3008656476
0,627,626,128,4.00371265,0.145092484,882.195938,3008656476
0,628,627,128,3.01847887,0.134568228,951.190351,3008656476
0,629,628,128,3.90429258,0.128982046,992.386181,3008656476
0,630,629,128,4.47939205,0.127077041,1007.26299,3008656476
0,631,630,128,4.26295137,0.128859498,993.32996,3008656476
0,632,631,128,3.4415071,0.127292761,1005.556,3008656476
0,633,632,128,4.81389713,0.128124191,999.030698,3008656476
0,634,633,128,4.00494766,0.128590618,995.40699,3008656476
0,635,634,128,4.14831638,0.14468012,884.710353,3008656476
0,636,635,128,3.19908142,0.141475091,904.752908,3008656476
0,637,636,128,3.52057004,0.130352936,981.949497,3008656476
0,638,637,128,3.85370517,0.12859918,995.340717,3008656476
0,639,638,128,3.81222463,0.129250852,990.322292,3008656476
0,640,639,128,4.59003687,0.12784538,1001.20943,3008656476
0,641,640,128,3.88369083,0.128861805,993.312177,3008656476
0,642,641,128,4.13798952,0.127060407,1007.39485,3008656476
0,643,642,128,3.3092382,0.145923548,877.171654,3008656476
0,644,643,128,3.88538384,0.138384993,924.955786,3008656476
0,645,644,128,4.23659897,0.129959346,984.923393,3008656476
0,646,645,128,4.75966263,0.128844901,993.442496,3008656476
0,647,646,128,3.68373346,0.127384308,1004.83334,3008656476
0,648,647,128,3.65410495,0.128664619,994.834485,3008656476
0,649,648,128,3.99683642,0.127242767,1005.95109,3008656476
0,650,649,128,3.60201883,0.12806751,999.472856,3008656476
0,651,650,128,3.20429611,0.143535217,891.76721,3008656476
0,652,651,128,3.3403542,0.144461978,886.046292,3008656476
0,653,652,128,2.72954226,0.129437228,988.896332,3008656476
0,654,653,128,3.09227777,0.129986714,984.716023,3008656476
0,655,654,128,4.37182331,0.12982851,985.915959,3008656476
0,656,655,128,4.41204834,0.13004787,984.252952,3008656476
0,657,656,128,4.05718422,0.131285637,974.97337,3008656476
0,658,657,128,3.60379767,0.1286235,995.152519,3008656476
0,659,658,128,3.85024977,0.140334733,912.104917,3008656476
0,660,659,128,4.45802069,0.142682546,897.096411,3008656476
0,661,660,128,3.87624621,0.13047105,981.060549,3008656476
0,662,661,128,3.85212636,0.130337235,982.067787,3008656476
0,663,662,128,3.70032501,0.129975352,984.802103,3008656476
0,664,663,128,3.40207887,0.132164824,968.487651,3008656476
0,665,664,128,3.0843811,0.129692936,986.946583,3008656476
0,666,665,128,4.40362453,0.128255932,998.004521,3008656476
0,667,666,128,4.13542891,0.134488008,951.757721,3008656476
0,668,667,128,3.71640301,0.135094093,947.487763,3008656476
0,669,668,128,3.08302188,0.126114475,1014.9509,3008656476
0,670,669,128,2.94086313,0.127576061,1003.32303,3008656476
0,671,670,128,3.49028778,0.126078725,1015.23869,3008656476
0,672,671,128,2.86480474,0.128113307,999.115572,3008656476
0,673,672,128,3.39851356,0.126908522,1008.60051,3008656476
0,674,673,128,3.38127542,0.127535561,1003.64164,3008656476
0,675,674,128,4.26496458,0.140937927,908.20124,3008656476
0,676,675,128,4.08523512,0.143743282,890.476398,3008656476
0,677,676,128,3.79881763,0.126757225,1009.80437,3008656476
0,678,677,128,4.37887859,0.127105508,1007.0374,3008656476
0,679,678,128,3.78203368,0.127529507,1003.68929,3008656476
0,680,679,128,3.84583521,0.127209148,1006.21694,3008656476
0,681,680,128,3.8728106,0.126182703,1014.40211,3008656476
0,682,681,128,4.01087952,0.126812177,1009.36679,3008656476
0,683,682,128,3.61605859,0.140101949,913.620409,3008656476
0,684,683,128,3.4700942,0.143161898,894.092645,3008656476
0,685,684,128,3.50617456,0.175945524,727.497904,3008656476
0,686,685,128,3.20783329,0.126340599,1013.13434,3008656476
0,687,686,128,3.4557879,0.126005203,1015.83107,3008656476
0,688,687,128,3.04200745,0.126493744,1011.90775,3008656476
0,689,688,128,4.04288673,0.127170737,1006.52086,3008656476
0,690,689,128,3.25853229,0.128152438,998.810495,3008656476
0,691,690,128,3.62616205,0.134280869,953.225884,3008656476
0,692,691,128,3.71283031,0.139026324,920.688948,3008656476
0,693,692,128,3.74665952,0.132113509,968.863828,3008656476
0,694,693,128,3.22649097,0.131887672,970.522855,3008656476
0,695,694,128,3.95844746,0.139333932,918.65634,3008656476
0,696,695,128,3.8751924,0.143736504,890.518389,3008656476
0,697,696,128,4.31249857,0.131891254,970.496497,3008656476
0,698,697,128,4.12879181,0.142973722,895.269412,3008656476
0,699,698,128,3.45824957,0.145743804,878.253459,3008656476
0,700,699,128,3.35654473,0.13897348,921.039036,3008656476
0,701,700,128,4.29465294,0.14413541,888.05381,3008656476
0,702,701,128,3.53074408,0.14420932,887.598666,3008656476
0,703,702,128,3.50404835,0.143730968,890.552689,3008656476
0,704,703,128,2.80208874,0.132373045,966.964234,3008656476
0,705,704,128,3.80869818,0.130945919,977.502781,3008656476
0,706,705,128,4.15428305,0.146331238,874.727787,3008656476
0,707,706,128,3.75590634,0.143136239,894.252922,3008656476
0,708,707,128,3.73384595,0.130960425,977.394507,3008656476
0,709,708,128,3.06805086,0.134884052,948.963188,3008656476
0,710,709,128,4.09717035,0.130238828,982.809827,3008656476
0,711,710,128,2.65270877,0.131202797,975.588958,3008656476
0,712,711,128,3.83496761,0.129222289,990.541191,3008656476
0,713,712,128,3.70954299,0.129896776,985.397821,3008656476
0,714,713,128,3.90468264,0.135850195,942.214327,3008656476
0,715,714,128,2.56909466,0.138224428,926.030238,3008656476
0,716,715,128,2.11494517,0.130064913,984.123981,3008656476
0,717,716,128,2.95888066,0.129465797,988.678114,3008656476
0,718,717,128,3.77633715,0.129649332,987.278515,3008656476
0,719,718,128,4.38165617,0.128529018,995.884058,3008656476
0,720,719,128,4.2818923,0.12769485,1002.38968,3008656476
0,721,720,128,4.10067606,0.129322955,989.770146,3008656476
0,722,721,128,4.12115717,0.142805153,896.326199,3008656476
0,723,722,128,3.36532879,0.142863108,895.962588,3008656476
0,724,723,128,4.32143164,0.129485272,988.529414,3008656476
0,725,724,128,3.37031078,0.130094714,983.898546,3008656476
0,726,725,128,3.7343266,0.131008595,977.035133,3008656476
0,727,726,128,3.35107708,0.129181586,990.853294,3008656476
0,728,727,128,3.81257367,0.129558566,987.970182,3008656476
0,729,728,128,3.56086516,0.129277197,990.120477,3008656476
0,730,729,128,3.99945521,0.136121637,940.335444,3008656476
0,731,730,128,3.76359797,0.145749595,878.218564,3008656476
0,732,731,128,4.26841974,0.129605989,987.608682,3008656476
0,733,732,128,3.59300447,0.128732444,994.310339,3008656476
0,734,733,128,3.18463707,0.129063738,991.758041,3008656476
0,735,734,128,2.39334369,0.12768917,1002.43427,3008656476
0,736,735,128,2.49528027,0.128552986,995.698381,3008656476
0,737,736,128,2.48242545,0.127686977,1002.45149,3008656476
0,738,737,128,2.40016079,0.141254836,906.163666,3008656476
0,739,738,128,2.5015955,0.144866114,883.574471,3008656476
0,740,739,128,3.23406124,0.132086527,969.061742,3008656476
0,741,740,128,2.88439822,0.129337317,989.660239,3008656476
0,742,741,128,3.13626933,0.128753994,994.143918,3008656476
0,743,742,128,3.32667756,0.128649603,994.950602,3008656476
0,744,743,128,3.57455397,0.12814517,998.867144,3008656476
0,745,744,128,3.2696085,0.127903385,1000.75537,3008656476
0,746,745,128,2.65498495,0.139202438,919.524125,3008656476
0,747,746,128,2.54129052,0.147538887,867.567884,3008656476
0,748,747,128,2.56366301,0.129913509,985.270901,3008656476
0,749,748,128,3.54415011,0.129919409,985.226157,3008656476
0,750,749,128,4.65900135,0.129767622,986.378559,3008656476
0,751,750,128,2.94957566,0.130199436,983.107177,3008656476
0,752,751,128,3.94770312,0.131006455,977.051093,3008656476
0,753,752,128,2.90029764,0.129197401,990.732004,3008656476
0,754,753,128,3.38347006,0.12997289,984.820758,3008656476
0,755,754,128,3.53624225,0.139737069,916.006046,3008656476
0,756,755,128,3.39343786,0.126937494,1008.37031,3008656476
0,757,756,128,3.96120048,0.12635213,1013.04189,3008656476
0,758,757,128,2.56361318,0.127238457,1005.98516,3008656476
0,759,758,128,3.321383,0.126461036,1012.16947,3008656476
0,760,759,128,3.22032833,0.127675062,1002.54504,3008656476
0,761,760,128,3.55153656,0.126299518,1013.46388,3008656476
0,762,761,128,4.27481174,0.140054793,913.928022,3008656476
0,763,762,128,4.54389572,0.141475146,904.752556,3008656476
0,764,763,128,4.05869198,0.12783082,1001.32347,3008656476
0,765,764,128,4.38548231,0.127334053,1005.22992,3008656476
0,766,765,128,4.33506775,0.128031394,999.754795,3008656476
0,767,766,128,3.89007068,0.128004296,999.966439,3008656476
0,768,767,128,4.42111111,0.127124306,1006.88849,3008656476
0,769,768,128,3.61519742,0.127847908,1001.18963,3008656476
0,770,769,128,3.62362623,0.142639611,897.366441,3008656476
0,771,770,128,3.16828728,0.141925531,901.881424,3008656476
0,772,771,128,4.36143589,0.126743665,1009.91241,3008656476
0,773,772,128,3.28289819,0.12696489,1008.15273,3008656476
0,774,773,128,3.74569082,0.125840035,1017.16437,3008656476
0,775,774,128,3.32529521,0.126669196,1010.50614,3008656476
0,776,775,128,3.83820319,0.1258792,1016.8479,3008656476
0,777,776,128,3.82783175,0.126104471,1015.03142,3008656476
0,778,777,128,4.04504776,0.14075063,909.409784,3008656476
0,779,778,128,3.61689806,0.13975543,915.885701,3008656476
0,780,779,128,3.80593681,0.126600552,1011.05404,3008656476
0,781,780,128,3.3232615,0.127378109,1004.88224,3008656476
0,782,781,128,3.38533902,0.127708162,1002.28519,3008656476
0,783,782,128,2.53792214,0.127210602,1006.20544,3008656476
0,784,783,128,2.4154222,0.128481907,996.249223,3008656476
0,785,784,128,3.64463711,0.128004576,999.964251,3008656476
0,786,785,128,3.81300879,0.14341528,892.512987,3008656476
0,787,786,128,3.97559214,0.141995713,901.435665,3008656476
0,788,787,128,4.45537901,0.129636334,987.377505,3008656476
0,789,788,128,4.24238539,0.130789877,978.669014,3008656476
0,790,789,128,4.33921576,0.130197472,983.122007,3008656476
0,791,790,128,4.15918493,0.130001662,984.602797,3008656476
0,792,791,128,4.64122391,0.131093582,976.401728,3008656476
0,793,792,128,3.64839697,0.131390751,974.193381,3008656476
0,794,793,128,3.99237299,0.14539465,880.362517,3008656476
0,795,794,128,3.34997725,0.149205798,857.87551,3008656476
0,796,795,128,3.39860916,0.130968005,977.337938,3008656476
0,797,796,128,4.26683712,0.130840319,978.291714,3008656476
0,798,797,128,3.7187891,0.131001222,977.090122,3008656476
0,799,798,128,3.55386448,0.130333491,982.095999,3008656476
0,800,799,128,3.416888,0.13114009,976.055453,3008656476
0,801,800,128,4.30541039,0.128724773,994.369592,3008656476
0,802,801,128,3.85721731,0.144329802,886.857726,3008656476
0,803,802,128,4.22342682,0.147216235,869.469322,3008656476
0,804,803,128,3.52428675,0.130668724,979.576413,3008656476
0,805,804,128,3.88139725,0.131001611,977.087221,3008656476
0,806,805,128,4.96005154,0.130593723,980.138992,3008656476
0,807,806,128,4.42401981,0.129892072,985.433507,3008656476
0,808,807,128,4.34398794,0.129276833,990.123265,3008656476
0,809,808,128,3.37628007,0.130496935,980.865949,3008656476
0,810,809,128,3.67005897,0.13271984,964.43757,3008656476
0,811,810,128,3.84167695,0.146338451,874.684672,3008656476
0,812,811,128,3.83548069,0.130025805,984.419977,3008656476
0,813,812,128,4.25865126,0.129926896,985.169383,3008656476
0,814,813,128,3.83690262,0.129375656,989.366964,3008656476
0,815,814,128,3.19141793,0.12965584,987.228959,3008656476
0,816,815,128,3.5369463,0.129700477,986.8892,3008656476
0,817,816,128,4.2691741,0.128866107,993.279016,3008656476
0,818,817,128,4.05274343,0.131464534,973.646626,3008656476
0,819,818,128,3.95514441,0.150087917,852.833476,3008656476
0,820,819,128,3.63049579,0.128185302,998.554421,3008656476
0,821,820,128,3.59236622,0.127203246,1006.26363,3008656476
0,822,821,128,3.56477427,0.126676132,1010.45081,3008656476
0,823,822,128,3.3349247,0.126281938,1013.60497,3008656476
0,824,823,128,4.66160727,0.128149694,998.831882,3008656476
0,825,824,128,3.90374207,0.126660976,1010.57172,3008656476
0,826,825,128,3.54264832,0.138804526,922.160132,3008656476
0,827,826,128,4.07941008,0.143668534,890.939696,3008656476
0,828,827,128,4.03921223,0.127656715,1002.68913,3008656476
0,829,828,128,3.80853248,0.126309275,1013.3856,3008656476
0,830,829,128,3.8158071,0.128432925,996.629174,3008656476
0,831,830,128,3.86118484,0.126409625,1012.58112,3008656476
0,832,831,128,2.85235214,0.126494641,1011.90058,3008656476
0,833,832,128,4.38429928,0.127275858,1005.68955,3008656476
0,834,833,128,4.78956318,0.143360332,892.855075,3008656476
0,835,834,128,4.82794809,0.143982871,888.994636,3008656476
0,836,835,128,4.24847221,0.12784304,1001.22776,3008656476
0,837,836,128,3.56664562,0.127794962,1001.60443,3008656476
0,838,837,128,4.1886673,0.126644915,1010.69988,3008656476
0,839,838,128,4.22403431,0.127639549,1002.82398,3008656476
0,840,839,128,3.90018821,0.127438654,1004.40483,3008656476
0,841,840,128,3.82101297,0.12764741,1002.76222,3008656476
0,842,841,128,3.68273115,0.13986731,915.153083,3008656476
0,843,842,128,3.16921163,0.140735393,909.508243,3008656476
0,844,843,128,4.33532381,0.127438826,1004.40348,3008656476
0,845,844,128,3.3185389,0.126735081,1009.98081,3008656476
0,846,845,128,3.81502318,0.126684553,1010.38364,3008656476
0,847,846,128,3.4335525,0.126401443,1012.64667,3008656476
0,848,847,128,4.53594065,0.113439365,1128.3561,3008656476
0,849,848,128,3.6129427,0.126564239,1011.34413,3008656476
0,850,849,128,3.34926009,0.139105826,920.162754,3008656476
0,851,850,128,3.07313657,0.140870132,908.638319,3008656476
0,852,851,128,3.45188832,0.126334359,1013.18439,3008656476
0,853,852,128,2.72027421,0.127171122,1006.51782,3008656476
0,854,853,128,3.3736577,0.125288712,1021.64032,3008656476
0,855,854,128,4.55935812,0.126859221,1008.99248,3008656476
0,856,855,128,3.58467817,0.12725014,1005.8928,3008656476
0,857,856,128,4.47094631,0.127368,1004.962,3008656476
0,858,857,128,3.680583,0.143223924,893.70544,3008656476
0,859,858,128,3.84434056,0.141074976,907.318956,3008656476
0,860,859,128,3.70450568,0.128336847,997.37529,3008656476
0,861,860,128,3.86483121,0.129549605,988.03852,3008656476
0,862,861,128,4.06638622,0.128399075,996.891917,3008656476
0,863,862,128,3.41443253,0.129756885,986.460179,3008656476
0,864,863,128,3.10183978,0.130513582,980.74084,3008656476
0,865,864,128,3.73278189,0.130473119,981.044992,3008656476
0,866,865,128,3.16413617,0.146578769,873.250614,3008656476
0,867,866,128,3.48565555,0.145229173,881.365619,3008656476
0,868,867,128,3.51467824,0.129983522,984.740204,3008656476
0,869,868,128,3.84725261,0.130024799,984.427594,3008656476
0,870,869,128,3.73094392,0.13016924,983.335233,3008656476
0,871,870,128,4.05227661,0.131303317,974.84209,3008656476
0,872,871,128,3.13739395,0.131984436,969.811319,3008656476
0,873,872,128,3.43093634,0.138700298,922.8531,3008656476
0,874,873,128,2.98512936,0.158004363,810.104212,3008656476
0,875,874,128,3.58686423,0.142656651,897.259252,3008656476
0,876,875,128,3.00045729,0.130008973,984.547428,3008656476
0,877,876,128,3.90473771,0.130551804,980.453706,3008656476
0,878,877,128,2.85981655,0.130537756,980.559218,3008656476
0,879,878,128,3.08671689,0.130875242,978.030665,3008656476
0,880,879,128,3.67942786,0.130183015,983.231184,3008656476
0,881,880,128,4.46508646,0.129477688,988.587316,3008656476
0,882,881,128,4.47678185,0.129442583,988.855422,3008656476
0,883,882,128,5.24773502,0.14585912,877.559113,3008656476
0,884,883,128,4.55734062,0.127500763,1003.91556,3008656476
0,885,884,128,3.33502722,0.128446316,996.525272,3008656476
0,886,885,128,4.21779108,0.127951347,1000.38025,3008656476
0,887,886,128,3.85576034,0.127441718,1004.38068,3008656476
0,888,887,128,4.29506874,0.12772627,1002.1431,3008656476
0,889,888,128,3.34002233,0.126076944,1015.25303,3008656476
0,890,889,128,3.79822516,0.139391259,918.278527,3008656476
0,891,890,128,3.03484154,0.148101065,864.274676,3008656476
0,892,891,128,3.28143835,0.12789036,1000.8573,3008656476
0,893,892,128,4.19951916,0.130912757,977.750396,3008656476
0,894,893,128,4.35286808,0.128027926,999.781876,3008656476
0,895,894,128,4.30895329,0.127007007,1007.81841,3008656476
0,896,895,128,4.06949997,0.126256857,1013.80632,3008656476
0,897,896,128,2.80988526,0.126497224,1011.87991,3008656476
0,898,897,128,3.64912271,0.138288487,925.601276,3008656476
0,899,898,128,2.87720776,0.147934598,865.247222,3008656476
0,900,899,128,3.68744993,0.127414658,1004.59399,3008656476
0,901,900,128,3.10108829,0.128826087,993.58758,3008656476
0,902,901,128,2.87928104,0.12794214,1000.45224,3008656476
0,903,902,128,3.11664939,0.127758457,1001.89062,3008656476
0,904,903,128,3.49172521,0.126855733,1009.02022,3008656476
0,905,904,128,2.83832049,0.126523928,1011.66635,3008656476
0,906,905,128,3.15710354,0.140691519,909.791869,3008656476
0,907,906,128,4.05547667,0.142823838,896.208937,3008656476
0,908,907,128,4.03003645,0.128314024,997.552692,3008656476
0,909,908,128,3.8557992,0.129041664,991.927692,3008656476
0,910,909,128,3.44724631,0.129233967,990.451682,3008656476
0,911,910,128,3.67288637,0.127657215,1002.6852,3008656476
0,912,911,128,3.38261843,0.127273791,1005.70588,3008656476
0,913,912,128,4.3030653,0.127344964,1005.14379,3008656476
0,914,913,128,3.34025025,0.144141149,888.018452,3008656476
0,915,914,128,4.54990244,0.140914631,908.351383,3008656476
0,916,915,128,3.85491705,0.128214809,998.324616,3008656476
0,917,916,128,3.430264,0.128693249,994.613167,3008656476
0,918,917,128,3.03036809,0.128883059,993.14837,3008656476
0,919,918,128,3.49073148,0.126961158,1008.18236,3008656476
0,920,919,128,3.35319114,0.127264935,1005.77586,3008656476
0,921,920,128,3.5203855,0.126486062,1011.96921,3008656476
0,922,921,128,3.43076968,0.145956164,876.975638,3008656476
0,923,922,128,3.80753779,0.141962839,901.644409,3008656476
0,924,923,128,4.36792707,0.128314758,997.546985,3008656476
0,925,924,128,3.09241009,0.127505652,1003.87707,3008656476
0,926,925,128,4.24100399,0.126270591,1013.69606,3008656476
0,927,926,128,3.25733542,0.126796658,1009.49033,3008656476
0,928,927,128,3.34117198,0.126280818,1013.61396,3008656476
0,929,928,128,4.07758856,0.126119862,1014.90755,3008656476
0,930,929,128,3.84632111,0.144262884,887.269105,3008656476
0,931,930,128,2.86365438,0.140980348,907.927962,3008656476
0,932,931,128,3.4808712,0.127168638,1006.53748,3008656476
0,933,932,128,3.19965863,0.126132504,1014.80583,3008656476
0,934,933,128,3.30572534,0.126375188,1012.85705,3008656476
0,935,934,128,3.46341562,0.12691117,1008.57947,3008656476
0,936,935,128,3.5060215,0.126025266,1015.66935,3008656476
0,937,936,128,3.33619666,0.12736777,1004.96381,3008656476
0,938,937,128,3.76623964,0.141752181,902.984343,3008656476
0,939,938,128,3.79268265,0.142349955,899.192416,3008656476
0,940,939,128,3.9754827,0.125971784,1016.10056,3008656476
0,941,940,128,3.52563548,0.127665451,1002.62051,3008656476
0,942,941,128,3.02124858,0.126398246,1012.67228,3008656476
0,943,942,128,3.37747455,0.126958148,1008.20626,3008656476
0,944,943,128,3.28318453,0.127667646,1002.60328,3008656476
0,945,944,128,4.74029303,0.127026689,1007.66226,3008656476
0,946,945,128,4.2965641,0.142455413,898.526755,3008656476
0,947,946,128,3.29750228,0.140903247,908.424772,3008656476
0,948,947,128,4.21240759,0.127458167,1004.25107,3008656476
0,949,948,128,4.57431078,0.127254455,1005.85869,3008656476
0,950,949,128,4.58789682,0.127385668,1004.82261,3008656476
0,951,950,128,3.54684091,0.125982251,1016.01614,3008656476
0,952,951,128,3.28563046,0.126634275,1010.7848,3008656476
0,953,952,128,2.87885976,0.12740172,1004.69601,3008656476
0,954,953,128,3.69166327,0.141509151,904.535142,3008656476
0,955,954,128,3.74460649,0.141423715,905.081584,3008656476
0,956,955,128,2.90430355,0.127714811,1002.23301,3008656476
0,957,956,128,4.13964415,0.128141896,998.892665,3008656476
0,958,957,128,3.84657884,0.126410951,1012.5705,3008656476
0,959,958,128,3.55387568,0.12753176,1003.67156,3008656476
0,960,959,128,3.6622479,0.127902481,1000.76245,3008656476
0,961,960,128,3.95087862,0.126165498,1014.54044,3008656476
0,962,961,128,3.48465252,0.144222043,887.520363,3008656476
0,963,962,128,3.62937188,0.140659756,909.997313,3008656476
0,964,963,128,3.24281764,0.126482268,1011.99956,3008656476
0,965,964,128,2.91699481,0.127016653,1007.74187,3008656476
0,966,965,128,3.3833828,0.1271031,1007.05648,3008656476
0,967,966,128,3.57610965,0.126958427,1008.20405,3008656476
0,968,967,128,4.48627138,0.125820561,1017.3218,3008656476
0,969,968,128,3.8401196,0.126924506,1008.47349,3008656476
0,970,969,128,3.4855206,0.14165792,903.5852,3008656476
0,971,970,128,3.14845824,0.138634253,923.292745,3008656476
0,972,971,128,3.566921,0.127448278,1004.32899,3008656476
0,973,972,128,2.78854203,0.127245059,1005.93297,3008656476
0,974,973,128,3.17410398,0.125713247,1018.19023,3008656476
0,975,974,128,3.70252991,0.12553865,1019.60631,3008656476
0,976,975,128,3.9952991,0.126369275,1012.90444,3008656476
0,977,976,128,3.87055206,0.126519043,1011.70541,3008656476
0,978,977,128,3.99419308,0.14081181,909.014663,3008656476
0,979,978,128,3.87498903,0.138622194,923.373064,3008656476
0,980,979,128,3.95307779,0.122934838,1041.20201,3008656476
0,981,980,128,3.32876015,0.12764859,1002.75295,3008656476
0,982,981,128,3.68555045,0.126570083,1011.29743,3008656476
0,983,982,128,3.29067039,0.127039217,1007.56289,3008656476
0,984,983,128,3.36475992,0.127802558,1001.5449,3008656476
0,985,984,128,3.57147288,0.128980891,992.395067,3008656476
0,986,985,128,3.55171394,0.138264836,925.759605,3008656476
0,987,986,128,3.49864125,0.12632096,1013.29186,3008656476
0,988,987,128,3.22618628,0.141198623,906.524421,3008656476
0,989,988,128,3.62794876,0.131118603,976.215404,3008656476
0,990,989,128,4.02926922,0.130719483,979.196039,3008656476
0,991,990,128,2.72404671,0.131478924,973.540063,3008656476
0,992,991,128,3.12335467,0.131480785,973.526284,3008656476
0,993,992,128,3.49749017,0.13250805,965.979048,3008656476
0,994,993,128,2.5404048,0.145114645,882.061214,3008656476
0,995,994,128,2.92708945,0.146475852,873.864178,3008656476
0,996,995,128,2.48335242,0.12856635,995.594882,3008656476
0,997,996,128,3.51849985,0.132301943,967.483902,3008656476
0,998,997,128,3.33021951,0.129772127,986.344317,3008656476
0,999,998,128,3.21624684,0.131031373,976.865289,3008656476
0,1000,999,128,3.31626916,0.129961314,984.908478,3008656476
0,1001,1000,128,3.94464993,0.130308698,982.282856,3008656476
0,1002,1001,128,3.28231311,0.145705781,878.482646,3008656476
0,1003,1002,128,3.54001355,0.142507642,898.197445,3008656476
0,1004,1003,128,3.54087472,0.128794575,993.83068,3008656476
0,1005,1004,128,3.81280112,0.128689905,994.639012,3008656476
0,1006,1005,128,3.26985073,0.128123403,999.036843,3008656476
0,1007,1006,128,3.89423704,0.127273851,1005.70541,3008656476
0,1008,1007,128,3.77644491,0.127989854,1000.07927,3008656476
0,1009,1008,128,3.23628449,0.127687458,1002.44771,3008656476
0,1010,1009,128,3.16967797,0.141757019,902.953525,3008656476
0,1011,1010,128,3.70833564,0.140237682,912.736136,3008656476
0,1012,1011,128,2.78568816,0.126960579,1008.18696,3008656476
0,1013,1012,128,3.65768528,0.126281129,1013.61146,3008656476
0,1014,1013,128,3.09507704,0.127154633,1006.64834,3008656476
0,1015,1014,128,3.35628319,0.126256098,1013.81242,3008656476
0,1016,1015,128,2.2731061,0.126720153,1010.09979,3008656476
0,1017,1016,128,2.78366971,0.126761112,1009.77341,3008656476
0,1018,1017,128,2.94473195,0.138369211,925.061284,3008656476
0,1019,1018,128,3.34009576,0.12788296,1000.91521,3008656476
0,1020,1019,128,3.90073442,0.129839607,985.831696,3008656476
0,1021,1020,128,4.10862064,0.126822035,1009.28833,3008656476
0,1022,1021,128,3.74858427,0.127205265,1006.24766,3008656476
0,1023,1022,128,3.53836346,0.12760165,1003.12182,3008656476
0,1024,1023,128,4.62026787,0.127323411,1005.31394,3008656476
0,1025,1024,128,4.14807749,0.126465721,1012.13198,3008656476
0,1026,1025,128,3.69027448,0.126638949,1010.74749,3008656476
0,1027,1026,128,3.32594204,0.130528416,980.629383,3008656476
0,1028,1027,128,3.216501,0.140887637,908.525423,3008656476
0,1029,1028,128,3.25551367,0.126492446,1011.91813,3008656476
0,1030,1029,128,3.57303429,0.126393706,1012.70865,3008656476
0,1031,1030,128,3.05087757,0.127050236,1007.4755,3008656476
0,1032,1031,128,3.61830211,0.127078772,1007.24927,3008656476
0,1033,1032,128,3.0264914,0.126913189,1008.56342,3008656476
0,1034,1033,128,3.34228182,0.128909845,992.942005,3008656476
0,1035,1034,128,3.70144439,0.140986794,907.886451,3008656476
0,1036,1035,128,3.91610384,0.145276116,881.080824,3008656476
0,1037,1036,128,3.91240883,0.128117812,999.08044,3008656476
0,1038,1037,128,3.54001427,0.130346164,982.000514,3008656476
0,1039,1038,128,3.47671771,0.130751401,978.957006,3008656476
0,1040,1039,128,3.20029855,0.129768727,986.37016,3008656476
0,1041,1040,128,3.77245736,0.130418312,981.457267,3008656476
0,1042,1041,128,3.8162632,0.130336876,982.070492,3008656476
0,1043,1042,128,3.3865571,0.142257171,899.778894,3008656476
0,1044,1043,128,2.37954521,0.147545886,867.52673,3008656476
0,1045,1044,128,2.80803943,0.132177463,968.395043,3008656476
0,1046,1045,128,3.23951554,0.133213565,960.863107,3008656476
0,1047,1046,128,3.33455539,0.13963337,916.686319,3008656476
0,1048,1047,128,3.24292874,0.133987605,955.312247,3008656476
0,1049,1048,128,3.89879775,0.130411741,981.506719,3008656476
0,1050,1049,128,3.92640996,0.146305552,874.881358,3008656476
0,1051,1050,128,4.09835243,0.149673761,855.193316,3008656476
0,1052,1051,128,3.68280244,0.126514615,1011.74082,3008656476
0,1053,1052,128,3.64356923,0.132385322,966.87456,3008656476
0,1054,1053,128,3.37286544,0.132120878,968.809789,3008656476
0,1055,1054,128,4.44593143,0.130307918,982.288736,3008656476
0,1056,1055,128,3.69021273,0.131099431,976.358166,3008656476
0,1057,1056,128,3.96208572,0.129302699,989.925199,3008656476
0,1058,1057,128,4.15421486,0.143310706,893.164255,3008656476
0,1059,1058,128,3.84674025,0.144787384,884.054926,3008656476
0,1060,1059,128,3.26581836,0.12908117,991.624108,3008656476
0,1061,1060,128,4.23568344,0.128935272,992.74619,3008656476
0,1062,1061,128,4.62072659,0.12935853,989.497948,3008656476
0,1063,1062,128,4.15203476,0.128121994,999.047829,3008656476
0,1064,1063,128,3.79997945,0.12939462,989.221963,3008656476
0,1065,1064,128,3.27878833,0.127192448,1006.34906,3008656476
0,1066,1065,128,3.5145123,0.140887874,908.523895,3008656476
0,1067,1066,128,3.50457764,0.141757471,902.950646,3008656476
0,1068,1067,128,3.67756724,0.128843143,993.456051,3008656476
0,1069,1068,128,3.88414836,0.127544763,1003.56923,3008656476
0,1070,1069,128,4.12823582,0.12760455,1003.09903,3008656476
0,1071,1070,128,4.04725122,0.126455352,1012.21497,3008656476
0,1072,1071,128,4.23878098,0.126549845,1011.45916,3008656476
0,1073,1072,128,3.15035629,0.126488141,1011.95258,3008656476
0,1074,1073,128,3.97715998,0.142066821,900.984474,3008656476
0,1075,1074,128,3.50351739,0.137281822,932.388558,3008656476
0,1076,1075,128,3.59092522,0.118739644,1077.98875,3008656476
0,1077,1076,128,4.18228579,0.127025699,1007.67011,3008656476
0,1078,1077,128,3.74802995,0.127616794,1003.00279,3008656476
0,1079,1078,128,4.09663916,0.127434839,1004.4349,3008656476
0,1080,1079,128,4.54826021,0.127015005,1007.75495,3008656476
0,1081,1080,128,3.50805831,0.127482262,1004.06126,3008656476
0,1082,1081,128,2.13990927,0.139190782,919.601127,3008656476
0,1083,1082,128,3.20854902,0.12373307,1034.48496,3008656476
0,1084,1083,128,3.61899066,0.14009802,913.646032,3008656476
0,1085,1084,128,3.73002553,0.126480487,1012.01381,3008656476
0,1086,1085,128,3.73155117,0.127214441,1006.17508,3008656476
0,1087,1086,128,3.81229401,0.12579595,1017.52083,3008656476
0,1088,1087,128,3.28542447,0.125742542,1017.95302,3008656476
0,1089,1088,128,3.44768739,0.125750559,1017.88812,3008656476
0,1090,1089,128,3.3030293,0.125599154,1019.11514,3008656476
0,1091,1090,128,3.41531515,0.137990595,927.59945,3008656476
0,1092,1091,128,3.70948696,0.142756293,896.632977,3008656476
0,1093,1092,128,3.1469326,0.12892896,992.794792,3008656476
0,1094,1093,128,4.12140799,0.127045162,1007.51574,3008656476
0,1095,1094,128,4.05274439,0.127604784,1003.09719,3008656476
0,1096,1095,128,3.58420753,0.128005468,999.957283,3008656476
0,1097,1096,128,3.23084164,0.128339678,997.353289,3008656476
0,1098,1097,128,3.41451144,0.130205006,983.065121,3008656476
0,1099,1098,128,3.64130759,0.144885889,883.453875,3008656476
0,1100,1099,128,4.02987766,0.144548063,885.518611,3008656476
0,1101,1100,128,3.99490237,0.131156503,975.933309,3008656476
0,1102,1101,128,3.66612482,0.131185107,975.720514,3008656476
0,1103,1102,128,3.71667266,0.129965396,984.877544,3008656476
0,1104,1103,128,3.70205474,0.130537501,980.561134,3008656476
0,1105,1104,128,3.52140951,0.131653377,972.250032,3008656476
0,1106,1105,128,4.36282301,0.131688881,971.987908,3008656476
0,1107,1106,128,3.5225637,0.147810399,865.974254,3008656476
0,1108,1107,128,3.47218227,0.144711889,884.51613,3008656476
0,1109,1108,128,3.3282907,0.13027608,982.528796,3008656476
0,1110,1109,128,2.83709288,0.130315855,982.228908,3008656476
0,1111,1110,128,3.34924102,0.130919127,977.702823,3008656476
0,1112,1111,128,3.30276513,0.130406784,981.544028,3008656476
0,1113,1112,128,3.18165994,0.131350274,974.49359,3008656476
0,1114,1113,128,3.1094501,0.145158177,881.79669,3008656476
0,1115,1114,128,3.94438577,0.129349531,989.566789,3008656476
0,1116,1115,128,2.67444897,0.133279144,960.390322,3008656476
0,1117,1116,128,2.91622472,0.130092042,983.918755,3008656476
0,1118,1117,128,2.81092882,0.129014476,992.136727,3008656476
0,1119,1118,128,3.38839293,0.129999423,984.619755,3008656476
0,1120,1119,128,3.07950664,0.128484166,996.231707,3008656476
0,1121,1120,128,2.38956141,0.128972456,992.459971,3008656476
0,1122,1121,128,3.26606059,0.138181823,926.315757,3008656476
0,1123,1122,128,3.25498486,0.12609164,1015.13471,3008656476
0,1124,1123,128,2.59712529,0.137630726,930.024884,3008656476
0,1125,1124,128,2.12244987,0.126548185,1011.47243,3008656476
0,1126,1125,128,3.83769011,0.126505674,1011.81232,3008656476
0,1127,1126,128,2.84711456,0.126092182,1015.13034,3008656476
0,1128,1127,128,4.43739986,0.127259031,1005.82253,3008656476
0,1129,1128,128,3.95141101,0.126270666,1013.69545,3008656476
0,1130,1129,128,2.35539579,0.126906707,1008.61493,3008656476
0,1131,1130,128,3.52316093,0.138032949,927.314825,3008656476
0,1132,1131,128,3.0955801,0.141125628,906.993307,3008656476
0,1133,1132,128,3.00423908,0.126686444,1010.36856,3008656476
0,1134,1133,128,2.95350718,0.126895519,1008.70386,3008656476
0,1135,1134,128,4.03077984,0.127559717,1003.45158,3008656476
0,1136,1135,128,3.80987287,0.12620486,1014.22402,3008656476
0,1137,1136,128,3.40345478,0.126846229,1009.09582,3008656476
0,1138,1137,128,3.67078042,0.206907993,618.632457,3008656476
0,1139,1138,128,3.3087697,0.140701709,909.725979,3008656476
0,1140,1139,128,3.34754038,0.127649389,1002.74667,3008656476
0,1141,1140,128,3.39770913,0.12801375,999.89259,3008656476
0,1142,1141,128,3.49225426,0.12745051,1004.3114,3008656476
0,1143,1142,128,3.50819898,0.127565181,1003.4086,3008656476
0,1144,1143,128,3.08716297,0.127111686,1006.98845,3008656476
0,1145,1144,128,3.56015563,0.12727932,1005.66219,3008656476
0,1146,1145,128,4.20996428,0.139940548,914.674137,3008656476
0,1147,1146,128,4.30552721,0.137714061,929.462098,3008656476
0,1148,1147,128,3.80835867,0.123956816,1032.61768,3008656476
0,1149,1148,128,4.14870119,0.124290699,1029.84375,3008656476
0,1150,1149,128,3.60984707,0.125901331,1016.66916,3008656476
0,1151,1150,128,3.84900331,0.12658371,1011.18856,3008656476
0,1152,1151,128,3.6836803,0.12645085,1012.25101,3008656476
0,1153,1152,128,4.04893494,0.128071364,999.442779,3008656476
0,1154,1153,128,3.79215646,0.141971873,901.587035,3008656476
0,1155,1154,128,3.575423,0.124428512,1028.70313,3008656476
0,1156,1155,128,3.71536517,0.143400149,892.607162,3008656476
0,1157,1156,128,3.73307943,0.130739856,979.043453,3008656476
0,1158,1157,128,4.3647151,0.130884662,977.960275,3008656476
0,1159,1158,128,3.80356979,0.130318345,982.210141,3008656476
0,1160,1159,128,3.9535799,0.131826349,970.974323,3008656476
0,1161,1160,128,3.94929361,0.132771896,964.059442,3008656476
0,1162,1161,128,3.81217933,0.146321104,874.78837,3008656476
0,1163,1162,128,3.07520652,0.146975852,870.891362,3008656476
0,1164,1163,128,3.40924501,0.126894923,1008.7086,3008656476
0,1165,1164,128,3.60492849,0.132140869,968.663223,3008656476
0,1166,1165,128,4.16838837,0.132845703,963.523826,3008656476
0,1167,1166,128,3.7571888,0.133090359,961.752609,3008656476
0,1168,1167,128,4.03901005,0.132662745,964.852642,3008656476
0,1169,1168,128,3.49978089,0.138933257,921.305689,3008656476
0,1170,1169,128,4.21348715,0.153335719,834.769621,3008656476
0,1171,1170,128,3.53531647,0.143059568,894.732186,3008656476
0,1172,1171,128,4.0566535,0.130776664,978.767894,3008656476
0,1173,1172,128,3.53468084,0.131495576,973.416779,3008656476
0,1174,1173,128,3.66158056,0.131016442,976.976615,3008656476
0,1175,1174,128,4.28633213,0.130575594,980.275073,3008656476
0,1176,1175,128,4.38279438,0.129251604,990.31653,3008656476
0,1177,1176,128,4.00118542,0.130119016,983.714786,3008656476
0,1178,1177,128,3.44651294,0.142730901,896.792489,3008656476
0,1179,1178,128,3.59735823,0.141598103,903.966913,3008656476
0,1180,1179,128,3.83517027,0.128888704,993.104873,3008656476
0,1181,1180,128,4.19438696,0.128194766,998.480702,3008656476
0,1182,1181,128,3.85133839,0.128748105,994.18939,3008656476
0,1183,1182,128,4.09196043,0.127189887,1006.36932,3008656476
0,1184,1183,128,3.03882527,0.127981685,1000.14311,3008656476
0,1185,1184,128,3.28666115,0.127194549,1006.33243,3008656476
0,1186,1185,128,4.29610872,0.139021756,920.7192,3008656476
0,1187,1186,128,3.97018528,0.128951624,992.620302,3008656476
0,1188,1187,128,4.09217644,0.127672798,1002.56282,3008656476
0,1189,1188,128,3.95455647,0.126063422,1015.36193,3008656476
0,1190,1189,128,3.57282424,0.126821431,1009.29314,3008656476
0,1191,1190,128,3.31041312,0.127173354,1006.50015,3008656476
0,1192,1191,128,2.75239539,0.1270169,1007.73991,3008656476
0,1193,1192,128,3.61021924,0.126877479,1008.84728,3008656476
0,1194,1193,128,3.10968041,0.139633575,916.684974,3008656476
0,1195,1194,128,2.59690881,0.140458883,911.298718,3008656476
0,1196,1195,128,2.86128712,0.12717538,1006.48412,3008656476
0,1197,1196,128,2.5783031,0.126379002,1012.82648,3008656476
0,1198,1197,128,3.27969003,0.127479511,1004.08292,3008656476
0,1199,1198,128,2.98600507,0.12639085,1012.73154,3008656476
0,1200,1199,128,4.40201902,0.127126035,1006.87479,3008656476
0,1201,1200,128,3.54634237,0.126706584,1010.20796,3008656476
0,1202,1201,128,4.05528688,0.143816647,890.02214,3008656476
0,1203,1202,128,3.60381889,0.140583082,910.493625,3008656476
0,1204,1203,128,3.74748468,0.127868294,1001.03001,3008656476
0,1205,1204,128,3.68197513,0.126462275,1012.15956,3008656476
0,1206,1205,128,3.96332645,0.127418271,1004.56551,3008656476
0,1207,1206,128,3.74869633,0.127753771,1001.92737,3008656476
0,1208,1207,128,3.63952971,0.126477275,1012.03951,3008656476
0,1209,1208,128,3.81963801,0.128159376,998.756423,3008656476
0,1210,1209,128,3.30707574,0.143249306,893.547086,3008656476
0,1211,1210,128,3.74401736,0.140004088,914.259018,3008656476
0,1212,1211,128,4.05151033,0.127783422,1001.69488,3008656476
0,1213,1212,128,3.80907488,0.126542757,1011.51582,3008656476
0,1214,1213,128,3.6220448,0.127517353,1003.78495,3008656476
0,1215,1214,128,4.34074402,0.127475196,1004.11691,3008656476
0,1216,1215,128,4.18331099,0.126465132,1012.13669,3008656476
0,1217,1216,128,3.44244432,0.125540767,1019.58912,3008656476
0,1218,1217,128,3.72408748,0.139611061,916.8328,3008656476
0,1219,1218,128,3.5037744,0.134550557,951.315274,3008656476
0,1220,1219,128,4.11833191,0.121341625,1054.87297,3008656476
0,1221,1220,128,3.01226997,0.127997368,1000.02056,3008656476
0,1222,1221,128,3.54360366,0.128805499,993.746393,3008656476
0,1223,1222,128,3.52970719,0.128363009,997.172012,3008656476
0,1224,1223,128,3.47173953,0.129750537,986.508441,3008656476
0,1225,1224,128,4.2797761,0.130041376,984.302104,3008656476
0,1226,1225,128,4.31867123,0.143044717,894.825078,3008656476
0,1227,1226,128,3.76209521,0.129753954,986.482462,3008656476
0,1228,1227,128,4.01135254,0.134146714,954.179168,3008656476
0,1229,1228,128,3.91520929,0.131427813,973.918664,3008656476
0,1230,1229,128,3.7245934,0.132440574,966.471196,3008656476
0,1231,1230,128,3.53009796,0.135515291,944.542856,3008656476
0,1232,1231,128,3.10415888,0.144030988,888.697646,3008656476
0,1233,1232,128,4.09943485,0.13129837,974.87882,3008656476
0,1234,1233,128,4.07838821,0.14343053,892.418093,3008656476
0,1235,1234,128,3.13498688,0.146689255,872.592884,3008656476
0,1236,1235,128,3.83907032,0.130602331,980.074391,3008656476
0,1237,1236,128,3.63039255,0.130772123,978.801881,3008656476
0,1238,1237,128,3.78124237,0.131375362,974.307496,3008656476
0,1239,1238,128,3.50094914,0.129266204,990.204679,3008656476
0,1240,1239,128,3.9034338,0.131081624,976.490801,3008656476
0,1241,1240,128,3.99691486,0.130910453,977.767604,3008656476
0,1242,1241,128,2.50576925,0.143477614,892.125234,3008656476
0,1243,1242,128,3.43641949,0.144373995,886.586258,3008656476
0,1244,1243,128,2.57913327,0.128186446,998.545509,3008656476
0,1245,1244,128,3.67078662,0.12838359,997.012157,3008656476
0,1246,1245,128,2.91932917,0.127556061,1003.48034,3008656476
0,1247,1246,128,3.36253548,0.12787309,1000.99247,3008656476
0,1248,1247,128,3.09841323,0.129063678,991.758502,3008656476
0,1249,1248,128,2.54725647,0.127169271,1006.53247,3008656476
0,1250,1249,128,2.53243208,0.143621266,891.232918,3008656476
0,1251,1250,128,2.62231064,0.1393883,918.298021,3008656476
0,1252,1251,128,2.1855371,0.12680381,1009.43339,3008656476
0,1253,1252,128,2.67985201,0.128364811,997.158014,3008656476
0,1254,1253,128,2.88721681,0.126379001,1012.82649,3008656476
0,1255,1254,128,2.71594143,0.127757353,1001.89928,3008656476
0,1256,1255,128,2.27731657,0.126366849,1012.92389,3008656476
0,1257,1256,128,2.62190819,0.12687163,1008.89379,3008656476
0,1258,1257,128,2.89025664,0.142672867,897.157271,3008656476
0,1259,1258,128,2.23209119,0.138821148,922.049715,3008656476
0,1260,1259,128,3.54799104,0.127401663,1004.69646,3008656476
0,1261,1260,128,4.10026121,0.126138866,1014.75464,3008656476
0,1262,1261,128,3.89043951,0.12733028,1005.25971,3008656476
0,1263,1262,128,4.22604895,0.127501184,1003.91225,3008656476
0,1264,1263,128,4.21750164,0.127159608,1006.60895,3008656476
0,1265,1264,128,3.84327435,0.126918569,1008.52067,3008656476
0,1266,1265,128,3.81676054,0.14059887,910.391385,3008656476
0,1267,1266,128,3.67197561,0.14060703,910.338551,3008656476
0,1268,1267,128,3.87787557,0.127124804,1006.88454,3008656476
0,1269,1268,128,3.76626945,0.126622531,1010.87855,3008656476
0,1270,1269,128,3.73856974,0.127424708,1004.51476,3008656476
0,1271,1270,128,2.93034697,0.126146828,1014.6906,3008656476
0,1272,1271,128,3.27874184,0.126985618,1007.98816,3008656476
0,1273,1272,128,3.14090085,0.126645246,1010.69724,3008656476
0,1274,1273,128,4.49604321,0.139407578,918.171034,3008656476
0,1275,1274,128,3.18120193,0.13737241,931.773709,3008656476
0,1276,1275,128,4.12789345,0.119083062,1074.87999,3008656476
0,1277,1276,128,4.10158157,0.126895741,1008.7021,3008656476
0,1278,1277,128,3.13670921,0.127673267,1002.55913,3008656476
0,1279,1278,128,3.53952599,0.128231045,998.198213,3008656476
0,1280,1279,128,3.8276546,0.128003593,999.97193,3008656476
0,1281,1280,128,3.44703484,0.129966879,984.866306,3008656476
0,1282,1281,128,3.88243341,0.12970642,986.843982,3008656476
0,1283,1282,128,3.89556146,0.135835317,942.317527,3008656476
0,1284,1283,128,2.90530109,0.153811826,832.185686,3008656476
0,1285,1284,128,3.43836021,0.141085803,907.249328,3008656476
0,1286,1285,128,3.80790544,0.143903082,889.487551,3008656476
0,1287,1286,128,3.43090153,0.143744468,890.469051,3008656476
0,1288,1287,128,3.74632263,0.131959508,969.994523,3008656476
0,1289,1288,128,2.89964104,0.13187433,970.621045,3008656476
0,1290,1289,128,3.61549497,0.144170629,887.83687,3008656476
0,1291,1290,128,3.59972596,0.146193855,875.549797,3008656476
0,1292,1291,128,3.28409338,0.130921644,977.684026,3008656476
0,1293,1292,128,3.79720736,0.1311197,976.207237,3008656476
0,1294,1293,128,3.11203742,0.130591474,980.155871,3008656476
0,1295,1294,128,3.05785632,0.12929751,989.964927,3008656476
0,1296,1295,128,3.02655792,0.130073805,984.056705,3008656476
0,1297,1296,128,3.34554863,0.12993002,985.145696,3008656476
0,1298,1297,128,3.82920241,0.143456824,892.254523,3008656476
0,1299,1298,128,3.46128035,0.142129301,900.588402,3008656476
0,1300,1299,128,3.76754951,0.128436342,996.602659,3008656476
0,1301,1300,128,3.43380046,0.128203045,998.416223,3008656476
0,1302,1301,128,3.40123796,0.126626685,1010.84538,3008656476
0,1303,1302,128,3.1694746,0.128818544,993.64576,3008656476
0,1304,1303,128,3.52364588,0.129142789,991.150965,3008656476
0,1305,1304,128,3.50392318,0.128290694,997.734099,3008656476
0,1306,1305,128,3.88440561,0.142015632,901.309231,3008656476
0,1307,1306,128,3.43789744,0.140666871,909.951285,3008656476
0,1308,1307,128,3.68170595,0.127371338,1004.93566,3008656476
0,1309,1308,128,2.79021931,0.126540911,1011.53057,3008656476
0,1310,1309,128,3.6676116,0.127513711,1003.81362,3008656476
0,1311,1310,128,4.48290539,0.126665096,1010.53885,3008656476
0,1312,1311,128,3.30893135,0.126814763,1009.34621,3008656476
0,1313,1312,128,3.14308643,0.127409799,1004.6323,3008656476
0,1314,1313,128,3.68764281,0.141055382,907.444992,3008656476
0,1315,1314,128,3.02387023,0.141298418,905.884169,3008656476
0,1316,1315,128,3.24704289,0.126218111,1014.11754,3008656476
0,1317,1316,128,3.57852817,0.126996342,1007.90305,3008656476
0,1318,1317,128,3.3638463,0.127275761,1005.69031,3008656476
0,1319,1318,128,2.51871991,0.126898243,1008.68221,3008656476
0,1320,1319,128,3.50313759,0.127546786,1003.55332,3008656476
0,1321,1320,128,3.88547873,0.12626399,1013.74905,3008656476
0,1322,1321,128,3.4511621,0.139416368,918.113144,3008656476
0,1323,1322,128,3.95588255,0.14165137,903.626982,3008656476
0,1324,1323,128,3.32897973,0.125393275,1020.7884,3008656476
0,1325,1324,128,2.36051059,0.127292274,1005.55985,3008656476
0,1326,1325,128,3.09135556,0.127303674,1005.4698,3008656476
0,1327,1326,128,4.15317345,0.126770125,1009.70162,3008656476
0,1328,1327,128,3.82465291,0.127530476,1003.68166,3008656476
0,1329,1328,128,3.76960063,0.127288568,1005.58913,3008656476
0,1330,1329,128,3.28767967,0.140367358,911.89292,3008656476
0,1331,1330,128,3.49885273,0.140798798,909.09867,3008656476
0,1332,1331,128,3.01491475,0.125498746,1019.93051,3008656476
0,1333,1332,128,3.5466032,0.126137542,1014.76529,3008656476
0,1334,1333,128,3.18638039,0.125322894,1021.36167,3008656476
0,1335,1334,128,3.98819137,0.125173873,1022.57761,3008656476
0,1336,1335,128,3.2545073,0.12554142,1019.58382,3008656476
0,1337,1336,128,3.88930774,0.126023894,1015.68041,3008656476
0,1338,1337,128,2.87636781,0.140344675,912.040304,3008656476
0,1339,1338,128,3.15091228,0.139045584,920.561418,3008656476
0,1340,1339,128,3.06123972,0.120335138,1063.69596,3008656476
0,1341,1340,128,3.06492352,0.128945648,992.666305,3008656476
0,1342,1341,128,3.10195994,0.129363855,989.457217,3008656476
0,1343,1342,128,3.29567099,0.130772132,978.801814,3008656476
0,1344,1343,128,3.1085875,0.130732727,979.096841,3008656476
0,1345,1344,128,3.70366836,0.129920469,985.218118,3008656476
0,1346,1345,128,3.39710212,0.143231014,893.661201,3008656476
0,1347,1346,128,3.7151351,0.126044434,1015.51489,3008656476
0,1348,1347,128,3.06024027,0.1357281,943.061901,3008656476
0,1349,1348,128,2.62634182,0.132256208,967.818463,3008656476
0,1350,1349,128,3.74755836,0.138378407,924.999809,3008656476
0,1351,1350,128,3.61173153,0.131029269,976.880975,3008656476
0,1352,1351,128,4.13781691,0.130827923,978.384408,3008656476
0,1353,1352,128,3.21937251,0.131981228,969.834892,3008656476
0,1354,1353,128,2.92084837,0.145509599,879.667052,3008656476
0,1355,1354,128,3.62992978,0.143439841,892.360164,3008656476
0,1356,1355,128,2.86080837,0.131196757,975.633872,3008656476
0,1357,1356,128,2.98485518,0.129814407,986.023069,3008656476
0,1358,1357,128,3.16463256,0.129762093,986.420587,3008656476
0,1359,1358,128,3.88827991,0.129709942,986.817186,3008656476
0,1360,1359,128,2.97270346,0.129802225,986.115608,3008656476
0,1361,1360,128,2.97615123,0.131158546,975.918108,3008656476
0,1362,1361,128,3.80164075,0.142998551,895.113965,3008656476
0,1363,1362,128,3.93464375,0.142280373,899.632165,3008656476
0,1364,1363,128,2.98763227,0.128147907,998.84581,3008656476
0,1365,1364,128,2.89431024,0.127372883,1004.92347,3008656476
0,1366,1365,128,3.28042626,0.128573451,995.539896,3008656476
0,1367,1366,128,4.04057217,0.126784784,1009.58487,3008656476
0,1368,1367,128,3.92069721,0.127292722,1005.55631,3008656476
0,1369,1368,128,3.4129374,0.127168295,1006.54019,3008656476
0,1370,1369,128,3.32886934,0.138905735,921.488231,3008656476
0,1371,1370,128,3.25900412,0.142247142,899.842332,3008656476
0,1372,1371,128,3.82074881,0.126461335,1012.16708,3008656476
0,1373,1372,128,3.38759995,0.12639789,1012.67513,3008656476
0,1374,1373,128,4.25536585,0.127340866,1005.17614,3008656476
0,1375,1374,128,4.34046125,0.126964486,1008.15593,3008656476
0,1376,1375,128,4.1712265,0.126906867,1008.61366,3008656476
0,1377,1376,128,4.1411171,0.127258404,1005.82748,3008656476
0,1378,1377,128,3.72205567,0.136995878,934.334681,3008656476
0,1379,1378,128,2.94063902,0.1233346,1037.82718,3008656476
0,1380,1379,128,3.30970979,0.129872506,985.581968,3008656476
0,1381,1380,128,3.69561648,0.12585785,1017.02039,3008656476
0,1382,1381,128,3.07780361,0.127269119,1005.7428,3008656476
0,1383,1382,128,3.41510177,0.125549309,1019.51975,3008656476
0,1384,1383,128,3.20466495,0.125324629,1021.34753,3008656476
0,1385,1384,128,2.80622625,0.125344541,1021.18528,3008656476
0,1386,1385,128,3.48836803,0.125015406,1023.87381,3008656476
0,1387,1386,128,2.31452918,0.141004799,907.770522,3008656476
0,1388,1387,128,3.09923267,0.142262453,899.745487,3008656476
0,1389,1388,128,3.61830378,0.127320087,1005.34019,3008656476
0,1390,1389,128,3.08607125,0.127046913,1007.50185,3008656476
0,1391,1390,128,2.87266803,0.126963948,1008.16021,3008656476
0,1392,1391,128,2.89580035,0.127369177,1004.95271,3008656476
0,1393,1392,128,3.0444572,0.128797336,993.809375,3008656476
0,1394,1393,128,3.43656659,0.128800897,993.781899,3008656476
0,1395,1394,128,3.89971161,0.145024879,882.607184,3008656476
0,1396,1395,128,3.40191126,0.142414483,898.784992,3008656476
0,1397,1396,128,3.24700427,0.130615334,979.976823,3008656476
0,1398,1397,128,4.29546309,0.129777096,986.306551,3008656476
0,1399,1398,128,3.18066645,0.131173799,975.804627,3008656476
0,1400,1399,128,3.71338439,0.131864139,970.696059,3008656476
0,1401,1400,128,3.90534139,0.131594005,972.688687,3008656476
0,1402,1401,128,3.88424635,0.129857059,985.699206,3008656476
0,1403,1402,128,3.72597957,0.146528429,873.55062,3008656476
0,1404,1403,128,3.83778358,0.142884654,895.827483,3008656476
0,1405,1404,128,2.72450948,0.131675498,972.086698,3008656476
0,1406,1405,128,3.394279,0.132327306,967.298465,3008656476
0,1407,1406,128,4.61514711,0.130655607,979.674757,3008656476
0,1408,1407,128,4.28694868,0.130556518,980.418304,3008656476
0,1409,1408,128,4.60329437,0.132116984,968.838344,3008656476
0,1410,1409,128,4.56524611,0.129626443,987.452846,3008656476
0,1411,1410,128,3.85384655,0.135771304,942.761808,3008656476
0,1412,1411,128,4.7541914,0.140572873,910.559749,3008656476
0,1413,1412,128,4.34497595,0.12901295,992.148463,3008656476
0,1414,1413,128,4.43989801,0.128763741,994.068664,3008656476
0,1415,1414,128,4.12541246,0.129669959,987.121466,3008656476
0,1416,1415,128,4.18784523,0.127395038,1004.74871,3008656476
0,1417,1416,128,3.98260403,0.128608107,995.271628,3008656476
0,1418,1417,128,4.17330647,0.127535756,1003.64011,3008656476
0,1419,1418,128,4.04668283,0.141053535,907.456874,3008656476
0,1420,1419,128,4.32971382,0.143189353,893.921212,3008656476
0,1421,1420,128,4.03621435,0.128583359,995.463184,3008656476
0,1422,1421,128,3.77223206,0.130192996,983.155807,3008656476
0,1423,1422,128,4.47326946,0.127178245,1006.46144,3008656476
0,1424,1423,128,3.86413789,0.128565678,995.600085,3008656476
0,1425,1424,128,4.20332432,0.128034541,999.730221,3008656476
0,1426,1425,128,4.98774815,0.127707235,1002.29247,3008656476
0,1427,1426,128,3.82528329,0.139132464,919.986582,3008656476
0,1428,1427,128,4.11484957,0.149984929,853.419079,3008656476
0,1429,1428,128,3.71990037,0.131618985,972.504081,3008656476
0,1430,1429,128,4.56391382,0.129526859,988.212028,3008656476
0,1431,1430,128,4.087924,0.128131856,998.970935,3008656476
0,1432,1431,128,4.26330662,0.128856906,993.349941,3008656476
0,1433,1432,128,4.60273933,0.127766551,1001.82715,3008656476
0,1434,1433,128,3.55624962,0.128662946,994.847421,3008656476
0,1435,1434,128,3.76611853,0.133037449,962.135105,3008656476
0,1436,1435,128,4.28917456,0.145085773,882.236744,3008656476
0,1437,1436,128,3.12966704,0.125952645,1016.25496,3008656476
0,1438,1437,128,4.25246477,0.128023391,999.817291,3008656476
0,1439,1438,128,3.91595769,0.126828284,1009.2386,3008656476
0,1440,1439,128,3.86886668,0.127415271,1004.58916,3008656476
0,1441,1440,128,4.53428078,0.126245266,1013.8994,3008656476
0,1442,1441,128,4.5387249,0.12708797,1007.17637,3008656476
0,1443,1442,128,4.44675303,0.141368175,905.437168,3008656476
0,1444,1443,128,3.29289818,0.147125139,870.007674,3008656476
0,1445,1444,128,4.40309668,0.126687808,1010.35768,3008656476
0,1446,1445,128,4.11059523,0.12639493,1012.69885,3008656476
0,1447,1446,128,4.28365898,0.127173757,1006.49696,3008656476
0,1448,1447,128,3.8253274,0.127269522,1005.73961,3008656476
0,1449,1448,128,3.38281393,0.126944087,1008.31794,3008656476
0,1450,1449,128,4.67200756,0.127089029,1007.16798,3008656476
0,1451,1450,128,3.30827785,0.14114285,906.882637,3008656476
0,1452,1451,128,3.74477601,0.14547531,879.874392,3008656476
0,1453,1452,128,3.76685286,0.126532626,1011.5968,3008656476
0,1454,1453,128,4.04471827,0.126467873,1012.11475,3008656476
0,1455,1454,128,3.71169138,0.126975645,1008.06733,3008656476
0,1456,1455,128,2.80976892,0.126163216,1014.55879,3008656476
0,1457,1456,128,4.33545923,0.127454536,1004.27968,3008656476
0,1458,1457,128,4.03426075,0.127131445,1006.83194,3008656476
0,1459,1458,128,4.24767876,0.144889174,883.433844,3008656476
0,1460,1459,128,4.11653996,0.141596086,903.979789,3008656476
0,1461,1460,128,3.62608075,0.126581351,1011.20741,3008656476
0,1462,1461,128,2.62241387,0.126563193,1011.35249,3008656476
0,1463,1462,128,3.04510999,0.126243091,1013.91687,3008656476
0,1464,1463,128,3.79388762,0.12701645,1007.74349,3008656476
0,1465,1464,128,2.66057634,0.126298473,1013.47227,3008656476
0,1466,1465,128,3.69008732,0.126858288,1008.9999,3008656476
0,1467,1466,128,4.48328447,0.145086625,882.231563,3008656476
0,1468,1467,128,3.815063,0.141731519,903.115982,3008656476
0,1469,1468,128,3.39952278,0.126774805,1009.66434,3008656476
0,1470,1469,128,4.55077553,0.126693539,1010.31198,3008656476
0,1471,1470,128,3.47251844,0.127568364,1003.38357,3008656476
0,1472,1471,128,4.57717609,0.127105614,1007.03656,3008656476
0,1473,1472,128,3.98687768,0.126681173,1010.4106,3008656476
0,1474,1473,128,4.33023453,0.127483787,1004.04924,3008656476
0,1475,1474,128,3.54465461,0.142101439,900.764981,3008656476
0,1476,1475,128,3.47125983,0.139700177,916.247944,3008656476
0,1477,1476,128,3.63682389,0.126391115,1012.72942,3008656476
0,1478,1477,128,4.06901646,0.127364597,1004.98885,3008656476
0,1479,1478,128,3.9104588,0.127604005,1003.10331,3008656476
0,1480,1479,128,4.17339516,0.127022539,1007.69518,3008656476
0,1481,1480,128,3.86781502,0.127018481,1007.72737,3008656476
0,1482,1481,128,4.39723635,0.128012868,999.899479,3008656476
0,1483,1482,128,3.59493637,0.141821982,902.539918,3008656476
0,1484,1483,128,3.46732688,0.139800535,915.590201,3008656476
0,1485,1484,128,3.85313559,0.126706212,1010.21093,3008656476
0,1486,1485,128,4.12030411,0.127970432,1000.23105,3008656476
0,1487,1486,128,4.2619133,0.128117147,999.085626,3008656476
0,1488,1487,128,4.21065235,0.126820994,1009.29662,3008656476
0,1489,1488,128,3.67745113,0.127787578,1001.66231,3008656476
0,1490,1489,128,3.39738202,0.127140296,1006.76185,3008656476
0,1491,1490,128,3.78322482,0.144396719,886.446734,3008656476
0,1492,1491,128,3.81352568,0.139547673,917.249261,3008656476
0,1493,1492,128,3.88159919,0.126808868,1009.39313,3008656476
0,1494,1493,128,3.68549013,0.127076188,1007.26975,3008656476
0,1495,1494,128,2.76247978,0.127384719,1004.8301,3008656476
0,1496,1495,128,3.37724495,0.127160675,1006.60051,3008656476
0,1497,1496,128,3.54466748,0.126570977,1011.29029,3008656476
0,1498,1497,128,3.61874533,0.127219067,1006.13849,3008656476
0,1499,1498,128,3.84019589,0.142745256,896.702304,3008656476
0,1500,1499,128,3.37681842,0.142645611,897.328695,3008656476
0,1501,1500,128,3.97995663,0.126322959,1013.27582,3008656476
0,1502,1501,128,4.39728594,0.127689612,1002.4308,3008656476
0,1503,1502,128,3.37000442,0.127032454,1007.61653,3008656476
0,1504,1503,128,3.79192901,0.12717399,1006.49512,3008656476
0,1505,1504,128,3.51680565,0.127283265,1005.63102,3008656476
0,1506,1505,128,3.93841028,0.126590457,1011.13467,3008656476
0,1507,1506,128,3.27970171,0.141608461,903.900792,3008656476
0,1508,1507,128,3.78980446,0.141232345,906.307971,3008656476
0,1509,1508,128,3.44956756,0.127875613,1000.97272,3008656476
0,1510,1509,128,4.17685175,0.127017294,1007.73679,3008656476
0,1511,1510,128,4.55384493,0.12566003,1018.62143,3008656476
0,1512,1511,128,3.62260628,0.125970917,1016.10755,3008656476
0,1513,1512,128,3.99410725,0.126000639,1015.86786,3008656476
0,1514,1513,128,4.244524,0.126271541,1013.68843,3008656476
0,1515,1514,128,4.73498631,0.140839956,908.833002,3008656476
0,1516,1515,128,3.65942359,0.124445384,1028.56366,3008656476
0,1517,1516,128,4.28863144,0.129671842,987.107132,3008656476
0,1518,1517,128,4.27561092,0.127296575,1005.52588,3008656476
0,1519,1518,128,4.27178097,0.127380045,1004.86697,3008656476
0,1520,1519,128,3.33346367,0.128970078,992.478271,3008656476
0,1521,1520,128,3.95388746,0.129704848,986.855942,3008656476
0,1522,1521,128,3.30242491,0.129595973,987.685011,3008656476
0,1523,1522,128,4.26027393,0.144011009,888.820937,3008656476
0,1524,1523,128,4.59164906,0.128503159,996.084462,3008656476
0,1525,1524,128,4.30153418,0.135559204,944.236881,3008656476
0,1526,1525,128,3.6850431,0.130136497,983.582646,3008656476
0,1527,1526,128,3.0653944,0.130396542,981.621123,3008656476
0,1528,1527,128,2.71342659,0.13003195,984.373456,3008656476
0,1529,1528,128,3.64595199,0.130073432,984.059527,3008656476
0,1530,1529,128,4.43775177,0.131609668,972.572927,3008656476
0,1531,1530,128,4.43133736,0.146143887,875.849155,3008656476
0,1532,1531,128,5.05162001,0.141335618,905.645738,3008656476
0,1533,1532,128,4.76100731,0.126436397,1012.36672,3008656476
0,1534,1533,128,3.91055202,0.130984011,977.21851,3008656476
0,1535,1534,128,3.96422553,0.130266965,982.597545,3008656476
0,1536,1535,128,3.30495882,0.130904376,977.812995,3008656476
0,1537,1536,128,3.69955587,0.12908052,991.629101,3008656476
0,1538,1537,128,3.79640126,0.129912053,985.281943,3008656476
0,1539,1538,128,3.99435973,0.144994973,882.789226,3008656476
0,1540,1539,128,3.55976009,0.138385286,924.953828,3008656476
0,1541,1540,128,4.56753445,0.120121586,1065.587,3008656476
0,1542,1541,128,4.44705582,0.126646787,1010.68494,3008656476
0,1543,1542,128,4.37308168,0.126248187,1013.87595,3008656476
0,1544,1543,128,4.14603567,0.126868151,1008.92146,3008656476
0,1545,1544,128,4.981359,0.126075215,1015.26696,3008656476
0,1546,1545,128,4.29013109,0.126553995,1011.42599,3008656476
0,1547,1546,128,3.6111455,0.125897896,1016.6969,3008656476
0,1548,1547,128,4.23954582,0.13473088,950.042039,3008656476
0,1549,1548,128,4.09471416,0.142165969,900.356118,3008656476
0,1550,1549,128,4.37856531,0.127542575,1003.58645,3008656476
0,1551,1550,128,3.97582078,0.12787915,1000.94503,3008656476
0,1552,1551,128,3.68994164,0.126386096,1012.76963,3008656476
0,1553,1552,128,4.32105207,0.127504803,1003.88375,3008656476
0,1554,1553,128,4.87431955,0.127570226,1003.36892,3008656476
0,1555,1554,128,4.74138069,0.125728072,1018.07017,3008656476
0,1556,1555,128,3.72320914,0.141524175,904.439118,3008656476
0,1557,1556,128,4.19687653,0.142504266,898.218724,3008656476
0,1558,1557,128,4.50175285,0.127531082,1003.67689,3008656476
0,1559,1558,128,3.99528241,0.126974843,1008.0737,3008656476
0,1560,1559,128,3.66531873,0.126778294,1009.63655,3008656476
0,1561,1560,128,3.82537675,0.126723674,1010.07173,3008656476
0,1562,1561,128,4.46048546,0.126565289,1011.33574,3008656476
0,1563,1562,128,4.75168753,0.126506869,1011.80277,3008656476
0,1564,1563,128,4.92825985,0.139034304,920.636104,3008656476
0,1565,1564,128,4.47357798,0.139772464,915.774083,3008656476
0,1566,1565,128,4.35087919,0.126043312,1015.52393,3008656476
0,1567,1566,128,3.54074097,0.12633734,1013.16048,3008656476
0,1568,1567,128,3.12677956,0.126038548,1015.56232,3008656476
0,1569,1568,128,2.57429504,0.127818581,1001.41935,3008656476
0,1570,1569,128,3.51051521,0.126449843,1012.25907,3008656476
0,1571,1570,128,3.85314965,0.127247959,1005.91004,3008656476
0,1572,1571,128,4.09072733,0.140790307,909.153497,3008656476
0,1573,1572,128,3.02190447,0.140964435,908.030455,3008656476
0,1574,1573,128,3.84244561,0.128634808,995.065037,3008656476
0,1575,1574,128,4.72388601,0.130201409,983.09228,3008656476
0,1576,1575,128,4.60694742,0.129753256,986.487769,3008656476
0,1577,1576,128,4.16614628,0.130288516,982.435014,3008656476
0,1578,1577,128,4.27748728,0.130514178,980.736361,3008656476
0,1579,1578,128,3.5903039,0.130111388,983.772458,3008656476
0,1580,1579,128,4.08938122,0.146416619,874.217701,3008656476
0,1581,1580,128,4.35985804,0.145610757,879.055934,3008656476
0,1582,1581,128,3.89534116,0.131897697,970.44909,3008656476
0,1583,1582,128,4.01625633,0.138898866,921.533801,3008656476
0,1584,1583,128,3.95228195,0.143452535,892.281199,3008656476
0,1585,1584,128,4.17446518,0.143578478,891.498516,3008656476
0,1586,1585,128,4.26667929,0.133579547,958.230529,3008656476
0,1587,1586,128,4.62672663,0.14484885,883.679781,3008656476
0,1588,1587,128,3.63618112,0.131424476,973.943392,3008656476
0,1589,1588,128,3.73999596,0.13317352,961.152037,3008656476
0,1590,1589,128,4.09816885,0.129584094,987.775552,3008656476
0,1591,1590,128,3.58925605,0.129694434,986.935183,3008656476
0,1592,1591,128,3.46977615,0.179157906,714.453539,3008656476
0,1593,1592,128,3.8340919,0.128449559,996.500113,3008656476
0,1594,1593,128,4.52017307,0.127382474,1004.84781,3008656476
0,1595,1594,128,4.46610022,0.141844149,902.398872,3008656476
0,1596,1595,128,4.0919404,0.143394995,892.639244,3008656476
0,1597,1596,128,3.71453547,0.126328768,1013.22923,3008656476
0,1598,1597,128,4.24357557,0.127568241,1003.38453,3008656476
0,1599,1598,128,3.81563282,0.126871066,1008.89828,3008656476
0,1600,1599,128,4.04804039,0.126435326,1012.37529,3008656476
0,1601,1600,128,3.22482967,0.127118588,1006.93378,3008656476
0,1602,1601,128,3.52314043,0.127354975,1005.06478,3008656476
0,1603,1602,128,3.74571347,0.138761292,922.44745,3008656476
0,1604,1603,128,3.63464665,0.141776173,902.831536,3008656476
0,1605,1604,128,3.23673368,0.126728812,1010.03077,3008656476
0,1606,1605,128,2.72931194,0.127333639,1005.23319,3008656476
0,1607,1606,128,2.62271833,0.126274961,1013.66097,3008656476
0,1608,1607,128,4.06822729,0.126645597,1010.69443,3008656476
0,1609,1608,128,4.03609943,0.126584129,1011.18522,3008656476
0,1610,1609,128,3.78815842,0.126816041,1009.33604,3008656476
0,1611,1610,128,3.7429285,0.140941102,908.18078,3008656476
0,1612,1611,128,4.27312469,0.139776296,915.748976,3008656476
0,1613,1612,128,4.19995165,0.127572563,1003.35054,3008656476
0,1614,1613,128,3.54855847,0.128162616,998.731174,3008656476
0,1615,1614,128,3.3046937,0.127315254,1005.37835,3008656476
0,1616,1615,128,3.31738305,0.127065954,1007.35088,3008656476
0,1617,1616,128,3.58596253,0.127553745,1003.49856,3008656476
0,1618,1617,128,3.72299528,0.126449725,1012.26001,3008656476
0,1619,1618,128,2.58314371,0.140616884,910.274758,3008656476
0,1620,1619,128,3.98278356,0.126934876,1008.39111,3008656476
0,1621,1620,128,4.60139513,0.128467638,996.359877,3008656476
0,1622,1621,128,4.33657408,0.125574932,1019.31172,3008656476
0,1623,1622,128,3.5699656,0.127049303,1007.4829,3008656476
0,1624,1623,128,4.09963369,0.126410056,1012.57767,3008656476
0,1625,1624,128,3.70998502,0.127054106,1007.44481,3008656476
0,1626,1625,128,3.41685367,0.128165355,998.709831,3008656476
0,1627,1626,128,4.07876635,0.129281345,990.088709,3008656476
0,1628,1627,128,3.92374897,0.134506498,951.626887,3008656476
0,1629,1628,128,3.75514627,0.144438937,886.187635,3008656476
0,1630,1629,128,3.39647388,0.132227759,968.026691,3008656476
0,1631,1630,128,3.9064548,0.138266515,925.748364,3008656476
0,1632,1631,128,3.64437985,0.143644174,891.090787,3008656476
0,1633,1632,128,4.00286627,0.143302814,893.213444,3008656476
0,1634,1633,128,3.73385334,0.13360379,958.056654,3008656476
0,1635,1634,128,3.75275588,0.146006507,876.673257,3008656476
0,1636,1635,128,3.58931184,0.143344963,892.950804,3008656476
0,1637,1636,128,3.3783567,0.130539064,980.549393,3008656476
0,1638,1637,128,3.63617849,0.130665187,979.60293,3008656476
0,1639,1638,128,4.59920835,0.13103254,976.856588,3008656476
0,1640,1639,128,4.67148876,0.118405309,1081.03261,3008656476
0,1641,1640,128,3.85887432,0.131421355,973.966522,3008656476
0,1642,1641,128,2.69426465,0.130050384,984.233926,3008656476
0,1643,1642,128,3.99271131,0.146793007,871.976143,3008656476
0,1644,1643,128,3.18263674,0.144769037,884.166965,3008656476
0,1645,1644,128,3.3085568,0.129391519,989.245671,3008656476
0,1646,1645,128,2.51009607,0.129819502,985.984371,3008656476
0,1647,1646,128,4.46370745,0.13000403,984.584862,3008656476
0,1648,1647,128,3.75542092,0.131325711,974.675858,3008656476
0,1649,1648,128,3.36139059,0.128913199,992.916171,3008656476
0,1650,1649,128,3.06739783,0.127848807,1001.18259,3008656476
0,1651,1650,128,3.36355877,0.142388889,898.946546,3008656476
0,1652,1651,128,3.73519492,0.142016137,901.306026,3008656476
0,1653,1652,128,4.06467199,0.128538306,995.812097,3008656476
0,1654,1653,128,3.11704373,0.127446323,1004.34439,3008656476
0,1655,1654,128,3.37368631,0.127285664,1005.61207,3008656476
0,1656,1655,128,3.27491093,0.127993219,1000.05298,3008656476
0,1657,1656,128,3.93505359,0.127031181,1007.62662,3008656476
0,1658,1657,128,3.99156857,0.126656793,1010.60509,3008656476
0,1659,1658,128,4.29434633,0.140144657,913.341991,3008656476
0,1660,1659,128,4.11969757,0.139412916,918.135878,3008656476
0,1661,1660,128,2.85674262,0.127795473,1001.60042,3008656476
0,1662,1661,128,3.10152078,0.126775076,1009.66218,3008656476
0,1663,1662,128,3.4913311,0.127324445,1005.30578,3008656476
0,1664,1663,128,4.11171198,0.126116598,1014.93382,3008656476
0,1665,1664,128,4.11913443,0.127119435,1006.92707,3008656476
0,1666,1665,128,3.69128323,0.127329513,1005.26576,3008656476
0,1667,1666,128,4.02566099,0.142042277,901.140158,3008656476
0,1668,1667,128,4.16766214,0.14059121,910.440987,3008656476
0,1669,1668,128,4.23163652,0.125950164,1016.27498,3008656476
0,1670,1669,128,3.89940715,0.126657615,1010.59853,3008656476
0,1671,1670,128,4.08238173,0.127419958,1004.55221,3008656476
0,1672,1671,128,2.93573236,0.127406371,1004.65934,3008656476
0,1673,1672,128,3.53137994,0.127806122,1001.51697,3008656476
0,1674,1673,128,3.67857552,0.126724667,1010.06381,3008656476
0,1675,1674,128,4.07328796,0.14049919,911.037281,3008656476
0,1676,1675,128,3.63783431,0.140091486,913.688645,3008656476
0,1677,1676,128,3.5886333,0.126899682,1008.67077,3008656476
0,1678,1677,128,4.33996153,0.12633875,1013.14917,3008656476
0,1679,1678,128,4.1883235,0.127164319,1006.57166,3008656476
0,1680,1679,128,4.21099949,0.126459181,1012.18432,3008656476
0,1681,1680,128,3.92364287,0.126989232,1007.95948,3008656476
0,1682,1681,128,4.3725462,0.126124264,1014.87213,3008656476
0,1683,1682,128,4.06983042,0.142511804,898.171214,3008656476
0,1684,1683,128,3.94999981,0.140718258,909.618992,3008656476
0,1685,1684,128,3.60801983,0.127019349,1007.72049,3008656476
0,1686,1685,128,2.89400268,0.126361619,1012.96581,3008656476
0,1687,1686,128,4.04309177,0.12652752,1011.63763,3008656476
0,1688,1687,128,3.48707962,0.12647193,1012.08229,3008656476
0,1689,1688,128,3.50787354,0.126281232,1013.61064,3008656476
0,1690,1689,128,4.01640987,0.125668939,1018.54922,3008656476
0,1691,1690,128,4.2232585,0.140135003,913.404911,3008656476
0,1692,1691,128,4.12976074,0.139107192,920.153719,3008656476
0,1693,1692,128,3.89257765,0.121438831,1054.02859,3008656476
0,1694,1693,128,4.27604771,0.128074147,999.421062,3008656476
0,1695,1694,128,4.30532312,0.127964833,1000.27482,3008656476
0,1696,1695,128,4.20847702,0.127392938,1004.76527,3008656476
0,1697,1696,128,4.10941362,0.128271426,997.883971,3008656476
0,1698,1697,128,4.15462065,0.129276317,990.127217,3008656476
0,1699,1698,128,4.65658283,0.1426389,897.370914,3008656476
0,1700,1699,128,4.26594639,0.128292462,997.720349,3008656476
0,1701,1700,128,4.16844702,0.136189572,939.86638,3008656476
0,1702,1701,128,3.95167661,0.130320056,982.197245,3008656476
0,1703,1702,128,2.69304156,0.131719262,971.76372,3008656476
0,1704,1703,128,3.03195691,0.131162366,975.889685,3008656476
0,1705,1704,128,2.88249993,0.131680874,972.047011,3008656476
0,1706,1705,128,3.13408422,0.138719249,922.727025,3008656476
0,1707,1706,128,3.53124857,0.155338004,824.009558,3008656476
0,1708,1707,128,3.58089304,0.145705781,878.482646,3008656476
0,1709,1708,128,4.45520973,0.131218178,975.474602,3008656476
0,1710,1709,128,3.61709309,0.131067987,976.5924,3008656476
0,1711,1710,128,4.18796635,0.133015736,962.292161,3008656476
0,1712,1711,128,3.80045915,0.130804841,978.557055,3008656476
0,1713,1712,128,3.25009251,0.130926175,977.650191,3008656476
0,1714,1713,128,3.57320285,0.130654759,979.681115,3008656476
0,1715,1714,128,3.83376741,0.144622186,885.064758,3008656476
0,1716,1715,128,3.46303701,0.142657937,897.251164,3008656476
0,1717,1716,128,3.48604465,0.132276245,967.67186,3008656476
0,1718,1717,128,4.33148098,0.129327154,989.73801,3008656476
0,1719,1718,128,3.15096736,0.128864593,993.290686,3008656476
0,1720,1719,128,3.87646699,0.128614632,995.221135,3008656476
0,1721,1720,128,4.45733833,0.128276728,997.842726,3008656476
0,1722,1721,128,3.6264472,0.128472246,996.32414,3008656476
0,1723,1722,128,4.09599972,0.141399363,905.237459,3008656476
0,1724,1723,128,4.21253538,0.143483974,892.08569,3008656476
0,1725,1724,128,4.58803749,0.127738004,1002.05104,3008656476
0,1726,1725,128,3.94337177,0.127927573,1000.56616,3008656476
0,1727,1726,128,4.63077211,0.1272672,1005.75796,3008656476
0,1728,1727,128,4.12704659,0.126735891,1009.97436,3008656476
0,1729,1728,128,3.90447378,0.125523532,1019.72911,3008656476
0,1730,1729,128,4.13534212,0.127389093,1004.7956,3008656476
0,1731,1730,128,3.19397998,0.140455521,911.320531,3008656476
0,1732,1731,128,3.55938816,0.140301119,912.323443,3008656476
0,1733,1732,128,3.8262372,0.125482644,1020.06139,3008656476
0,1734,1733,128,3.33815098,0.125742648,1017.95216,3008656476
0,1735,1734,128,4.11820841,0.127716783,1002.21754,3008656476
0,1736,1735,128,3.03012061,0.127587871,1003.23016,3008656476
0,1737,1736,128,3.93450618,0.126463212,1012.15206,3008656476
0,1738,1737,128,2.90735579,0.126800334,1009.46106,3008656476
0,1739,1738,128,3.3743794,0.138642785,923.235926,3008656476
0,1740,1739,128,2.89567995,0.141979766,901.536913,3008656476
0,1741,1740,128,3.04910398,0.12787111,1001.00797,3008656476
0,1742,1741,128,3.31800389,0.127453442,1004.2883,3008656476
0,1743,1742,128,3.7242465,0.128328965,997.436549,3008656476
0,1744,1743,128,3.80970263,0.126048472,1015.48236,3008656476
0,1745,1744,128,4.44975805,0.127667734,1002.60258,3008656476
0,1746,1745,128,2.75436115,0.126984092,1008.00028,3008656476
0,1747,1746,128,4.30337,0.141534034,904.376116,3008656476
0,1748,1747,128,4.65001345,0.14105326,907.458644,3008656476
0,1749,1748,128,3.65845013,0.128392208,996.945235,3008656476
0,1750,1749,128,4.24523687,0.127255597,1005.84967,3008656476
0,1751,1750,128,3.4752841,0.126728178,1010.03583,3008656476
0,1752,1751,128,4.23668575,0.125917497,1016.53863,3008656476
0,1753,1752,128,3.54029846,0.126928779,1008.43954,3008656476
0,1754,1753,128,4.48579931,0.126134241,1014.79185,3008656476
0,1755,1754,128,4.11006308,0.140042824,914.006133,3008656476
0,1756,1755,128,4.45843983,0.126380224,1012.81669,3008656476
0,1757,1756,128,3.8902967,0.129646041,987.303577,3008656476
0,1758,1757,128,3.35727286,0.127755042,1001.9174,3008656476
0,1759,1758,128,3.42082787,0.127566619,1003.39729,3008656476
0,1760,1759,128,3.89425087,0.128531829,995.862278,3008656476
0,1761,1760,128,4.32744455,0.128899193,993.02406,3008656476
0,1762,1761,128,3.26873636,0.130312084,982.257332,3008656476
0,1763,1762,128,4.67479944,0.144704767,884.559663,3008656476
0,1764,1763,128,3.55134177,0.125195821,1022.39834,3008656476
0,1765,1764,128,3.55795741,0.136549276,937.390543,3008656476
0,1766,1765,128,2.78883171,0.131565505,972.899393,3008656476
0,1767,1766,128,3.94115829,0.1313584,974.433306,3008656476
0,1768,1767,128,4.2644515,0.138563423,923.764708,3008656476
0,1769,1768,128,3.65318608,0.142488386,898.318829,3008656476
0,1770,1769,128,3.47063804,0.143974303,889.047541,3008656476
0,1771,1770,128,3.80640149,0.153158562,835.735191,3008656476
0,1772,1771,128,3.56573701,0.149233373,857.716993,3008656476
0,1773,1772,128,3.10270071,0.13291092,963.051042,3008656476
0,1774,1773,128,3.2312274,0.133272944,960.435,3008656476
0,1775,1774,128,3.06443548,0.144283179,887.144301,3008656476
0,1776,1775,128,3.65132666,0.134134856,954.263521,3008656476
0,1777,1776,128,3.68703794,0.13291496,963.02177,3008656476
0,1778,1777,128,3.40509129,0.130231053,982.868502,3008656476
0,1779,1778,128,2.91042161,0.143799896,890.125818,3008656476
0,1780,1779,128,3.92384076,0.147035363,870.538878,3008656476
0,1781,1780,128,3.13530922,0.130769729,978.8198,3008656476
0,1782,1781,128,2.32213473,0.131028765,976.884732,3008656476
0,1783,1782,128,2.53973818,0.129537002,988.134649,3008656476
0,1784,1783,128,3.05034041,0.129872083,985.585178,3008656476
0,1785,1784,128,3.49516129,0.129957963,984.933874,3008656476
0,1786,1785,128,3.54379869,0.129063208,991.762114,3008656476
0,1787,1786,128,2.73393774,0.142367405,899.082202,3008656476
0,1788,1787,128,3.12078261,0.144440344,886.179003,3008656476
0,1789,1788,128,2.78607249,0.130311781,982.259616,3008656476
0,1790,1789,128,3.21325278,0.130066364,984.113002,3008656476
0,1791,1790,128,2.62563372,0.130455045,981.180912,3008656476
0,1792,1791,128,3.96562314,0.131550693,973.008937,3008656476
0,1793,1792,128,3.60177779,0.129116398,991.353554,3008656476
0,1794,1793,128,3.23710775,0.12797996,1000.15659,3008656476
0,1795,1794,128,3.39978719,0.133463869,959.061062,3008656476
0,1796,1795,128,2.35466838,0.146550339,873.42002,3008656476
0,1797,1796,128,3.55985999,0.127423773,1004.52213,3008656476
0,1798,1797,128,3.88692474,0.128244071,998.096824,3008656476
0,1799,1798,128,3.61026812,0.128406147,996.837013,3008656476
0,1800,1799,128,3.04486418,0.127417217,1004.57382,3008656476
0,1801,1800,128,2.92172265,0.128228928,998.214693,3008656476
0,1802,1801,128,3.33183098,0.127319151,1005.34758,3008656476
0,1803,1802,128,2.6567409,0.142917492,895.62165,3008656476
0,1804,1803,128,3.61722136,0.146042213,876.458918,3008656476
0,1805,1804,128,2.9483726,0.12909124,991.546754,3008656476
0,1806,1805,128,3.88127017,0.128415972,996.760746,3008656476
0,1807,1806,128,3.40047193,0.128227739,998.223949,3008656476
0,1808,1807,128,3.85613537,0.126912238,1008.57098,3008656476
0,1809,1808,128,3.51040244,0.128924747,992.827234,3008656476
0,1810,1809,128,4.75835943,0.127748721,1001.96698,3008656476
0,1811,1810,128,3.42153811,0.141716587,903.211139,3008656476
0,1812,1811,128,3.20531154,0.143470005,892.172549,3008656476
0,1813,1812,128,2.89384246,0.128437922,996.5904,3008656476
0,1814,1813,128,2.78408718,0.127131735,1006.82965,3008656476
0,1815,1814,128,3.88663626,0.128308906,997.592482,3008656476
0,1816,1815,128,4.08150196,0.127192441,1006.34911,3008656476
0,1817,1816,128,3.39589357,0.128048059,999.62468,3008656476
0,1818,1817,128,3.6379509,0.128947256,992.653927,3008656476
0,1819,1818,128,2.42531466,0.145477775,879.859484,3008656476
0,1820,1819,128,2.39670253,0.143813861,890.039382,3008656476
0,1821,1820,128,3.09385657,0.129580006,987.806715,3008656476
0,1822,1821,128,3.71195674,0.131302661,974.846961,3008656476
0,1823,1822,128,4.68601847,0.129243992,990.374856,3008656476
0,1824,1823,128,4.02327824,0.127443622,1004.36568,3008656476
0,1825,1824,128,3.33374143,0.129232325,990.464267,3008656476
0,1826,1825,128,2.8867445,0.127376417,1004.89559,3008656476
0,1827,1826,128,3.95482159,0.13948222,917.679687,3008656476
0,1828,1827,128,3.05889082,0.14483238,883.780271,3008656476
0,1829,1828,128,3.16623402,0.128480809,996.257737,3008656476
0,1830,1829,128,3.47034597,0.128938535,992.721067,3008656476
0,1831,1830,128,3.3459332,0.128067774,999.470796,3008656476
0,1832,1831,128,3.93578553,0.127983633,1000.12788,3008656476
0,1833,1832,128,3.28519392,0.12784869,1001.18351,3008656476
0,1834,1833,128,3.40965319,0.127001909,1007.85887,3008656476
0,1835,1834,128,3.99387479,0.142017255,901.29893,3008656476
0,1836,1835,128,3.47323203,0.147126261,870.001039,3008656476
0,1837,1836,128,2.59728932,0.129340121,989.638783,3008656476
0,1838,1837,128,3.99464226,0.129708799,986.825882,3008656476
0,1839,1838,128,4.24786901,0.131434134,973.871825,3008656476
0,1840,1839,128,4.01475382,0.12883375,993.528481,3008656476
0,1841,1840,128,3.92178082,0.127946952,1000.41461,3008656476
0,1842,1841,128,3.97388291,0.128043145,999.663043,3008656476
0,1843,1842,128,3.92552042,0.135179174,946.89142,3008656476
0,1844,1843,128,4.1713953,0.147330868,868.792818,3008656476
0,1845,1844,128,3.96802878,0.128926279,992.815437,3008656476
0,1846,1845,128,2.75295281,0.126974887,1008.07335,3008656476
0,1847,1846,128,3.24089193,0.12747092,1004.15059,3008656476
0,1848,1847,128,2.727633,0.128602234,995.31708,3008656476
0,1849,1848,128,3.49697185,0.128376429,997.067772,3008656476
0,1850,1849,128,3.85824776,0.12833498,997.3898,3008656476
0,1851,1850,128,4.36293983,0.13692519,934.817034,3008656476
0,1852,1851,128,3.4034884,0.144634062,884.992084,3008656476
0,1853,1852,128,2.9959631,0.128630383,995.099268,3008656476
0,1854,1853,128,3.46956301,0.127889247,1000.86601,3008656476
0,1855,1854,128,4.27242804,0.127733056,1002.08986,3008656476
0,1856,1855,128,3.66631985,0.127238863,1005.98195,3008656476
0,1857,1856,128,3.26234341,0.127928523,1000.55873,3008656476
0,1858,1857,128,2.65410304,0.126807192,1009.40647,3008656476
0,1859,1858,128,4.06398344,0.143030597,894.913415,3008656476
0,1860,1859,128,3.03594255,0.143458839,892.24199,3008656476
0,1861,1860,128,3.84623003,0.129318179,989.8067,3008656476
0,1862,1861,128,3.86806273,0.127388035,1004.80394,3008656476
0,1863,1862,128,3.79611015,0.128568711,995.576599,3008656476
0,1864,1863,128,3.98990321,0.127693427,1002.40085,3008656476
0,1865,1864,128,4.22506714,0.127305752,1005.45339,3008656476
0,1866,1865,128,3.79992366,0.125443797,1020.37728,3008656476
0,1867,1866,128,3.74006677,0.144499184,885.818151,3008656476
0,1868,1867,128,4.6112361,0.141054923,907.447945,3008656476
0,1869,1868,128,3.68587685,0.128629464,995.106378,3008656476
0,1870,1869,128,3.43860865,0.126589425,1011.14291,3008656476
0,1871,1870,128,3.96399236,0.128844883,993.442634,3008656476
0,1872,1871,128,3.09133863,0.126991663,1007.94018,3008656476
0,1873,1872,128,3.80848861,0.127623763,1002.94802,3008656476
0,1874,1873,128,3.52835894,0.1266943,1010.30591,3008656476
0,1875,1874,128,4.05428457,0.143308615,893.177287,3008656476
0,1876,1875,128,3.44615388,0.14295078,895.413093,3008656476
0,1877,1876,128,3.12476683,0.127419776,1004.55364,3008656476
0,1878,1877,128,3.0771153,0.128196993,998.463357,3008656476
0,1879,1878,128,2.95514131,0.126934298,1008.3957,3008656476
0,1880,1879,128,2.3453505,0.126819217,1009.31076,3008656476
0,1881,1880,128,3.0706923,0.126011549,1015.77991,3008656476
0,1882,1881,128,3.60538292,0.126356019,1013.01071,3008656476
0,1883,1882,128,3.5123961,0.142289211,899.576286,3008656476
0,1884,1883,128,2.86254454,0.14581962,877.796829,3008656476
0,1885,1884,128,3.18664408,0.126917154,1008.53191,3008656476
0,1886,1885,128,3.17644119,0.127560287,1003.4471,3008656476
0,1887,1886,128,3.6180985,0.127671925,1002.56967,3008656476
0,1888,1887,128,2.6652658,0.126449564,1012.2613,3008656476
0,1889,1888,128,2.89829874,0.126227459,1014.04244,3008656476
0,1890,1889,128,4.12354517,0.128181447,998.584452,3008656476
0,1891,1890,128,3.95802879,0.143311271,893.160734,3008656476
0,1892,1891,128,3.52550793,0.140369284,911.880408,3008656476
0,1893,1892,128,3.69204497,0.125686043,1018.41061,3008656476
0,1894,1893,128,3.00644684,0.127070169,1007.31746,3008656476
0,1895,1894,128,3.35110784,0.126225626,1014.05716,3008656476
0,1896,1895,128,3.63015103,0.127086318,1007.18946,3008656476
0,1897,1896,128,3.93785381,0.127729193,1002.12017,3008656476
0,1898,1897,128,3.73855639,0.127943132,1000.44448,3008656476
0,1899,1898,128,4.03959179,0.141523075,904.446148,3008656476
0,1900,1899,128,5.47437239,0.139062562,920.449028,3008656476
0,1901,1900,128,4.11349726,0.126364037,1012.94643,3008656476
0,1902,1901,128,3.29276514,0.127471006,1004.14992,3008656476
0,1903,1902,128,3.55951786,0.127956743,1000.33806,3008656476
0,1904,1903,128,4.00171852,0.127236868,1005.99773,3008656476
0,1905,1904,128,2.51644921,0.126982932,1008.00949,3008656476
0,1906,1905,128,4.02064323,0.126729817,1010.02276,3008656476
0,1907,1906,128,2.73020196,0.143723024,890.601912,3008656476
0,1908,1907,128,3.10516453,0.140034992,914.057252,3008656476
0,1909,1908,128,3.67095065,0.126888623,1008.75868,3008656476
0,1910,1909,128,3.28943014,0.127638194,1002.83462,3008656476
0,1911,1910,128,3.50837255,0.127975613,1000.19056,3008656476
0,1912,1911,128,3.37556529,0.127546462,1003.55586,3008656476
0,1913,1912,128,3.42238665,0.128107886,999.15785,3008656476
0,1914,1913,128,3.43037367,0.127917288,1000.64661,3008656476
0,1915,1914,128,3.66057158,0.143048527,894.801245,3008656476
0,1916,1915,128,2.69449091,0.143628949,891.185244,3008656476
0,1917,1916,128,3.82234454,0.126603618,1011.02956,3008656476
0,1918,1917,128,3.20005083,0.127343614,1005.15445,3008656476
0,1919,1918,128,3.16695189,0.126777511,1009.64279,3008656476
0,1920,1919,128,2.97197843,0.125507704,1019.85771,3008656476
0,1921,1920,128,3.2634654,0.126412934,1012.55462,3008656476
0,1922,1921,128,3.6316309,0.127817747,1001.42588,3008656476
0,1923,1922,128,3.63295555,0.141516638,904.487287,3008656476
0,1924,1923,128,3.52303481,0.138436067,924.614537,3008656476
0,1925,1924,128,3.31718373,0.128523127,995.929705,3008656476
0,1926,1925,128,2.7949369,0.1271374,1006.78479,3008656476
0,1927,1926,128,3.43075109,0.127021024,1007.7072,3008656476
0,1928,1927,128,3.59830213,0.126561142,1011.36888,3008656476
0,1929,1928,128,4.04224539,0.127327629,1005.28064,3008656476
0,1930,1929,128,5.13196898,0.126021526,1015.69949,3008656476
0,1931,1930,128,4.32875776,0.14204394,901.129608,3008656476
0,1932,1931,128,2.55517817,0.139171904,919.725867,3008656476
0,1933,1932,128,2.50188899,0.125531178,1019.667,3008656476
0,1934,1933,128,3.0551908,0.126625271,1010.85667,3008656476
0,1935,1934,128,3.0424335,0.126989364,1007.95843,3008656476
0,1936,1935,128,2.51139092,0.126293017,1013.51605,3008656476
0,1937,1936,128,3.94456363,0.12617018,1014.50279,3008656476
0,1938,1937,128,3.52544308,0.126672002,1010.48375,3008656476
0,1939,1938,128,3.74321175,0.141244513,906.229894,3008656476
0,1940,1939,128,3.01342368,0.136832433,935.450735,3008656476
0,1941,1940,128,2.87774682,0.124244032,1030.23057,3008656476
0,1942,1941,128,2.2777133,0.128229605,998.209423,3008656476
0,1943,1942,128,4.11785889,0.128389054,996.969726,3008656476
0,1944,1943,128,3.18795848,0.127924625,1000.58921,3008656476
0,1945,1944,128,3.65915251,0.128002018,999.984235,3008656476
0,1946,1945,128,3.85721803,0.129312371,989.851157,3008656476
0,1947,1946,128,2.40824318,0.143603205,891.345009,3008656476
0,1948,1947,128,2.93527079,0.127550719,1003.52237,3008656476
0,1949,1948,128,3.98844409,0.132734452,964.331401,3008656476
0,1950,1949,128,3.52226734,0.131572669,972.84642,3008656476
0,1951,1950,128,4.19381809,0.131015807,976.98135,3008656476
0,1952,1951,128,4.20694017,0.133967791,955.453539,3008656476
0,1953,1952,128,3.4739244,0.135661753,943.523117,3008656476
0,1954,1953,128,3.31005287,0.144303488,887.019446,3008656476
0,1955,1954,128,3.50596881,0.144768947,884.167514,3008656476
0,1956,1955,128,3.35809541,0.145434176,880.123252,3008656476
0,1957,1956,128,3.94107533,0.131686159,972.008,3008656476
0,1958,1957,128,3.49610567,0.131021599,976.938161,3008656476
0,1959,1958,128,3.2058351,0.130639595,979.794832,3008656476
0,1960,1959,128,2.60095978,0.130404107,981.564177,3008656476
0,1961,1960,128,3.5670073,0.130816264,978.471607,3008656476
0,1962,1961,128,3.43266463,0.130626474,979.893249,3008656476
0,1963,1962,128,3.45305371,0.143838626,889.886142,3008656476
0,1964,1963,128,2.56702518,0.14186284,902.279977,3008656476
0,1965,1964,128,2.62440133,0.129348972,989.571065,3008656476
0,1966,1965,128,3.04857898,0.12870401,994.530007,3008656476
0,1967,1966,128,3.5652945,0.130750946,978.960412,3008656476
0,1968,1967,128,3.74859214,0.128112883,999.118879,3008656476
0,1969,1968,128,3.94327664,0.128662935,994.847506,3008656476
0,1970,1969,128,3.30254626,0.128380591,997.035448,3008656476
0,1971,1970,128,3.26573253,0.141053461,907.457351,3008656476
0,1972,1971,128,3.53122187,0.14177236,902.855818,3008656476
0,1973,1972,128,4.05409002,0.127564032,1003.41764,3008656476
0,1974,1973,128,3.3660481,0.125552842,1019.49106,3008656476
0,1975,1974,128,1.70045424,0.127162706,1006.58443,3008656476
0,1976,1975,128,2.68763661,0.126626129,1010.84982,3008656476
0,1977,1976,128,2.86220932,0.127040348,1007.55392,3008656476
0,1978,1977,128,2.88009548,0.125771151,1017.72146,3008656476
0,1979,1978,128,3.33057928,0.139570175,917.101379,3008656476
0,1980,1979,128,3.45049334,0.140125017,913.470005,3008656476
0,1981,1980,128,3.97963667,0.127057636,1007.41682,3008656476
0,1982,1981,128,3.91948557,0.127076141,1007.27012,3008656476
0,1983,1982,128,3.29329324,0.126330407,1013.21608,3008656476
0,1984,1983,128,4.07492447,0.126275957,1013.65298,3008656476
0,1985,1984,128,2.80810118,0.127458951,1004.24489,3008656476
0,1986,1985,128,2.59585023,0.127768371,1001.81288,3008656476
0,1987,1986,128,2.54310703,0.141593003,903.999472,3008656476
0,1988,1987,128,3.40194297,0.139770839,915.78473,3008656476
0,1989,1988,128,3.6447165,0.127229553,1006.05557,3008656476
0,1990,1989,128,4.10157251,0.127783707,1001.69265,3008656476
0,1991,1990,128,2.78373289,0.127780774,1001.71564,3008656476
0,1992,1991,128,2.49363661,0.126341348,1013.12834,3008656476
0,1993,1992,128,2.80615473,0.127667492,1002.60448,3008656476
0,1994,1993,128,3.55550313,0.126991604,1007.94065,3008656476
0,1995,1994,128,3.19348264,0.141062253,907.400791,3008656476
0,1996,1995,128,3.16638827,0.136973547,934.487007,3008656476
0,1997,1996,128,3.10696936,0.120380099,1063.29868,3008656476
0,1998,1997,128,3.57280254,0.126615547,1010.9343,3008656476
0,1999,1998,128,3.55025816,0.126753997,1009.83009,3008656476
0,2000,1999,128,4.67332697,0.126918706,1008.51958,3008656476
0,2001,2000,128,3.3340292,0.127408189,1004.645,3008656476
0,2002,2001,128,2.56637979,0.128470486,996.337789,3008656476
0,2003,2002,128,3.5220871,0.129160005,991.018853,3008656476
0,2004,2003,128,3.34679461,0.136608261,936.985795,3008656476
0,2005,2004,128,3.12364268,0.145800447,877.91226,3008656476
0,2006,2005,128,2.90331626,0.137832362,928.664344,3008656476
0,2007,2006,128,3.04812288,0.131060857,976.645529,3008656476
0,2008,2007,128,3.00133109,0.131033583,976.848813,3008656476
0,2009,2008,128,3.24766397,0.131856592,970.751618,3008656476
0,2010,2009,128,3.15766191,0.130599951,980.092251,3008656476
0,2011,2010,128,3.24538612,0.142973911,895.268228,3008656476
0,2012,2011,128,4.07572699,0.138576736,923.675962,3008656476
0,2013,2012,128,4.56390762,0.130504293,980.810647,3008656476
0,2014,2013,128,3.99999666,0.130020487,984.460241,3008656476
0,2015,2014,128,4.5717597,0.131663239,972.177207,3008656476
0,2016,2015,128,3.65066218,0.128936782,992.734564,3008656476
0,2017,2016,128,3.8217721,0.124197665,1030.61519,3008656476
0,2018,2017,128,4.50538731,0.128569789,995.568251,3008656476
0,2019,2018,128,3.9667244,0.141161842,906.760624,3008656476
0,2020,2019,128,3.81139731,0.140475823,911.188824,3008656476
0,2021,2020,128,3.28801656,0.127758281,1001.892,3008656476
0,2022,2021,128,4.07018423,0.12842224,996.712096,3008656476
0,2023,2022,128,4.18525505,0.127317103,1005.36375,3008656476
0,2024,2023,128,4.08349037,0.127170324,1006.52413,3008656476
0,2025,2024,128,4.39703703,0.125822399,1017.30694,3008656476
0,2026,2025,128,3.97959256,0.126526363,1011.64688,3008656476
0,2027,2026,128,3.96557999,0.138681528,922.978005,3008656476
0,2028,2027,128,4.33057165,0.12295117,1041.0637,3008656476
0,2029,2028,128,4.10031176,0.130351872,981.957513,3008656476
0,2030,2029,128,4.39214659,0.127664199,1002.63035,3008656476
0,2031,2030,128,4.29927015,0.12754292,1003.58373,3008656476
0,2032,2031,128,4.1221776,0.127463491,1004.20912,3008656476
0,2033,2032,128,3.31913018,0.127576864,1003.31671,3008656476
0,2034,2033,128,3.61813712,0.127209934,1006.21073,3008656476
0,2035,2034,128,3.43542838,0.127803205,1001.53983,3008656476
0,2036,2035,128,4.32392645,0.141980238,901.533916,3008656476
0,2037,2036,128,2.92056108,0.140785686,909.183338,3008656476
0,2038,2037,128,3.29584312,0.127330211,1005.26025,3008656476
0,2039,2038,128,3.56469297,0.126717085,1010.12425,3008656476
0,2040,2039,128,4.06565332,0.126472309,1012.07925,3008656476
0,2041,2040,128,3.6855545,0.126574125,1011.26514,3008656476
0,2042,2041,128,5.10873652,0.126392401,1012.71911,3008656476
0,2043,2042,128,4.72986364,0.126123622,1014.87729,3008656476
0,2044,2043,128,4.88460684,0.140549207,910.713071,3008656476
0,2045,2044,128,4.15556717,0.197716407,647.391898,3008656476
0,2046,2045,128,3.9527123,0.116835977,1095.55296,3008656476
0,2047,2046,128,3.81593394,0.128642636,995.004487,3008656476
0,2048,2047,128,3.92744851,0.130259871,982.651058,3008656476
0,2049,2048,128,4.1232605,0.130136755,983.580696,3008656476
0,2050,2049,128,3.95999241,0.129613627,987.550483,3008656476
0,2051,2050,128,3.97477055,0.144690706,884.645625,3008656476
0,2052,2051,128,4.21504259,0.145425704,880.174525,3008656476
0,2053,2052,128,3.38620973,0.133045649,962.075806,3008656476
0,2054,2053,128,4.01539707,0.132124003,968.786875,3008656476
0,2055,2054,128,4.4918375,0.13300759,962.351096,3008656476
0,2056,2055,128,3.48322582,0.139047245,920.550422,3008656476
0,2057,2056,128,3.66961646,0.143619009,891.246924,3008656476
0,2058,2057,128,3.99032521,0.143955901,889.161188,3008656476
0,2059,2058,128,3.66351724,0.152040556,841.880636,3008656476
0,2060,2059,128,3.68515635,0.155132604,825.10057,3008656476
0,2061,2060,128,2.77991772,0.13727542,932.432041,3008656476
0,2062,2061,128,4.21601534,0.132598331,965.321351,3008656476
0,2063,2062,128,3.82321477,0.133309223,960.173626,3008656476
0,2064,2063,128,3.35071301,0.132743908,964.262707,3008656476
0,2065,2064,128,3.49802113,0.133114429,961.578703,3008656476
0,2066,2065,128,3.315238,0.133058574,961.982352,3008656476
0,2067,2066,128,3.4203887,0.13828004,925.657817,3008656476
0,2068,2067,128,3.44503927,0.141906698,902.001116,3008656476
0,2069,2068,128,3.64886308,0.131668271,972.140053,3008656476
0,2070,2069,128,3.53641701,0.131467685,973.62329,3008656476
0,2071,2070,128,4.17946482,0.130625544,979.900225,3008656476
0,2072,2071,128,4.23942184,0.133015137,962.296494,3008656476
0,2073,2072,128,3.50010037,0.131203835,975.58124,3008656476
0,2074,2073,128,4.00064087,0.142248771,899.832027,3008656476
0,2075,2074,128,3.32843256,0.14314694,894.186072,3008656476
0,2076,2075,128,4.4492588,0.123402958,1037.25228,3008656476
0,2077,2076,128,3.98088741,0.128340989,997.343101,3008656476
0,2078,2077,128,3.55195999,0.128219564,998.287594,3008656476
0,2079,2078,128,3.26219106,0.131851353,970.79019,3008656476
0,2080,2079,128,4.18122816,0.128954506,992.598118,3008656476
0,2081,2080,128,3.78350973,0.129452364,988.780707,3008656476
0,2082,2081,128,3.70099688,0.142640829,897.358778,3008656476
0,2083,2082,128,3.41136956,0.12250646,1044.84286,3008656476
0,2084,2083,128,3.87171006,0.130791335,978.658105,3008656476
0,2085,2084,128,2.90642118,0.126570322,1011.29552,3008656476
0,2086,2085,128,3.87088871,0.126821342,1009.29385,3008656476
0,2087,2086,128,3.62829471,0.127856157,1001.12504,3008656476
0,2088,2087,128,2.98141098,0.127196631,1006.31596,3008656476
0,2089,2088,128,3.17481732,0.126860391,1008.98317,3008656476
0,2090,2089,128,4.01488543,0.126673761,1010.46972,3008656476
0,2091,2090,128,3.36217523,0.140528361,910.848167,3008656476
0,2092,2091,128,2.76310325,0.142477884,898.385043,3008656476
0,2093,2092,128,2.54832292,0.126703934,1010.22909,3008656476
0,2094,2093,128,2.44678926,0.127713138,1002.24614,3008656476
0,2095,2094,128,3.82165551,0.127423676,1004.5229,3008656476
0,2096,2095,128,2.68272352,0.127165079,1006.56565,3008656476
0,2097,2096,128,3.52423191,0.127127401,1006.86397,3008656476
0,2098,2097,128,3.63173318,0.126630899,1010.81175,3008656476
0,2099,2098,128,3.54583573,0.142016966,901.300764,3008656476
0,2100,2099,128,3.55080462,0.142089929,900.837947,3008656476
0,2101,2100,128,3.25883937,0.126587633,1011.15723,3008656476
0,2102,2101,128,3.4369812,0.12662333,1010.87217,3008656476
0,2103,2102,128,3.17828584,0.126098064,1015.08299,3008656476
0,2104,2103,128,2.39117432,0.126181236,1014.4139,3008656476
0,2105,2104,128,3.33799815,0.12632912,1013.2264,3008656476
0,2106,2105,128,2.97201085,0.12666179,1010.56522,3008656476
0,2107,2106,128,2.80648994,0.142452148,898.547349,3008656476
0,2108,2107,128,3.8639586,0.140147995,913.320237,3008656476
0,2109,2108,128,3.21538663,0.128362234,997.178033,3008656476
0,2110,2109,128,3.68595982,0.128450371,996.493813,3008656476
0,2111,2110,128,3.52984476,0.128186729,998.543305,3008656476
0,2112,2111,128,3.31447649,0.128550345,995.718837,3008656476
0,2113,2112,128,3.36627555,0.130002021,984.600078,3008656476
0,2114,2113,128,3.56701398,0.130260612,982.645468,3008656476
0,2115,2114,128,2.42932892,0.143515175,891.891746,3008656476
0,2116,2115,128,4.11352825,0.143865089,889.722454,3008656476
0,2117,2116,128,3.00255728,0.130008726,984.549299,3008656476
0,2118,2117,128,3.57300234,0.131339836,974.571036,3008656476
0,2119,2118,128,3.43011737,0.13134283,974.54882,3008656476
0,2120,2119,128,4.27250481,0.131777269,971.335959,3008656476
0,2121,2120,128,2.24910021,0.13814207,926.582322,3008656476
0,2122,2121,128,2.66150069,0.139809846,915.529225,3008656476
0,2123,2122,128,2.93355131,0.144928305,883.195315,3008656476
0,2124,2123,128,2.30298805,0.154184864,830.172279,3008656476
0,2125,2124,128,2.90328193,0.138245886,925.886503,3008656476
0,2126,2125,128,1.87006259,0.134627629,950.770662,3008656476
0,2127,2126,128,2.20501137,0.130802119,978.577419,3008656476
0,2128,2127,128,4.24257326,0.130552573,980.44793,3008656476
0,2129,2128,128,3.70129228,0.133115712,961.569435,3008656476
0,2130,2129,128,2.71300745,0.143282297,893.341346,3008656476
0,2131,2130,128,3.88067055,0.145865905,877.518293,3008656476
0,2132,2131,128,2.90902662,0.131016548,976.975824,3008656476
0,2133,2132,128,3.70749974,0.129712011,986.801446,3008656476
0,2134,2133,128,3.07927775,0.131037829,976.81716,3008656476
0,2135,2134,128,3.95801854,0.130320165,982.196424,3008656476
0,2136,2135,128,3.06072044,0.130001681,984.602653,3008656476
0,2137,2136,128,3.77778482,0.129751083,986.50429,3008656476
0,2138,2137,128,3.40855742,0.144490992,885.868373,3008656476
0,2139,2138,128,3.55659604,0.144226476,887.493084,3008656476
0,2140,2139,128,4.81552362,0.127871625,1001.00394,3008656476
0,2141,2140,128,3.82245374,0.131349033,974.502797,3008656476
0,2142,2141,128,3.47954869,0.126947638,1008.28973,3008656476
0,2143,2142,128,3.25884628,0.127836092,1001.28217,3008656476
0,2144,2143,128,3.08850884,0.129185912,990.820114,3008656476
0,2145,2144,128,3.69119287,0.126841515,1009.13333,3008656476
0,2146,2145,128,3.99027896,0.142564012,897.842297,3008656476
0,2147,2146,128,3.74586391,0.139627389,916.725586,3008656476
0,2148,2147,128,3.56628823,0.127632619,1002.87843,3008656476
0,2149,2148,128,3.79605412,0.126727205,1010.04358,3008656476
0,2150,2149,128,4.18362427,0.126607292,1011.00022,3008656476
0,2151,2150,128,4.24391317,0.127392418,1004.76937,3008656476
0,2152,2151,128,3.46540093,0.127334723,1005.22463,3008656476
0,2153,2152,128,3.50553775,0.126155669,1014.61949,3008656476
0,2154,2153,128,3.19058156,0.140113979,913.541967,3008656476
0,2155,2154,128,2.84604454,0.138908424,921.470393,3008656476
0,2156,2155,128,3.96642137,0.127196383,1006.31792,3008656476
0,2157,2156,128,3.79613686,0.126124135,1014.87316,3008656476
0,2158,2157,128,3.21698809,0.127109758,1007.00373,3008656476
0,2159,2158,128,1.90042794,0.127618662,1002.98811,3008656476
0,2160,2159,128,4.30021429,0.127653272,1002.71617,3008656476
0,2161,2160,128,5.21493483,0.127044785,1007.51873,3008656476
0,2162,2161,128,4.21330833,0.139267221,919.09639,3008656476
0,2163,2162,128,3.01021719,0.140210853,912.910786,3008656476
0,2164,2163,128,2.39315581,0.127339918,1005.18362,3008656476
0,2165,2164,128,2.71241832,0.127629627,1002.90194,3008656476
0,2166,2165,128,3.75406766,0.126612926,1010.95523,3008656476
0,2167,2166,128,3.50449324,0.127361283,1005.015,3008656476
0,2168,2167,128,3.18015552,0.127342986,1005.1594,3008656476
0,2169,2168,128,3.36853862,0.127027724,1007.65405,3008656476
0,2170,2169,128,3.70805478,0.137075909,933.789175,3008656476
0,2171,2170,128,3.01440215,0.123504646,1036.39826,3008656476
0,2172,2171,128,3.00083327,0.132010438,969.620296,3008656476
0,2173,2172,128,3.74589205,0.127683394,1002.47962,3008656476
0,2174,2173,128,4.2580514,0.128512357,996.013169,3008656476
0,2175,2174,128,3.62120247,0.130409775,981.521516,3008656476
0,2176,2175,128,3.08736324,0.129765085,986.397843,3008656476
0,2177,2176,128,1.70726562,0.13021257,983.008015,3008656476
0,2178,2177,128,2.65434766,0.13053253,980.598476,3008656476
0,2179,2178,128,2.81898165,0.138545452,923.884531,3008656476
0,2180,2179,128,3.72346544,0.152004852,842.078383,3008656476
0,2181,2180,128,3.81277013,0.132960472,962.69213,3008656476
0,2182,2181,128,2.63651156,0.13092377,977.66815,3008656476
0,2183,2182,128,3.4108386,0.130958428,977.409411,3008656476
0,2184,2183,128,4.00336742,0.130624079,979.911215,3008656476
0,2185,2184,128,3.89293408,0.131670159,972.126114,3008656476
0,2186,2185,128,3.81297064,0.142622988,897.47103,3008656476
0,2187,2186,128,3.85787964,0.143037649,894.869294,3008656476
0,2188,2187,128,3.8591435,0.132276474,967.670184,3008656476
0,2189,2188,128,3.33462334,0.130231419,982.86574,3008656476
0,2190,2189,128,3.27032256,0.129800141,986.13144,3008656476
0,2191,2190,128,3.28093672,0.128939482,992.713776,3008656476
0,2192,2191,128,3.94759727,0.12797469,1000.19777,3008656476
0,2193,2192,128,3.3160522,0.128296101,997.69205,3008656476
0,2194,2193,128,2.44288683,0.141874911,902.203209,3008656476
0,2195,2194,128,3.47032428,0.140676168,909.891148,3008656476
0,2196,2195,128,3.14699483,0.129069247,991.715711,3008656476
0,2197,2196,128,3.84954023,0.127428913,1004.48161,3008656476
0,2198,2197,128,3.68095827,0.127482679,1004.05797,3008656476
0,2199,2198,128,3.9536376,0.126533107,1011.59296,3008656476
0,2200,2199,128,2.84656358,0.127153071,1006.6607,3008656476
0,2201,2200,128,3.50781417,0.12645313,1012.23275,3008656476
0,2202,2201,128,3.70116901,0.136937812,934.730869,3008656476
0,2203,2202,128,3.26312041,0.136018931,941.045478,3008656476
0,2204,2203,128,3.93480039,0.119126308,1074.48978,3008656476
0,2205,2204,128,4.16006804,0.127627635,1002.91759,3008656476
0,2206,2205,128,2.96839857,0.1282913,997.729386,3008656476
0,2207,2206,128,3.28761029,0.1274866,1004.02709,3008656476
0,2208,2207,128,3.19308043,0.127149333,1006.6903,3008656476
0,2209,2208,128,3.36123419,0.126987884,1007.97018,3008656476
0,2210,2209,128,3.38617754,0.127047402,1007.49797,3008656476
0,2211,2210,128,3.02027869,0.143175641,894.006823,3008656476
0,2212,2211,128,2.60719991,0.137008862,934.246137,3008656476
0,2213,2212,128,2.99097514,0.125154036,1022.73969,3008656476
0,2214,2213,128,3.24129725,0.125830477,1017.24163,3008656476
0,2215,2214,128,3.16134071,0.127720811,1002.18593,3008656476
0,2216,2215,128,3.54095006,0.126013393,1015.76505,3008656476
0,2217,2216,128,2.76347613,0.126833925,1009.19372,3008656476
0,2218,2217,128,3.64282918,0.127304498,1005.46329,3008656476
0,2219,2218,128,3.11495113,0.142409482,898.816555,3008656476
0,2220,2219,128,3.99382854,0.143919422,889.386562,3008656476
0,2221,2220,128,3.16996408,0.129782987,986.261782,3008656476
0,2222,2221,128,2.43359733,0.130341133,982.038418,3008656476
0,2223,2222,128,3.20311213,0.130651458,979.705867,3008656476
0,2224,2223,128,3.1407876,0.129766784,986.384929,3008656476
0,2225,2224,128,3.02415657,0.131373903,974.318316,3008656476
0,2226,2225,128,2.91248274,0.131444102,973.797972,3008656476
0,2227,2226,128,3.53410792,0.148327725,862.953976,3008656476
0,2228,2227,128,3.27427697,0.150279845,851.744291,3008656476
0,2229,2228,128,3.32000542,0.134518225,951.543926,3008656476
0,2230,2229,128,3.06982994,0.132118834,968.824778,3008656476
0,2231,2230,128,4.12908316,0.133213829,960.861203,3008656476
0,2232,2231,128,2.52616692,0.133348445,959.891208,3008656476
0,2233,2232,128,3.51990867,0.133370639,959.731474,3008656476
0,2234,2233,128,2.94223309,0.144509367,885.755731,3008656476
0,2235,2234,128,3.20927119,0.146259589,875.156295,3008656476
0,2236,2235,128,2.39965701,0.132666769,964.823376,3008656476
0,2237,2236,128,2.98891163,0.132630992,965.083636,3008656476
0,2238,2237,128,4.26031399,0.131698606,971.916134,3008656476
0,2239,2238,128,3.23403358,0.1314454,973.788356,3008656476
0,2240,2239,128,3.03201628,0.131589207,972.724154,3008656476
0,2241,2240,128,3.04926467,0.131404681,974.090109,3008656476
0,2242,2241,128,3.06087756,0.144437697,886.195243,3008656476
0,2243,2242,128,3.94703293,0.143518166,891.873158,3008656476
0,2244,2243,128,3.34018874,0.129945151,985.030984,3008656476
0,2245,2244,128,3.5150876,0.131535917,973.11824,3008656476
0,2246,2245,128,3.71419787,0.129271919,990.160903,3008656476
0,2247,2246,128,2.47261024,0.129252512,990.309573,3008656476
0,2248,2247,128,2.75351262,0.128977412,992.421836,3008656476
0,2249,2248,128,3.20031738,0.129753534,986.485655,3008656476
0,2250,2249,128,3.47127938,0.143254077,893.517327,3008656476
0,2251,2250,128,3.34475636,0.143262847,893.46263,3008656476
0,2252,2251,128,2.49143696,0.129823209,985.956217,3008656476
0,2253,2252,128,2.3042357,0.128114291,999.107898,3008656476
0,2254,2253,128,3.22975492,0.128733403,994.302932,3008656476
0,2255,2254,128,3.8571322,0.127719352,1002.19738,3008656476
0,2256,2255,128,3.24040747,0.12781758,1001.42719,3008656476
0,2257,2256,128,3.51264262,0.129435574,988.908969,3008656476
0,2258,2257,128,3.11283994,0.142564975,897.836232,3008656476
0,2259,2258,128,3.51708984,0.142217226,900.031618,3008656476
0,2260,2259,128,3.00654173,0.127934894,1000.5089,3008656476
0,2261,2260,128,3.01957798,0.127558857,1003.45835,3008656476
0,2262,2261,128,3.07361007,0.12970403,986.862166,3008656476
0,2263,2262,128,2.71371651,0.128369336,997.122864,3008656476
0,2264,2263,128,3.24484777,0.128387779,996.979627,3008656476
0,2265,2264,128,2.55688429,0.129240996,990.397815,3008656476
0,2266,2265,128,2.71339893,0.142538551,898.002674,3008656476
0,2267,2266,128,3.42441702,0.140541893,910.760466,3008656476
0,2268,2267,128,2.79833055,0.127743098,1002.01108,3008656476
0,2269,2268,128,3.33319902,0.128398887,996.893376,3008656476
0,2270,2269,128,2.34499288,0.128390483,996.95863,3008656476
0,2271,2270,128,2.87736297,0.128408056,996.822193,3008656476
0,2272,2271,128,3.0189929,0.128930609,992.782094,3008656476
0,2273,2272,128,3.32403326,0.127949625,1000.39371,3008656476
0,2274,2273,128,2.61134887,0.142566385,897.827352,3008656476
0,2275,2274,128,2.553864,0.144930131,883.184188,3008656476
0,2276,2275,128,2.94211984,0.129239132,990.412099,3008656476
0,2277,2276,128,3.46608186,0.128583738,995.46025,3008656476
0,2278,2277,128,2.60996032,0.129030831,992.010971,3008656476
0,2279,2278,128,2.75041318,0.129640269,987.347535,3008656476
0,2280,2279,128,2.79255605,0.128321151,997.497287,3008656476
0,2281,2280,128,2.57171774,0.129070596,991.705345,3008656476
0,2282,2281,128,3.10772133,0.145451697,880.017233,3008656476
0,2283,2282,128,3.50504255,0.145922749,877.176457,3008656476
0,2284,2283,128,2.69511485,0.127988424,1000.09045,3008656476
0,2285,2284,128,2.81768298,0.128613161,995.232517,3008656476
0,2286,2285,128,2.20132065,0.127481863,1004.0644,3008656476
0,2287,2286,128,2.51274753,0.128749049,994.182101,3008656476
0,2288,2287,128,2.4671042,0.128471071,996.333252,3008656476
0,2289,2288,128,2.38827443,0.129200384,990.70913,3008656476
0,2290,2289,128,2.5543766,0.145857995,877.565882,3008656476
0,2291,2290,128,3.25748372,0.145458931,879.973468,3008656476
0,2292,2291,128,3.70830321,0.127686448,1002.45564,3008656476
0,2293,2292,128,2.69640756,0.128093639,999.26898,3008656476
0,2294,2293,128,3.61408782,0.128712545,994.464059,3008656476
0,2295,2294,128,3.97617292,0.128287691,997.757454,3008656476
0,2296,2295,128,3.95664215,0.129222908,990.536446,3008656476
0,2297,2296,128,4.14137936,0.128608491,995.268656,3008656476
0,2298,2297,128,3.03787923,0.144542777,885.550995,3008656476
0,2299,2298,128,2.9938693,0.146874948,871.48967,3008656476
0,2300,2299,128,4.35206842,0.128686786,994.663119,3008656476
0,2301,2300,128,3.63505602,0.127276531,1005.68423,3008656476
0,2302,2301,128,3.93784738,0.128372282,997.099981,3008656476
0,2303,2302,128,4.51135397,0.127932576,1000.52703,3008656476
0,2304,2303,128,3.76967835,0.127798543,1001.57636,3008656476
0,2305,2304,128,3.35036373,0.127307141,1005.44242,3008656476
0,2306,2305,128,3.80581045,0.143012943,895.023886,3008656476
0,2307,2306,128,4.3363986,0.146036475,876.493356,3008656476
0,2308,2307,128,3.81962276,0.127966202,1000.26412,3008656476
0,2309,2308,128,3.81046724,0.127890909,1000.853,3008656476
0,2310,2309,128,4.17767572,0.128136451,998.935112,3008656476
0,2311,2310,128,3.64339876,0.128054776,999.572246,3008656476
0,2312,2311,128,3.39322543,0.128024257,999.810528,3008656476
0,2313,2312,128,3.23033333,0.128535974,995.830163,3008656476
0,2314,2313,128,3.69701505,0.143808797,890.070724,3008656476
0,2315,2314,128,4.46627665,0.145089464,882.214301,3008656476
0,2316,2315,128,4.09444141,0.129022858,992.072273,3008656476
0,2317,2316,128,4.58769083,0.128312339,997.565791,3008656476
0,2318,2317,128,4.08887768,0.128353914,997.242671,3008656476
0,2319,2318,128,4.29540157,0.12746817,1004.17226,3008656476
0,2320,2319,128,4.14855194,0.128017966,999.85966,3008656476
0,2321,2320,128,4.07889891,0.128800095,993.788087,3008656476
0,2322,2321,128,4.28324604,0.145480621,879.842271,3008656476
0,2323,2322,128,3.96620202,0.143323943,893.081765,3008656476
0,2324,2323,128,4.04405308,0.12802418,999.811129,3008656476
0,2325,2324,128,3.59094119,0.128313104,997.559844,3008656476
0,2326,2325,128,4.33591223,0.128815037,993.672812,3008656476
0,2327,2326,128,4.00966501,0.128519094,995.960958,3008656476
0,2328,2327,128,4.62926245,0.1289998,992.2496,3008656476
0,2329,2328,128,4.11996841,0.12874277,994.230589,3008656476
0,2330,2329,128,3.66393328,0.145755063,878.185617,3008656476
0,2331,2330,128,4.16953182,0.146873793,871.496524,3008656476
0,2332,2331,128,3.94768214,0.129797524,986.151323,3008656476
0,2333,2332,128,3.31944418,0.127938704,1000.4791,3008656476
0,2334,2333,128,3.25148606,0.130616731,979.966341,3008656476
0,2335,2334,128,3.02803493,0.128050029,999.609301,3008656476
0,2336,2335,128,3.81112003,0.128746529,994.20156,3008656476
0,2337,2336,128,4.4180603,0.127873131,1000.99215,3008656476
0,2338,2337,128,4.17467737,0.147676241,866.760957,3008656476
0,2339,2338,128,3.48385954,0.146609236,873.069143,3008656476
0,2340,2339,128,3.40739012,0.13051238,980.749872,3008656476
0,2341,2340,128,3.2023325,0.129741658,986.575954,3008656476
0,2342,2341,128,4.13383961,0.129797744,986.149651,3008656476
0,2343,2342,128,3.97927046,0.129713383,986.791008,3008656476
0,2344,2343,128,4.14076757,0.128985367,992.36063,3008656476
0,2345,2344,128,3.73272491,0.128838788,993.489631,3008656476
0,2346,2345,128,4.28800964,0.145376277,880.473779,3008656476
0,2347,2346,128,4.14888763,0.145546573,879.443585,3008656476
0,2348,2347,128,4.04505444,0.131346605,974.520811,3008656476
0,2349,2348,128,4.18976593,0.130702116,979.32615,3008656476
0,2350,2349,128,4.36303711,0.131464667,973.645641,3008656476
0,2351,2350,128,3.61950183,0.131615824,972.527437,3008656476
0,2352,2351,128,3.81729412,0.131046633,976.751535,3008656476
0,2353,2352,128,3.20686603,0.132848834,963.501117,3008656476
0,2354,2353,128,3.29502153,0.128077824,999.392369,3008656476
0,2355,2354,128,3.92016602,0.135734498,943.017449,3008656476
0,2356,2355,128,3.54577136,0.128252402,998.03199,3008656476
0,2357,2356,128,3.75865817,0.127782541,1001.70179,3008656476
0,2358,2357,128,3.09855509,0.127961692,1000.29937,3008656476
0,2359,2358,128,3.26013684,0.12934333,989.614231,3008656476
0,2360,2359,128,3.54082108,0.128734325,994.29581,3008656476
0,2361,2360,128,3.63558793,0.128448597,996.507576,3008656476
0,2362,2361,128,3.04448128,0.13892493,921.360911,3008656476
0,2363,2362,128,3.07930422,0.144424144,886.278405,3008656476
0,2364,2363,128,2.71220613,0.128108719,999.151354,3008656476
0,2365,2364,128,2.64372087,0.128543253,995.773773,3008656476
0,2366,2365,128,3.07924628,0.128733557,994.301742,3008656476
0,2367,2366,128,2.82797909,0.128096857,999.243877,3008656476
0,2368,2367,128,3.83398604,0.128752837,994.152851,3008656476
0,2369,2368,128,3.51402402,0.127771484,1001.78847,3008656476
0,2370,2369,128,3.08777356,0.140283938,912.435178,3008656476
0,2371,2370,128,2.98180199,0.143954187,889.171775,3008656476
0,2372,2371,128,2.92222285,0.126597773,1011.07624,3008656476
0,2373,2372,128,4.08760643,0.126872464,1008.88716,3008656476
0,2374,2373,128,3.88337111,0.12662145,1010.88718,3008656476
0,2375,2374,128,4.02545977,0.126179559,1014.42738,3008656476
0,2376,2375,128,2.83381248,0.12579771,1017.5066,3008656476
0,2377,2376,128,3.06717467,0.125654814,1018.66372,3008656476
0,2378,2377,128,3.96734405,0.141014637,907.707191,3008656476
0,2379,2378,128,3.62627912,0.139964987,914.514428,3008656476
0,2380,2379,128,2.79006863,0.126021629,1015.69866,3008656476
0,2381,2380,128,3.36988974,0.127343809,1005.15291,3008656476
0,2382,2381,128,2.797786,0.127160119,1006.60491,3008656476
0,2383,2382,128,3.16875863,0.12760921,1003.0624,3008656476
0,2384,2383,128,3.47329903,0.129065336,991.745762,3008656476
0,2385,2384,64,3.14953017,0.125494071,509.984253,3008656476
1,2386,0,128,2.27338672,0.095317886,1342.87494,3008656476
1,2387,1,128,3.04972267,0.109252467,1171.59826,3008656476
1,2388,2,128,2.69006991,0.109488594,1169.07155,3008656476
1,2389,3,128,3.18437243,0.109471709,1169.25187,3008656476
1,2390,4,128,3.63595271,0.109283281,1171.26791,3008656476
1,2391,5,128,3.99079776,0.109398105,1170.03855,3008656476
1,2392,6,128,3.65294409,0.109336483,1170.69798,3008656476
1,2393,7,128,3.99207401,0.109359783,1170.44856,3008656476
1,2394,8,128,4.03593874,0.112910949,1133.63674,3008656476
1,2395,9,128,3.76947093,0.125266916,1021.81808,3008656476
1,2396,10,128,3.20173669,0.109145982,1172.74129,3008656476
1,2397,11,128,3.47500992,0.109500434,1168.94514,3008656476
1,2398,12,128,2.92177129,0.10932611,1170.80906,3008656476
1,2399,13,128,2.55383968,0.109246075,1171.66681,3008656476
1,2400,14,128,2.63654971,0.109172327,1172.45829,3008656476
1,2401,15,128,2.84061813,0.108069984,1184.41768,3008656476
1,2402,16,128,3.48537159,0.108094393,1184.15023,3008656476
1,2403,17,128,3.43427992,0.136269305,939.316451,3008656476
1,2404,18,128,3.26153946,0.146349321,874.619705,3008656476
1,2405,19,128,3.48776197,0.131062952,976.629918,3008656476
1,2406,20,128,3.2181592,0.131525879,973.192508,3008656476
1,2407,21,128,3.73307633,0.132264612,967.756969,3008656476
1,2408,22,128,3.07464361,0.132202871,968.208928,3008656476
1,2409,23,128,2.26839495,0.131226252,975.414584,3008656476
1,2410,24,128,2.63357806,0.131251551,975.226571,3008656476
1,2411,25,128,3.27374315,0.145884592,877.405888,3008656476
1,2412,26,128,3.17012239,0.145441422,880.079404,3008656476
1,2413,27,128,3.42635894,0.131432102,973.886882,3008656476
1,2414,28,128,3.02425098,0.132633095,965.068334,3008656476
1,2415,29,128,2.98523378,0.131927668,970.228626,3008656476
1,2416,30,128,2.78499317,0.133181186,961.096712,3008656476
1,2417,31,128,3.07306242,0.132372498,966.968229,3008656476
1,2418,32,128,3.47518659,0.132592171,965.366198,3008656476
1,2419,33,128,3.32987809,0.142332185,899.304679,3008656476
1,2420,34,128,3.37088275,0.141679652,903.446601,3008656476
1,2421,35,128,3.37311363,0.131880849,970.573066,3008656476
1,2422,36,128,3.3593061,0.132022871,969.528984,3008656476
1,2423,37,128,2.92118096,0.132487729,966.12721,3008656476
1,2424,38,128,2.9710741,0.132032878,969.455502,3008656476
1,2425,39,128,2.4159801,0.125483694,1020.05285,3008656476
1,2426,40,128,3.2706399,0.125584997,1019.23003,3008656476
1,2427,41,128,3.23534584,0.133604119,958.054295,3008656476
1,2428,42,128,3.41740727,0.141681371,903.435639,3008656476
1,2429,43,128,3.70618153,0.129188338,990.801507,3008656476
1,2430,44,128,3.87297964,0.130626487,979.893151,3008656476
1,2431,45,128,3.65411448,0.131192102,975.66849,3008656476
1,2432,46,128,2.89124632,0.138583883,923.628327,3008656476
1,2433,47,128,3.41416264,0.136008246,941.119408,3008656476
1,2434,48,128,3.04186153,0.144433599,886.220387,3008656476
1,2435,49,128,3.26836038,0.151954134,842.359445,3008656476
1,2436,50,128,2.70528984,0.139826178,915.42229,3008656476
1,2437,51,128,3.70591879,0.143713562,890.660549,3008656476
1,2438,52,128,2.67571378,0.133766696,956.889897,3008656476
1,2439,53,128,3.65281177,0.130913018,977.748447,3008656476
1,2440,54,128,2.62311435,0.131915733,970.316406,3008656476
1,2441,55,128,3.01636314,0.134662537,950.524198,3008656476
1,2442,56,128,3.80080533,0.144059057,888.524489,3008656476
1,2443,57,128,3.2339468,0.147448619,868.099009,3008656476
1,2444,58,128,3.1020658,0.129047783,991.880659,3008656476
1,2445,59,128,3.18394375,0.129937796,985.086741,3008656476
1,2446,60,128,3.030159,0.131863888,970.697906,3008656476
1,2447,61,128,3.90347886,0.130317834,982.213992,3008656476
1,2448,62,128,2.95865822,0.130262008,982.634937,3008656476
1,2449,63,128,3.82929087,0.128332074,997.412385,3008656476
1,2450,64,128,2.57391667,0.143614135,891.277171,3008656476
1,2451,65,128,3.46204066,0.140501837,911.020117,3008656476
1,2452,66,128,3.28345227,0.126593196,1011.11279,3008656476
1,2453,67,128,3.85799313,0.126457838,1012.19507,3008656476
1,2454,68,128,4.19259739,0.126904415,1008.63315,3008656476
1,2455,69,128,3.33640552,0.1258219,1017.31098,3008656476
1,2456,70,128,3.82920837,0.12596637,1016.14423,3008656476
1,2457,71,128,3.64085054,0.116637568,1097.41657,3008656476
1,2458,72,128,3.34527326,0.139105825,920.162761,3008656476
1,2459,73,128,3.28016806,0.138404713,924.823998,3008656476
1,2460,74,128,3.0463295,0.124716532,1026.32745,3008656476
1,2461,75,128,2.98025656,0.125431008,1020.48132,3008656476
1,2462,76,128,4.10366678,0.125177822,1022.54535,3008656476
1,2463,77,128,3.77928185,0.125331609,1021.29065,3008656476
1,2464,78,128,3.3666575,0.126444997,1012.29786,3008656476
1,2465,79,128,3.32728934,0.125741936,1017.95792,3008656476
1,2466,80,128,3.75848126,0.140368705,911.88417,3008656476
1,2467,81,128,3.65485334,0.140122837,913.484217,3008656476
1,2468,82,128,3.71363378,0.125819102,1017.3336,3008656476
1,2469,83,128,3.77039218,0.125603643,1019.07872,3008656476
1,2470,84,128,3.14529586,0.125829737,1017.24762,3008656476
1,2471,85,128,2.98157501,0.125039403,1023.67731,3008656476
1,2472,86,128,3.1014359,0.125030976,1023.74631,3008656476
1,2473,87,128,2.76715708,0.125276321,1021.74137,3008656476
1,2474,88,128,2.74566436,0.136674022,936.534962,3008656476
1,2475,89,128,3.37310266,0.139604893,916.873308,3008656476
1,2476,90,128,2.95439863,0.125259699,1021.87696,3008656476
1,2477,91,128,3.11217999,0.12457324,1027.50799,3008656476
1,2478,92,128,3.25479674,0.126942583,1008.32988,3008656476
1,2479,93,128,3.06604934,0.127818303,1001.42153,3008656476
1,2480,94,128,2.80743217,0.127648705,1002.75205,3008656476
1,2481,95,128,3.1984551,0.127131248,1006.8335,3008656476
1,2482,96,128,2.85619116,0.142638133,897.375739,3008656476
1,2483,97,128,3.39713597,0.122962438,1040.9683,3008656476
1,2484,98,128,3.39286184,0.136031309,940.959849,3008656476
1,2485,99,128,3.35897183,0.131596611,972.669425,3008656476
1,2486,100,128,3.51365376,0.132766411,964.099271,3008656476
1,2487,101,128,2.95461059,0.139512172,917.48267,3008656476
1,2488,102,128,3.23123956,0.140214389,912.887764,3008656476
1,2489,103,128,3.3970542,0.138076574,927.021842,3008656476
1,2490,104,128,2.50901866,0.15383451,832.062975,3008656476
1,2491,105,128,3.49298668,0.153937079,831.508567,3008656476
1,2492,106,128,3.22677588,0.132104354,968.930971,3008656476
1,2493,107,128,3.01136565,0.13050168,980.830285,3008656476
1,2494,108,128,3.4387219,0.131394302,974.167053,3008656476
1,2495,109,128,2.42342615,0.133804666,956.618359,3008656476
1,2496,110,128,3.09440184,0.133818164,956.521866,3008656476
1,2497,111,128,3.13679838,0.131323371,974.693225,3008656476
1,2498,112,128,3.59762096,0.147116523,870.058627,3008656476
1,2499,113,128,4.15892982,0.143482073,892.09751,3008656476
1,2500,114,128,3.87799573,0.130687922,979.432514,3008656476
1,2501,115,128,3.95406961,0.130098923,983.866715,3008656476
1,2502,116,128,2.93974352,0.131115923,976.235358,3008656476
1,2503,117,128,3.45021129,0.130801243,978.583973,3008656476
1,2504,118,128,3.21423244,0.127393905,1004.75765,3008656476
1,2505,119,128,3.68194008,0.128177643,998.614087,3008656476
1,2506,120,128,3.4178791,0.142407641,898.828175,3008656476
1,2507,121,128,3.24592113,0.142674658,897.146009,3008656476
1,2508,122,128,2.59567189,0.125980066,1016.03376,3008656476
1,2509,123,128,2.82905483,0.126519378,1011.70273,3008656476
1,2510,124,128,2.82057953,0.125306138,1021.49824,3008656476
1,2511,125,128,2.71416616,0.126826005,1009.25674,3008656476
1,2512,126,128,2.79570246,0.125711606,1018.20352,3008656476
1,2513,127,128,3.65485573,0.124588193,1027.38467,3008656476
1,2514,128,128,3.72625136,0.137540763,930.633197,3008656476
1,2515,129,128,3.44312,0.139302469,918.863829,3008656476
1,2516,130,128,3.53579283,0.12551879,1019.76764,3008656476
1,2517,131,128,3.21893215,0.126024151,1015.67834,3008656476
1,2518,132,128,2.77064347,0.125865879,1016.95552,3008656476
1,2519,133,128,3.20947695,0.12588831,1016.77431,3008656476
1,2520,134,128,3.39827132,0.126135359,1014.78286,3008656476
1,2521,135,128,3.087394,0.125066965,1023.45172,3008656476
1,2522,136,128,2.77706838,0.139041122,920.59096,3008656476
1,2523,137,128,2.79426432,0.139860658,915.196609,3008656476
1,2524,138,128,2.3490119,0.126507865,1011.7948,3008656476
1,2525,139,128,2.79475689,0.125401693,1020.71987,3008656476
1,2526,140,128,2.31369114,0.125164172,1022.65687,3008656476
1,2527,141,128,2.2218523,0.126038673,1015.56131,3008656476
1,2528,142,128,2.89973879,0.125947525,1016.29627,3008656476
1,2529,143,128,2.57589412,0.125162446,1022.67097,3008656476
1,2530,144,128,1.82729542,0.139544742,917.268527,3008656476
1,2531,145,128,1.64915013,0.139634648,916.677929,3008656476
1,2532,146,128,2.70396209,0.125329705,1021.30616,3008656476
1,2533,147,128,3.71508002,0.124999705,1024.00242,3008656476
1,2534,148,128,3.79547977,0.124384264,1029.06908,3008656476
1,2535,149,128,2.8126986,0.125746469,1017.92123,3008656476
1,2536,150,128,2.23520446,0.125340291,1021.2199,3008656476
1,2537,151,128,1.81886947,0.126036149,1015.58165,3008656476
1,2538,152,128,2.68771791,0.128165932,998.705335,3008656476
1,2539,153,128,3.215101,0.134447304,952.045866,3008656476
1,2540,154,128,2.29562187,0.146055373,876.379947,3008656476
1,2541,155,128,3.60063243,0.136700464,936.353808,3008656476
1,2542,156,128,3.86774683,0.129258569,990.263168,3008656476
1,2543,157,128,3.60888529,0.13019687,983.126553,3008656476
1,2544,158,128,3.03237176,0.129756998,986.45932,3008656476
1,2545,159,128,2.75158858,0.129924207,985.189773,3008656476
1,2546,160,128,3.10547376,0.141975439,901.56439,3008656476
1,2547,161,128,3.06285262,0.134546108,951.346731,3008656476
1,2548,162,128,2.68612027,0.123204994,1038.91893,3008656476
1,2549,163,128,3.76804543,0.125617452,1018.9667,3008656476
1,2550,164,128,3.603163,0.125102851,1023.15814,3008656476
1,2551,165,128,3.09863567,0.125316784,1021.41147,3008656476
1,2552,166,128,3.58800793,0.124618331,1027.13621,3008656476
1,2553,167,128,3.04201174,0.126141107,1014.73662,3008656476
1,2554,168,128,3.00046873,0.125493835,1019.97042,3008656476
1,2555,169,128,3.09742284,0.141262541,906.11424,3008656476
1,2556,170,128,3.1422441,0.142146946,900.47661,3008656476
1,2557,171,128,2.90994,0.124639862,1026.95878,3008656476
1,2558,172,128,2.98759365,0.125593741,1019.15907,3008656476
1,2559,173,128,2.96280408,0.126183932,1014.39223,3008656476
1,2560,174,128,2.68659735,0.126459377,1012.18275,3008656476
1,2561,175,128,3.21313,0.125745127,1017.93209,3008656476
1,2562,176,128,2.52880025,0.125192666,1022.42411,3008656476
1,2563,177,128,3.60965276,0.141101873,907.146002,3008656476
1,2564,178,128,2.58389592,0.140806841,909.046742,3008656476
1,2565,179,128,3.76707578,0.125182782,1022.50484,3008656476
1,2566,180,128,3.16461873,0.126000274,1015.87081,3008656476
1,2567,181,128,3.08786154,0.125519473,1019.76209,3008656476
1,2568,182,128,3.7919271,0.125214931,1022.24231,3008656476
1,2569,183,128,2.26729298,0.125991329,1015.94293,3008656476
1,2570,184,128,2.57525826,0.125158194,1022.70571,3008656476
1,2571,185,128,3.26173592,0.125130401,1022.93287,3008656476
1,2572,186,128,2.7893784,0.138920177,921.392434,3008656476
1,2573,187,128,2.55353189,0.12414271,1031.07142,3008656476
1,2574,188,128,3.38354635,0.123581086,1035.7572,3008656476
1,2575,189,128,3.21219182,0.125464515,1020.20878,3008656476
1,2576,190,128,3.16680598,0.125871996,1016.9061,3008656476
1,2577,191,128,2.56523371,0.127503814,1003.89154,3008656476
1,2578,192,128,2.45429707,0.126690212,1010.33851,3008656476
1,2579,193,128,3.15213633,0.140024135,914.128125,3008656476
1,2580,194,128,2.87925386,0.140644685,910.094825,3008656476
1,2581,195,128,3.44420075,0.128710106,994.482904,3008656476
1,2582,196,128,3.04238057,0.12907336,991.684109,3008656476
1,2583,197,128,2.85539818,0.130810258,978.516532,3008656476
1,2584,198,128,2.83278584,0.129583474,987.780278,3008656476
1,2585,199,128,3.4971931,0.130828161,978.382628,3008656476
1,2586,200,128,3.26249528,0.138708679,922.79734,3008656476
1,2587,201,128,2.85787225,0.141401979,905.220711,3008656476
1,2588,202,128,3.95201969,0.144167681,887.855025,3008656476
1,2589,203,128,3.22240877,0.129166399,990.969795,3008656476
1,2590,204,128,2.97223115,0.130705651,979.299663,3008656476
1,2591,205,128,3.19414186,0.127547286,1003.54938,3008656476
1,2592,206,128,2.46929669,0.127534952,1003.64644,3008656476
1,2593,207,128,2.61571336,0.128097431,999.239399,3008656476
1,2594,208,128,2.51798677,0.126853118,1009.04102,3008656476
1,2595,209,128,2.5970614,0.142393786,898.915631,3008656476
1,2596,210,128,2.36489129,0.142882671,895.839916,3008656476
1,2597,211,128,3.15052938,0.125236965,1022.06246,3008656476
1,2598,212,128,2.94726753,0.126660476,1010.57571,3008656476
1,2599,213,128,2.75842428,0.125493385,1019.97408,3008656476
1,2600,214,128,2.22033143,0.126179035,1014.4316,3008656476
1,2601,215,128,2.46134043,0.124827562,1025.41456,3008656476
1,2602,216,128,3.37041259,0.126547493,1011.47796,3008656476
1,2603,217,128,3.02290392,0.140224197,912.823912,3008656476
1,2604,218,128,2.64654684,0.141668313,903.518912,3008656476
1,2605,219,128,3.34712648,0.125747691,1017.91133,3008656476
1,2606,220,128,2.62237501,0.127019925,1007.71592,3008656476
1,2607,221,128,2.475734,0.125274625,1021.7552,3008656476
1,2608,222,128,2.87583828,0.126070983,1015.30104,3008656476
1,2609,223,128,2.52603436,0.126683882,1010.38899,3008656476
1,2610,224,128,2.84979939,0.125894649,1016.72312,3008656476
1,2611,225,128,2.85976362,0.138253981,925.832291,3008656476
1,2612,226,128,2.84075642,0.141129103,906.970974,3008656476
1,2613,227,128,3.34370303,0.125466195,1020.19512,3008656476
1,2614,228,128,2.91742277,0.125694343,1018.34336,3008656476
1,2615,229,128,2.80813169,0.126124387,1014.87114,3008656476
1,2616,230,128,3.22849441,0.125270156,1021.79165,3008656476
1,2617,231,128,3.45662785,0.126153066,1014.64042,3008656476
1,2618,232,128,2.91063213,0.125631746,1018.85076,3008656476
1,2619,233,128,3.40918756,0.127037167,1007.57914,3008656476
1,2620,234,128,3.21319675,0.128263373,997.946623,3008656476
1,2621,235,128,2.55998659,0.136985976,934.402219,3008656476
1,2622,236,128,3.36508441,0.128601447,995.323171,3008656476
1,2623,237,128,2.55264521,0.128287602,997.758147,3008656476
1,2624,238,128,3.20084333,0.128791426,993.854979,3008656476
1,2625,239,128,3.48620081,0.128911301,992.93079,3008656476
1,2626,240,128,3.26015043,0.129540405,988.108691,3008656476
1,2627,241,128,2.66995502,0.131076217,976.531082,3008656476
1,2628,242,128,2.85747218,0.142532362,898.041667,3008656476
1,2629,243,128,3.07634783,0.151154656,846.814801,3008656476
1,2630,244,128,3.45533419,0.129774491,986.32635,3008656476
1,2631,245,128,2.49993825,0.130423137,981.420958,3008656476
1,2632,246,128,3.09717727,0.173941727,735.878631,3008656476
1,2633,247,128,3.21031737,0.125657778,1018.63969,3008656476
1,2634,248,128,3.27707815,0.12610809,1015.00229,3008656476
1,2635,249,128,1.8139714,0.139528411,917.375888,3008656476
1,2636,250,128,2.60891914,0.138793732,922.231848,3008656476
1,2637,251,128,3.52810192,0.125400449,1020.73,3008656476
1,2638,252,128,3.23090696,0.125683394,1018.43208,3008656476
1,2639,253,128,2.95441556,0.125850255,1017.08177,3008656476
1,2640,254,128,3.34948087,0.126498832,1011.86705,3008656476
1,2641,255,128,3.31799388,0.12561897,1018.95438,3008656476
1,2642,256,128,2.74146461,0.126587229,1011.16045,3008656476
1,2643,257,128,3.24524546,0.140899142,908.451238,3008656476
1,2644,258,128,2.74562311,0.142096595,900.795688,3008656476
1,2645,259,128,3.10194874,0.127366381,1004.97477,3008656476
1,2646,260,128,3.34727359,0.126987401,1007.97401,3008656476
1,2647,261,128,2.99470115,0.127437135,1004.41681,3008656476
1,2648,262,128,3.32560277,0.126110961,1014.97918,3008656476
1,2649,263,128,2.38857412,0.126201973,1014.24722,3008656476
1,2650,264,128,2.78383303,0.125917749,1016.5366,3008656476
1,2651,265,128,2.71715975,0.126789158,1009.55004,3008656476
1,2652,266,128,2.80596399,0.128513331,996.005621,3008656476
1,2653,267,128,2.04022932,0.134692256,950.314471,3008656476
1,2654,268,128,2.06067014,0.126357808,1012.99636,3008656476
1,2655,269,128,3.00642109,0.126017649,1015.73074,3008656476
1,2656,270,128,3.53203654,0.12623482,1013.98331,3008656476
1,2657,271,128,2.42838287,0.127851394,1001.16233,3008656476
1,2658,272,128,2.87985778,0.128719446,994.410744,3008656476
1,2659,273,128,3.41593552,0.129520543,988.260218,3008656476
1,2660,274,128,2.60098004,0.143579423,891.492648,3008656476
1,2661,275,128,2.91411924,0.143204633,893.82583,3008656476
1,2662,276,128,3.09607124,0.130182378,983.235995,3008656476
1,2663,277,128,3.76443148,0.130680935,979.48488,3008656476
1,2664,278,128,2.57607722,0.131554499,972.980787,3008656476
1,2665,279,128,2.6673677,0.138913311,921.437975,3008656476
1,2666,280,128,2.78636932,0.143188501,893.926531,3008656476
1,2667,281,128,2.63049626,0.154088098,830.69362,3008656476
1,2668,282,128,2.11232114,0.148007494,864.821075,3008656476
1,2669,283,128,2.42796063,0.129300014,989.945755,3008656476
1,2670,284,128,2.23459578,0.129462686,988.701872,3008656476
1,2671,285,128,2.29461598,0.130380229,981.743942,3008656476
1,2672,286,128,2.75843549,0.129715261,986.776722,3008656476
1,2673,287,128,2.37285924,0.128450505,996.492774,3008656476
1,2674,288,128,2.249228,0.12897274,992.457786,3008656476
1,2675,289,128,3.04869175,0.14051854,910.911827,3008656476
1,2676,290,128,2.58914828,0.142235791,899.914143,3008656476
1,2677,291,128,3.38020372,0.127273216,1005.71042,3008656476
1,2678,292,128,2.9527638,0.127840221,1001.24983,3008656476
1,2679,293,128,2.47054386,0.127008654,1007.80534,3008656476
1,2680,294,128,2.4218986,0.130147822,983.497058,3008656476
1,2681,295,128,2.96072102,0.126162152,1014.56735,3008656476
1,2682,296,128,3.49740553,0.126766612,1009.7296,3008656476
1,2683,297,128,2.76085806,0.140640522,910.121764,3008656476
1,2684,298,128,2.92933917,0.139044119,920.571117,3008656476
1,2685,299,128,3.17763925,0.127215744,1006.16477,3008656476
1,2686,300,128,2.67690206,0.126669953,1010.5001,3008656476
1,2687,301,128,2.99170256,0.125667376,1018.56189,3008656476
1,2688,302,128,2.80000997,0.126382209,1012.80078,3008656476
1,2689,303,128,3.03992319,0.126617486,1010.91882,3008656476
1,2690,304,128,2.57870626,0.126679682,1010.42249,3008656476
1,2691,305,128,2.81875801,0.131611548,972.559034,3008656476
1,2692,306,128,2.71795034,0.123523063,1036.24373,3008656476
1,2693,307,128,2.27098083,0.131030744,976.869978,3008656476
1,2694,308,128,3.52232623,0.125129559,1022.93975,3008656476
1,2695,309,128,3.27646852,0.125140089,1022.85368,3008656476
1,2696,310,128,2.6730001,0.125864248,1016.96869,3008656476
1,2697,311,128,2.51560402,0.126335697,1013.17366,3008656476
1,2698,312,128,2.57213831,0.126353614,1013.02999,3008656476
1,2699,313,128,2.73300481,0.127255386,1005.85134,3008656476
1,2700,314,128,2.00234866,0.141401635,905.222913,3008656476
1,2701,315,128,2.76290464,0.14264698,897.320083,3008656476
1,2702,316,128,2.9452703,0.127864193,1001.06212,3008656476
1,2703,317,128,2.7779572,0.128446262,996.525691,3008656476
1,2704,318,128,3.09569931,0.129193678,990.760554,3008656476
1,2705,319,128,3.15688515,0.129473974,988.615673,3008656476
1,2706,320,128,3.59445381,0.128669147,994.799476,3008656476
1,2707,321,128,2.9275198,0.129571961,987.868047,3008656476
1,2708,322,128,2.93242455,0.144542503,885.552674,3008656476
1,2709,323,128,3.05687475,0.144815651,883.882364,3008656476
1,2710,324,128,2.19072175,0.13892831,921.338495,3008656476
1,2711,325,128,3.42772388,0.128651585,994.935274,3008656476
1,2712,326,128,3.14605427,0.129832693,985.884195,3008656476
1,2713,327,128,3.33037663,0.130757646,978.91025,3008656476
1,2714,328,128,3.18718791,0.130326753,982.146774,3008656476
1,2715,329,128,3.10006094,0.129131296,991.23918,3008656476
1,2716,330,128,4.03630209,0.141242831,906.240686,3008656476
1,2717,331,128,3.26849914,0.139935825,914.705009,3008656476
1,2718,332,128,2.7318449,0.131679179,972.059524,3008656476
1,2719,333,128,3.5086422,0.129539554,988.115182,3008656476
1,2720,334,128,3.07762742,0.130622053,979.926414,3008656476
1,2721,335,128,3.35871959,0.128273099,997.870957,3008656476
1,2722,336,128,3.24294567,0.129895177,985.409951,3008656476
1,2723,337,128,3.41272116,0.127944405,1000.43452,3008656476
1,2724,338,128,2.89828086,0.142804761,896.32866,3008656476
1,2725,339,128,3.26522207,0.139144451,919.907327,3008656476
1,2726,340,128,2.8690846,0.129199939,990.712542,3008656476
1,2727,341,128,2.93537951,0.130651873,979.702756,3008656476
1,2728,342,128,3.20676804,0.129337106,989.661853,3008656476
1,2729,343,128,2.76924181,0.128424585,996.693896,3008656476
1,2730,344,128,3.38326311,0.128809368,993.716544,3008656476
1,2731,345,128,2.51120734,0.128962142,992.539345,3008656476
1,2732,346,128,2.76240587,0.142332271,899.304136,3008656476
1,2733,347,128,3.78321838,0.137074795,933.796764,3008656476
1,2734,348,128,3.18720245,0.12922744,990.501708,3008656476
1,2735,349,128,3.44553185,0.12737439,1004.91158,3008656476
1,2736,350,128,3.54425597,0.127178796,1006.45708,3008656476
1,2737,351,128,3.34287286,0.126944514,1008.31455,3008656476
1,2738,352,128,3.87394166,0.127337606,1005.20187,3008656476
1,2739,353,128,3.42498398,0.126342662,1013.1178,3008656476
1,2740,354,128,2.77119851,0.143960792,889.130979,3008656476
1,2741,355,128,3.08874679,0.14540567,880.295796,3008656476
1,2742,356,128,3.31619716,0.128719311,994.411786,3008656476
1,2743,357,128,2.870121,0.1283676,997.136349,3008656476
1,2744,358,128,1.95996678,0.129300104,989.945066,3008656476
1,2745,359,128,2.68440723,0.127725995,1002.14526,3008656476
1,2746,360,128,2.81869698,0.130070466,984.081967,3008656476
1,2747,361,128,2.72778416,0.126674863,1010.46093,3008656476
1,2748,362,128,2.77384782,0.143761852,890.361373,3008656476
1,2749,363,128,2.95054913,0.14475878,884.229613,3008656476
1,2750,364,128,3.19561291,0.130282641,982.479316,3008656476
1,2751,365,128,3.2684207,0.128610221,995.255268,3008656476
1,2752,366,128,3.29149795,0.128807209,993.7332,3008656476
1,2753,367,128,3.34594798,0.129177447,990.885042,3008656476
1,2754,368,128,2.60704947,0.127325669,1005.29611,3008656476
1,2755,369,128,3.08772707,0.12796412,1000.28039,3008656476
1,2756,370,128,3.01262307,0.141085831,907.249148,3008656476
1,2757,371,128,2.64561558,0.146108877,876.059023,3008656476
1,2758,372,128,3.078439,0.130509869,980.768742,3008656476
1,2759,373,128,3.55307055,0.129710868,986.810141,3008656476
1,2760,374,128,3.27368069,0.128690009,994.638208,3008656476
1,2761,375,128,2.5897429,0.127931487,1000.53554,3008656476
1,2762,376,128,3.65325594,0.127132986,1006.81974,3008656476
1,2763,377,128,2.31441784,0.128111346,999.130865,3008656476
1,2764,378,128,2.94876933,0.138131968,926.650086,3008656476
1,2765,379,128,2.04537463,0.147260581,869.20749,3008656476
1,2766,380,128,2.67070627,0.129319214,989.798778,3008656476
1,2767,381,128,2.46585178,0.128701885,994.546428,3008656476
1,2768,382,128,2.19452596,0.129112966,991.379905,3008656476
1,2769,383,128,2.36824536,0.128521146,995.945056,3008656476
1,2770,384,128,3.77272296,0.129682665,987.02475,3008656476
1,2771,385,128,4.07327461,0.127828849,1001.33891,3008656476
1,2772,386,128,2.95569754,0.137718268,929.433704,3008656476
1,2773,387,128,2.43795204,0.14709725,870.172624,3008656476
1,2774,388,128,3.23677087,0.129030191,992.015892,3008656476
1,2775,389,128,3.81734729,0.128752699,994.153917,3008656476
1,2776,390,128,3.19934726,0.128812867,993.689551,3008656476
1,2777,391,128,3.36403871,0.128412363,996.788759,3008656476
1,2778,392,128,2.50670815,0.130550312,980.464911,3008656476
1,2779,393,128,3.30346656,0.127816671,1001.43431,3008656476
1,2780,394,128,2.81787372,0.141660289,903.570089,3008656476
1,2781,395,128,3.26456809,0.144661629,884.823439,3008656476
1,2782,396,128,3.06495023,0.131287274,974.961214,3008656476
1,2783,397,128,3.65016222,0.130255957,982.680585,3008656476
1,2784,398,128,3.03491282,0.128272205,997.877911,3008656476
1,2785,399,128,3.61090827,0.129057756,991.804011,3008656476
1,2786,400,128,3.0551405,0.129459388,988.727059,3008656476
1,2787,401,128,3.3135922,0.128275273,997.854045,3008656476
1,2788,402,128,3.04032469,0.13375332,956.985591,3008656476
1,2789,403,128,2.74633121,0.145606926,879.079062,3008656476
1,2790,404,128,2.92735624,0.126852717,1009.04421,3008656476
1,2791,405,128,2.7856288,0.128504361,996.075145,3008656476
1,2792,406,128,2.80614853,0.126862718,1008.96467,3008656476
1,2793,407,128,1.90263951,0.125965423,1016.15187,3008656476
1,2794,408,128,2.52353954,0.1255692,1019.35825,3008656476
1,2795,409,128,3.32669282,0.125738324,1017.98717,3008656476
1,2796,410,128,2.18750262,0.141535709,904.365414,3008656476
1,2797,411,128,3.27771306,0.144732784,884.388433,3008656476
1,2798,412,128,2.39101052,0.126775747,1009.65684,3008656476
1,2799,413,128,2.53695798,0.12808469,999.338797,3008656476
1,2800,414,128,2.58194327,0.126656486,1010.60754,3008656476
1,2801,415,128,3.55593824,0.12672697,1010.04545,3008656476
1,2802,416,128,2.85915327,0.126472004,1012.08169,3008656476
1,2803,417,128,2.32337976,0.126373942,1012.86704,3008656476
1,2804,418,128,2.76521158,0.143667293,890.947392,3008656476
1,2805,419,128,1.98176265,0.14045793,911.304901,3008656476
1,2806,420,128,1.68584657,0.127157144,1006.62846,3008656476
1,2807,421,128,3.0561893,0.126701281,1010.25024,3008656476
1,2808,422,128,2.49283481,0.129940964,985.062724,3008656476
1,2809,423,128,3.01270461,0.1273176,1005.35982,3008656476
1,2810,424,128,3.65307736,0.12653208,1011.60117,3008656476
1,2811,425,128,3.72308612,0.126297652,1013.47886,3008656476
1,2812,426,128,4.17824936,0.14019855,912.990898,3008656476
1,2813,427,128,2.93149734,0.140370375,911.873321,3008656476
1,2814,428,128,2.03529215,0.127018656,1007.72598,3008656476
1,2815,429,128,2.03371072,0.126382148,1012.80127,3008656476
1,2816,430,128,2.15815568,0.127076317,1007.26873,3008656476
1,2817,431,128,2.08906651,0.125310044,1021.4664,3008656476
1,2818,432,128,2.41257334,0.126286292,1013.57002,3008656476
1,2819,433,128,2.20679784,0.125484197,1020.04876,3008656476
1,2820,434,128,3.14218616,0.138590787,923.582316,3008656476
1,2821,435,128,3.35197496,0.139355067,918.517014,3008656476
1,2822,436,128,3.73101068,0.125590316,1019.18686,3008656476
1,2823,437,128,2.43168926,0.125893281,1016.73417,3008656476
1,2824,438,128,2.3703959,0.125309847,1021.46801,3008656476
1,2825,439,128,3.05547071,0.125575654,1019.30586,3008656476
1,2826,440,128,2.88721514,0.125976556,1016.06207,3008656476
1,2827,441,128,2.54214597,0.126887546,1008.76724,3008656476
1,2828,442,128,2.5816021,0.140607971,910.332459,3008656476
1,2829,443,128,2.51469994,0.140716878,909.627913,3008656476
1,2830,444,128,2.46311975,0.127225345,1006.08884,3008656476
1,2831,445,128,2.56441998,0.126006839,1015.81788,3008656476
1,2832,446,128,2.73345542,0.126852315,1009.04741,3008656476
1,2833,447,128,3.43365526,0.126740977,1009.93383,3008656476
1,2834,448,128,3.07543969,0.126141425,1014.73406,3008656476
1,2835,449,128,3.13141227,0.125168066,1022.62505,3008656476
1,2836,450,128,2.90948915,0.141797329,902.696834,3008656476
1,2837,451,128,3.60786843,0.139917822,914.822702,3008656476
1,2838,452,128,3.09109378,0.125772793,1017.70818,3008656476
1,2839,453,128,2.70274663,0.125316789,1021.41142,3008656476
1,2840,454,128,3.35697412,0.12574857,1017.90422,3008656476
1,2841,455,128,3.65215135,0.124694376,1026.50981,3008656476
1,2842,456,128,3.31351542,0.125047543,1023.61068,3008656476
1,2843,457,128,3.51052713,0.126136815,1014.77114,3008656476
1,2844,458,128,3.27968478,0.140729564,909.545915,3008656476
1,2845,459,128,2.36750269,0.126374433,1012.8631,3008656476
1,2846,460,128,3.30690694,0.130562079,980.376546,3008656476
1,2847,461,128,3.27758574,0.129850515,985.748882,3008656476
1,2848,462,128,3.16994739,0.12866195,994.855122,3008656476
1,2849,463,128,2.41262937,0.130972493,977.304448,3008656476
1,2850,464,128,2.45896792,0.130907928,977.786464,3008656476
1,2851,465,128,2.47970557,0.131426977,973.924859,3008656476
1,2852,466,128,2.42696333,0.150229999,852.026898,3008656476
1,2853,467,128,2.69831181,0.142997786,895.118754,3008656476
1,2854,468,128,3.72170115,0.123484362,1036.5685,3008656476
1,2855,469,128,3.44534802,0.133037163,962.137174,3008656476
1,2856,470,128,3.39332581,0.129286066,990.052555,3008656476
1,2857,471,128,2.2130971,0.130298127,982.362548,3008656476
1,2858,472,128,3.80383515,0.129528792,988.19728,3008656476
1,2859,473,128,3.2862556,0.128740622,994.247177,3008656476
1,2860,474,128,2.78550291,0.141082732,907.269077,3008656476
1,2861,475,128,2.12892199,0.140855957,908.72976,3008656476
1,2862,476,128,2.81134367,0.124291205,1029.83956,3008656476
1,2863,477,128,2.91212344,0.128140342,998.904779,3008656476
1,2864,478,128,3.23895264,0.127156504,1006.63353,3008656476
1,2865,479,128,3.62568736,0.126792973,1009.51967,3008656476
1,2866,480,128,3.21796894,0.126334202,1013.18565,3008656476
1,2867,481,128,2.59659314,0.125793139,1017.54357,3008656476
1,2868,482,128,2.4848218,0.139785059,915.691569,3008656476
1,2869,483,128,3.20146179,0.120696453,1060.5117,3008656476
1,2870,484,128,3.28956938,0.140003009,914.266064,3008656476
1,2871,485,128,2.71686506,0.126725233,1010.0593,3008656476
1,2872,486,128,2.29363632,0.126090708,1015.14221,3008656476
1,2873,487,128,3.1473248,0.127100387,1007.07797,3008656476
1,2874,488,128,2.62600517,0.126874876,1008.86798,3008656476
1,2875,489,128,3.60705996,0.126886345,1008.77679,3008656476
1,2876,490,128,3.75456715,0.126671089,1010.49104,3008656476
1,2877,491,128,3.75456858,0.140238253,912.73242,3008656476
1,2878,492,128,2.86097383,0.140808052,909.038923,3008656476
1,2879,493,128,3.12793517,0.125863203,1016.97714,3008656476
1,2880,494,128,3.07728004,0.126059597,1015.39274,3008656476
1,2881,495,128,3.27159214,0.126253184,1013.83582,3008656476
1,2882,496,128,3.56407714,0.125982185,1016.01667,3008656476
1,2883,497,128,3.73537302,0.126110742,1014.98094,3008656476
1,2884,498,128,3.66075063,0.125048001,1023.60693,3008656476
1,2885,499,128,3.19798827,0.140233948,912.760439,3008656476
1,2886,500,128,3.6456852,0.140413119,911.595732,3008656476
1,2887,501,128,3.71292615,0.124944645,1024.45367,3008656476
1,2888,502,128,2.89698696,0.124970515,1024.2416,3008656476
1,2889,503,128,3.44718242,0.1261168,1014.93219,3008656476
1,2890,504,128,3.68904591,0.126226819,1014.04758,3008656476
1,2891,505,128,3.59600091,0.12700155,1007.86172,3008656476
1,2892,506,128,3.71092033,0.127494295,1003.96649,3008656476
1,2893,507,128,2.88527155,0.142640754,897.35925,3008656476
1,2894,508,128,3.43692946,0.143812114,890.050194,3008656476
1,2895,509,128,3.38205147,0.127925416,1000.58303,3008656476
1,2896,510,128,3.37451506,0.129624912,987.464508,3008656476
1,2897,511,128,3.49347258,0.130293855,982.394757,3008656476
1,2898,512,128,3.56155491,0.129097627,991.497698,3008656476
1,2899,513,128,3.57395411,0.130651602,979.704788,3008656476
1,2900,514,128,3.24676275,0.130995834,977.130311,3008656476
1,2901,515,128,3.66365194,0.144375804,886.575149,3008656476
1,2902,516,128,3.09815645,0.153521889,833.757328,3008656476
1,2903,517,128,3.38771391,0.1431007,894.47501,3008656476
1,2904,518,128,3.70262361,0.138930469,921.324177,3008656476
1,2905,519,128,3.37261891,0.142930697,895.538906,3008656476
1,2906,520,128,2.94185448,0.142934473,895.515248,3008656476
1,2907,521,128,3.12973142,0.131092836,976.407284,3008656476
1,2908,522,128,2.732862,0.143521524,891.852291,3008656476
1,2909,523,128,3.2105,0.14364218,891.103156,3008656476
1,2910,524,128,2.58791256,0.130171382,983.319052,3008656476
1,2911,525,128,2.95581412,0.129170355,990.939446,3008656476
1,2912,526,128,3.54831457,0.129351916,989.548543,3008656476
1,2913,527,128,3.07893705,0.127972642,1000.21378,3008656476
1,2914,528,128,3.60101867,0.127386969,1004.81235,3008656476
1,2915,529,128,2.73356056,0.127466788,1004.18314,3008656476
1,2916,530,128,2.46465683,0.140616503,910.277224,3008656476
1,2917,531,128,3.42187452,0.135213763,946.649196,3008656476
1,2918,532,128,3.97938561,0.121841554,1050.54471,3008656476
1,2919,533,128,3.52581024,0.126973548,1008.08398,3008656476
1,2920,534,128,3.38662529,0.126556384,1011.4069,3008656476
1,2921,535,128,3.43083358,0.125515536,1019.79408,3008656476
1,2922,536,128,3.27434707,0.126163954,1014.55286,3008656476
1,2923,537,128,3.47877336,0.126211429,1014.17123,3008656476
1,2924,538,128,2.37920523,0.126367148,1012.92149,3008656476
1,2925,539,128,2.83095145,0.130527893,980.633312,3008656476
1,2926,540,128,3.06089902,0.140909559,908.384079,3008656476
1,2927,541,128,3.36289287,0.126238584,1013.95307,3008656476
1,2928,542,128,3.24928856,0.12634702,1013.08286,3008656476
1,2929,543,128,3.66108346,0.126150509,1014.66099,3008656476
1,2930,544,128,2.77290154,0.125670444,1018.53702,3008656476
1,2931,545,128,2.34838986,0.125267584,1021.81263,3008656476
1,2932,546,128,2.81191301,0.124867159,1025.08939,3008656476
1,2933,547,128,3.57393909,0.140185595,913.07527,3008656476
1,2934,548,128,3.50606275,0.139312371,918.798518,3008656476
1,2935,549,128,3.49358344,0.125822945,1017.30253,3008656476
1,2936,550,128,2.88392544,0.126175502,1014.46,3008656476
1,2937,551,128,2.55775952,0.125950686,1016.27076,3008656476
1,2938,552,128,3.03048277,0.127056396,1007.42665,3008656476
1,2939,553,128,3.43364191,0.127600905,1003.12768,3008656476
1,2940,554,128,3.92632055,0.129163292,990.993633,3008656476
1,2941,555,128,3.6926744,0.142028452,901.227875,3008656476
1,2942,556,128,2.74059725,0.143841527,889.868195,3008656476
1,2943,557,128,3.01949334,0.129332832,989.694558,3008656476
1,2944,558,128,4.0444293,0.130510857,980.761317,3008656476
1,2945,559,128,4.02442074,0.131472734,973.5859,3008656476
1,2946,560,128,3.82548618,0.139028408,920.675147,3008656476
1,2947,561,128,3.43716693,0.143397939,892.620918,3008656476
1,2948,562,128,3.68803287,0.138757586,922.472087,3008656476
1,2949,563,128,3.9899323,0.146549893,873.422678,3008656476
1,2950,564,128,3.41243291,0.140026723,914.11123,3008656476
1,2951,565,128,3.05826139,0.130402406,981.576981,3008656476
1,2952,566,128,2.3742013,0.129711575,986.804763,3008656476
1,2953,567,128,3.61587286,0.130141847,983.542211,3008656476
1,2954,568,128,3.4117527,0.128963667,992.527609,3008656476
1,2955,569,128,3.61973262,0.130001353,984.605137,3008656476
1,2956,570,128,4.01157904,0.141316091,905.770879,3008656476
1,2957,571,128,2.77092838,0.124032558,1031.9871,3008656476
1,2958,572,128,2.69031191,0.141206018,906.476946,3008656476
1,2959,573,128,3.71806979,0.127244449,1005.93779,3008656476
1,2960,574,128,3.2631402,0.127572654,1003.34982,3008656476
1,2961,575,128,3.35840106,0.126636387,1010.76794,3008656476
1,2962,576,128,2.79907393,0.128266621,997.921353,3008656476
1,2963,577,128,3.95870161,0.126315538,1013.33535,3008656476
1,2964,578,128,2.92470956,0.125964488,1016.15941,3008656476
1,2965,579,128,2.96509576,0.135287713,946.131745,3008656476
1,2966,580,128,2.76849604,0.144917395,883.261806,3008656476
1,2967,581,128,3.29004097,0.126424183,1012.46452,3008656476
1,2968,582,128,3.40138578,0.126357391,1012.99971,3008656476
1,2969,583,128,3.03121614,0.125992406,1015.93425,3008656476
1,2970,584,128,3.3000977,0.126467485,1012.11786,3008656476
1,2971,585,128,2.81223631,0.125977517,1016.05432,3008656476
1,2972,586,128,3.83753133,0.126326158,1013.25016,3008656476
1,2973,587,128,3.45769453,0.143070686,894.662656,3008656476
1,2974,588,128,3.16330981,0.140430249,911.484534,3008656476
1,2975,589,128,3.8505795,0.125471059,1020.15557,3008656476
1,2976,590,128,3.45687246,0.125956919,1016.22047,3008656476
1,2977,591,128,3.47291088,0.126730924,1010.01394,3008656476
1,2978,592,128,3.17128181,0.126825859,1009.2579,3008656476
1,2979,593,128,2.80268168,0.125715424,1018.1726,3008656476
1,2980,594,128,2.82459807,0.126997486,1007.89397,3008656476
1,2981,595,128,3.02089334,0.144802102,883.965068,3008656476
1,2982,596,128,3.18232131,0.141073741,907.326899,3008656476
1,2983,597,128,3.00339675,0.12616466,1014.54718,3008656476
1,2984,598,128,2.9375875,0.125513293,1019.8123,3008656476
1,2985,599,128,3.44214368,0.125763225,1017.7856,3008656476
1,2986,600,128,3.28687334,0.125892454,1016.74084,3008656476
1,2987,601,128,2.82141066,0.126368782,1012.90839,3008656476
1,2988,602,128,3.33210945,0.126580197,1011.21663,3008656476
1,2989,603,128,2.55880165,0.140314058,912.239314,3008656476
1,2990,604,128,3.58586335,0.140195569,913.010311,3008656476
1,2991,605,128,2.39105701,0.126555105,1011.41712,3008656476
1,2992,606,128,2.52169251,0.126612664,1010.95732,3008656476
1,2993,607,128,2.2986114,0.126652133,1010.64228,3008656476
1,2994,608,128,3.27599216,0.126196933,1014.28772,3008656476
1,2995,609,128,2.72923493,0.12626706,1013.7244,3008656476
1,2996,610,128,2.77128315,0.12666134,1010.56881,3008656476
1,2997,611,128,2.3500433,0.142446503,898.582958,3008656476
1,2998,612,128,2.92771626,0.140932562,908.235813,3008656476
1,2999,613,128,3.17735672,0.126155497,1014.62087,3008656476
1,3000,614,128,3.48281837,0.127017294,1007.73679,3008656476
1,3001,615,128,2.53038836,0.126810859,1009.37728,3008656476
1,3002,616,128,3.26526785,0.126121598,1014.89358,3008656476
1,3003,617,128,3.40874076,0.126630884,1010.81186,3008656476
1,3004,618,128,2.80129409,0.12659565,1011.09319,3008656476
1,3005,619,128,3.07356548,0.141761564,902.924576,3008656476
1,3006,620,128,2.87908149,0.137708905,929.496898,3008656476
1,3007,621,128,2.7505784,0.1258595,1017.00706,3008656476
1,3008,622,128,3.31723428,0.126144578,1014.70869,3008656476
1,3009,623,128,3.4906311,0.12600221,1015.8552,3008656476
1,3010,624,128,3.40528202,0.126503259,1011.83164,3008656476
1,3011,625,128,3.54955792,0.125132177,1022.91835,3008656476
1,3012,626,128,3.33391953,0.124733101,1026.19112,3008656476
1,3013,627,128,2.66371155,0.140071565,913.81859,3008656476
1,3014,628,128,3.16001725,0.125785872,1017.60236,3008656476
1,3015,629,128,3.89128923,0.129550249,988.033608,3008656476
1,3016,630,128,3.64647818,0.127631134,1002.89009,3008656476
1,3017,631,128,2.87051272,0.128821472,993.623175,3008656476
1,3018,632,128,4.10019827,0.12838148,997.028543,3008656476
1,3019,633,128,3.64380503,0.132268502,967.728507,3008656476
1,3020,634,128,3.63250947,0.129646297,987.301627,3008656476
1,3021,635,128,2.65498567,0.143393087,892.651122,3008656476
1,3022,636,128,3.08420467,0.137174717,933.11656,3008656476
1,3023,637,128,3.10131311,0.145110942,882.083723,3008656476
1,3024,638,128,3.1203897,0.143549982,891.675486,3008656476
1,3025,639,128,3.90963769,0.118949858,1076.08367,3008656476
1,3026,640,128,3.19679117,0.130838484,978.305435,3008656476
1,3027,641,128,3.34557986,0.129772507,986.341429,3008656476
1,3028,642,128,2.68290901,0.130406498,981.54618,3008656476
1,3029,643,128,3.29212046,0.144638505,884.964899,3008656476
1,3030,644,128,3.63768148,0.143953422,889.1765,3008656476
1,3031,645,128,4.21437168,0.129142412,991.153859,3008656476
1,3032,646,128,3.20057964,0.129576705,987.831879,3008656476
1,3033,647,128,3.06250858,0.128326888,997.452693,3008656476
1,3034,648,128,3.31949687,0.127069458,1007.3231,3008656476
1,3035,649,128,3.15277362,0.126038837,1015.55999,3008656476
1,3036,650,128,2.75413108,0.128271548,997.883022,3008656476
1,3037,651,128,2.96827936,0.140284208,912.433422,3008656476
1,3038,652,128,2.29062915,0.141537041,904.356903,3008656476
1,3039,653,128,2.63855672,0.125647351,1018.72422,3008656476
1,3040,654,128,3.79858637,0.126625158,1010.85757,3008656476
1,3041,655,128,3.77543569,0.125566457,1019.38052,3008656476
1,3042,656,128,3.52480316,0.124720181,1026.29742,3008656476
1,3043,657,128,3.04593921,0.125590539,1019.18505,3008656476
1,3044,658,128,3.39266801,0.126539254,1011.54382,3008656476
1,3045,659,128,3.70802879,0.140129868,913.438383,3008656476
1,3046,660,128,3.27186251,0.137907879,928.155816,3008656476
1,3047,661,128,3.38527966,0.123618569,1035.44315,3008656476
1,3048,662,128,3.20349002,0.126113122,1014.96179,3008656476
1,3049,663,128,2.7964952,0.126033064,1015.60651,3008656476
1,3050,664,128,2.44969535,0.126468704,1012.1081,3008656476
1,3051,665,128,3.9161644,0.125841657,1017.15126,3008656476
1,3052,666,128,3.59277415,0.126228826,1014.03145,3008656476
1,3053,667,128,3.08098507,0.12591696,1016.54297,3008656476
1,3054,668,128,2.61820698,0.128054378,999.575352,3008656476
1,3055,669,128,2.61266994,0.138295029,925.557491,3008656476
1,3056,670,128,2.99959326,0.125463048,1020.22071,3008656476
1,3057,671,128,2.4155755,0.125379262,1020.90248,3008656476
1,3058,672,128,2.82272148,0.126569802,1011.29968,3008656476
1,3059,673,128,2.88928103,0.127650568,1002.73741,3008656476
1,3060,674,128,3.69674873,0.128810653,993.706631,3008656476
1,3061,675,128,3.38476777,0.128157127,998.77395,3008656476
1,3062,676,128,3.02618957,0.144208976,887.600783,3008656476
1,3063,677,128,3.86883521,0.141728819,903.133187,3008656476
1,3064,678,128,3.21725702,0.129771576,986.348505,3008656476
1,3065,679,128,3.26363444,0.129674447,987.087302,3008656476
1,3066,680,128,3.2826829,0.129375621,989.367232,3008656476
1,3067,681,128,3.46764517,0.129415309,989.063821,3008656476
1,3068,682,128,3.13969636,0.131179086,975.765298,3008656476
1,3069,683,128,2.96254754,0.139061048,920.459049,3008656476
1,3070,684,128,3.05676913,0.149070204,858.655832,3008656476
1,3071,685,128,2.63307381,0.14939697,856.777751,3008656476
1,3072,686,128,2.89366102,0.129228733,990.491797,3008656476
1,3073,687,128,2.44216108,0.130683025,979.469216,3008656476
1,3074,688,128,3.48865485,0.129640562,987.345303,3008656476
1,3075,689,128,2.38520598,0.130776848,978.766517,3008656476
1,3076,690,128,2.94904971,0.131018406,976.96197,3008656476
1,3077,691,128,3.15515995,0.142718509,896.870356,3008656476
1,3078,692,128,3.15838838,0.129748597,986.523191,3008656476
1,3079,693,128,2.74657679,0.130216678,982.977004,3008656476
1,3080,694,128,3.40113139,0.126192834,1014.32067,3008656476
1,3081,695,128,3.20760679,0.127004492,1007.83837,3008656476
1,3082,696,128,3.78402233,0.125109662,1023.10244,3008656476
1,3083,697,128,3.53027487,0.125150058,1022.7722,3008656476
1,3084,698,128,2.95167685,0.126506369,1011.80677,3008656476
1,3085,699,128,2.9437263,0.125757008,1017.83592,3008656476
1,3086,700,128,3.67556357,0.135971609,941.372989,3008656476
1,3087,701,128,3.16815543,0.157318207,813.637547,3008656476
1,3088,702,128,2.97627735,0.17126417,747.383414,3008656476
1,3089,703,128,2.37938881,0.126543081,1011.51323,3008656476
1,3090,704,128,3.2389462,0.125970503,1016.11089,3008656476
1,3091,705,128,3.59290791,0.125986668,1015.98052,3008656476
1,3092,706,128,3.24789166,0.12580521,1017.44594,3008656476
1,3093,707,128,3.25590348,0.138600057,923.520544,3008656476
1,3094,708,128,2.60384512,0.133654161,957.695586,3008656476
1,3095,709,128,3.59144115,0.12436658,1029.2154,3008656476
1,3096,710,128,2.27976513,0.124987768,1024.10021,3008656476
1,3097,711,128,3.32567143,0.125393964,1020.78279,3008656476
1,3098,712,128,3.15848112,0.124993994,1024.0492,3008656476
1,3099,713,128,3.4109602,0.126215631,1014.13746,3008656476
1,3100,714,128,2.23688722,0.126047688,1015.48868,3008656476
1,3101,715,128,1.84882891,0.127669314,1002.59018,3008656476
1,3102,716,128,2.44420958,0.133856951,956.2447,3008656476
1,3103,717,128,3.30627155,0.142488167,898.320209,3008656476
1,3104,718,128,3.8145833,0.131607924,972.585815,3008656476
1,3105,719,128,3.72391343,0.138770611,922.385504,3008656476
1,3106,720,128,3.5330863,0.143181519,893.970122,3008656476
1,3107,721,128,3.62527466,0.138717915,922.735899,3008656476
1,3108,722,128,2.84343815,0.130526665,980.642538,3008656476
1,3109,723,128,3.79101205,0.144972778,882.924379,3008656476
1,3110,724,128,2.9481318,0.145070172,882.331621,3008656476
1,3111,725,128,3.25845361,0.129786437,986.235565,3008656476
1,3112,726,128,2.9200809,0.129993359,984.665686,3008656476
1,3113,727,128,3.44730091,0.129449487,988.802683,3008656476
1,3114,728,128,3.10158753,0.12899857,992.259061,3008656476
1,3115,729,128,3.41168499,0.129145978,991.126491,3008656476
1,3116,730,128,3.21205878,0.128432501,996.632465,3008656476
1,3117,731,128,3.76257563,0.143533714,891.776548,3008656476
1,3118,732,128,3.08791113,0.141314689,905.779866,3008656476
1,3119,733,128,2.70236802,0.128010569,999.917437,3008656476
1,3120,734,128,2.18130898,0.127129734,1006.8455,3008656476
1,3121,735,128,2.2139771,0.127555828,1003.48218,3008656476
1,3122,736,128,2.13666844,0.126012763,1015.77012,3008656476
1,3123,737,128,2.06033731,0.127046449,1007.50553,3008656476
1,3124,738,128,2.21552587,0.124753429,1026.0239,3008656476
1,3125,739,128,2.7031188,0.139884016,915.043789,3008656476
1,3126,740,128,2.45386767,0.141497256,904.611182,3008656476
1,3127,741,128,2.78735518,0.126083844,1015.19747,3008656476
1,3128,742,128,2.91698027,0.125461098,1020.23657,3008656476
1,3129,743,128,3.04745555,0.126530405,1011.61456,3008656476
1,3130,744,128,2.71206236,0.12584389,1017.13321,3008656476
1,3131,745,128,2.23695564,0.1257062,1018.24731,3008656476
1,3132,746,128,2.20474935,0.126733713,1009.99171,3008656476
1,3133,747,128,2.26239562,0.139826825,915.418054,3008656476
1,3134,748,128,3.09423923,0.124044287,1031.88952,3008656476
1,3135,749,128,3.87601376,0.134927653,948.656537,3008656476
1,3136,750,128,2.5313158,0.125832622,1017.22429,3008656476
1,3137,751,128,3.46281838,0.126419925,1012.49862,3008656476
1,3138,752,128,2.48295879,0.126430852,1012.41112,3008656476
1,3139,753,128,2.83907175,0.126427682,1012.4365,3008656476
1,3140,754,128,3.0496006,0.126111912,1014.97153,3008656476
1,3141,755,128,3.01088214,0.12540954,1020.656,3008656476
1,3142,756,128,3.50685334,0.138385951,924.949383,3008656476
1,3143,757,128,2.27868867,0.138242223,925.911037,3008656476
1,3144,758,128,2.99821997,0.125970627,1016.10989,3008656476
1,3145,759,128,2.70140505,0.125637656,1018.80283,3008656476
1,3146,760,128,3.05616498,0.126096899,1015.09237,3008656476
1,3147,761,128,3.66308475,0.126888731,1008.75782,3008656476
1,3148,762,128,3.9939003,0.126967452,1008.13238,3008656476
1,3149,763,128,3.45252013,0.126648591,1010.67054,3008656476
1,3150,764,128,3.79799128,0.141839255,902.430008,3008656476
1,3151,765,128,3.78481078,0.142156163,900.418225,3008656476
1,3152,766,128,3.29035091,0.128931642,992.77414,3008656476
1,3153,767,128,3.76865983,0.129233708,990.453667,3008656476
1,3154,768,128,3.05507398,0.129555072,987.996827,3008656476
1,3155,769,128,3.10703826,0.130177932,983.269576,3008656476
1,3156,770,128,2.5434413,0.131038038,976.815602,3008656476
1,3157,771,128,3.62457418,0.132118328,968.828488,3008656476
1,3158,772,128,2.87488198,0.154797396,826.887295,3008656476
1,3159,773,128,3.11579084,0.154031973,830.996302,3008656476
1,3160,774,128,2.86121655,0.128991715,992.311793,3008656476
1,3161,775,128,3.34249997,0.130139862,983.557213,3008656476
1,3162,776,128,3.45281339,0.129240824,990.399133,3008656476
1,3163,777,128,3.48202968,0.130938902,977.555165,3008656476
1,3164,778,128,2.84696269,0.128632141,995.085668,3008656476
1,3165,779,128,3.10214138,0.129256095,990.282122,3008656476
1,3166,780,128,2.6925993,0.133983096,955.344397,3008656476
1,3167,781,128,2.74283338,0.146983465,870.846255,3008656476
1,3168,782,128,2.1381948,0.130965998,977.352916,3008656476
1,3169,783,128,2.08810759,0.129773539,986.333585,3008656476
1,3170,784,128,2.86740851,0.131631598,972.410895,3008656476
1,3171,785,128,3.08703256,0.128727275,994.350265,3008656476
1,3172,786,128,3.04424763,0.128121403,999.052438,3008656476
1,3173,787,128,3.66782498,0.127639,1002.82829,3008656476
1,3174,788,128,3.54722166,0.132844915,963.529541,3008656476
1,3175,789,128,3.60836244,0.144494799,885.845033,3008656476
1,3176,790,128,3.40924048,0.116459363,1099.09583,3008656476
1,3177,791,128,3.90209508,0.126911342,1008.5781,3008656476
1,3178,792,128,3.02736068,0.126925616,1008.46467,3008656476
1,3179,793,128,3.35773611,0.125095334,1023.21962,3008656476
1,3180,794,128,2.6925745,0.126524594,1011.66102,3008656476
1,3181,795,128,2.86056113,0.126621172,1010.8894,3008656476
1,3182,796,128,3.67820811,0.14011728,913.520445,3008656476
1,3183,797,128,3.15359473,0.149074792,858.629405,3008656476
1,3184,798,128,3.0136261,0.126071117,1015.29996,3008656476
1,3185,799,128,2.92803359,0.12603835,1015.56391,3008656476
1,3186,800,128,3.61663413,0.125497667,1019.93928,3008656476
1,3187,801,128,3.29720831,0.125667359,1018.56203,3008656476
1,3188,802,128,3.75333405,0.125597923,1019.12513,3008656476
1,3189,803,128,2.98203397,0.126827553,1009.24442,3008656476
1,3190,804,128,3.38574719,0.140417841,911.565077,3008656476
1,3191,805,128,4.1983223,0.140758651,909.357962,3008656476
1,3192,806,128,3.95965981,0.126239482,1013.94586,3008656476
1,3193,807,128,3.52240658,0.126200049,1014.26268,3008656476
1,3194,808,128,2.77340674,0.126565671,1011.33269,3008656476
1,3195,809,128,2.88994575,0.125680463,1018.45583,3008656476
1,3196,810,128,2.91407013,0.125770228,1017.72893,3008656476
1,3197,811,128,3.06942129,0.12615362,1014.63597,3008656476
1,3198,812,128,3.73257232,0.142924806,895.575818,3008656476
1,3199,813,128,3.26991177,0.139161534,919.794402,3008656476
1,3200,814,128,2.5696559,0.126868753,1008.91667,3008656476
1,3201,815,128,2.82280612,0.126432381,1012.39887,3008656476
1,3202,816,128,3.68863583,0.126021907,1015.69642,3008656476
1,3203,817,128,3.49399686,0.126396265,1012.68815,3008656476
1,3204,818,128,3.29962707,0.125972666,1016.09344,3008656476
1,3205,819,128,3.02439475,0.126477708,1012.03605,3008656476
1,3206,820,128,2.9778986,0.142019707,901.283369,3008656476
1,3207,821,128,3.05061746,0.141271088,906.05942,3008656476
1,3208,822,128,2.90652108,0.126771191,1009.69312,3008656476
1,3209,823,128,4.05248117,0.126549208,1011.46425,3008656476
1,3210,824,128,3.39388585,0.125663641,1018.59216,3008656476
1,3211,825,128,3.04688478,0.126598052,1011.07401,3008656476
1,3212,826,128,3.38751101,0.125978309,1016.04793,3008656476
1,3213,827,128,3.2076757,0.126403635,1012.62911,3008656476
1,3214,828,128,3.05915785,0.142784679,896.454724,3008656476
1,3215,829,128,3.13629079,0.141172451,906.692482,3008656476
1,3216,830,128,3.42674541,0.125974543,1016.0783,3008656476
1,3217,831,128,2.33583808,0.125965419,1016.1519,3008656476
1,3218,832,128,3.51407695,0.125585421,1019.22659,3008656476
1,3219,833,128,3.921314,0.126211292,1014.17233,3008656476
1,3220,834,128,3.8892436,0.126192629,1014.32232,3008656476
1,3221,835,128,3.54872298,0.126100391,1015.06426,3008656476
1,3222,836,128,2.94971514,0.141573543,904.123732,3008656476
1,3223,837,128,3.58960533,0.139093924,920.241491,3008656476
1,3224,838,128,3.38105989,0.125679556,1018.46318,3008656476
1,3225,839,128,3.36313653,0.124673344,1026.68298,3008656476
1,3226,840,128,3.20763922,0.125948208,1016.29076,3008656476
1,3227,841,128,2.9232502,0.12545595,1020.27843,3008656476
1,3228,842,128,2.6098094,0.126644214,1010.70547,3008656476
1,3229,843,128,3.68164945,0.125967844,1016.13234,3008656476
1,3230,844,128,2.70871067,0.140549233,910.712903,3008656476
1,3231,845,128,3.33567977,0.123254321,1038.50315,3008656476
1,3232,846,128,2.90628147,0.134567638,951.194521,3008656476
1,3233,847,128,3.87197852,0.130884786,977.959348,3008656476
1,3234,848,128,2.91886282,0.139601326,916.896735,3008656476
1,3235,849,128,2.91320133,0.143218715,893.737945,3008656476
1,3236,850,128,2.76694083,0.142962644,895.338785,3008656476
1,3237,851,128,2.9881618,0.141164771,906.74181,3008656476
1,3238,852,128,2.37310338,0.150797691,848.819363,3008656476
1,3239,853,128,3.00232792,0.14778494,866.123436,3008656476
1,3240,854,128,3.82764435,0.128869421,993.253473,3008656476
1,3241,855,128,3.06814408,0.130423936,981.414945,3008656476
1,3242,856,128,3.74840665,0.129641425,987.338731,3008656476
1,3243,857,128,3.19389176,0.129589729,987.7326,3008656476
1,3244,858,128,3.32993722,0.13025115,982.716851,3008656476
1,3245,859,128,3.1048646,0.128440798,996.568084,3008656476
1,3246,860,128,3.42860603,0.13973121,916.044454,3008656476
1,3247,861,128,3.52439785,0.143538703,891.745552,3008656476
1,3248,862,128,2.90927625,0.128004703,999.963259,3008656476
1,3249,863,128,2.54904175,0.127429638,1004.4759,3008656476
1,3250,864,128,3.13934064,0.128394293,996.929046,3008656476
1,3251,865,128,2.88402987,0.126394549,1012.7019,3008656476
1,3252,866,128,3.07928157,0.126696452,1010.28875,3008656476
1,3253,867,128,3.06643057,0.125932503,1016.4175,3008656476
1,3254,868,128,3.32555294,0.138456796,924.476109,3008656476
1,3255,869,128,3.20387101,0.141903618,902.020694,3008656476
1,3256,870,128,3.5205822,0.125969149,1016.12181,3008656476
1,3257,871,128,2.75414228,0.127347898,1005.12063,3008656476
1,3258,872,128,2.99951172,0.125776759,1017.67609,3008656476
1,3259,873,128,2.67305088,0.126477339,1012.039,3008656476
1,3260,874,128,3.2011776,0.126716218,1010.13116,3008656476
1,3261,875,128,2.62793016,0.125901309,1016.66933,3008656476
1,3262,876,128,3.19448185,0.140459156,911.296947,3008656476
1,3263,877,128,2.43522382,0.141255828,906.157302,3008656476
1,3264,878,128,2.74643421,0.126555783,1011.4117,3008656476
1,3265,879,128,3.09491992,0.126640813,1010.73261,3008656476
1,3266,880,128,3.50337005,0.125413683,1020.62229,3008656476
1,3267,881,128,3.9078505,0.126542728,1011.51605,3008656476
1,3268,882,128,4.50107384,0.125846378,1017.1131,3008656476
1,3269,883,128,3.67172813,0.125667881,1018.5578,3008656476
1,3270,884,128,2.57579613,0.139838349,915.342615,3008656476
1,3271,885,128,3.6350584,0.13865515,923.153594,3008656476
1,3272,886,128,3.26824331,0.126057844,1015.40686,3008656476
1,3273,887,128,3.66980457,0.12616581,1014.53793,3008656476
1,3274,888,128,2.75822258,0.126013467,1015.76445,3008656476
1,3275,889,128,3.31761956,0.125227882,1022.13659,3008656476
1,3276,890,128,2.59077454,0.125013081,1023.89285,3008656476
1,3277,891,128,2.72518611,0.124962046,1024.31101,3008656476
1,3278,892,128,3.44994617,0.125726269,1018.08477,3008656476
1,3279,893,128,3.60795808,0.132397201,966.78781,3008656476
1,3280,894,128,3.70810413,0.141805421,902.645323,3008656476
1,3281,895,128,3.50495481,0.129014383,992.137443,3008656476
1,3282,896,128,2.42213345,0.130086296,983.962215,3008656476
1,3283,897,128,3.01670766,0.131107267,976.299811,3008656476
1,3284,898,128,2.46111178,0.131246905,975.261093,3008656476
1,3285,899,128,3.09451604,0.13914036,919.934374,3008656476
1,3286,900,128,2.61853337,0.14197727,901.552763,3008656476
1,3287,901,128,2.56776786,0.127556918,1003.4736,3008656476
1,3288,902,128,2.72714806,0.134182197,953.926846,3008656476
1,3289,903,128,2.98329186,0.132992208,962.462402,3008656476
1,3290,904,128,2.42404389,0.129667119,987.143086,3008656476
1,3291,905,128,2.79134774,0.130525318,980.652658,3008656476
1,3292,906,128,3.53250456,0.128697709,994.578699,3008656476
1,3293,907,128,3.4356811,0.131479027,973.539301,3008656476
1,3294,908,128,3.37356257,0.139593759,916.946437,3008656476
1,3295,909,128,2.88939238,0.118054885,1084.24145,3008656476
1,3296,910,128,3.1409812,0.13422748,953.605029,3008656476
1,3297,911,128,2.91070509,0.126292753,1013.51817,3008656476
1,3298,912,128,3.67709517,0.125313124,1021.4413,3008656476
1,3299,913,128,2.88458276,0.126200955,1014.2554,3008656476
1,3300,914,128,3.81751633,0.125803135,1017.46272,3008656476
1,3301,915,128,3.36018586,0.127051574,1007.46489,3008656476
1,3302,916,128,2.94466615,0.126355482,1013.01501,3008656476
1,3303,917,128,2.51077652,0.141136541,906.923176,3008656476
1,3304,918,128,2.99380755,0.14222721,899.968438,3008656476
1,3305,919,128,2.70851231,0.12608365,1015.19904,3008656476
1,3306,920,128,3.04078913,0.126366303,1012.92826,3008656476
1,3307,921,128,2.87100816,0.126400001,1012.65822,3008656476
1,3308,922,128,3.27114153,0.126823944,1009.27314,3008656476
1,3309,923,128,3.82308125,0.126195189,1014.30174,3008656476
1,3310,924,128,2.69045377,0.126114432,1014.95125,3008656476
1,3311,925,128,3.65772009,0.140705184,909.703512,3008656476
1,3312,926,128,2.79957867,0.139421085,918.082082,3008656476
1,3313,927,128,2.70048523,0.126459157,1012.18451,3008656476
1,3314,928,128,3.20043659,0.126377786,1012.83623,3008656476
1,3315,929,128,3.15128088,0.125586037,1019.22159,3008656476
1,3316,930,128,2.48878956,0.12575514,1017.85104,3008656476
1,3317,931,128,2.86699438,0.125410165,1020.65092,3008656476
1,3318,932,128,2.81329823,0.125843664,1017.13504,3008656476
1,3319,933,128,2.80920124,0.140942184,908.173808,3008656476
1,3320,934,128,2.87959123,0.138915836,921.421227,3008656476
1,3321,935,128,2.98043251,0.125937077,1016.38059,3008656476
1,3322,936,128,2.74695563,0.125944654,1016.31944,3008656476
1,3323,937,128,3.08428264,0.126018249,1015.7259,3008656476
1,3324,938,128,3.27113461,0.127303302,1005.47274,3008656476
1,3325,939,128,3.3341229,0.127373441,1004.91907,3008656476
1,3326,940,128,3.0372467,0.128931218,992.777405,3008656476
1,3327,941,128,2.60304713,0.143569616,891.553544,3008656476
1,3328,942,128,2.80015111,0.14318659,893.938462,3008656476
1,3329,943,128,2.79075718,0.130770595,978.813318,3008656476
1,3330,944,128,3.95553184,0.130337402,982.066529,3008656476
1,3331,945,128,3.63813043,0.130579562,980.245285,3008656476
1,3332,946,128,2.87605786,0.128764287,994.064449,3008656476
1,3333,947,128,3.61695576,0.131062152,976.635879,3008656476
1,3334,948,128,3.91056466,0.130044728,984.276733,3008656476
1,3335,949,128,4.04895735,0.142155208,900.424274,3008656476
1,3336,950,128,3.17700267,0.143160155,894.10353,3008656476
1,3337,951,128,2.70971966,0.128481047,996.255891,3008656476
1,3338,952,128,2.51515007,0.129357654,989.504649,3008656476
1,3339,953,128,3.30772352,0.131482627,973.512645,3008656476
1,3340,954,128,3.28879428,0.128232692,998.185393,3008656476
1,3341,955,128,2.45070434,0.127492489,1003.98071,3008656476
1,3342,956,128,3.52346492,0.128292189,997.722472,3008656476
1,3343,957,128,3.23519564,0.139661347,916.502688,3008656476
1,3344,958,128,3.1098702,0.142692585,897.033297,3008656476
1,3345,959,128,3.16776133,0.126454215,1012.22407,3008656476
1,3346,960,128,3.26488137,0.125934923,1016.39797,3008656476
1,3347,961,128,3.01786017,0.125731346,1018.04366,3008656476
1,3348,962,128,3.13310742,0.126478127,1012.0327,3008656476
1,3349,963,128,2.84529972,0.125831735,1017.23146,3008656476
1,3350,964,128,2.56430173,0.126261501,1013.76903,3008656476
1,3351,965,128,2.81352162,0.139946406,914.63585,3008656476
1,3352,966,128,3.08846545,0.14022925,912.791019,3008656476
1,3353,967,128,3.86331439,0.126054908,1015.43051,3008656476
1,3354,968,128,3.249295,0.126323815,1013.26895,3008656476
1,3355,969,128,2.89794683,0.125937964,1016.37343,3008656476
1,3356,970,128,2.66789293,0.126579839,1011.21949,3008656476
1,3357,971,128,3.11245775,0.126525092,1011.65704,3008656476
1,3358,972,128,2.49362707,0.126160602,1014.57981,3008656476
1,3359,973,128,2.69463801,0.141302496,905.858025,3008656476
1,3360,974,128,3.19627714,0.140167002,913.196388,3008656476
1,3361,975,128,3.33462572,0.125671575,1018.52786,3008656476
1,3362,976,128,3.2840488,0.12553073,1019.67064,3008656476
1,3363,977,128,3.21466088,0.125923384,1016.49111,3008656476
1,3364,978,128,3.27579451,0.126566661,1011.32478,3008656476
1,3365,979,128,3.31464005,0.125408333,1020.66583,3008656476
1,3366,980,128,2.93441439,0.125089726,1023.26549,3008656476
1,3367,981,128,3.24508953,0.138486636,924.27691,3008656476
1,3368,982,128,2.80793071,0.122302556,1046.58483,3008656476
1,3369,983,128,2.82661748,0.131214282,975.503566,3008656476
1,3370,984,128,2.953547,0.129287731,990.039805,3008656476
1,3371,985,128,2.9560318,0.130708356,979.279397,3008656476
1,3372,986,128,2.81018209,0.129354032,989.532356,3008656476
1,3373,987,128,2.69309688,0.129313914,989.839346,3008656476
1,3374,988,128,3.00674558,0.129948412,985.006265,3008656476
1,3375,989,128,3.3931284,0.132393801,966.812638,3008656476
1,3376,990,128,2.5059104,0.149403736,856.738951,3008656476
1,3377,991,128,2.66890073,0.131730438,971.681275,3008656476
1,3378,992,128,2.99712873,0.130601252,980.082488,3008656476
1,3379,993,128,2.07688522,0.132042626,969.383932,3008656476
1,3380,994,128,2.45470285,0.129372854,989.388392,3008656476
1,3381,995,128,2.10361171,0.13087293,978.047943,3008656476
1,3382,996,128,2.96670485,0.129154957,991.057587,3008656476
1,3383,997,128,2.83814454,0.129463802,988.693349,3008656476
1,3384,998,128,2.62986779,0.130463251,981.119197,3008656476
1,3385,999,128,2.8093071,0.133009125,962.33999,3008656476
1,3386,1000,128,3.35674739,0.125564384,1019.39735,3008656476
1,3387,1001,128,2.77992082,0.126615764,1010.93257,3008656476
1,3388,1002,128,2.87812352,0.126078675,1015.2391,3008656476
1,3389,1003,128,2.77624345,0.126952968,1008.2474,3008656476
1,3390,1004,128,3.17653656,0.126013643,1015.76303,3008656476
1,3391,1005,128,2.84758997,0.126603302,1011.03208,3008656476
1,3392,1006,128,3.28424335,0.140134719,913.406763,3008656476
1,3393,1007,128,3.18583274,0.143598624,891.373444,3008656476
1,3394,1008,128,2.70591927,0.126269243,1013.70688,3008656476
1,3395,1009,128,2.70428348,0.126315845,1013.33289,3008656476
1,3396,1010,128,3.05592299,0.125886418,1016.7896,3008656476
1,3397,1011,128,2.44143152,0.126265026,1013.74073,3008656476
1,3398,1012,128,3.01590967,0.126748116,1009.87694,3008656476
1,3399,1013,128,2.62219381,0.126543787,1011.50758,3008656476
1,3400,1014,128,2.95741463,0.139328074,918.694965,3008656476
1,3401,1015,128,1.89409196,0.141961026,901.655924,3008656476
1,3402,1016,128,2.48876643,0.12592659,1016.46523,3008656476
1,3403,1017,128,2.57289386,0.125437746,1020.4265,3008656476
1,3404,1018,128,2.85058165,0.125768446,1017.74335,3008656476
1,3405,1019,128,3.48197031,0.126009109,1015.79958,3008656476
1,3406,1020,128,3.44347262,0.125053158,1023.56471,3008656476
1,3407,1021,128,3.08547592,0.125885099,1016.80025,3008656476
1,3408,1022,128,2.95481801,0.138375502,925.019228,3008656476
1,3409,1023,128,4.01036978,0.141012987,907.717812,3008656476
1,3410,1024,128,3.58996582,0.126236176,1013.97241,3008656476
1,3411,1025,128,3.2197721,0.126388792,1012.74803,3008656476
1,3412,1026,128,2.8268652,0.127424121,1004.51939,3008656476
1,3413,1027,128,2.65648437,0.128970394,992.475839,3008656476
1,3414,1028,128,2.66700053,0.129490885,988.486564,3008656476
1,3415,1029,128,2.9649179,0.131390638,974.194219,3008656476
1,3416,1030,128,2.39086604,0.146915765,871.247548,3008656476
1,3417,1031,128,3.13186908,0.144397102,886.444383,3008656476
1,3418,1032,128,2.60332227,0.129802515,986.113405,3008656476
1,3419,1033,128,2.86759353,0.131076672,976.527692,3008656476
1,3420,1034,128,3.28925896,0.131754792,971.501667,3008656476
1,3421,1035,128,3.34719491,0.139125503,920.032613,3008656476
1,3422,1036,128,3.2224412,0.143020165,894.978691,3008656476
1,3423,1037,128,3.04857898,0.143303567,893.20875,3008656476
1,3424,1038,128,2.80432916,0.146877069,871.477085,3008656476
1,3425,1039,128,2.68287945,0.144781664,884.089853,3008656476
1,3426,1040,128,3.17361355,0.129577564,987.825331,3008656476
1,3427,1041,128,3.20437789,0.132868865,963.355862,3008656476
1,3428,1042,128,2.89074945,0.129681548,987.033252,3008656476
1,3429,1043,128,2.07944083,0.130594982,980.129543,3008656476
1,3430,1044,128,2.46486926,0.129754451,986.478683,3008656476
1,3431,1045,128,2.81832266,0.131773337,971.364943,3008656476
1,3432,1046,128,2.7361238,0.130773841,978.789022,3008656476
1,3433,1047,128,2.71367455,0.135367217,945.576062,3008656476
1,3434,1048,128,3.38092446,0.126171678,1014.49075,3008656476
1,3435,1049,128,3.33318686,0.125276488,1021.74001,3008656476
1,3436,1050,128,3.45926476,0.125641448,1018.77209,3008656476
1,3437,1051,128,3.0200026,0.126824083,1009.27203,3008656476
1,3438,1052,128,2.78010225,0.12646213,1012.16072,3008656476
1,3439,1053,128,2.75644922,0.126270189,1013.69928,3008656476
1,3440,1054,128,3.45229721,0.140278898,912.467961,3008656476
1,3441,1055,128,2.86304331,0.142595393,897.644709,3008656476
1,3442,1056,128,3.39522529,0.126595738,1011.09249,3008656476
1,3443,1057,128,3.45644379,0.12624933,1013.86677,3008656476
1,3444,1058,128,3.15757895,0.126317082,1013.32296,3008656476
1,3445,1059,128,2.47954321,0.126282625,1013.59946,3008656476
1,3446,1060,128,3.59441805,0.127147037,1006.70848,3008656476
1,3447,1061,128,3.85611534,0.125613847,1018.99594,3008656476
1,3448,1062,128,3.49677777,0.139498378,917.573393,3008656476
1,3449,1063,128,3.2634387,0.141686794,903.401061,3008656476
1,3450,1064,128,2.76365757,0.125429903,1020.49031,3008656476
1,3451,1065,128,3.00631523,0.12627216,1013.68346,3008656476
1,3452,1066,128,2.99557781,0.12611041,1014.98362,3008656476
1,3453,1067,128,3.10690689,0.125158954,1022.6995,3008656476
1,3454,1068,128,3.2589829,0.12474694,1026.07727,3008656476
1,3455,1069,128,3.67194843,0.125135104,1022.89442,3008656476
1,3456,1070,128,3.39160824,0.137995167,927.568717,3008656476
1,3457,1071,128,3.62678504,0.140413817,911.5912,3008656476
1,3458,1072,128,2.7036221,0.126757987,1009.7983,3008656476
1,3459,1073,128,3.50937676,0.127078814,1007.24893,3008656476
1,3460,1074,128,3.18901467,0.127804444,1001.53012,3008656476
1,3461,1075,128,3.16458392,0.127246759,1005.91953,3008656476
1,3462,1076,128,3.64066601,0.128004497,999.964868,3008656476
1,3463,1077,128,3.31528974,0.128847763,993.420429,3008656476
1,3464,1078,128,3.49391103,0.143691051,890.800082,3008656476
1,3465,1079,128,3.99961185,0.142566458,897.826893,3008656476
1,3466,1080,128,2.85677052,0.128173149,998.649101,3008656476
1,3467,1081,128,1.72596037,0.130846315,978.246885,3008656476
1,3468,1082,128,2.68921971,0.131342007,974.554927,3008656476
1,3469,1083,128,3.19235301,0.138812529,922.106966,3008656476
1,3470,1084,128,3.21863031,0.130821545,978.432108,3008656476
1,3471,1085,128,3.25598645,0.130406667,981.544908,3008656476
1,3472,1086,128,3.27344155,0.145439738,880.089594,3008656476
1,3473,1087,128,2.80702519,0.144523388,885.669799,3008656476
1,3474,1088,128,2.89833689,0.130109693,983.785274,3008656476
1,3475,1089,128,2.86938739,0.12907077,991.704009,3008656476
1,3476,1090,128,3.03994203,0.128961615,992.543401,3008656476
1,3477,1091,128,3.30951214,0.128862021,993.310512,3008656476
1,3478,1092,128,2.65167046,0.128549179,995.727868,3008656476
1,3479,1093,128,3.5497942,0.127808329,1001.49968,3008656476
1,3480,1094,128,3.41122389,0.141211979,906.438681,3008656476
1,3481,1095,128,2.99529076,0.141780429,902.804434,3008656476
1,3482,1096,128,2.73878336,0.127057229,1007.42005,3008656476
1,3483,1097,128,2.95104814,0.127920986,1000.61768,3008656476
1,3484,1098,128,3.18166065,0.126748673,1009.87251,3008656476
1,3485,1099,128,3.59634876,0.127208593,1006.22133,3008656476
1,3486,1100,128,3.28291202,0.12575106,1017.88406,3008656476
1,3487,1101,128,3.27962875,0.125980235,1016.0324,3008656476
1,3488,1102,128,3.13886833,0.138916915,921.41407,3008656476
1,3489,1103,128,3.29371643,0.140673158,909.910617,3008656476
1,3490,1104,128,2.91436267,0.126620657,1010.89351,3008656476
1,3491,1105,128,3.65415335,0.125749966,1017.89292,3008656476
1,3492,1106,128,2.73045588,0.125590768,1019.18319,3008656476
1,3493,1107,128,2.87065673,0.126367334,1012.92,3008656476
1,3494,1108,128,2.76933885,0.12649664,1011.88458,3008656476
1,3495,1109,128,2.32300353,0.126203572,1014.23437,3008656476
1,3496,1110,128,2.80461097,0.139082617,920.316304,3008656476
1,3497,1111,128,2.87426639,0.14011996,913.502973,3008656476
1,3498,1112,128,2.52465415,0.126019748,1015.71382,3008656476
1,3499,1113,128,2.57907534,0.126945629,1008.30569,3008656476
1,3500,1114,128,3.42672396,0.126568421,1011.31071,3008656476
1,3501,1115,128,2.20227909,0.125659867,1018.62276,3008656476
1,3502,1116,128,2.51888728,0.125757788,1017.82961,3008656476
1,3503,1117,128,2.29266477,0.126321398,1013.28834,3008656476
1,3504,1118,128,2.93985415,0.139139208,919.941991,3008656476
1,3505,1119,128,2.65541053,0.139209276,919.478958,3008656476
1,3506,1120,128,2.0553472,0.125714517,1018.17994,3008656476
1,3507,1121,128,2.7601769,0.125293507,1021.60122,3008656476
1,3508,1122,128,2.6566112,0.125307869,1021.48413,3008656476
1,3509,1123,128,2.11518073,0.126560499,1011.37401,3008656476
1,3510,1124,128,1.81551015,0.126353151,1013.0337,3008656476
1,3511,1125,128,3.1181283,0.127523057,1003.74005,3008656476
1,3512,1126,128,2.40708113,0.139779316,915.729191,3008656476
1,3513,1127,128,3.78773594,0.12283128,1042.07984,3008656476
1,3514,1128,128,3.29063654,0.134924779,948.676744,3008656476
1,3515,1129,128,2.11081052,0.13130287,974.845409,3008656476
1,3516,1130,128,3.0504868,0.13385756,956.24035,3008656476
1,3517,1131,128,2.65559268,0.129988692,984.701038,3008656476
1,3518,1132,128,2.55919147,0.121823371,1050.70151,3008656476
1,3519,1133,128,2.56164384,0.130668076,979.581271,3008656476
1,3520,1134,128,3.58000755,0.141953569,901.703289,3008656476
1,3521,1135,128,3.22245812,0.119845493,1068.04183,3008656476
1,3522,1136,128,3.04070807,0.130706502,979.293287,3008656476
1,3523,1137,128,3.04968596,0.125303629,1021.5187,3008656476
1,3524,1138,128,2.91601348,0.127150958,1006.67743,3008656476
1,3525,1139,128,2.66735125,0.125942765,1016.33468,3008656476
1,3526,1140,128,2.92134643,0.126802541,1009.44349,3008656476
1,3527,1141,128,2.96070838,0.125791127,1017.55985,3008656476
1,3528,1142,128,3.0172081,0.12581644,1017.35512,3008656476
1,3529,1143,128,2.65173697,0.139961041,914.540211,3008656476
1,3530,1144,128,2.74573517,0.141123619,907.006218,3008656476
1,3531,1145,128,3.44294453,0.126501923,1011.84233,3008656476
1,3532,1146,128,3.58625388,0.127095286,1007.11839,3008656476
1,3533,1147,128,3.29418325,0.12665214,1010.64222,3008656476
1,3534,1148,128,3.41641402,0.127181983,1006.43186,3008656476
1,3535,1149,128,3.07926226,0.126464987,1012.13785,3008656476
1,3536,1150,128,3.28497529,0.125661556,1018.60906,3008656476
1,3537,1151,128,3.19307446,0.142716059,896.885753,3008656476
1,3538,1152,128,3.46714425,0.14227928,899.639076,3008656476
1,3539,1153,128,3.2415967,0.125978259,1016.04833,3008656476
1,3540,1154,128,3.11364079,0.126713231,1010.15497,3008656476
1,3541,1155,128,3.26377249,0.127269435,1005.7403,3008656476
1,3542,1156,128,3.22142172,0.126072366,1015.2899,3008656476
1,3543,1157,128,3.67041588,0.125966923,1016.13977,3008656476
1,3544,1158,128,3.13675547,0.189414148,675.767895,3008656476
1,3545,1159,128,3.37805557,0.13046718,981.08965,3008656476
1,3546,1160,128,3.40763855,0.133973566,955.412354,3008656476
1,3547,1161,128,3.41613173,0.129291479,990.011105,3008656476
1,3548,1162,128,2.71161103,0.128662833,994.848295,3008656476
1,3549,1163,128,2.8518858,0.128914613,992.905281,3008656476
1,3550,1164,128,2.99129629,0.130128689,983.641663,3008656476
1,3551,1165,128,3.66797805,0.131250479,975.234536,3008656476
1,3552,1166,128,3.2117281,0.13880093,922.184023,3008656476
1,3553,1167,128,3.53627157,0.16006364,799.681927,3008656476
1,3554,1168,128,3.00340009,0.134107801,954.456035,3008656476
1,3555,1169,128,3.61521935,0.128944856,992.672403,3008656476
1,3556,1170,128,3.03620577,0.130237053,982.823222,3008656476
1,3557,1171,128,3.48034525,0.129179277,990.871005,3008656476
1,3558,1172,128,3.08038449,0.130469814,981.069843,3008656476
1,3559,1173,128,3.23484111,0.129804783,986.096175,3008656476
1,3560,1174,128,3.58371139,0.138873339,921.703193,3008656476
1,3561,1175,128,3.66416073,0.13788819,928.288347,3008656476
1,3562,1176,128,3.45285296,0.126569596,1011.30132,3008656476
1,3563,1177,128,3.05507636,0.13078924,978.673781,3008656476
1,3564,1178,128,3.02208424,0.126274069,1013.66813,3008656476
1,3565,1179,128,3.29549098,0.127009314,1007.80011,3008656476
1,3566,1180,128,3.65031242,0.126109118,1014.99401,3008656476
1,3567,1181,128,3.16709638,0.125223624,1022.17134,3008656476
1,3568,1182,128,3.50556922,0.126425102,1012.45716,3008656476
1,3569,1183,128,2.52113128,0.133464273,959.058159,3008656476
1,3570,1184,128,2.70744205,0.134610236,950.893512,3008656476
1,3571,1185,128,3.71445513,0.126999698,1007.87641,3008656476
1,3572,1186,128,3.50029325,0.126639877,1010.74008,3008656476
1,3573,1187,128,3.46620607,0.12688001,1008.82716,3008656476
1,3574,1188,128,3.38659549,0.125620167,1018.94467,3008656476
1,3575,1189,128,3.05398321,0.127474276,1004.12416,3008656476
1,3576,1190,128,2.81767726,0.126268138,1013.71575,3008656476
1,3577,1191,128,2.31004453,0.138652171,923.173428,3008656476
1,3578,1192,128,3.01960325,0.143188321,893.927655,3008656476
1,3579,1193,128,2.74693823,0.125857717,1017.02147,3008656476
1,3580,1194,128,2.15283275,0.125556834,1019.45865,3008656476
1,3581,1195,128,2.36636329,0.126641674,1010.72574,3008656476
1,3582,1196,128,2.24882627,0.125537737,1019.61373,3008656476
1,3583,1197,128,2.88629055,0.124817763,1025.49507,3008656476
1,3584,1198,128,2.57020378,0.124806407,1025.58837,3008656476
1,3585,1199,128,3.58224559,0.141433801,905.01704,3008656476
1,3586,1200,128,3.20164609,0.14176084,902.929187,3008656476
1,3587,1201,128,3.68698716,0.126837289,1009.16695,3008656476
1,3588,1202,128,3.07946873,0.125778636,1017.6609,3008656476
1,3589,1203,128,3.15462589,0.125841396,1017.15337,3008656476
1,3590,1204,128,3.08399868,0.127199001,1006.29721,3008656476
1,3591,1205,128,3.30645466,0.127422361,1004.53326,3008656476
1,3592,1206,128,3.12132955,0.128480061,996.263537,3008656476
1,3593,1207,128,3.16322637,0.145531731,879.533275,3008656476
1,3594,1208,128,3.11408067,0.142957011,895.374065,3008656476
1,3595,1209,128,2.81754231,0.130546767,980.491535,3008656476
1,3596,1210,128,3.06782007,0.131628292,972.435318,3008656476
1,3597,1211,128,3.43610835,0.139142545,919.919928,3008656476
1,3598,1212,128,3.10003018,0.14341082,892.540744,3008656476
1,3599,1213,128,2.96955585,0.14308496,894.573406,3008656476
1,3600,1214,128,3.59504366,0.138739935,922.589448,3008656476
1,3601,1215,128,3.58391905,0.144403791,886.403322,3008656476
1,3602,1216,128,3.02195311,0.134467318,951.904165,3008656476
1,3603,1217,128,3.32252574,0.12997721,984.788026,3008656476
1,3604,1218,128,3.0020628,0.130379006,981.753151,3008656476
1,3605,1219,128,3.65309286,0.129500023,988.416813,3008656476
1,3606,1220,128,2.4310534,0.131976884,969.866814,3008656476
1,3607,1221,128,2.96431518,0.129553904,988.005734,3008656476
1,3608,1222,128,2.93664837,0.130039054,984.31968,3008656476
1,3609,1223,128,2.92014265,0.136170241,939.999805,3008656476
1,3610,1224,128,3.62873888,0.137625315,930.06145,3008656476
1,3611,1225,128,3.66800714,0.127178016,1006.46326,3008656476
1,3612,1226,128,3.13580728,0.127996707,1000.02573,3008656476
1,3613,1227,128,3.30821157,0.127344452,1005.14783,3008656476
1,3614,1228,128,3.49666667,0.126434577,1012.38129,3008656476
1,3615,1229,128,3.15978074,0.126042668,1015.52912,3008656476
1,3616,1230,128,3.07285261,0.125728014,1018.07064,3008656476
1,3617,1231,128,2.5787189,0.141969695,901.600866,3008656476
1,3618,1232,128,3.49409747,0.148423076,862.399591,3008656476
1,3619,1233,128,3.41254878,0.128456761,996.444243,3008656476
1,3620,1234,128,2.79139447,0.12999256,984.671738,3008656476
1,3621,1235,128,3.07294345,0.131174878,975.7966,3008656476
1,3622,1236,128,3.18960214,0.128101566,999.207145,3008656476
1,3623,1237,128,3.14822364,0.128259079,997.980034,3008656476
1,3624,1238,128,2.86883354,0.128158184,998.765713,3008656476
1,3625,1239,128,3.35206437,0.145034296,882.549876,3008656476
1,3626,1240,128,3.44464397,0.14407291,888.439055,3008656476
1,3627,1241,128,2.05069113,0.129870415,985.597836,3008656476
1,3628,1242,128,2.98581576,0.129167639,990.960282,3008656476
1,3629,1243,128,2.11224174,0.130019927,984.464481,3008656476
1,3630,1244,128,3.16789675,0.128579173,995.495592,3008656476
1,3631,1245,128,2.52458835,0.115625507,1107.02217,3008656476
1,3632,1246,128,2.70087337,0.127874771,1000.97931,3008656476
1,3633,1247,128,2.35189867,0.140442085,911.407717,3008656476
1,3634,1248,128,1.70844126,0.142391027,898.933049,3008656476
1,3635,1249,128,1.87041855,0.127563458,1003.42216,3008656476
1,3636,1250,128,2.20277357,0.12695994,1008.19203,3008656476
1,3637,1251,128,1.84325743,0.126747758,1009.8798,3008656476
1,3638,1252,128,2.3345716,0.127019569,1007.71874,3008656476
1,3639,1253,128,2.39964366,0.127511596,1003.83027,3008656476
1,3640,1254,128,2.23556781,0.126966679,1008.13852,3008656476
1,3641,1255,128,1.87036991,0.142234522,899.922172,3008656476
1,3642,1256,128,2.20753884,0.147663912,866.833326,3008656476
1,3643,1257,128,2.46057844,0.128954229,992.60025,3008656476
1,3644,1258,128,1.81694078,0.128109138,999.148086,3008656476
1,3645,1259,128,3.04801631,0.128017829,999.86073,3008656476
1,3646,1260,128,3.55034781,0.127123624,1006.89389,3008656476
1,3647,1261,128,3.40803528,0.127531258,1003.67551,3008656476
1,3648,1262,128,3.74537992,0.126686363,1010.36921,3008656476
1,3649,1263,128,3.60991693,0.146626021,872.969198,3008656476
1,3650,1264,128,3.27750301,0.146038552,876.48089,3008656476
1,3651,1265,128,3.17828989,0.128920101,992.863014,3008656476
1,3652,1266,128,2.9191618,0.128837579,993.498954,3008656476
1,3653,1267,128,3.29249954,0.128354699,997.236572,3008656476
1,3654,1268,128,3.19701886,0.127971763,1000.22065,3008656476
1,3655,1269,128,3.21393204,0.127539467,1003.61091,3008656476
1,3656,1270,128,2.31234694,0.127884744,1000.90125,3008656476
1,3657,1271,128,2.73245406,0.144265698,887.251798,3008656476
1,3658,1272,128,2.59402704,0.146540275,873.480004,3008656476
1,3659,1273,128,3.83457685,0.129827845,985.921009,3008656476
1,3660,1274,128,2.57820082,0.130138493,983.56756,3008656476
1,3661,1275,128,3.48332119,0.128647554,994.966449,3008656476
1,3662,1276,128,3.41329789,0.129170957,990.934828,3008656476
1,3663,1277,128,2.61555433,0.129569259,987.888647,3008656476
1,3664,1278,128,3.01189971,0.128690117,994.637374,3008656476
1,3665,1279,128,3.30090666,0.136510109,937.659496,3008656476
1,3666,1280,128,2.94798326,0.145592259,879.167621,3008656476
1,3667,1281,128,3.33056498,0.129264253,990.219624,3008656476
1,3668,1282,128,3.30435205,0.128850396,993.400129,3008656476
1,3669,1283,128,2.36785936,0.129586235,987.759232,3008656476
1,3670,1284,128,2.93414807,0.129458522,988.733673,3008656476
1,3671,1285,128,3.35920668,0.127416064,1004.58291,3008656476
1,3672,1286,128,2.94612002,0.126979066,1008.04018,3008656476
1,3673,1287,128,3.21183467,0.139489081,917.634549,3008656476
1,3674,1288,128,2.47906804,0.146616408,873.026435,3008656476
1,3675,1289,128,2.90261531,0.128698926,994.569294,3008656476
1,3676,1290,128,3.06385541,0.128751141,994.165947,3008656476
1,3677,1291,128,2.9756546,0.129237004,990.428407,3008656476
1,3678,1292,128,3.25247431,0.128894541,993.0599,3008656476
1,3679,1293,128,2.61997056,0.12718651,1006.39604,3008656476
1,3680,1294,128,2.58197236,0.127188128,1006.38324,3008656476
1,3681,1295,128,2.62929153,0.143209046,893.798287,3008656476
1,3682,1296,128,2.81793976,0.146019745,876.593778,3008656476
1,3683,1297,128,3.19426107,0.1307581,978.906852,3008656476
1,3684,1298,128,3.00465107,0.130120381,983.704467,3008656476
1,3685,1299,128,3.28028321,0.129414026,989.073626,3008656476
1,3686,1300,128,2.99914765,0.128259103,997.979847,3008656476
1,3687,1301,128,3.02066755,0.128511088,996.023005,3008656476
1,3688,1302,128,2.66005397,0.127567208,1003.39266,3008656476
1,3689,1303,128,2.76663065,0.136005558,941.138008,3008656476
1,3690,1304,128,2.98755312,0.146743888,872.268016,3008656476
1,3691,1305,128,3.28566647,0.128994156,992.293015,3008656476
1,3692,1306,128,3.03225636,0.129312635,989.849136,3008656476
1,3693,1307,128,3.2175138,0.128377574,997.058879,3008656476
1,3694,1308,128,2.33944774,0.128223149,998.259682,3008656476
1,3695,1309,128,3.13810039,0.127455954,1004.2685,3008656476
1,3696,1310,128,3.84335923,0.127803473,1001.53773,3008656476
1,3697,1311,128,2.92670107,0.139629684,916.710518,3008656476
1,3698,1312,128,2.68064094,0.145019548,882.639629,3008656476
1,3699,1313,128,3.11390781,0.129810806,986.050422,3008656476
1,3700,1314,128,2.66457987,0.12911485,991.365439,3008656476
1,3701,1315,128,2.7475841,0.129512586,988.320934,3008656476
1,3702,1316,128,3.1076622,0.129695383,986.927962,3008656476
1,3703,1317,128,2.8719511,0.128367091,997.140303,3008656476
1,3704,1318,128,2.11650372,0.127624526,1002.94202,3008656476
1,3705,1319,128,3.02455044,0.137496423,930.933309,3008656476
1,3706,1320,128,3.33145428,0.143726451,890.580677,3008656476
1,3707,1321,128,3.07127094,0.127315125,1005.37937,3008656476
1,3708,1322,128,3.37095165,0.127271552,1005.72357,3008656476
1,3709,1323,128,2.83513832,0.130498051,980.857561,3008656476
1,3710,1324,128,1.96503556,0.127391252,1004.77857,3008656476
1,3711,1325,128,2.56773639,0.126586169,1011.16892,3008656476
1,3712,1326,128,3.59503984,0.125632944,1018.84105,3008656476
1,3713,1327,128,3.33857131,0.141775277,902.837242,3008656476
1,3714,1328,128,3.32508492,0.147930277,865.272496,3008656476
1,3715,1329,128,2.82867002,0.127856213,1001.1246,3008656476
1,3716,1330,128,3.03045082,0.127184704,1006.41033,3008656476
1,3717,1331,128,2.54247212,0.127153126,1006.66027,3008656476
1,3718,1332,128,3.10629797,0.127127624,1006.86221,3008656476
1,3719,1333,128,2.71732402,0.126593294,1011.11201,3008656476
1,3720,1334,128,3.38884377,0.125897048,1016.70374,3008656476
1,3721,1335,128,2.67143536,0.142928939,895.549921,3008656476
1,3722,1336,128,3.3165288,0.143431249,892.413619,3008656476
1,3723,1337,128,2.48543048,0.128572732,995.545463,3008656476
1,3724,1338,128,2.79797268,0.127184491,1006.41202,3008656476
1,3725,1339,128,2.71817732,0.127798284,1001.57839,3008656476
1,3726,1340,128,2.53461456,0.126835323,1009.18259,3008656476
1,3727,1341,128,2.6968658,0.125233088,1022.0941,3008656476
1,3728,1342,128,2.90227079,0.126572912,1011.27483,3008656476
1,3729,1343,128,2.58151293,0.141875945,902.196634,3008656476
1,3730,1344,128,3.19151783,0.140690628,909.797631,3008656476
1,3731,1345,128,2.81376839,0.125295813,1021.58242,3008656476
1,3732,1346,128,3.12366056,0.126040021,1015.55045,3008656476
1,3733,1347,128,2.64241624,0.127121559,1006.91024,3008656476
1,3734,1348,128,2.2501483,0.126028227,1015.64549,3008656476
1,3735,1349,128,3.18399239,0.127012311,1007.77632,3008656476
1,3736,1350,128,3.01707149,0.125818031,1017.34226,3008656476
1,3737,1351,128,3.31927443,0.141265653,906.094279,3008656476
1,3738,1352,128,2.61822939,0.140413666,911.592181,3008656476
1,3739,1353,128,2.4248929,0.126605744,1011.01258,3008656476
1,3740,1354,128,3.04661584,0.126855128,1009.02504,3008656476
1,3741,1355,128,2.5586462,0.127136357,1006.79305,3008656476
1,3742,1356,128,2.61670208,0.125144526,1022.81741,3008656476
1,3743,1357,128,2.87246299,0.126034177,1015.59754,3008656476
1,3744,1358,128,3.23986053,0.126599738,1011.06054,3008656476
1,3745,1359,128,2.57181239,0.141046168,907.504272,3008656476
1,3746,1360,128,2.49304438,0.140301038,912.32397,3008656476
1,3747,1361,128,3.39722276,0.127502089,1003.90512,3008656476
1,3748,1362,128,3.2865386,0.1264808,1012.01131,3008656476
1,3749,1363,128,2.71397209,0.126274962,1013.66097,3008656476
1,3750,1364,128,2.48976278,0.126224592,1014.06547,3008656476
1,3751,1365,128,2.89208388,0.126352318,1013.04038,3008656476
1,3752,1366,128,3.3902545,0.126762266,1009.76421,3008656476
1,3753,1367,128,3.39578867,0.140794525,909.12626,3008656476
1,3754,1368,128,3.03993487,0.139601943,916.892683,3008656476
1,3755,1369,128,2.84690547,0.126745148,1009.90059,3008656476
1,3756,1370,128,2.67419243,0.126056276,1015.41949,3008656476
1,3757,1371,128,3.24189639,0.126195833,1014.29657,3008656476
1,3758,1372,128,2.8055191,0.125771745,1017.71666,3008656476
1,3759,1373,128,3.4830091,0.125430032,1020.48926,3008656476
1,3760,1374,128,3.7350781,0.12546245,1020.22557,3008656476
1,3761,1375,128,3.68104649,0.143048125,894.803759,3008656476
1,3762,1376,128,3.65968251,0.137997282,927.554501,3008656476
1,3763,1377,128,3.16260028,0.125924246,1016.48415,3008656476
1,3764,1378,128,2.62179279,0.124981853,1024.14868,3008656476
1,3765,1379,128,2.85224867,0.125603826,1019.07724,3008656476
1,3766,1380,128,3.2270925,0.124999687,1024.00256,3008656476
1,3767,1381,128,2.6134932,0.126169446,1014.50869,3008656476
1,3768,1382,128,2.94782567,0.125928447,1016.45024,3008656476
1,3769,1383,128,2.76480985,0.138875048,921.691851,3008656476
1,3770,1384,128,2.32551026,0.123591561,1035.66942,3008656476
1,3771,1385,128,3.03876567,0.135694224,943.297336,3008656476
1,3772,1386,128,2.07132077,0.134493576,951.718319,3008656476
1,3773,1387,128,2.74899411,0.138659406,923.125258,3008656476
1,3774,1388,128,3.19777775,0.138879515,921.662205,3008656476
1,3775,1389,128,2.72809124,0.142953141,895.398304,3008656476
1,3776,1390,128,2.40448761,0.143195658,893.881852,3008656476
1,3777,1391,128,2.60840821,0.144806089,883.94073,3008656476
1,3778,1392,128,2.61311603,0.145620887,878.994783,3008656476
1,3779,1393,128,2.90781403,0.13276782,964.089039,3008656476
1,3780,1394,128,3.34931898,0.130586201,980.19545,3008656476
1,3781,1395,128,2.89455414,0.131124612,976.170667,3008656476
1,3782,1396,128,2.82956719,0.12947302,988.622958,3008656476
1,3783,1397,128,3.55263996,0.129267678,990.193388,3008656476
1,3784,1398,128,2.69895148,0.128256682,997.998685,3008656476
1,3785,1399,128,3.20896363,0.142007084,901.363484,3008656476
1,3786,1400,128,3.40417838,0.142858125,895.99384,3008656476
1,3787,1401,128,3.51696444,0.12781255,1001.4666,3008656476
1,3788,1402,128,3.00073934,0.127800493,1001.56108,3008656476
1,3789,1403,128,3.23258877,0.126795384,1009.50047,3008656476
1,3790,1404,128,2.41718078,0.128472465,996.322442,3008656476
1,3791,1405,128,2.94567752,0.125802014,1017.47179,3008656476
1,3792,1406,128,3.57234311,0.125707113,1018.23991,3008656476
1,3793,1407,128,3.38653612,0.138737842,922.603366,3008656476
1,3794,1408,128,3.62702584,0.139565911,917.129398,3008656476
1,3795,1409,128,3.71309185,0.12579605,1017.52003,3008656476
1,3796,1410,128,3.27305532,0.126920844,1008.50259,3008656476
1,3797,1411,128,3.88765883,0.125354781,1021.10186,3008656476
1,3798,1412,128,3.30146122,0.126287659,1013.55905,3008656476
1,3799,1413,128,3.67416763,0.125886138,1016.79186,3008656476
1,3800,1414,128,3.43823028,0.126781961,1009.60735,3008656476
1,3801,1415,128,3.51728058,0.140239517,912.724193,3008656476
1,3802,1416,128,3.35951638,0.139269762,919.07962,3008656476
1,3803,1417,128,3.58575416,0.127004735,1007.83644,3008656476
1,3804,1418,128,3.50582552,0.126625905,1010.85161,3008656476
1,3805,1419,128,3.70993638,0.126162581,1014.5639,3008656476
1,3806,1420,128,3.55313706,0.125771499,1017.71865,3008656476
1,3807,1421,128,3.27275944,0.125208619,1022.29384,3008656476
1,3808,1422,128,3.95671844,0.127063538,1007.37003,3008656476
1,3809,1423,128,3.26241779,0.139312626,918.796836,3008656476
1,3810,1424,128,3.59769297,0.135574218,944.132313,3008656476
1,3811,1425,128,4.26608658,0.123036142,1040.34471,3008656476
1,3812,1426,128,3.21400261,0.12562232,1018.92721,3008656476
1,3813,1427,128,3.483706,0.124722992,1026.27429,3008656476
1,3814,1428,128,3.25931144,0.125007352,1023.93978,3008656476
1,3815,1429,128,4.05600262,0.124633377,1027.01221,3008656476
1,3816,1430,128,3.62033629,0.125947313,1016.29798,3008656476
1,3817,1431,128,3.71314907,0.125826695,1017.27221,3008656476
1,3818,1432,128,4.01705742,0.140987906,907.87929,3008656476
1,3819,1433,128,2.95778799,0.142659962,897.238428,3008656476
1,3820,1434,128,3.16813564,0.128294439,997.704975,3008656476
1,3821,1435,128,3.67458558,0.128883217,993.147153,3008656476
1,3822,1436,128,2.69431829,0.129888841,985.458019,3008656476
1,3823,1437,128,3.67838335,0.128667607,994.811382,3008656476
1,3824,1438,128,3.43420911,0.128853414,993.376862,3008656476
1,3825,1439,128,3.3747921,0.129478009,988.584865,3008656476
1,3826,1440,128,3.76780677,0.143610953,891.296919,3008656476
1,3827,1441,128,3.92363262,0.146001259,876.704769,3008656476
1,3828,1442,128,3.67801356,0.130317909,982.213427,3008656476
1,3829,1443,128,2.7809999,0.13231352,967.39925,3008656476
1,3830,1444,128,3.89671373,0.129625655,987.458848,3008656476
1,3831,1445,128,3.61171818,0.129922327,985.204029,3008656476
1,3832,1446,128,3.87223172,0.129290372,990.019582,3008656476
1,3833,1447,128,3.36102295,0.129146913,991.119315,3008656476
1,3834,1448,128,2.96324801,0.135729492,943.052229,3008656476
1,3835,1449,128,3.88854671,0.14269168,897.038986,3008656476
1,3836,1450,128,2.85335827,0.130128246,983.645011,3008656476
1,3837,1451,128,3.27550435,0.129453004,988.775819,3008656476
1,3838,1452,128,3.16638398,0.13042478,981.408594,3008656476
1,3839,1453,128,3.3885169,0.129913403,985.271704,3008656476
1,3840,1454,128,3.26511002,0.128978676,992.41211,3008656476
1,3841,1455,128,2.38971376,0.131377575,974.291084,3008656476
1,3842,1456,128,3.62106776,0.133903024,955.915678,3008656476
1,3843,1457,128,3.4816227,0.143326257,893.067346,3008656476
1,3844,1458,128,3.74862337,0.12895643,992.583309,3008656476
1,3845,1459,128,3.67014456,0.128367428,997.137685,3008656476
1,3846,1460,128,3.15986443,0.13096794,977.338423,3008656476
1,3847,1461,128,2.28903627,0.128876414,993.199578,3008656476
1,3848,1462,128,2.55142045,0.12673339,1009.99429,3008656476
1,3849,1463,128,3.37346387,0.127370241,1004.94432,3008656476
1,3850,1464,128,2.4023447,0.140192374,913.031118,3008656476
1,3851,1465,128,3.1580205,0.144574978,885.353757,3008656476
1,3852,1466,128,3.96491885,0.129860058,985.676443,3008656476
1,3853,1467,128,3.38862753,0.129388593,989.268042,3008656476
1,3854,1468,128,2.92113853,0.128199536,998.443551,3008656476
1,3855,1469,128,3.9639349,0.128710883,994.476901,3008656476
1,3856,1470,128,2.91664124,0.129180499,990.861632,3008656476
1,3857,1471,128,4.0044179,0.128473634,996.313376,3008656476
1,3858,1472,128,3.51240659,0.139636865,916.663375,3008656476
1,3859,1473,128,3.80147743,0.144237719,887.423906,3008656476
1,3860,1474,128,3.0919888,0.130489367,980.922836,3008656476
1,3861,1475,128,3.09201312,0.128418167,996.743708,3008656476
1,3862,1476,128,3.22298908,0.132063279,969.232333,3008656476
1,3863,1477,128,3.56451559,0.128333912,997.3981,3008656476
1,3864,1478,128,3.32427454,0.128285807,997.772107,3008656476
1,3865,1479,128,3.65124607,0.127667292,1002.60606,3008656476
1,3866,1480,128,3.29457426,0.136542087,937.439897,3008656476
1,3867,1481,128,3.80065489,0.145694779,878.548984,3008656476
1,3868,1482,128,3.16365385,0.128696841,994.585407,3008656476
1,3869,1483,128,2.91756892,0.128250675,998.045429,3008656476
1,3870,1484,128,3.17203712,0.12858298,995.466118,3008656476
1,3871,1485,128,3.47600722,0.128403741,996.855691,3008656476
1,3872,1486,128,3.70188737,0.128247484,998.070262,3008656476
1,3873,1487,128,3.67977953,0.127327744,1005.27973,3008656476
1,3874,1488,128,3.19254255,0.140207673,912.931491,3008656476
1,3875,1489,128,2.98034859,0.144595072,885.230722,3008656476
1,3876,1490,128,3.36426115,0.130364161,981.864947,3008656476
1,3877,1491,128,3.34920192,0.129727368,986.684629,3008656476
1,3878,1492,128,3.44640446,0.128132719,998.964207,3008656476
1,3879,1493,128,3.1992383,0.129252979,990.305995,3008656476
1,3880,1494,128,2.422472,0.128540835,995.792504,3008656476
1,3881,1495,128,2.99126792,0.128225941,998.237946,3008656476
1,3882,1496,128,3.20863652,0.138998305,920.874539,3008656476
1,3883,1497,128,3.16703486,0.148135416,864.07426,3008656476
1,3884,1498,128,3.29291558,0.129414849,989.067336,3008656476
1,3885,1499,128,2.95158172,0.130335258,982.082684,3008656476
1,3886,1500,128,3.45936871,0.1295095,988.344484,3008656476
1,3887,1501,128,3.85313606,0.12908374,991.604365,3008656476
1,3888,1502,128,3.04886723,0.128914127,992.909024,3008656476
1,3889,1503,128,3.35210967,0.128312498,997.564555,3008656476
1,3890,1504,128,3.13216734,0.135737263,942.998239,3008656476
1,3891,1505,128,3.48572636,0.145595179,879.149989,3008656476
1,3892,1506,128,2.82061744,0.130023461,984.437724,3008656476
1,3893,1507,128,3.31240177,0.129567053,987.905467,3008656476
1,3894,1508,128,3.07746649,0.129181379,990.854882,3008656476
1,3895,1509,128,3.59542489,0.128908084,992.95557,3008656476
1,3896,1510,128,4.050488,0.128595954,995.365686,3008656476
1,3897,1511,128,2.99097347,0.127666063,1002.61571,3008656476
1,3898,1512,128,3.35563517,0.138328281,925.335001,3008656476
1,3899,1513,128,3.62410045,0.147841676,865.791051,3008656476
1,3900,1514,128,4.12158871,0.129418463,989.039717,3008656476
1,3901,1515,128,3.15407562,0.129791463,986.197374,3008656476
1,3902,1516,128,3.72790504,0.129743116,986.564867,3008656476
1,3903,1517,128,3.76060319,0.12931456,989.834401,3008656476
1,3904,1518,128,3.75323772,0.128837646,993.498438,3008656476
1,3905,1519,128,3.03480029,0.128974517,992.444112,3008656476
1,3906,1520,128,3.62835097,0.131095329,976.388716,3008656476
1,3907,1521,128,2.96452093,0.147887709,865.521556,3008656476
1,3908,1522,128,3.81997275,0.131266989,975.111877,3008656476
1,3909,1523,128,4.07227421,0.128059628,999.534373,3008656476
1,3910,1524,128,3.8146677,0.129483593,988.542232,3008656476
1,3911,1525,128,3.14685154,0.130769553,978.821117,3008656476
1,3912,1526,128,2.59839201,0.127929046,1000.55464,3008656476
1,3913,1527,128,2.5293355,0.126959947,1008.19198,3008656476
1,3914,1528,128,3.19479942,0.133577024,958.248628,3008656476
1,3915,1529,128,3.90871,0.145945749,877.038221,3008656476
1,3916,1530,128,3.85361576,0.127415722,1004.5856,3008656476
1,3917,1531,128,4.40658045,0.126352196,1013.04136,3008656476
1,3918,1532,128,4.21787262,0.127089216,1007.16649,3008656476
1,3919,1533,128,3.50745177,0.126104828,1015.02854,3008656476
1,3920,1534,128,3.55957818,0.125654327,1018.66767,3008656476
1,3921,1535,128,2.81594682,0.125636628,1018.81117,3008656476
1,3922,1536,128,3.37997437,0.144585544,885.289058,3008656476
1,3923,1537,128,3.26842284,0.142989583,895.170105,3008656476
1,3924,1538,128,3.54989791,0.12775781,1001.8957,3008656476
1,3925,1539,128,3.06848288,0.126961789,1008.17735,3008656476
1,3926,1540,128,4.0154829,0.12776081,1001.87217,3008656476
1,3927,1541,128,3.77870727,0.126240783,1013.93541,3008656476
1,3928,1542,128,3.95201325,0.126868717,1008.91696,3008656476
1,3929,1543,128,3.4899137,0.126227472,1014.04233,3008656476
1,3930,1544,128,4.11750793,0.145075295,882.300463,3008656476
1,3931,1545,128,3.58532834,0.141357725,905.504103,3008656476
1,3932,1546,128,3.0484736,0.126363973,1012.94694,3008656476
1,3933,1547,128,3.5694561,0.126997106,1007.89698,3008656476
1,3934,1548,128,3.45440531,0.129952156,984.977887,3008656476
1,3935,1549,128,3.84833336,0.126744359,1009.90688,3008656476
1,3936,1550,128,3.45833468,0.126414484,1012.5422,3008656476
1,3937,1551,128,3.12239408,0.127190335,1006.36577,3008656476
1,3938,1552,128,3.71235323,0.140122997,913.483174,3008656476
1,3939,1553,128,4.41239119,0.140366888,911.895974,3008656476
1,3940,1554,128,4.02263451,0.126537127,1011.56082,3008656476
1,3941,1555,128,3.2384429,0.126699385,1010.26536,3008656476
1,3942,1556,128,3.66622829,0.125874436,1016.88638,3008656476
1,3943,1557,128,3.84262753,0.126743817,1009.9112,3008656476
1,3944,1558,128,3.46014047,0.125401107,1020.72464,3008656476
1,3945,1559,128,3.21695065,0.125207757,1022.30088,3008656476
1,3946,1560,128,3.25761509,0.138891256,921.584293,3008656476
1,3947,1561,128,3.82305908,0.138884791,921.627192,3008656476
1,3948,1562,128,4.12649488,0.12492541,1024.61141,3008656476
1,3949,1563,128,4.23005295,0.125639694,1018.78631,3008656476
1,3950,1564,128,3.67582321,0.125139099,1022.86177,3008656476
1,3951,1565,128,3.59218144,0.126102298,1015.04891,3008656476
1,3952,1566,128,2.77712822,0.126538458,1011.55018,3008656476
1,3953,1567,128,2.50348568,0.126336658,1013.16595,3008656476
1,3954,1568,128,2.03689694,0.139140189,919.935505,3008656476
1,3955,1569,128,2.90505528,0.139040796,920.593119,3008656476
1,3956,1570,128,3.27999115,0.126915579,1008.54443,3008656476
1,3957,1571,128,3.44779372,0.12654427,1011.50372,3008656476
1,3958,1572,128,2.58194613,0.126277827,1013.63797,3008656476
1,3959,1573,128,3.12864542,0.125876054,1016.87331,3008656476
1,3960,1574,128,3.79552937,0.125898873,1016.68901,3008656476
1,3961,1575,128,3.7959342,0.125213096,1022.25729,3008656476
1,3962,1576,128,3.50234938,0.139447214,917.910056,3008656476
1,3963,1577,128,3.49079657,0.140502897,911.013244,3008656476
1,3964,1578,128,3.15492702,0.126365057,1012.93825,3008656476
1,3965,1579,128,3.44485331,0.12465653,1026.82146,3008656476
1,3966,1580,128,3.79656339,0.124878371,1024.99736,3008656476
1,3967,1581,128,3.24821234,0.124949826,1024.41119,3008656476
1,3968,1582,128,3.3100791,0.124347255,1029.37536,3008656476
1,3969,1583,128,3.26511812,0.125595606,1019.14393,3008656476
1,3970,1584,128,3.76615882,0.125895501,1016.71624,3008656476
1,3971,1585,128,3.77028012,0.131693768,971.951839,3008656476
1,3972,1586,128,4.01166105,0.141569005,904.152713,3008656476
1,3973,1587,128,3.20403957,0.130389306,981.675598,3008656476
1,3974,1588,128,3.26982403,0.130432807,981.348197,3008656476
1,3975,1589,128,3.56852698,0.141117183,907.047585,3008656476
1,3976,1590,128,3.05624914,0.138233583,925.968909,3008656476
1,3977,1591,128,2.94192839,0.142246258,899.847924,3008656476
1,3978,1592,128,3.38804364,0.14487809,883.501432,3008656476
1,3979,1593,128,3.78877854,0.142956768,895.375587,3008656476
1,3980,1594,128,3.74404979,0.130349338,981.976602,3008656476
1,3981,1595,128,3.23582673,0.129434778,988.91505,3008656476
1,3982,1596,128,3.18357682,0.129919978,985.221842,3008656476
1,3983,1597,128,3.36734796,0.128690096,994.637536,3008656476
1,3984,1598,128,3.22968125,0.12885148,993.391772,3008656476
1,3985,1599,128,3.32754016,0.12919148,990.77741,3008656476
1,3986,1600,128,2.61611295,0.14364127,891.108802,3008656476
1,3987,1601,128,2.95805883,0.141363927,905.464376,3008656476
1,3988,1602,128,3.10156178,0.128663407,994.843856,3008656476
1,3989,1603,128,3.15336275,0.12792758,1000.5661,3008656476
1,3990,1604,128,2.69177151,0.127325656,1005.29621,3008656476
1,3991,1605,128,2.32232881,0.128347579,997.291893,3008656476
1,3992,1606,128,2.18883443,0.127169351,1006.53183,3008656476
1,3993,1607,128,3.44677877,0.127463754,1004.20705,3008656476
1,3994,1608,128,3.28518605,0.13881659,922.079991,3008656476
1,3995,1609,128,3.29988146,0.139651142,916.569662,3008656476
1,3996,1610,128,3.4029789,0.125862152,1016.98563,3008656476
1,3997,1611,128,3.71343446,0.125825736,1017.27996,3008656476
1,3998,1612,128,3.74543571,0.143523702,891.838757,3008656476
1,3999,1613,128,3.14402342,0.162740526,786.52812,3008656476
1,4000,1614,128,2.95594668,0.125359224,1021.06567,3008656476
1,4001,1615,128,2.89812207,0.126027516,1015.65122,3008656476
1,4002,1616,128,3.03704,0.138829089,921.996974,3008656476
1,4003,1617,128,3.35867143,0.140996533,907.823741,3008656476
1,4004,1618,128,2.21063972,0.125383633,1020.86689,3008656476
1,4005,1619,128,3.52124834,0.126203553,1014.23452,3008656476
1,4006,1620,128,4.12456512,0.126293302,1013.51376,3008656476
1,4007,1621,128,3.66547036,0.125820375,1017.32331,3008656476
1,4008,1622,128,3.16289949,0.126043541,1015.52209,3008656476
1,4009,1623,128,3.61576295,0.126435716,1012.37217,3008656476
1,4010,1624,128,3.38141203,0.140698769,909.744989,3008656476
1,4011,1625,128,2.99340224,0.140212671,912.898949,3008656476
1,4012,1626,128,3.58192658,0.126555889,1011.41086,3008656476
1,4013,1627,128,3.5505352,0.12585337,1017.0566,3008656476
1,4014,1628,128,3.33622575,0.125635021,1018.8242,3008656476
1,4015,1629,128,2.95628119,0.125106094,1023.13161,3008656476
1,4016,1630,128,3.41902757,0.125698196,1018.31215,3008656476
1,4017,1631,128,3.26089716,0.12663579,1010.7727,3008656476
1,4018,1632,128,3.53559875,0.13984037,915.329386,3008656476
1,4019,1633,128,3.24125671,0.137391936,931.641286,3008656476
1,4020,1634,128,3.35085845,0.125721846,1018.12059,3008656476
1,4021,1635,128,3.11109829,0.125682325,1018.44074,3008656476
1,4022,1636,128,2.99304175,0.125795221,1017.52673,3008656476
1,4023,1637,128,3.25397086,0.126118967,1014.91475,3008656476
1,4024,1638,128,3.78626418,0.126619126,1010.90573,3008656476
1,4025,1639,128,3.93560815,0.126641405,1010.72789,3008656476
1,4026,1640,128,3.23600006,0.127217327,1006.15225,3008656476
1,4027,1641,128,2.35689473,0.137473766,931.086735,3008656476
1,4028,1642,128,3.59590626,0.145045479,882.481832,3008656476
1,4029,1643,128,2.76744866,0.143100443,894.476616,3008656476
1,4030,1644,128,2.88209987,0.143308167,893.18008,3008656476
1,4031,1645,128,2.23169851,0.140867389,908.656013,3008656476
1,4032,1646,128,3.82655072,0.12946928,988.651516,3008656476
1,4033,1647,128,3.2472508,0.130467791,981.085056,3008656476
1,4034,1648,128,2.77335429,0.144674364,884.745552,3008656476
1,4035,1649,128,2.66359162,0.144838599,883.742323,3008656476
1,4036,1650,128,2.88293028,0.130795465,978.627202,3008656476
1,4037,1651,128,3.0962224,0.129185231,990.825337,3008656476
1,4038,1652,128,3.41728902,0.12914703,991.118418,3008656476
1,4039,1653,128,2.64133573,0.128201123,998.431192,3008656476
1,4040,1654,128,2.78921151,0.128334067,997.396895,3008656476
1,4041,1655,128,2.86893177,0.12765881,1002.67267,3008656476
1,4042,1656,128,3.39283848,0.14305674,894.749873,3008656476
1,4043,1657,128,3.44659281,0.141602352,903.939788,3008656476
1,4044,1658,128,3.64037418,0.127322868,1005.31823,3008656476
1,4045,1659,128,3.38392925,0.128127312,999.006363,3008656476
1,4046,1660,128,2.50505114,0.12610909,1014.99424,3008656476
1,4047,1661,128,2.73206544,0.126884172,1008.79407,3008656476
1,4048,1662,128,3.10750675,0.125931371,1016.42664,3008656476
1,4049,1663,128,3.46842265,0.125917912,1016.53528,3008656476
1,4050,1664,128,3.60854101,0.138213785,926.101546,3008656476
1,4051,1665,128,3.24203801,0.140184177,913.084506,3008656476
1,4052,1666,128,3.50337887,0.126681802,1010.40558,3008656476
1,4053,1667,128,3.54407859,0.12648219,1012.00019,3008656476
1,4054,1668,128,3.72724199,0.126414715,1012.54035,3008656476
1,4055,1669,128,3.46913648,0.126159417,1014.58934,3008656476
1,4056,1670,128,3.5254972,0.126997774,1007.89168,3008656476
1,4057,1671,128,2.50080895,0.126670549,1010.49534,3008656476
1,4058,1672,128,3.20383406,0.138655183,923.153374,3008656476
1,4059,1673,128,3.27113414,0.139946972,914.632151,3008656476
1,4060,1674,128,3.50609207,0.126743043,1009.91736,3008656476
1,4061,1675,128,3.21764445,0.126336703,1013.16559,3008656476
1,4062,1676,128,3.15744686,0.126403627,1012.62917,3008656476
1,4063,1677,128,3.9887681,0.127268816,1005.74519,3008656476
1,4064,1678,128,3.75345111,0.126216234,1014.13262,3008656476
1,4065,1679,128,3.70451641,0.125356727,1021.08601,3008656476
1,4066,1680,128,3.49229789,0.126210662,1014.17739,3008656476
1,4067,1681,128,3.87054586,0.131873755,970.625277,3008656476
1,4068,1682,128,3.64588475,0.134813272,949.461415,3008656476
1,4069,1683,128,3.53556538,0.125927807,1016.4554,3008656476
1,4070,1684,128,3.23344541,0.126997636,1007.89278,3008656476
1,4071,1685,128,2.62757564,0.127005618,1007.82943,3008656476
1,4072,1686,128,3.66768694,0.12759023,1003.21161,3008656476
1,4073,1687,128,3.04710579,0.128552136,995.704964,3008656476
1,4074,1688,128,3.03317904,0.129180357,990.862721,3008656476
1,4075,1689,128,3.38269424,0.143032065,894.90423,3008656476
1,4076,1690,128,3.52038765,0.144401025,886.420301,3008656476
1,4077,1691,128,3.50413108,0.130618709,979.951501,3008656476
1,4078,1692,128,3.30873084,0.131119795,976.206529,3008656476
1,4079,1693,128,3.55184412,0.139579144,917.042449,3008656476
1,4080,1694,128,3.56037283,0.143426922,892.440542,3008656476
1,4081,1695,128,3.68819547,0.143162919,894.086268,3008656476
1,4082,1696,128,3.5776186,0.151918622,842.556352,3008656476
1,4083,1697,128,3.58180642,0.152538384,839.133054,3008656476
1,4084,1698,128,3.83024049,0.134002419,955.206637,3008656476
1,4085,1699,128,3.78111696,0.143485577,892.075724,3008656476
1,4086,1700,128,3.62118554,0.143854066,889.79063,3008656476
1,4087,1701,128,3.4831531,0.143867391,889.708217,3008656476
1,4088,1702,128,2.26676702,0.143387838,892.683799,3008656476
1,4089,1703,128,2.58291197,0.154158656,830.313414,3008656476
1,4090,1704,128,2.38195586,0.153030714,836.433397,3008656476
1,4091,1705,128,2.7667892,0.139055844,920.493496,3008656476
1,4092,1706,128,3.07848144,0.143274266,893.39142,3008656476
1,4093,1707,128,3.22764444,0.143284845,893.32546,3008656476
1,4094,1708,128,3.95652294,0.13401374,955.125945,3008656476
1,4095,1709,128,3.18173957,0.130088571,983.945008,3008656476
1,4096,1710,128,3.63774085,0.132144829,968.634195,3008656476
1,4097,1711,128,3.30921936,0.142785066,896.452294,3008656476
1,4098,1712,128,2.82717586,0.144869438,883.554197,3008656476
1,4099,1713,128,3.14656734,0.129165943,990.973294,3008656476
1,4100,1714,128,3.46470046,0.128707179,994.50552,3008656476
1,4101,1715,128,2.93632603,0.128039006,999.695358,3008656476
1,4102,1716,128,3.09228683,0.128262517,997.953284,3008656476
1,4103,1717,128,3.85805917,0.127717167,1002.21453,3008656476
1,4104,1718,128,2.73450017,0.128020364,999.840932,3008656476
1,4105,1719,128,3.38475204,0.141131835,906.953417,3008656476
1,4106,1720,128,4.00738239,0.140833062,908.877491,3008656476
1,4107,1721,128,3.26941538,0.127619913,1002.97827,3008656476
1,4108,1722,128,3.47664285,0.12674146,1009.92998,3008656476
1,4109,1723,128,3.41784143,0.126565277,1011.33583,3008656476
1,4110,1724,128,3.91496229,0.125389873,1020.81609,3008656476
1,4111,1725,128,2.92696548,0.126579804,1011.21977,3008656476
1,4112,1726,128,4.08412647,0.125799133,1017.49509,3008656476
1,4113,1727,128,3.52040124,0.141306391,905.833056,3008656476
1,4114,1728,128,3.29268146,0.137689437,929.62832,3008656476
1,4115,1729,128,3.66020632,0.125708022,1018.23255,3008656476
1,4116,1730,128,2.89610624,0.126325806,1013.25298,3008656476
1,4117,1731,128,3.05907369,0.125941586,1016.3442,3008656476
1,4118,1732,128,3.50956035,0.126246919,1013.88613,3008656476
1,4119,1733,128,2.88177633,0.126142426,1014.72601,3008656476
1,4120,1734,128,3.51385665,0.126196147,1014.29404,3008656476
1,4121,1735,128,2.60346913,0.1405871,910.467603,3008656476
1,4122,1736,128,3.14218569,0.140160712,913.23737,3008656476
1,4123,1737,128,2.12831378,0.126648304,1010.67283,3008656476
1,4124,1738,128,2.70243359,0.126823791,1009.27436,3008656476
1,4125,1739,128,2.11886907,0.125814498,1017.37083,3008656476
1,4126,1740,128,2.29666042,0.125847619,1017.10307,3008656476
1,4127,1741,128,2.68939638,0.125612204,1019.00927,3008656476
1,4128,1742,128,2.85256481,0.125652086,1018.68583,3008656476
1,4129,1743,128,3.15811419,0.140754933,909.381982,3008656476
1,4130,1744,128,3.73831701,0.140095585,913.661912,3008656476
1,4131,1745,128,2.13859391,0.125012939,1023.89401,3008656476
1,4132,1746,128,3.77180505,0.125217464,1022.22163,3008656476
1,4133,1747,128,4.0951457,0.125650987,1018.69474,3008656476
1,4134,1748,128,3.17529821,0.124727161,1026.23999,3008656476
1,4135,1749,128,3.79291701,0.125309988,1021.46686,3008656476
1,4136,1750,128,2.96255088,0.125324451,1021.34898,3008656476
1,4137,1751,128,3.67902422,0.140007054,914.23965,3008656476
1,4138,1752,128,3.07777047,0.123092195,1039.87097,3008656476
1,4139,1753,128,3.82150674,0.133612586,957.993583,3008656476
1,4140,1754,128,3.54383802,0.135216903,946.627213,3008656476
1,4141,1755,128,3.90143704,0.13855159,923.843602,3008656476
1,4142,1756,128,3.08386898,0.131204466,975.576548,3008656476
1,4143,1757,128,2.93213582,0.138738484,922.599097,3008656476
1,4144,1758,128,2.89698577,0.143161975,894.092164,3008656476
1,4145,1759,128,3.38303995,0.150834205,848.61388,3008656476
1,4146,1760,128,3.69494486,0.146606604,873.084817,3008656476
1,4147,1761,128,2.80502129,0.12918947,990.792825,3008656476
1,4148,1762,128,4.03154469,0.13158592,972.748452,3008656476
1,4149,1763,128,3.0692606,0.12911302,991.379491,3008656476
1,4150,1764,128,3.15412998,0.129878021,985.540117,3008656476
1,4151,1765,128,2.35274363,0.128857051,993.348823,3008656476
1,4152,1766,128,3.47147346,0.129127352,991.269456,3008656476
1,4153,1767,128,3.6930809,0.141570738,904.141645,3008656476
1,4154,1768,128,3.23108912,0.142519163,898.124837,3008656476
1,4155,1769,128,2.8240633,0.127889303,1000.86557,3008656476
1,4156,1770,128,2.85781145,0.126798025,1009.47945,3008656476
1,4157,1771,128,2.83063507,0.126271803,1013.68633,3008656476
1,4158,1772,128,2.50865364,0.126454959,1012.21811,3008656476
1,4159,1773,128,2.67737913,0.126784286,1009.58884,3008656476
1,4160,1774,128,2.48186302,0.126965008,1008.15179,3008656476
1,4161,1775,128,3.03873348,0.140242512,912.704701,3008656476
1,4162,1776,128,3.00262642,0.139749165,915.926761,3008656476
1,4163,1777,128,2.7836175,0.12569389,1018.34703,3008656476
1,4164,1778,128,2.37228417,0.12682693,1009.24938,3008656476
1,4165,1779,128,3.14662838,0.12515168,1022.75894,3008656476
1,4166,1780,128,2.66047287,0.126347648,1013.07782,3008656476
1,4167,1781,128,1.88624775,0.125908264,1016.61317,3008656476
1,4168,1782,128,2.20972657,0.126037458,1015.5711,3008656476
1,4169,1783,128,2.56748223,0.140228564,912.795484,3008656476
1,4170,1784,128,2.85421443,0.141062226,907.400965,3008656476
1,4171,1785,128,2.89654684,0.127140245,1006.76226,3008656476
1,4172,1786,128,2.17647696,0.126642109,1010.72227,3008656476
1,4173,1787,128,2.29964828,0.126774638,1009.66567,3008656476
1,4174,1788,128,2.12303114,0.126953157,1008.2459,3008656476
1,4175,1789,128,2.63761258,0.126657576,1010.59884,3008656476
1,4176,1790,128,2.15540743,0.125800292,1017.48571,3008656476
1,4177,1791,128,3.43369246,0.138487087,924.2739,3008656476
1,4178,1792,128,3.04924297,0.136134881,940.243963,3008656476
1,4179,1793,128,2.59521651,0.124182347,1030.74232,3008656476
1,4180,1794,128,3.01730084,0.124524893,1027.90693,3008656476
1,4181,1795,128,1.93590498,0.124653585,1026.84572,3008656476
1,4182,1796,128,3.04404974,0.125050487,1023.58658,3008656476
1,4183,1797,128,3.31146836,0.123673243,1034.98539,3008656476
1,4184,1798,128,3.1611259,0.124936213,1024.52281,3008656476
1,4185,1799,128,2.53498459,0.125700925,1018.29004,3008656476
1,4186,1800,128,2.51503634,0.140330721,912.130994,3008656476
1,4187,1801,128,2.87636709,0.142038544,901.163842,3008656476
1,4188,1802,128,2.29335093,0.126997691,1007.89234,3008656476
1,4189,1803,128,3.17842889,0.128439047,996.58167,3008656476
1,4190,1804,128,2.5211699,0.127883145,1000.91376,3008656476
1,4191,1805,128,3.47405601,0.128948047,992.647837,3008656476
1,4192,1806,128,2.95115185,0.130014514,984.505468,3008656476
1,4193,1807,128,3.36519384,0.128718848,994.415363,3008656476
1,4194,1808,128,3.12228107,0.145065597,882.359447,3008656476
1,4195,1809,128,4.15072727,0.145722977,878.378981,3008656476
1,4196,1810,128,3.03999186,0.139225907,919.369123,3008656476
1,4197,1811,128,2.82358098,0.135614268,943.853489,3008656476
1,4198,1812,128,2.46742988,0.143506482,891.945773,3008656476
1,4199,1813,128,2.33423185,0.143520818,891.856678,3008656476
1,4200,1814,128,3.48874712,0.129920483,985.218012,3008656476
1,4201,1815,128,3.59807253,0.144811156,883.9098,3008656476
1,4202,1816,128,2.92762184,0.14475548,884.249771,3008656476
1,4203,1817,128,3.21173358,0.129898516,985.384621,3008656476
1,4204,1818,128,2.13660049,0.129822207,985.963827,3008656476
1,4205,1819,128,2.07293367,0.129613869,987.54864,3008656476
1,4206,1820,128,2.84707189,0.128580281,995.487014,3008656476
1,4207,1821,128,3.27562118,0.128997415,992.267946,3008656476
1,4208,1822,128,4.18491507,0.128946745,992.65786,3008656476
1,4209,1823,128,3.53495574,0.141912581,901.963724,3008656476
1,4210,1824,128,2.98505449,0.142736607,896.756639,3008656476
1,4211,1825,128,2.58185267,0.126770375,1009.69962,3008656476
1,4212,1826,128,3.54932594,0.126242307,1013.92317,3008656476
1,4213,1827,128,2.70205712,0.128061472,999.519981,3008656476
1,4214,1828,128,2.79179096,0.126052511,1015.44982,3008656476
1,4215,1829,128,3.09160447,0.125906188,1016.62994,3008656476
1,4216,1830,128,2.96085715,0.125128281,1022.9502,3008656476
1,4217,1831,128,3.50811815,0.139764133,915.82867,3008656476
1,4218,1832,128,2.89698362,0.142829196,896.175317,3008656476
1,4219,1833,128,3.09103656,0.125548859,1019.5234,3008656476
1,4220,1834,128,3.50206041,0.125492085,1019.98465,3008656476
1,4221,1835,128,3.03807926,0.125738243,1017.98782,3008656476
1,4222,1836,128,2.27250552,0.124855138,1025.18809,3008656476
1,4223,1837,128,3.40014148,0.125794832,1017.52988,3008656476
1,4224,1838,128,3.70333982,0.126035805,1015.58442,3008656476
1,4225,1839,128,3.52589321,0.139112525,920.118444,3008656476
1,4226,1840,128,3.47423768,0.139274836,919.046137,3008656476
1,4227,1841,128,3.4921906,0.126366894,1012.92353,3008656476
1,4228,1842,128,3.38115859,0.125985284,1015.99168,3008656476
1,4229,1843,128,3.46938038,0.125966288,1016.14489,3008656476
1,4230,1844,128,3.40684056,0.126926912,1008.45438,3008656476
1,4231,1845,128,2.44219494,0.125868251,1016.93635,3008656476
1,4232,1846,128,2.8041079,0.126303296,1013.43357,3008656476
1,4233,1847,128,2.3253963,0.126392609,1012.71744,3008656476
1,4234,1848,128,3.04854941,0.12668494,1010.38056,3008656476
1,4235,1849,128,3.38347626,0.14019848,912.991353,3008656476
1,4236,1850,128,3.79911566,0.126680267,1010.41783,3008656476
1,4237,1851,128,2.87933946,0.126971254,1008.1022,3008656476
1,4238,1852,128,2.4977951,0.12789322,1000.83492,3008656476
1,4239,1853,128,3.01016736,0.127641633,1002.8076,3008656476
1,4240,1854,128,3.70530486,0.128184109,998.563714,3008656476
1,4241,1855,128,3.11667013,0.128414123,996.775098,3008656476
1,4242,1856,128,2.86932516,0.143448965,892.303406,3008656476
1,4243,1857,128,2.24511647,0.142531568,898.04667,3008656476
1,4244,1858,128,3.36772203,0.128761199,994.088289,3008656476
1,4245,1859,128,2.67696047,0.130376538,981.771736,3008656476
1,4246,1860,128,3.35974026,0.131629753,972.424525,3008656476
1,4247,1861,128,3.42631269,0.13903418,920.636925,3008656476
1,4248,1862,128,3.33256435,0.129342535,989.620313,3008656476
1,4249,1863,128,3.32244635,0.130520985,980.685213,3008656476
1,4250,1864,128,3.52664208,0.136292502,939.15658,3008656476
1,4251,1865,128,3.36466527,0.140143559,913.349146,3008656476
1,4252,1866,128,3.19261551,0.132311472,967.414224,3008656476
1,4253,1867,128,4.19064951,0.129564918,987.921746,3008656476
1,4254,1868,128,3.17956281,0.129835799,985.86061,3008656476
1,4255,1869,128,3.00132513,0.128536484,995.826212,3008656476
1,4256,1870,128,3.44767928,0.131176471,975.78475,3008656476
1,4257,1871,128,2.7157743,0.128250531,998.04655,3008656476
1,4258,1872,128,3.38732195,0.136084673,940.590863,3008656476
1,4259,1873,128,3.17019415,0.139276285,919.036575,3008656476
1,4260,1874,128,3.70750189,0.128863273,993.300861,3008656476
1,4261,1875,128,2.99771881,0.129549136,988.042097,3008656476
1,4262,1876,128,2.67461085,0.128114369,999.10729,3008656476
1,4263,1877,128,2.74402094,0.12711035,1006.99904,3008656476
1,4264,1878,128,2.62840152,0.127370843,1004.93957,3008656476
1,4265,1879,128,1.95264781,0.12646834,1012.11102,3008656476
1,4266,1880,128,2.78200054,0.145125132,881.997475,3008656476
1,4267,1881,128,2.98633075,0.142447834,898.574562,3008656476
1,4268,1882,128,3.09576416,0.129383543,989.306654,3008656476
1,4269,1883,128,2.52281833,0.128585017,995.450349,3008656476
1,4270,1884,128,2.77633262,0.129294813,989.985577,3008656476
1,4271,1885,128,2.74539137,0.129230272,990.480001,3008656476
1,4272,1886,128,3.07149076,0.12843211,996.635499,3008656476
1,4273,1887,128,2.40599799,0.127632863,1002.87651,3008656476
1,4274,1888,128,2.51633048,0.141789765,902.74499,3008656476
1,4275,1889,128,3.40992856,0.143562878,891.595389,3008656476
1,4276,1890,128,3.3425355,0.129271015,990.167827,3008656476
1,4277,1891,128,3.13073969,0.1303732,981.796872,3008656476
1,4278,1892,128,3.12256002,0.12906835,991.722603,3008656476
1,4279,1893,128,2.64858222,0.128625765,995.134995,3008656476
1,4280,1894,128,3.02820802,0.128180376,998.592796,3008656476
1,4281,1895,128,3.06837821,0.127259754,1005.81681,3008656476
1,4282,1896,128,3.45782328,0.139017876,920.744898,3008656476
1,4283,1897,128,3.21597552,0.143115553,894.382178,3008656476
1,4284,1898,128,3.5459981,0.130194017,983.148097,3008656476
1,4285,1899,128,4.73993349,0.129321332,989.782567,3008656476
1,4286,1900,128,3.61188364,0.128697676,994.578954,3008656476
1,4287,1901,128,2.79816484,0.128863898,993.296043,3008656476
1,4288,1902,128,3.02905989,0.129175761,990.897975,3008656476
1,4289,1903,128,3.57775426,0.131408085,974.064876,3008656476
1,4290,1904,128,2.19475913,0.135664349,943.505062,3008656476
1,4291,1905,128,3.39315629,0.141060948,907.409186,3008656476
1,4292,1906,128,2.50763679,0.127825142,1001.36795,3008656476
1,4293,1907,128,2.63388729,0.12683188,1009.20999,3008656476
1,4294,1908,128,3.04211116,0.127079967,1007.2398,3008656476
1,4295,1909,128,2.75684023,0.127649349,1002.74699,3008656476
1,4296,1910,128,3.02225733,0.1260195,1015.71582,3008656476
1,4297,1911,128,2.68444586,0.125392858,1020.79179,3008656476
1,4298,1912,128,2.96192384,0.14263466,897.397589,3008656476
1,4299,1913,128,2.9168098,0.148001995,864.853207,3008656476
1,4300,1914,128,3.11666059,0.129169383,990.946903,3008656476
1,4301,1915,128,2.27048326,0.127717506,1002.21187,3008656476
1,4302,1916,128,3.38004851,0.127752089,1001.94056,3008656476
1,4303,1917,128,2.75383759,0.126548112,1011.47301,3008656476
1,4304,1918,128,2.78669524,0.126975099,1008.07167,3008656476
1,4305,1919,128,2.52923322,0.126622449,1010.8792,3008656476
1,4306,1920,128,2.87004828,0.143157347,894.121068,3008656476
1,4307,1921,128,3.1098907,0.146021803,876.581424,3008656476
1,4308,1922,128,3.25931358,0.129032079,992.001377,3008656476
1,4309,1923,128,3.05349135,0.129220928,990.551623,3008656476
1,4310,1924,128,2.84226561,0.118304519,1081.9536,3008656476
1,4311,1925,128,2.4422996,0.130968798,977.332021,3008656476
1,4312,1926,128,2.96418619,0.129971149,984.83395,3008656476
1,4313,1927,128,3.14651799,0.144396961,886.445249,3008656476
1,4314,1928,128,3.40466142,0.120721218,1060.29414,3008656476
1,4315,1929,128,4.22616673,0.132145105,968.632171,3008656476
1,4316,1930,128,3.58502173,0.12674667,1009.88846,3008656476
1,4317,1931,128,2.1686945,0.12575941,1017.81648,3008656476
1,4318,1932,128,2.05706882,0.126960639,1008.18648,3008656476
1,4319,1933,128,2.51665235,0.125587476,1019.20991,3008656476
1,4320,1934,128,2.68793631,0.124765908,1025.92128,3008656476
1,4321,1935,128,2.16066384,0.124978871,1024.17312,3008656476
1,4322,1936,128,3.2784152,0.141799951,902.680143,3008656476
1,4323,1937,128,3.0177505,0.139156274,919.82917,3008656476
1,4324,1938,128,3.24608564,0.125993041,1015.92913,3008656476
1,4325,1939,128,2.66155338,0.126254266,1013.82713,3008656476
1,4326,1940,128,2.56674767,0.126541394,1011.52671,3008656476
1,4327,1941,128,1.98468935,0.126279198,1013.62696,3008656476
1,4328,1942,128,3.56900692,0.126141532,1014.7332,3008656476
1,4329,1943,128,2.8723731,0.126269917,1013.70147,3008656476
1,4330,1944,128,3.20473623,0.140538983,910.779324,3008656476
1,4331,1945,128,3.35330081,0.140408758,911.624046,3008656476
1,4332,1946,128,2.10786676,0.126023134,1015.68653,3008656476
1,4333,1947,128,2.64271355,0.125807034,1017.43119,3008656476
1,4334,1948,128,3.44955897,0.125646575,1018.73051,3008656476
1,4335,1949,128,3.09563446,0.126574515,1011.26202,3008656476
1,4336,1950,128,3.76271391,0.125580651,1019.2653,3008656476
1,4337,1951,128,3.65383983,0.126239272,1013.94755,3008656476
1,4338,1952,128,2.94655514,0.137919399,928.07829,3008656476
1,4339,1953,128,2.89434695,0.139501065,917.555719,3008656476
1,4340,1954,128,3.027565,0.124212457,1030.49246,3008656476
1,4341,1955,128,3.00859451,0.125350374,1021.13776,3008656476
1,4342,1956,128,3.55356359,0.125709372,1018.22162,3008656476
1,4343,1957,128,3.08177423,0.126124308,1014.87177,3008656476
1,4344,1958,128,2.86325002,0.126250918,1013.85401,3008656476
1,4345,1959,128,2.20262218,0.12771337,1002.24432,3008656476
1,4346,1960,128,3.11040378,0.141422966,905.086378,3008656476
1,4347,1961,128,3.00226593,0.142657404,897.254516,3008656476
1,4348,1962,128,3.01770234,0.128879972,993.172159,3008656476
1,4349,1963,128,2.32237673,0.128716197,994.435844,3008656476
1,4350,1964,128,2.32064152,0.128679764,994.717398,3008656476
1,4351,1965,128,2.68193293,0.131130101,976.129806,3008656476
1,4352,1966,128,3.06785679,0.131388844,974.207521,3008656476
1,4353,1967,128,3.14187789,0.131273987,975.059895,3008656476
1,4354,1968,128,3.52789044,0.14655614,873.385448,3008656476
1,4355,1969,128,2.85013676,0.148209406,863.642892,3008656476
1,4356,1970,128,2.88040996,0.129671754,987.107801,3008656476
1,4357,1971,128,3.04238915,0.130415315,981.479821,3008656476
1,4358,1972,128,3.58431673,0.129170898,990.93528,3008656476
1,4359,1973,128,2.92956972,0.130265717,982.606959,3008656476
1,4360,1974,128,1.43581975,0.129151633,991.083094,3008656476
1,4361,1975,128,2.34640789,0.128722867,994.384316,3008656476
1,4362,1976,128,2.56141162,0.143248325,893.553206,3008656476
1,4363,1977,128,2.50953293,0.14149084,904.652202,3008656476
1,4364,1978,128,2.88439608,0.128163128,998.727185,3008656476
1,4365,1979,128,2.98304772,0.127081528,1007.22742,3008656476
1,4366,1980,128,3.50904393,0.127433759,1004.44341,3008656476
1,4367,1981,128,3.39014697,0.12710941,1007.00648,3008656476
1,4368,1982,128,2.8859396,0.128140584,998.902892,3008656476
1,4369,1983,128,3.45029855,0.125986747,1015.97988,3008656476
1,4370,1984,128,2.41678715,0.140706205,909.696911,3008656476
1,4371,1985,128,2.32748961,0.13864314,923.233562,3008656476
1,4372,1986,128,2.23696899,0.126062477,1015.36955,3008656476
1,4373,1987,128,3.00798368,0.125741344,1017.96272,3008656476
1,4374,1988,128,3.25326538,0.127310012,1005.41975,3008656476
1,4375,1989,128,3.46669936,0.125137638,1022.87371,3008656476
1,4376,1990,128,2.37219524,0.125838756,1017.17471,3008656476
1,4377,1991,128,2.18293738,0.126011142,1015.78319,3008656476
1,4378,1992,128,2.31450367,0.140222312,912.836183,3008656476
1,4379,1993,128,2.97972322,0.140053632,913.935599,3008656476
1,4380,1994,128,2.80075479,0.126081992,1015.21239,3008656476
1,4381,1995,128,2.74933481,0.127370088,1004.94553,3008656476
1,4382,1996,128,2.68641996,0.126057873,1015.40663,3008656476
1,4383,1997,128,3.20996714,0.125868763,1016.93222,3008656476
1,4384,1998,128,3.12003279,0.126427114,1012.44105,3008656476
1,4385,1999,128,3.93732238,0.126629319,1010.82436,3008656476
1,4386,2000,128,2.93343496,0.126987909,1007.96998,3008656476
1,4387,2001,128,2.22731543,0.141151989,906.82392,3008656476
1,4388,2002,128,3.06646681,0.126101315,1015.05682,3008656476
1,4389,2003,128,2.97774458,0.126200795,1014.25669,3008656476
1,4390,2004,128,2.54811811,0.125808024,1017.42318,3008656476
1,4391,2005,128,2.51458335,0.125301036,1021.53984,3008656476
1,4392,2006,128,2.70904183,0.126705364,1010.21769,3008656476
1,4393,2007,128,2.63076353,0.125328439,1021.31648,3008656476
1,4394,2008,128,2.79392743,0.139052374,920.516467,3008656476
1,4395,2009,128,2.71060562,0.138366001,925.082745,3008656476
1,4396,2010,128,2.82905483,0.125453728,1020.2965,3008656476
1,4397,2011,128,3.38487935,0.125027509,1023.7747,3008656476
1,4398,2012,128,3.78144169,0.125794456,1017.53292,3008656476
1,4399,2013,128,3.24238038,0.126548785,1011.46763,3008656476
1,4400,2014,128,3.86562991,0.126593672,1011.10899,3008656476
1,4401,2015,128,3.14517641,0.126830263,1009.22285,3008656476
1,4402,2016,128,3.29842901,0.127714268,1002.23728,3008656476
1,4403,2017,128,3.93961334,0.136911985,934.907196,3008656476
1,4404,2018,128,3.38549042,0.136461469,937.993713,3008656476
1,4405,2019,128,3.3398819,0.130108566,983.793796,3008656476
1,4406,2020,128,2.8412261,0.12916913,990.948844,3008656476
1,4407,2021,128,3.62698674,0.130212372,983.00951,3008656476
1,4408,2022,128,3.67029262,0.128832447,993.53853,3008656476
1,4409,2023,128,3.66605973,0.128534594,995.840855,3008656476
1,4410,2024,128,3.77955508,0.129494857,988.456244,3008656476
1,4411,2025,128,3.41687679,0.141750092,902.99765,3008656476
1,4412,2026,128,3.08218288,0.138267672,925.740617,3008656476
1,4413,2027,128,3.57566667,0.129549225,988.041418,3008656476
1,4414,2028,128,3.51856136,0.129971541,984.830979,3008656476
1,4415,2029,128,3.85779524,0.128764166,994.065383,3008656476
1,4416,2030,128,3.57224274,0.129238405,990.41767,3008656476
1,4417,2031,128,3.61834145,0.129491739,988.480045,3008656476
1,4418,2032,128,2.87245202,0.128243241,998.103284,3008656476
1,4419,2033,128,2.95964789,0.140218531,912.860797,3008656476
1,4420,2034,128,2.95650339,0.138589559,923.590499,3008656476
1,4421,2035,128,3.56394124,0.127959992,1000.31266,3008656476
1,4422,2036,128,2.49989104,0.128426982,996.675294,3008656476
1,4423,2037,128,2.82650137,0.128024917,999.805374,3008656476
1,4424,2038,128,3.12657952,0.117925858,1085.42776,3008656476
1,4425,2039,128,3.6163342,0.127177564,1006.46683,3008656476
1,4426,2040,128,3.16004872,0.126340042,1013.13881,3008656476
1,4427,2041,128,4.18399239,0.143683318,890.848025,3008656476
1,4428,2042,128,3.86186361,0.141769791,902.872178,3008656476
1,4429,2043,128,4.14342308,0.129852074,985.737047,3008656476
1,4430,2044,128,3.16043401,0.128413975,996.776247,3008656476
1,4431,2045,128,3.12091208,0.128807352,993.732097,3008656476
1,4432,2046,128,3.05890107,0.129286332,990.050518,3008656476
1,4433,2047,128,3.31956625,0.131108571,976.290101,3008656476
1,4434,2048,128,3.30170059,0.127789488,1001.64733,3008656476
1,4435,2049,128,3.10475159,0.140751515,909.404066,3008656476
1,4436,2050,128,3.427876,0.145253711,881.216728,3008656476
1,4437,2051,128,3.37847757,0.129979034,984.774206,3008656476
1,4438,2052,128,2.81469178,0.127782016,1001.70591,3008656476
1,4439,2053,128,3.38230109,0.128722258,994.38902,3008656476
1,4440,2054,128,3.81957459,0.128808308,993.724722,3008656476
1,4441,2055,128,3.01822233,0.127735429,1002.07124,3008656476
1,4442,2056,128,3.0433383,0.126635806,1010.77258,3008656476
1,4443,2057,128,3.3799479,0.139661575,916.501192,3008656476
1,4444,2058,128,3.07831955,0.14582431,877.768597,3008656476
1,4445,2059,128,3.12941194,0.128658912,994.878614,3008656476
1,4446,2060,128,2.50215411,0.128330381,997.425543,3008656476
1,4447,2061,128,3.71324301,0.127129725,1006.84557,3008656476
1,4448,2062,128,3.16157174,0.126581551,1011.20581,3008656476
1,4449,2063,128,2.68341827,0.127032931,1007.61274,3008656476
1,4450,2064,128,3.04762006,0.126512837,1011.75504,3008656476
1,4451,2065,128,2.70891547,0.142515919,898.14528,3008656476
1,4452,2066,128,2.97718716,0.20173521,634.495089,3008656476
1,4453,2067,128,2.75235462,0.12846677,996.366609,3008656476
1,4454,2068,128,2.71979403,0.12925634,990.280245,3008656476
1,4455,2069,128,2.78003263,0.129029958,992.017683,3008656476
1,4456,2070,128,3.10589838,0.12906073,991.781156,3008656476
1,4457,2071,128,3.54346538,0.127945898,1000.42285,3008656476
1,4458,2072,128,2.83150864,0.142600544,897.612284,3008656476
1,4459,2073,128,3.40871286,0.140052065,913.945824,3008656476
1,4460,2074,128,2.82713866,0.126000184,1015.87153,3008656476
1,4461,2075,128,3.55947161,0.126626556,1010.84641,3008656476
1,4462,2076,128,3.38436961,0.126345372,1013.09607,3008656476
1,4463,2077,128,3.0563848,0.125701303,1018.28698,3008656476
1,4464,2078,128,2.62245727,0.125826477,1017.27397,3008656476
1,4465,2079,128,3.71049571,0.125806877,1017.43246,3008656476
1,4466,2080,128,3.30001974,0.138709484,922.791984,3008656476
1,4467,2081,128,2.94019794,0.134930632,948.635592,3008656476
1,4468,2082,128,2.92831564,0.123960239,1032.58917,3008656476
1,4469,2083,128,3.44258666,0.125911195,1016.58951,3008656476
1,4470,2084,128,2.56555486,0.126932901,1008.4068,3008656476
1,4471,2085,128,3.16845202,0.126044792,1015.51201,3008656476
1,4472,2086,128,3.15910745,0.1259588,1016.2053,3008656476
1,4473,2087,128,2.63088322,0.126582092,1011.20149,3008656476
1,4474,2088,128,2.68768382,0.126102166,1015.04997,3008656476
1,4475,2089,128,3.2620213,0.128386096,996.992696,3008656476
1,4476,2090,128,2.81914473,0.140156582,913.26428,3008656476
1,4477,2091,128,2.30941486,0.124672391,1026.69083,3008656476
1,4478,2092,128,2.08299756,0.124973712,1024.2154,3008656476
1,4479,2093,128,2.08670473,0.125611073,1019.01844,3008656476
1,4480,2094,128,3.38849068,0.125504605,1019.8829,3008656476
1,4481,2095,128,2.26529169,0.126759953,1009.78264,3008656476
1,4482,2096,128,3.11222291,0.126609169,1010.98523,3008656476
1,4483,2097,128,3.04976606,0.139990253,914.349373,3008656476
1,4484,2098,128,3.03371763,0.142048433,901.101105,3008656476
1,4485,2099,128,3.07280636,0.12794287,1000.44653,3008656476
1,4486,2100,128,2.72929716,0.128837113,993.502548,3008656476
1,4487,2101,128,2.96240211,0.129662112,987.181205,3008656476
1,4488,2102,128,2.78238559,0.129223135,990.534706,3008656476
1,4489,2103,128,1.88292539,0.128843345,993.454493,3008656476
1,4490,2104,128,2.7729001,0.131090233,976.426672,3008656476
1,4491,2105,128,2.55490112,0.143800293,890.12336,3008656476
1,4492,2106,128,2.33536315,0.151934713,842.467119,3008656476
1,4493,2107,128,3.07425666,0.144022845,888.747893,3008656476
1,4494,2108,128,2.80444717,0.129178386,990.877839,3008656476
1,4495,2109,128,3.07283354,0.130662785,979.620938,3008656476
1,4496,2110,128,3.06514263,0.132733365,964.339298,3008656476
1,4497,2111,128,2.83378911,0.129547187,988.056962,3008656476
1,4498,2112,128,2.90271354,0.140747732,909.428509,3008656476
1,4499,2113,128,3.02390814,0.124898158,1024.83497,3008656476
1,4500,2114,128,2.05000806,0.144663306,884.813181,3008656476
1,4501,2115,128,3.42794108,0.129248454,990.340666,3008656476
1,4502,2116,128,2.55215979,0.129345221,989.599763,3008656476
1,4503,2117,128,2.99057984,0.127502617,1003.90096,3008656476
1,4504,2118,128,2.90134716,0.127610606,1003.05142,3008656476
1,4505,2119,128,3.4701457,0.126826119,1009.25583,3008656476
1,4506,2120,128,1.90400589,0.126789,1009.5513,3008656476
1,4507,2121,128,2.30641961,0.129507893,988.356748,3008656476
1,4508,2122,128,2.53182364,0.14355998,891.613387,3008656476
1,4509,2123,128,2.05833554,0.127131347,1006.83272,3008656476
1,4510,2124,128,2.46199512,0.125531392,1019.66526,3008656476
1,4511,2125,128,1.64703,0.125921303,1016.50791,3008656476
1,4512,2126,128,1.84723079,0.12579167,1017.55545,3008656476
1,4513,2127,128,3.7130239,0.12650418,1011.82427,3008656476
1,4514,2128,128,3.09183121,0.125812983,1017.38308,3008656476
1,4515,2129,128,2.32828069,0.142529593,898.059114,3008656476
1,4516,2130,128,3.25824761,0.145144795,881.877989,3008656476
1,4517,2131,128,2.4209466,0.125423925,1020.53894,3008656476
1,4518,2132,128,3.07367492,0.125912572,1016.57839,3008656476
1,4519,2133,128,2.57163095,0.126023224,1015.68581,3008656476
1,4520,2134,128,3.3915658,0.126704439,1010.22506,3008656476
1,4521,2135,128,2.6095221,0.126910148,1008.58759,3008656476
1,4522,2136,128,3.1691308,0.12576812,1017.74599,3008656476
1,4523,2137,128,2.85796714,0.141081299,907.278292,3008656476
1,4524,2138,128,2.93383813,0.146044838,876.443165,3008656476
1,4525,2139,128,3.86175609,0.1258768,1016.86729,3008656476
1,4526,2140,128,3.33967781,0.126809743,1009.38616,3008656476
1,4527,2141,128,2.7937324,0.126907427,1008.60921,3008656476
1,4528,2142,128,2.73966432,0.126046263,1015.50016,3008656476
1,4529,2143,128,2.76094365,0.126968555,1008.12363,3008656476
1,4530,2144,128,3.21037531,0.125959969,1016.19587,3008656476
1,4531,2145,128,3.49531174,0.139971733,914.470352,3008656476
1,4532,2146,128,3.33654094,0.144810601,883.913188,3008656476
1,4533,2147,128,3.11826849,0.126514165,1011.74442,3008656476
1,4534,2148,128,2.70908904,0.126513832,1011.74708,3008656476
1,4535,2149,128,3.11807823,0.126997281,1007.89559,3008656476
1,4536,2150,128,3.09906864,0.126829505,1009.22889,3008656476
1,4537,2151,128,2.8930099,0.125406301,1020.68237,3008656476
1,4538,2152,128,3.0801332,0.126028241,1015.64537,3008656476
1,4539,2153,128,2.67540026,0.13944337,917.93536,3008656476
1,4540,2154,128,2.49493146,0.141417543,905.121085,3008656476
1,4541,2155,128,3.51286507,0.12539711,1020.75718,3008656476
1,4542,2156,128,3.20517993,0.126119421,1014.9111,3008656476
1,4543,2157,128,2.82702136,0.126195258,1014.30119,3008656476
1,4544,2158,128,1.64095926,0.125435144,1020.44767,3008656476
1,4545,2159,128,3.63228059,0.125408548,1020.66408,3008656476
1,4546,2160,128,4.28449345,0.124383112,1029.07861,3008656476
1,4547,2161,128,3.49469638,0.138308868,925.464881,3008656476
1,4548,2162,128,2.51545882,0.139511004,917.490351,3008656476
1,4549,2163,128,2.12797117,0.125566982,1019.37626,3008656476
1,4550,2164,128,2.34015942,0.125105504,1023.13644,3008656476
1,4551,2165,128,3.30127168,0.125942372,1016.33785,3008656476
1,4552,2166,128,2.9437604,0.126566061,1011.32957,3008656476
1,4553,2167,128,2.73751354,0.12640649,1012.60624,3008656476
1,4554,2168,128,2.97666955,0.12675499,1009.82218,3008656476
1,4555,2169,128,3.16879725,0.141660849,903.566518,3008656476
1,4556,2170,128,2.52300262,0.142608911,897.55962,3008656476
1,4557,2171,128,2.60326695,0.124431207,1028.68085,3008656476
1,4558,2172,128,3.14932275,0.129216839,990.582969,3008656476
1,4559,2173,128,3.66217422,0.129667543,987.139858,3008656476
1,4560,2174,128,3.27572012,0.128993414,992.298723,3008656476
1,4561,2175,128,2.73443556,0.130161855,983.391025,3008656476
1,4562,2176,128,1.38626635,0.131153211,975.957806,3008656476
1,4563,2177,128,2.36945152,0.15533727,824.013452,3008656476
1,4564,2178,128,2.40760493,0.152619144,838.689018,3008656476
1,4565,2179,128,3.3311677,0.139026431,920.688239,3008656476
1,4566,2180,128,3.27083087,0.141075158,907.317786,3008656476
1,4567,2181,128,2.36714363,0.129590333,987.727997,3008656476
1,4568,2182,128,2.88462377,0.132463778,966.301897,3008656476
1,4569,2183,128,3.4130733,0.12997296,984.820227,3008656476
1,4570,2184,128,3.03839278,0.129561114,987.950752,3008656476
1,4571,2185,128,3.13248253,0.143890836,889.563252,3008656476
1,4572,2186,128,3.24428558,0.142928854,895.550453,3008656476
1,4573,2187,128,3.1628027,0.128511135,996.02264,3008656476
1,4574,2188,128,2.77833986,0.129458761,988.731848,3008656476
1,4575,2189,128,2.79655123,0.131051072,976.718451,3008656476
1,4576,2190,128,2.66325283,0.127560187,1003.44789,3008656476
1,4577,2191,128,3.31560278,0.12893952,992.713483,3008656476
1,4578,2192,128,2.73528147,0.126530265,1011.61568,3008656476
1,4579,2193,128,1.8649652,0.141614607,903.861563,3008656476
1,4580,2194,128,2.84023809,0.141393365,905.275859,3008656476
1,4581,2195,128,2.60652614,0.127072259,1007.30089,3008656476
1,4582,2196,128,3.17808628,0.125972452,1016.09517,3008656476
1,4583,2197,128,3.23843288,0.126194133,1014.31023,3008656476
1,4584,2198,128,3.30545664,0.124790165,1025.72186,3008656476
1,4585,2199,128,2.38560963,0.125327494,1021.32418,3008656476
1,4586,2200,128,3.01359582,0.124851706,1025.21627,3008656476
1,4587,2201,128,3.19584179,0.139267736,919.092991,3008656476
1,4588,2202,128,2.80605578,0.13778363,928.992798,3008656476
1,4589,2203,128,3.55451369,0.124977875,1024.18128,3008656476
1,4590,2204,128,3.59927487,0.126028808,1015.6408,3008656476
1,4591,2205,128,2.54076815,0.126011069,1015.78378,3008656476
1,4592,2206,128,2.8048768,0.125315791,1021.41956,3008656476
1,4593,2207,128,2.82087469,0.1259444,1016.32149,3008656476
1,4594,2208,128,2.90272665,0.125072022,1023.41034,3008656476
1,4595,2209,128,3.03079891,0.139909748,914.875495,3008656476
1,4596,2210,128,2.54333663,0.13865244,923.171637,3008656476
1,4597,2211,128,2.26924992,0.126172612,1014.48324,3008656476
1,4598,2212,128,2.52322197,0.125380873,1020.88937,3008656476
1,4599,2213,128,2.66566062,0.125377547,1020.91645,3008656476
1,4600,2214,128,2.60759139,0.126237721,1013.96,3008656476
1,4601,2215,128,3.13688588,0.126684619,1010.38312,3008656476
1,4602,2216,128,2.25197244,0.125292703,1021.60778,3008656476
1,4603,2217,128,3.19238138,0.140322752,912.182794,3008656476
1,4604,2218,128,2.75666857,0.131066393,976.604277,3008656476
1,4605,2219,128,3.4495554,0.121839338,1050.56382,3008656476
1,4606,2220,128,2.65345502,0.124688504,1026.55815,3008656476
1,4607,2221,128,1.97203898,0.124895861,1024.85382,3008656476
1,4608,2222,128,2.69850397,0.126105951,1015.01951,3008656476
1,4609,2223,128,2.73708224,0.125951556,1016.26375,3008656476
1,4610,2224,128,2.57609344,0.127076631,1007.26624,3008656476
1,4611,2225,128,2.60023832,0.141599937,903.955204,3008656476
1,4612,2226,128,3.11225724,0.11974974,1068.89585,3008656476
1,4613,2227,128,2.74664021,0.145021179,882.629702,3008656476
1,4614,2228,128,2.72292757,0.128771447,994.009177,3008656476
1,4615,2229,128,2.60121322,0.129616241,987.530567,3008656476
1,4616,2230,128,3.29857111,0.129384794,989.297088,3008656476
1,4617,2231,128,2.08281183,0.129676067,987.07497,3008656476
1,4618,2232,128,3.01136708,0.130720098,979.191432,3008656476
1,4619,2233,128,2.41429472,0.128316662,997.532183,3008656476
1,4620,2234,128,2.79851246,0.128785091,993.903867,3008656476
1,4621,2235,128,2.04767847,0.143513762,891.900527,3008656476
1,4622,2236,128,2.66590929,0.128029765,999.767515,3008656476
1,4623,2237,128,3.62364578,0.125955674,1016.23052,3008656476
1,4624,2238,128,2.79879856,0.126223166,1014.07692,3008656476
1,4625,2239,128,2.66192245,0.125907379,1016.62032,3008656476
1,4626,2240,128,2.57525659,0.126694759,1010.30225,3008656476
1,4627,2241,128,2.57428718,0.125783505,1017.62151,3008656476
1,4628,2242,128,3.46838856,0.140838256,908.843972,3008656476
1,4629,2243,128,2.88889933,0.138652545,923.170938,3008656476
1,4630,2244,128,3.03208661,0.124874082,1025.03256,3008656476
1,4631,2245,128,3.15799475,0.12605489,1015.43066,3008656476
1,4632,2246,128,2.05936623,0.126253337,1013.83459,3008656476
1,4633,2247,128,2.33655572,0.126557309,1011.39951,3008656476
1,4634,2248,128,2.62878323,0.126563876,1011.34703,3008656476
1,4635,2249,128,2.99691701,0.126118453,1014.91889,3008656476
1,4636,2250,128,2.96998644,0.143135249,894.259107,3008656476
1,4637,2251,128,2.17310834,0.140302606,912.313774,3008656476
1,4638,2252,128,2.06136417,0.125887608,1016.77998,3008656476
1,4639,2253,128,2.79210305,0.125745392,1017.92995,3008656476
1,4640,2254,128,3.47297406,0.12582708,1017.2691,3008656476
1,4641,2255,128,2.81544304,0.127243715,1005.94359,3008656476
1,4642,2256,128,3.02494597,0.126656435,1010.60795,3008656476
1,4643,2257,128,2.80371475,0.126495015,1011.89758,3008656476
1,4644,2258,128,3.11883616,0.142221283,900.005944,3008656476
1,4645,2259,128,2.76542163,0.139185756,919.634334,3008656476
1,4646,2260,128,2.66975307,0.126498472,1011.86993,3008656476
1,4647,2261,128,2.55753899,0.126424291,1012.46366,3008656476
1,4648,2262,128,2.34972954,0.12683315,1009.19988,3008656476
1,4649,2263,128,2.84552431,0.12568823,1018.39289,3008656476
1,4650,2264,128,2.12223434,0.127529006,1003.69323,3008656476
1,4651,2265,128,2.32601166,0.126218648,1014.11322,3008656476
1,4652,2266,128,2.98631454,0.143403619,892.585563,3008656476
1,4653,2267,128,2.37921572,0.139987395,914.36804,3008656476
1,4654,2268,128,2.76425934,0.125677107,1018.48302,3008656476
1,4655,2269,128,1.90097308,0.125637952,1018.80043,3008656476
1,4656,2270,128,2.36032486,0.126087614,1015.16712,3008656476
1,4657,2271,128,2.59780383,0.126129085,1014.83334,3008656476
1,4658,2272,128,2.9549191,0.12526757,1021.81275,3008656476
1,4659,2273,128,2.2882359,0.125718475,1018.14789,3008656476
1,4660,2274,128,2.23305011,0.142615454,897.518441,3008656476
1,4661,2275,128,2.63857579,0.139342516,918.599747,3008656476
1,4662,2276,128,2.89989901,0.126219211,1014.1087,3008656476
1,4663,2277,128,2.18148661,0.125603133,1019.08286,3008656476
1,4664,2278,128,2.36156154,0.12568213,1018.44232,3008656476
1,4665,2279,128,2.33592916,0.12546858,1020.17573,3008656476
1,4666,2280,128,2.23013449,0.126166635,1014.5313,3008656476
1,4667,2281,128,2.72584534,0.124954264,1024.37481,3008656476
1,4668,2282,128,3.04812622,0.139629791,916.709816,3008656476
1,4669,2283,128,2.29782343,0.124245187,1030.22099,3008656476
1,4670,2284,128,2.4233613,0.131026547,976.901269,3008656476
1,4671,2285,128,1.99313915,0.127033587,1007.60754,3008656476
1,4672,2286,128,2.20025277,0.126501147,1011.84853,3008656476
1,4673,2287,128,2.18862247,0.127814614,1001.45043,3008656476
1,4674,2288,128,2.0035851,0.128399372,996.889611,3008656476
1,4675,2289,128,2.13806224,0.127708103,1002.28566,3008656476
1,4676,2290,128,2.75434446,0.143308073,893.180665,3008656476
1,4677,2291,128,3.2293396,0.124903173,1024.79382,3008656476
1,4678,2292,128,2.26523757,0.140229843,912.787159,3008656476
1,4679,2293,128,3.06352282,0.129183246,990.840561,3008656476
1,4680,2294,128,3.37036419,0.130174282,983.297146,3008656476
1,4681,2295,128,3.46438098,0.129422724,989.007155,3008656476
1,4682,2296,128,3.55364704,0.131162287,975.890272,3008656476
1,4683,2297,128,2.67947125,0.139464849,917.793988,3008656476
1,4684,2298,128,2.52093053,0.15528885,824.270384,3008656476
1,4685,2299,128,3.46281099,0.155049884,825.540766,3008656476
1,4686,2300,128,2.97521448,0.139114506,920.105341,3008656476
1,4687,2301,128,3.30673766,0.143293863,893.269239,3008656476
1,4688,2302,128,3.82942605,0.129437143,988.896981,3008656476
1,4689,2303,128,2.94682479,0.132469544,966.259837,3008656476
1,4690,2304,128,2.81266809,0.130637259,979.812352,3008656476
1,4691,2305,128,3.19110274,0.130088641,983.944478,3008656476
1,4692,2306,128,3.87294865,0.141879903,902.171465,3008656476
1,4693,2307,128,3.21792984,0.146118287,876.002605,3008656476
1,4694,2308,128,3.28080988,0.128124791,999.02602,3008656476
1,4695,2309,128,3.62812924,0.128589588,995.414963,3008656476
1,4696,2310,128,3.02968907,0.127968347,1000.24735,3008656476
1,4697,2311,128,2.76286125,0.128199768,998.441744,3008656476
1,4698,2312,128,2.7602632,0.126986502,1007.98115,3008656476
1,4699,2313,128,3.30768967,0.127159394,1006.61065,3008656476
1,4700,2314,128,3.90582895,0.141663053,903.55246,3008656476
1,4701,2315,128,3.57376647,0.1417427,903.044742,3008656476
1,4702,2316,128,4.11165285,0.125374164,1020.944,3008656476
1,4703,2317,128,3.61108303,0.12561707,1018.96979,3008656476
1,4704,2318,128,3.66521668,0.126332519,1013.19914,3008656476
1,4705,2319,128,3.63621283,0.126131469,1014.81415,3008656476
1,4706,2320,128,3.70604682,0.125266163,1021.82423,3008656476
1,4707,2321,128,3.74685335,0.125086989,1023.28788,3008656476
1,4708,2322,128,3.54100561,0.141145055,906.868469,3008656476
1,4709,2323,128,3.60650229,0.140443578,911.398028,3008656476
1,4710,2324,128,3.13217974,0.125980754,1016.02821,3008656476
1,4711,2325,128,3.87413359,0.126443932,1012.30639,3008656476
1,4712,2326,128,3.49114084,0.12604233,1015.53185,3008656476
1,4713,2327,128,4.03209066,0.126627438,1010.83937,3008656476
1,4714,2328,128,3.55194211,0.125836171,1017.1956,3008656476
1,4715,2329,128,3.14929938,0.126365103,1012.93788,3008656476
1,4716,2330,128,3.60981822,0.139156218,919.82954,3008656476
1,4717,2331,128,3.42808509,0.137469508,931.115575,3008656476
1,4718,2332,128,2.85038233,0.126359989,1012.97888,3008656476
1,4719,2333,128,2.86212206,0.125364056,1021.02631,3008656476
1,4720,2334,128,2.52858233,0.124964754,1024.28882,3008656476
1,4721,2335,128,3.35094571,0.125115961,1023.05093,3008656476
1,4722,2336,128,3.78047085,0.125820184,1017.32485,3008656476
1,4723,2337,128,3.58911252,0.12516297,1022.66669,3008656476
1,4724,2338,128,3.07505989,0.137618702,930.106142,3008656476
1,4725,2339,128,2.99483824,0.125307771,1021.48493,3008656476
1,4726,2340,128,2.81489086,0.135580546,944.088247,3008656476
1,4727,2341,128,3.60423946,0.126341819,1013.12456,3008656476
1,4728,2342,128,3.41913795,0.12679642,1009.49222,3008656476
1,4729,2343,128,3.54228926,0.127332971,1005.23846,3008656476
1,4730,2344,128,3.23962116,0.127535616,1003.64121,3008656476
1,4731,2345,128,3.79740262,0.128111838,999.127028,3008656476
1,4732,2346,128,3.62622786,0.144429981,886.242587,3008656476
1,4733,2347,128,3.5961237,0.121074779,1057.19788,3008656476
1,4734,2348,128,3.51528597,0.145909544,877.255843,3008656476
1,4735,2349,128,3.61192274,0.130703762,979.313817,3008656476
1,4736,2350,128,3.24901319,0.13073839,979.054431,3008656476
1,4737,2351,128,3.34552455,0.138867073,921.744783,3008656476
1,4738,2352,128,2.75179505,0.138809641,922.126151,3008656476
1,4739,2353,128,2.85266662,0.138881158,921.651301,3008656476
1,4740,2354,128,3.4859066,0.144430693,886.238218,3008656476
1,4741,2355,128,3.11269927,0.143548305,891.685903,3008656476
1,4742,2356,128,3.37658882,0.129900283,985.371217,3008656476
1,4743,2357,128,2.71628213,0.1303706,981.816452,3008656476
1,4744,2358,128,2.91124582,0.130002714,984.594829,3008656476
1,4745,2359,128,3.15418124,0.129153636,991.067723,3008656476
1,4746,2360,128,3.24976635,0.129108253,991.416095,3008656476
1,4747,2361,128,2.65525508,0.129803738,986.104114,3008656476
1,4748,2362,128,2.62430239,0.141917705,901.931158,3008656476
1,4749,2363,128,2.33507466,0.140717958,909.620931,3008656476
1,4750,2364,128,2.15427661,0.127575341,1003.32869,3008656476
1,4751,2365,128,2.60237598,0.127349133,1005.11089,3008656476
1,4752,2366,128,2.50097013,0.126698197,1010.27483,3008656476
1,4753,2367,128,3.27196932,0.126383429,1012.791,3008656476
1,4754,2368,128,2.85695052,0.125628677,1018.87565,3008656476
1,4755,2369,128,2.74423933,0.126500677,1011.85229,3008656476
1,4756,2370,128,2.62061763,0.14126263,906.113669,3008656476
1,4757,2371,128,2.52789545,0.133471823,959.003909,3008656476
1,4758,2372,128,3.54807401,0.122191296,1047.53779,3008656476
1,4759,2373,128,3.49400401,0.126807639,1009.40291,3008656476
1,4760,2374,128,3.57899284,0.126422981,1012.47415,3008656476
1,4761,2375,128,2.51407814,0.126250813,1013.85486,3008656476
1,4762,2376,128,2.58497715,0.126601448,1011.04689,3008656476
1,4763,2377,128,3.48490214,0.126023849,1015.68077,3008656476
1,4764,2378,128,3.13182878,0.139577129,917.055688,3008656476
1,4765,2379,128,2.40332627,0.11808554,1083.95998,3008656476
1,4766,2380,128,2.94199181,0.139517118,917.450144,3008656476
1,4767,2381,128,2.43870091,0.124760527,1025.96553,3008656476
1,4768,2382,128,2.82022381,0.125163623,1022.66135,3008656476
1,4769,2383,128,3.08019376,0.125294185,1021.59569,3008656476
1,4770,2384,64,2.50722146,0.122523115,522.350415,3008656476
2,4771,0,128,1.86639047,0.0946204,1352.77382,3008656476
2,4772,1,128,2.51737618,0.108303093,1181.86837,3008656476
2,4773,2,128,2.37928391,0.108599449,1178.64318,3008656476
2,4774,3,128,2.71376157,0.121577659,1052.82501,3008656476
2,4775,4,128,3.20919657,0.108338566,1181.48139,3008656476
2,4776,5,128,3.49424148,0.114421677,1118.66915,3008656476
2,4777,6,128,3.28439713,0.10832353,1181.64539,3008656476
2,4778,7,128,3.43805027,0.108432012,1180.4632,3008656476
2,4779,8,128,3.63263702,0.108438253,1180.39526,3008656476
2,4780,9,128,3.2685039,0.108507756,1179.63918,3008656476
2,4781,10,128,2.8821888,0.108364841,1181.19492,3008656476
2,4782,11,128,3.19862151,0.108410618,1180.69616,3008656476
2,4783,12,128,2.54753923,0.108321857,1181.66364,3008656476
2,4784,13,128,2.27026153,0.124134496,1031.13964,3008656476
2,4785,14,128,2.29646802,0.12234081,1046.25758,3008656476
2,4786,15,128,2.5203774,0.108509668,1179.61839,3008656476
2,4787,16,128,3.05872893,0.108473872,1180.00766,3008656476
2,4788,17,128,2.99163365,0.108478637,1179.95583,3008656476
2,4789,18,128,2.85684562,0.108408058,1180.72404,3008656476
2,4790,19,128,3.05700254,0.108402577,1180.78374,3008656476
2,4791,20,128,2.83866549,0.108289169,1182.02034,3008656476
2,4792,21,128,3.34329033,0.108443483,1180.33833,3008656476
2,4793,22,128,2.60489821,0.120716259,1060.3377,3008656476
2,4794,23,128,1.95808136,0.108395112,1180.86506,3008656476
2,4795,24,128,2.30271006,0.113158118,1131.16056,3008656476
2,4796,25,128,2.79329538,0.108426382,1180.5245,3008656476
2,4797,26,128,2.68135333,0.108494636,1179.78183,3008656476
2,4798,27,128,3.02386999,0.108408186,1180.72264,3008656476
2,4799,28,128,2.64542818,0.108493483,1179.79437,3008656476
2,4800,29,128,2.54239392,0.108344948,1181.4118,3008656476
2,4801,30,128,2.34496403,0.108460974,1180.14799,3008656476
2,4802,31,128,2.67370248,0.108418399,1180.61142,3008656476
2,4803,32,128,2.99895644,0.120815417,1059.46744,3008656476
2,4804,33,128,2.89359522,0.123998193,1032.27311,3008656476
2,4805,34,128,2.88126421,0.108271665,1182.21143,3008656476
2,4806,35,128,2.94452262,0.108778446,1176.7037,3008656476
2,4807,36,128,2.89454126,0.108396078,1180.85453,3008656476
2,4808,37,128,2.51426935,0.108465459,1180.09919,3008656476
2,4809,38,128,2.6033659,0.108474381,1180.00212,3008656476
2,4810,39,128,1.99262726,0.108431413,1180.46972,3008656476
2,4811,40,128,2.92144084,0.108351559,1181.33972,3008656476
2,4812,41,128,2.8839221,0.122630724,1043.7841,3008656476
2,4813,42,128,2.89215493,0.108339226,1181.4742,3008656476
2,4814,43,128,3.28005433,0.11557986,1107.45938,3008656476
2,4815,44,128,3.41761923,0.108324354,1181.6364,3008656476
2,4816,45,128,3.18478489,0.108491985,1179.81066,3008656476
2,4817,46,128,2.49704242,0.108378996,1181.04065,3008656476
2,4818,47,128,2.96704626,0.108408009,1180.72457,3008656476
2,4819,48,128,2.62598753,0.108286857,1182.04557,3008656476
2,4820,49,128,2.9381237,0.10854779,1179.20411,3008656476
2,4821,50,128,2.52621055,0.108345735,1181.40322,3008656476
2,4822,51,128,3.27005482,0.121573604,1052.86013,3008656476
2,4823,52,128,2.38323975,0.125312736,1021.44446,3008656476
2,4824,53,128,3.18439937,0.108593994,1178.70239,3008656476
2,4825,54,128,2.27388,0.108393048,1180.88754,3008656476
2,4826,55,128,2.5126493,0.108523582,1179.46715,3008656476
2,4827,56,128,3.27086377,0.108356997,1181.28043,3008656476
2,4828,57,128,2.70088577,0.108434038,1180.44115,3008656476
2,4829,58,128,2.64986467,0.108381443,1181.01399,3008656476
2,4830,59,128,2.90126872,0.108544619,1179.23856,3008656476
2,4831,60,128,2.71623278,0.1206483,1060.93497,3008656476
2,4832,61,128,3.39176512,0.113453177,1128.21874,3008656476
2,4833,62,128,2.5224154,0.141124289,907.001912,3008656476
2,4834,63,128,3.23121953,0.132975125,962.586048,3008656476
2,4835,64,128,2.25781679,0.134036711,954.962257,3008656476
2,4836,65,128,3.1238873,0.13153902,973.095284,3008656476
2,4837,66,128,2.84455919,0.132372687,966.966849,3008656476
2,4838,67,128,3.39597821,0.132469083,966.2632,3008656476
2,4839,68,128,3.76410413,0.146715152,872.43886,3008656476
2,4840,69,128,2.89113641,0.143969234,889.078843,3008656476
2,4841,70,128,3.40196872,0.132517593,965.909485,3008656476
2,4842,71,128,3.22474957,0.133621195,957.931861,3008656476
2,4843,72,128,2.91660404,0.132717342,964.455723,3008656476
2,4844,73,128,2.95295,0.132540719,965.740951,3008656476
2,4845,74,128,2.70845366,0.132294346,967.539459,3008656476
2,4846,75,128,2.56461549,0.134134427,954.266573,3008656476
2,4847,76,128,3.67431211,0.146623745,872.982749,3008656476
2,4848,77,128,3.32358503,0.144172782,887.823612,3008656476
2,4849,78,128,2.94286275,0.131692084,971.964268,3008656476
2,4850,79,128,2.96245909,0.132817121,963.731174,3008656476
2,4851,80,128,3.19155908,0.131240841,975.306155,3008656476
2,4852,81,128,3.29694366,0.132251618,967.852053,3008656476
2,4853,82,128,3.26583123,0.13191205,970.343498,3008656476
2,4854,83,128,3.29077697,0.132896733,963.15385,3008656476
2,4855,84,128,2.72505951,0.143678261,890.879379,3008656476
2,4856,85,128,2.64310098,0.14495839,883.012015,3008656476
2,4857,86,128,2.76381016,0.129244247,990.372902,3008656476
2,4858,87,128,2.31833076,0.129016901,992.118079,3008656476
2,4859,88,128,2.29773712,0.127907868,1000.7203,3008656476
2,4860,89,128,2.89843011,0.127440714,1004.3886,3008656476
2,4861,90,128,2.6087296,0.127504568,1003.8856,3008656476
2,4862,91,128,2.72317266,0.127893526,1000.83252,3008656476
2,4863,92,128,2.74484825,0.143032435,894.901915,3008656476
2,4864,93,128,2.60199189,0.14356454,891.585067,3008656476
2,4865,94,128,2.47849989,0.128443636,996.546065,3008656476
2,4866,95,128,2.82406378,0.128098849,999.228338,3008656476
2,4867,96,128,2.40446043,0.127930757,1000.54125,3008656476
2,4868,97,128,2.99801612,0.128188573,998.528941,3008656476
2,4869,98,128,2.84084392,0.126800127,1009.46271,3008656476
2,4870,99,128,2.83468628,0.130012462,984.521007,3008656476
2,4871,100,128,3.10102105,0.143525122,891.829933,3008656476
2,4872,101,128,2.56367517,0.141749275,903.002855,3008656476
2,4873,102,128,2.80628633,0.127073966,1007.28736,3008656476
2,4874,103,128,2.77013206,0.126251525,1013.84914,3008656476
2,4875,104,128,2.20628095,0.126896222,1008.69827,3008656476
2,4876,105,128,2.98970103,0.126161782,1014.57032,3008656476
2,4877,106,128,2.75905681,0.127103069,1007.05672,3008656476
2,4878,107,128,2.51249385,0.125011606,1023.90493,3008656476
2,4879,108,128,2.87185764,0.143586183,891.450677,3008656476
2,4880,109,128,2.00628066,0.139146693,919.892505,3008656476
2,4881,110,128,2.61161232,0.130012957,984.517259,3008656476
2,4882,111,128,2.75386977,0.12654959,1011.4612,3008656476
2,4883,112,128,3.01149321,0.127445254,1004.35282,3008656476
2,4884,113,128,3.47223711,0.125997142,1015.89606,3008656476
2,4885,114,128,3.34639359,0.12664549,1010.69529,3008656476
2,4886,115,128,3.29843283,0.125411251,1020.64208,3008656476
2,4887,116,128,2.43724132,0.143310368,893.166362,3008656476
2,4888,117,128,2.86948276,0.13815038,926.526586,3008656476
2,4889,118,128,2.66624498,0.125734771,1018.01593,3008656476
2,4890,119,128,3.19700718,0.125793807,1017.53817,3008656476
2,4891,120,128,2.85215187,0.125908359,1016.61241,3008656476
2,4892,121,128,2.74438763,0.125809613,1017.41033,3008656476
2,4893,122,128,2.17577481,0.126755665,1009.8168,3008656476
2,4894,123,128,2.49370217,0.126081384,1015.21728,3008656476
2,4895,124,128,2.29013848,0.141693299,903.359587,3008656476
2,4896,125,128,2.34916186,0.14074149,909.468842,3008656476
2,4897,126,128,2.34220219,0.126605269,1011.01637,3008656476
2,4898,127,128,3.11774516,0.126512124,1011.76074,3008656476
2,4899,128,128,3.18315792,0.126902862,1008.64549,3008656476
2,4900,129,128,2.82960796,0.126996122,1007.90479,3008656476
2,4901,130,128,2.78965616,0.126353012,1013.03481,3008656476
2,4902,131,128,2.69236088,0.125656596,1018.64927,3008656476
2,4903,132,128,2.25360227,0.139828628,915.40625,3008656476
2,4904,133,128,2.61524963,0.139042536,920.581598,3008656476
2,4905,134,128,2.70718813,0.127436576,1004.42121,3008656476
2,4906,135,128,2.50196934,0.126605248,1011.01654,3008656476
2,4907,136,128,2.33532953,0.127360102,1005.02432,3008656476
2,4908,137,128,2.29189301,0.125707834,1018.23407,3008656476
2,4909,138,128,2.01167822,0.125974828,1016.07601,3008656476
2,4910,139,128,2.41260481,0.126125904,1014.85893,3008656476
2,4911,140,128,1.91975987,0.140772412,909.269069,3008656476
2,4912,141,128,1.82363772,0.126328997,1013.22739,3008656476
2,4913,142,128,2.46501732,0.1263871,1012.76159,3008656476
2,4914,143,128,2.11927724,0.126378048,1012.83413,3008656476
2,4915,144,128,1.42848659,0.126893792,1008.71759,3008656476
2,4916,145,128,1.30497801,0.126135731,1014.77986,3008656476
2,4917,146,128,2.23295903,0.127872675,1000.99572,3008656476
2,4918,147,128,2.96684742,0.127890319,1000.85762,3008656476
2,4919,148,128,3.09637713,0.141071293,907.342644,3008656476
2,4920,149,128,2.39433908,0.125478826,1020.09243,3008656476
2,4921,150,128,1.82045436,0.143090185,894.54074,3008656476
2,4922,151,128,1.41880262,0.128803753,993.759864,3008656476
2,4923,152,128,2.31490397,0.128343433,997.324109,3008656476
2,4924,153,128,2.65697074,0.129583793,987.777847,3008656476
2,4925,154,128,1.88124776,0.131167078,975.854627,3008656476
2,4926,155,128,3.08758593,0.135120358,947.303588,3008656476
2,4927,156,128,3.16814661,0.152423422,839.765951,3008656476
2,4928,157,128,3.01905131,0.151841917,842.981981,3008656476
2,4929,158,128,2.54193068,0.134607021,950.916223,3008656476
2,4930,159,128,2.18746948,0.143675897,890.894038,3008656476
2,4931,160,128,2.49204636,0.134573748,951.151335,3008656476
2,4932,161,128,2.54659224,0.130381896,981.73139,3008656476
2,4933,162,128,2.27508307,0.131082247,976.48616,3008656476
2,4934,163,128,3.23445415,0.133200943,960.954158,3008656476
2,4935,164,128,2.94795203,0.14410969,888.212306,3008656476
2,4936,165,128,2.59752774,0.14311367,894.393946,3008656476
2,4937,166,128,3.00785947,0.128706913,994.507576,3008656476
2,4938,167,128,2.45246291,0.131679291,972.058697,3008656476
2,4939,168,128,2.47021556,0.129213124,990.611449,3008656476
2,4940,169,128,2.45424199,0.129965683,984.875369,3008656476
2,4941,170,128,2.75949383,0.130899207,977.851608,3008656476
2,4942,171,128,2.47249079,0.127814395,1001.45214,3008656476
2,4943,172,128,2.4670372,0.143019371,894.983659,3008656476
2,4944,173,128,2.48434854,0.142042719,901.137354,3008656476
2,4945,174,128,2.00540686,0.127019096,1007.72249,3008656476
2,4946,175,128,2.70322037,0.128780444,993.939732,3008656476
2,4947,176,128,2.0402379,0.128749281,994.180309,3008656476
2,4948,177,128,3.12204838,0.126684557,1010.38361,3008656476
2,4949,178,128,2.13481092,0.125501564,1019.90761,3008656476
2,4950,179,128,3.27474546,0.126036271,1015.58067,3008656476
2,4951,180,128,2.64450336,0.140992592,907.849116,3008656476
2,4952,181,128,2.62056613,0.142207573,900.092712,3008656476
2,4953,182,128,3.07864785,0.126033141,1015.60589,3008656476
2,4954,183,128,1.92727649,0.126504423,1011.82233,3008656476
2,4955,184,128,2.08209372,0.125732645,1018.03314,3008656476
2,4956,185,128,2.64796543,0.125901786,1016.66548,3008656476
2,4957,186,128,2.25397873,0.127236121,1006.00363,3008656476
2,4958,187,128,2.07367635,0.126149453,1014.66948,3008656476
2,4959,188,128,2.8619585,0.140387537,911.761847,3008656476
2,4960,189,128,2.60612416,0.140173986,913.150889,3008656476
2,4961,190,128,2.57968807,0.125938144,1016.37197,3008656476
2,4962,191,128,2.11137509,0.125372546,1020.95717,3008656476
2,4963,192,128,1.96049571,0.126483523,1011.98952,3008656476
2,4964,193,128,2.66773629,0.125874665,1016.88453,3008656476
2,4965,194,128,2.41821313,0.126143137,1014.72029,3008656476
2,4966,195,128,2.88738966,0.12593799,1016.37322,3008656476
2,4967,196,128,2.55184078,0.138570373,923.718377,3008656476
2,4968,197,128,2.43947721,0.126684533,1010.3838,3008656476
2,4969,198,128,2.26759267,0.130066063,984.11528,3008656476
2,4970,199,128,2.70953369,0.125340733,1021.2163,3008656476
2,4971,200,128,2.63401842,0.125947831,1016.2938,3008656476
2,4972,201,128,2.30281019,0.125454328,1020.29162,3008656476
2,4973,202,128,3.21581268,0.126789563,1009.54682,3008656476
2,4974,203,128,2.50931787,0.128084281,999.341988,3008656476
2,4975,204,128,2.52083611,0.14086346,908.681357,3008656476
2,4976,205,128,2.54556108,0.121400644,1054.36014,3008656476
2,4977,206,128,1.95281637,0.142895487,895.75957,3008656476
2,4978,207,128,2.19141006,0.130727154,979.13858,3008656476
2,4979,208,128,2.03522396,0.132212947,968.13514,3008656476
2,4980,209,128,2.2010138,0.139304663,918.849357,3008656476
2,4981,210,128,1.97000623,0.142156293,900.417402,3008656476
2,4982,211,128,2.32718205,0.130129011,983.639229,3008656476
2,4983,212,128,2.46642518,0.144448067,886.131623,3008656476
2,4984,213,128,2.23792958,0.129707968,986.832204,3008656476
2,4985,214,128,1.8322649,0.132273677,967.690646,3008656476
2,4986,215,128,1.92216444,0.12935454,989.52847,3008656476
2,4987,216,128,2.66905141,0.128944012,992.6789,3008656476
2,4988,217,128,2.4490931,0.130015183,984.500403,3008656476
2,4989,218,128,2.06734753,0.128708816,994.492871,3008656476
2,4990,219,128,2.67314935,0.12753743,1003.62694,3008656476
2,4991,220,128,2.22180581,0.142134803,900.55354,3008656476
2,4992,221,128,2.03456831,0.127613505,1003.02864,3008656476
2,4993,222,128,2.38961124,0.133557612,958.387905,3008656476
2,4994,223,128,1.99702191,0.126027441,1015.65182,3008656476
2,4995,224,128,2.29067969,0.126049281,1015.47584,3008656476
2,4996,225,128,2.35261726,0.125287598,1021.64941,3008656476
2,4997,226,128,2.33290935,0.125486477,1020.03023,3008656476
2,4998,227,128,2.81684852,0.126172675,1014.48273,3008656476
2,4999,228,128,2.27829862,0.125891871,1016.74555,3008656476
2,5000,229,128,2.26269293,0.132423475,966.595991,3008656476
2,5001,230,128,2.43005276,0.143006327,895.065293,3008656476
2,5002,231,128,2.74432445,0.12580106,1017.4795,3008656476
2,5003,232,128,2.3106916,0.126939032,1008.35809,3008656476
2,5004,233,128,2.7182827,0.125766793,1017.75673,3008656476
2,5005,234,128,2.57170677,0.125909528,1016.60297,3008656476
2,5006,235,128,2.0424037,0.12602528,1015.66924,3008656476
2,5007,236,128,2.73372984,0.125976513,1016.06241,3008656476
2,5008,237,128,2.19820523,0.140569441,910.581981,3008656476
2,5009,238,128,2.71160913,0.138844797,921.892666,3008656476
2,5010,239,128,2.91098523,0.125653035,1018.67814,3008656476
2,5011,240,128,2.70477748,0.125531567,1019.66384,3008656476
2,5012,241,128,2.20444965,0.124635741,1026.99273,3008656476
2,5013,242,128,2.37254477,0.126386751,1012.76438,3008656476
2,5014,243,128,2.52001572,0.126976626,1008.05955,3008656476
2,5015,244,128,2.90156388,0.126674645,1010.46267,3008656476
2,5016,245,128,2.12294364,0.140116388,913.526261,3008656476
2,5017,246,128,2.54538941,0.144176141,887.802927,3008656476
2,5018,247,128,2.63152933,0.127078146,1007.25423,3008656476
2,5019,248,128,2.65342784,0.128364975,997.15674,3008656476
2,5020,249,128,1.47235751,0.129323902,989.762898,3008656476
2,5021,250,128,2.04365826,0.129522089,988.248421,3008656476
2,5022,251,128,2.87036085,0.128981948,992.386935,3008656476
2,5023,252,128,2.67990994,0.129994293,984.658611,3008656476
2,5024,253,128,2.32887387,0.143848974,889.822127,3008656476
2,5025,254,128,2.69066215,0.145838553,877.682872,3008656476
2,5026,255,128,2.832021,0.129265758,990.208095,3008656476
2,5027,256,128,2.4330368,0.130773057,978.79489,3008656476
2,5028,257,128,2.81180906,0.129618511,987.513273,3008656476
2,5029,258,128,2.24833035,0.130417586,981.46273,3008656476
2,5030,259,128,2.62205863,0.130028084,984.402723,3008656476
2,5031,260,128,2.86611986,0.128254396,998.016473,3008656476
2,5032,261,128,2.45244241,0.143379388,892.736409,3008656476
2,5033,262,128,2.8370769,0.141073945,907.325587,3008656476
2,5034,263,128,2.0071609,0.127414746,1004.5933,3008656476
2,5035,264,128,2.22483945,0.129112958,991.379967,3008656476
2,5036,265,128,2.2820003,0.126571967,1011.28238,3008656476
2,5037,266,128,2.25845695,0.128249155,998.057258,3008656476
2,5038,267,128,1.63651502,0.126690739,1010.33431,3008656476
2,5039,268,128,1.77203119,0.12647241,1012.07844,3008656476
2,5040,269,128,2.52978826,0.142840712,896.103066,3008656476
2,5041,270,128,3.03841519,0.140373527,911.852845,3008656476
2,5042,271,128,2.09403992,0.128065202,999.490869,3008656476
2,5043,272,128,2.39528656,0.126293124,1013.51519,3008656476
2,5044,273,128,2.78482819,0.126629052,1010.82649,3008656476
2,5045,274,128,2.0334444,0.126524754,1011.65974,3008656476
2,5046,275,128,2.3941946,0.125773467,1017.70272,3008656476
2,5047,276,128,2.59321761,0.125950182,1016.27483,3008656476
2,5048,277,128,2.92641711,0.14034987,912.006545,3008656476
2,5049,278,128,2.18418288,0.139518173,917.443206,3008656476
2,5050,279,128,2.21069551,0.125717189,1018.1583,3008656476
2,5051,280,128,2.34030581,0.125854913,1017.04413,3008656476
2,5052,281,128,2.11532831,0.125605818,1019.06108,3008656476
2,5053,282,128,1.66159284,0.126466619,1012.12479,3008656476
2,5054,283,128,2.00484061,0.126293917,1013.50883,3008656476
2,5055,284,128,1.79053211,0.126207451,1014.20319,3008656476
2,5056,285,128,1.90589535,0.140234097,912.75947,3008656476
2,5057,286,128,2.31733274,0.141409291,905.173904,3008656476
2,5058,287,128,1.93851948,0.126011482,1015.78045,3008656476
2,5059,288,128,1.80454695,0.126245015,1013.90142,3008656476
2,5060,289,128,2.40147471,0.12714419,1006.73102,3008656476
2,5061,290,128,2.08268762,0.186412042,686.650919,3008656476
2,5062,291,128,2.81003213,0.125509061,1019.84669,3008656476
2,5063,292,128,2.42197609,0.126613036,1010.95435,3008656476
2,5064,293,128,1.95381367,0.139972721,914.463898,3008656476
2,5065,294,128,1.94551611,0.144015395,888.793868,3008656476
2,5066,295,128,2.37345123,0.126479915,1012.01839,3008656476
2,5067,296,128,2.96273184,0.126719355,1010.10615,3008656476
2,5068,297,128,2.26477504,0.126820799,1009.29817,3008656476
2,5069,298,128,2.41273475,0.126040946,1015.543,3008656476
2,5070,299,128,2.65514851,0.12609201,1015.13173,3008656476
2,5071,300,128,2.3089292,0.126512645,1011.75657,3008656476
2,5072,301,128,2.36826086,0.14101467,907.706978,3008656476
2,5073,302,128,2.33504581,0.142149858,900.458163,3008656476
2,5074,303,128,2.48008108,0.125548808,1019.52382,3008656476
2,5075,304,128,2.16177821,0.126078349,1015.24172,3008656476
2,5076,305,128,2.32481575,0.126280127,1013.61951,3008656476
2,5077,306,128,2.28964448,0.126290996,1013.53227,3008656476
2,5078,307,128,1.96100557,0.127236045,1006.00423,3008656476
2,5079,308,128,2.87070131,0.125834798,1017.2067,3008656476
2,5080,309,128,2.71595764,0.140153572,913.283894,3008656476
2,5081,310,128,2.21438956,0.143189826,893.918259,3008656476
2,5082,311,128,2.05308414,0.126186742,1014.36964,3008656476
2,5083,312,128,2.13516593,0.125726944,1018.07931,3008656476
2,5084,313,128,2.28163648,0.125745253,1017.93107,3008656476
2,5085,314,128,1.65474367,0.125286488,1021.65846,3008656476
2,5086,315,128,2.2100935,0.126785375,1009.58017,3008656476
2,5087,316,128,2.3698287,0.124477458,1028.29863,3008656476
2,5088,317,128,2.25814319,0.139345527,918.579898,3008656476
2,5089,318,128,2.58802176,0.139441972,917.944563,3008656476
2,5090,319,128,2.58720636,0.126743722,1009.91195,3008656476
2,5091,320,128,3.00549221,0.126628631,1010.82985,3008656476
2,5092,321,128,2.2882154,0.126724979,1010.06132,3008656476
2,5093,322,128,2.33135486,0.127112263,1006.98388,3008656476
2,5094,323,128,2.42545962,0.127622667,1002.95663,3008656476
2,5095,324,128,1.77240825,0.128394033,996.931065,3008656476
2,5096,325,128,2.81625366,0.141568836,904.153793,3008656476
2,5097,326,128,2.59136415,0.14334834,892.929768,3008656476
2,5098,327,128,2.74466896,0.125196902,1022.38952,3008656476
2,5099,328,128,2.62538886,0.129007098,992.193468,3008656476
2,5100,329,128,2.4691565,0.129426121,988.981196,3008656476
2,5101,330,128,3.33607125,0.130970668,977.318066,3008656476
2,5102,331,128,2.6540451,0.132319341,967.356692,3008656476
2,5103,332,128,2.12561345,0.134324648,952.915209,3008656476
2,5104,333,128,2.83419275,0.144185554,887.744968,3008656476
2,5105,334,128,2.56312561,0.146299455,874.917818,3008656476
2,5106,335,128,2.81511045,0.130144679,983.520809,3008656476
2,5107,336,128,2.60414314,0.130373461,981.794907,3008656476
2,5108,337,128,2.70114994,0.128324097,997.474387,3008656476
2,5109,338,128,2.29096842,0.130507194,980.788844,3008656476
2,5110,339,128,2.71283555,0.128149416,998.834049,3008656476
2,5111,340,128,2.4937315,0.128813122,993.687584,3008656476
2,5112,341,128,2.46849179,0.143237603,893.620092,3008656476
2,5113,342,128,2.46626401,0.136612764,936.95491,3008656476
2,5114,343,128,2.20673656,0.127703733,1002.31996,3008656476
2,5115,344,128,2.77273464,0.12751735,1003.78498,3008656476
2,5116,345,128,2.12744498,0.126902204,1008.65072,3008656476
2,5117,346,128,2.14225626,0.129987741,984.708243,3008656476
2,5118,347,128,2.96339011,0.127003976,1007.84246,3008656476
2,5119,348,128,2.53798938,0.126782462,1009.60336,3008656476
2,5120,349,128,2.82066107,0.139529257,917.370326,3008656476
2,5121,350,128,2.89701056,0.139785039,915.6917,3008656476
2,5122,351,128,2.66808343,0.126490262,1011.93561,3008656476
2,5123,352,128,3.02411342,0.125445485,1020.36355,3008656476
2,5124,353,128,2.73122787,0.126124606,1014.86937,3008656476
2,5125,354,128,2.24791121,0.126827572,1009.24427,3008656476
2,5126,355,128,2.57013249,0.126537578,1011.55722,3008656476
2,5127,356,128,2.77220631,0.126379988,1012.81858,3008656476
2,5128,357,128,2.25189424,0.139093775,920.242477,3008656476
2,5129,358,128,1.63060772,0.126239691,1013.94418,3008656476
2,5130,359,128,2.0790751,0.129678664,987.055203,3008656476
2,5131,360,128,2.40605044,0.126586286,1011.16799,3008656476
2,5132,361,128,2.21374011,0.126279145,1013.62739,3008656476
2,5133,362,128,2.26392198,0.126529122,1011.62482,3008656476
2,5134,363,128,2.37575793,0.125694882,1018.339,3008656476
2,5135,364,128,2.56962943,0.127097899,1007.09769,3008656476
2,5136,365,128,2.65493631,0.138761509,922.446008,3008656476
2,5137,366,128,2.62543368,0.125823801,1017.29561,3008656476
2,5138,367,128,2.75388622,0.139044638,920.567681,3008656476
2,5139,368,128,2.16915584,0.124834224,1025.35984,3008656476
2,5140,369,128,2.48630953,0.125816116,1017.35774,3008656476
2,5141,370,128,2.45151639,0.125647638,1018.7219,3008656476
2,5142,371,128,2.25915837,0.12644596,1012.29015,3008656476
2,5143,372,128,2.56566882,0.127335382,1005.21943,3008656476
2,5144,373,128,2.93699169,0.127965476,1000.26979,3008656476
2,5145,374,128,2.7498107,0.135772895,942.75076,3008656476
2,5146,375,128,1.97259247,0.143667591,890.945544,3008656476
2,5147,376,128,3.14837241,0.129577547,987.82546,3008656476
2,5148,377,128,1.83649766,0.131765478,971.422879,3008656476
2,5149,378,128,2.47483659,0.138884054,921.632083,3008656476
2,5150,379,128,1.80800641,0.133823134,956.486343,3008656476
2,5151,380,128,2.26077414,0.129808589,986.067262,3008656476
2,5152,381,128,2.04101467,0.145381482,880.442256,3008656476
2,5153,382,128,1.73958671,0.130195308,983.138348,3008656476
2,5154,383,128,1.92687666,0.145723603,878.375207,3008656476
2,5155,384,128,3.11723757,0.129891399,985.438612,3008656476
2,5156,385,128,3.06367397,0.129682955,987.022543,3008656476
2,5157,386,128,2.37966609,0.129323288,989.767597,3008656476
2,5158,387,128,2.06432962,0.129670214,987.119525,3008656476
2,5159,388,128,2.76013184,0.128551753,995.707931,3008656476
2,5160,389,128,3.10696363,0.142055191,901.058237,3008656476
2,5161,390,128,2.75488663,0.128606583,995.283422,3008656476
2,5162,391,128,2.83806562,0.148960666,859.287243,3008656476
2,5163,392,128,2.10305214,0.129595204,987.690872,3008656476
2,5164,393,128,2.67390156,0.12893039,992.78378,3008656476
2,5165,394,128,2.2842207,0.130120233,983.705586,3008656476
2,5166,395,128,2.66446543,0.129864198,985.64502,3008656476
2,5167,396,128,2.51134372,0.128246836,998.075305,3008656476
2,5168,397,128,3.04953742,0.14112007,907.029029,3008656476
2,5169,398,128,2.51980233,0.127657978,1002.67921,3008656476
2,5170,399,128,2.93373799,0.143236771,893.625283,3008656476
2,5171,400,128,2.45727134,0.127812675,1001.46562,3008656476
2,5172,401,128,2.73556757,0.126874903,1008.86777,3008656476
2,5173,402,128,2.47636127,0.127342233,1005.16535,3008656476
2,5174,403,128,2.26756692,0.127980663,1000.15109,3008656476
2,5175,404,128,2.45686817,0.12709439,1007.12549,3008656476
2,5176,405,128,2.27731228,0.13806001,927.133063,3008656476
2,5177,406,128,2.34693217,0.126663615,1010.55066,3008656476
2,5178,407,128,1.65841746,0.145231268,881.352905,3008656476
2,5179,408,128,1.98563313,0.127510026,1003.84263,3008656476
2,5180,409,128,2.76093698,0.12624847,1013.87367,3008656476
2,5181,410,128,1.92991436,0.126931387,1008.41882,3008656476
2,5182,411,128,2.57953191,0.125825377,1017.28286,3008656476
2,5183,412,128,1.99219108,0.125651803,1018.68813,3008656476
2,5184,413,128,2.06749272,0.135955711,941.483069,3008656476
2,5185,414,128,2.17147303,0.123811947,1033.82592,3008656476
2,5186,415,128,2.8242054,0.14394518,889.227413,3008656476
2,5187,416,128,2.35308409,0.125813,1017.38294,3008656476
2,5188,417,128,1.95431435,0.12582219,1017.30863,3008656476
2,5189,418,128,2.22804976,0.126258231,1013.79529,3008656476
2,5190,419,128,1.50421059,0.125966421,1016.14382,3008656476
2,5191,420,128,1.43984509,0.127125058,1006.88253,3008656476
2,5192,421,128,2.36524606,0.126766312,1009.73199,3008656476
2,5193,422,128,2.09052825,0.13568105,943.388926,3008656476
2,5194,423,128,2.43462849,0.143617674,891.255209,3008656476
2,5195,424,128,2.89653778,0.126747141,1009.88471,3008656476
2,5196,425,128,3.05093861,0.127148522,1006.69672,3008656476
2,5197,426,128,3.35302186,0.126549707,1011.46026,3008656476
2,5198,427,128,2.32608318,0.126001966,1015.85717,3008656476
2,5199,428,128,1.70430076,0.127610242,1003.05428,3008656476
2,5200,429,128,1.61987615,0.125830055,1017.24505,3008656476
2,5201,430,128,1.72867429,0.141264764,906.099981,3008656476
2,5202,431,128,1.69175291,0.1412319,906.310826,3008656476
2,5203,432,128,1.90596294,0.125957427,1016.21638,3008656476
2,5204,433,128,1.7822789,0.125764834,1017.77258,3008656476
2,5205,434,128,2.39282703,0.125795573,1017.52388,3008656476
2,5206,435,128,2.4165318,0.126255988,1013.8133,3008656476
2,5207,436,128,2.90132546,0.12612335,1014.87948,3008656476
2,5208,437,128,1.98245215,0.125414149,1020.61849,3008656476
2,5209,438,128,1.97288215,0.140480291,911.159844,3008656476
2,5210,439,128,2.43938518,0.141914855,901.949271,3008656476
2,5211,440,128,2.32441592,0.124872201,1025.048,3008656476
2,5212,441,128,2.06109238,0.125450695,1020.32117,3008656476
2,5213,442,128,2.15891123,0.125972329,1016.09616,3008656476
2,5214,443,128,1.94482243,0.125798781,1017.49794,3008656476
2,5215,444,128,1.9189328,0.126218028,1014.11821,3008656476
2,5216,445,128,2.13032007,0.126238137,1013.95666,3008656476
2,5217,446,128,2.28904414,0.142646966,897.320172,3008656476
2,5218,447,128,2.86490941,0.138800399,922.187551,3008656476
2,5219,448,128,2.45081782,0.124031658,1031.99459,3008656476
2,5220,449,128,2.59337592,0.128600854,995.32776,3008656476
2,5221,450,128,2.36178684,0.130193771,983.149954,3008656476
2,5222,451,128,3.00583434,0.129226074,990.512178,3008656476
2,5223,452,128,2.36555481,0.128953941,992.602467,3008656476
2,5224,453,128,2.28594947,0.129581909,987.792208,3008656476
2,5225,454,128,2.64682031,0.145359556,880.575062,3008656476
2,5226,455,128,2.84543633,0.146697716,872.542555,3008656476
2,5227,456,128,2.7715652,0.130586756,980.191284,3008656476
2,5228,457,128,2.78513718,0.139228823,919.349868,3008656476
2,5229,458,128,2.74547267,0.143179414,893.983265,3008656476
2,5230,459,128,1.93761504,0.143409735,892.547497,3008656476
2,5231,460,128,2.74366665,0.143363855,892.833134,3008656476
2,5232,461,128,2.63933754,0.15384514,832.005483,3008656476
2,5233,462,128,2.52299905,0.137565373,930.46671,3008656476
2,5234,463,128,1.95094597,0.14532076,880.810147,3008656476
2,5235,464,128,2.07192779,0.129494475,988.45916,3008656476
2,5236,465,128,1.88164485,0.132326207,967.306499,3008656476
2,5237,466,128,1.9597069,0.129695438,986.927543,3008656476
2,5238,467,128,2.19615674,0.130212316,983.009933,3008656476
2,5239,468,128,2.93686461,0.128239034,998.136028,3008656476
2,5240,469,128,2.81334448,0.140925777,908.279541,3008656476
2,5241,470,128,2.68321991,0.128945346,992.66863,3008656476
2,5242,471,128,1.75471473,0.142973447,895.271134,3008656476
2,5243,472,128,3.18408871,0.127248752,1005.90377,3008656476
2,5244,473,128,2.47765613,0.127932963,1000.524,3008656476
2,5245,474,128,2.11730504,0.126979818,1008.03421,3008656476
2,5246,475,128,1.73950517,0.130841237,978.284851,3008656476
2,5247,476,128,2.17811155,0.126618658,1010.90947,3008656476
2,5248,477,128,2.40205979,0.14105692,907.435098,3008656476
2,5249,478,128,2.4992702,0.125821154,1017.31701,3008656476
2,5250,479,128,2.90692425,0.143639831,891.117729,3008656476
2,5251,480,128,2.54800677,0.125673982,1018.50835,3008656476
2,5252,481,128,2.14973974,0.126336732,1013.16536,3008656476
2,5253,482,128,2.06522655,0.12569968,1018.30013,3008656476
2,5254,483,128,2.56664658,0.125830473,1017.24167,3008656476
2,5255,484,128,2.52577853,0.12618186,1014.40889,3008656476
2,5256,485,128,2.16287971,0.142573016,897.785595,3008656476
2,5257,486,128,1.86122823,0.11705016,1093.54827,3008656476
2,5258,487,128,2.61491799,0.144022971,888.747115,3008656476
2,5259,488,128,2.0918231,0.126050544,1015.46567,3008656476
2,5260,489,128,3.03605008,0.126687592,1010.3594,3008656476
2,5261,490,128,3.09968257,0.126192214,1014.32565,3008656476
2,5262,491,128,2.95495415,0.126044903,1015.51112,3008656476
2,5263,492,128,2.37346578,0.126899618,1008.67128,3008656476
2,5264,493,128,2.42168546,0.125529115,1019.68376,3008656476
2,5265,494,128,2.47232223,0.140963327,908.037592,3008656476
2,5266,495,128,2.52759957,0.144368891,886.617602,3008656476
2,5267,496,128,2.97253108,0.125672404,1018.52114,3008656476
2,5268,497,128,3.04279137,0.126413006,1012.55404,3008656476
2,5269,498,128,3.05711198,0.125533487,1019.64825,3008656476
2,5270,499,128,2.66917849,0.125616249,1018.97645,3008656476
2,5271,500,128,3.07933545,0.125917215,1016.54091,3008656476
2,5272,501,128,2.96239781,0.126608775,1010.98838,3008656476
2,5273,502,128,2.21016264,0.139730828,916.046959,3008656476
2,5274,503,128,2.87208915,0.140979798,907.931504,3008656476
2,5275,504,128,3.01578808,0.12550906,1019.84669,3008656476
2,5276,505,128,3.03080297,0.125500096,1019.91954,3008656476
2,5277,506,128,3.05794144,0.124604191,1027.25277,3008656476
2,5278,507,128,2.4121511,0.124803491,1025.61234,3008656476
2,5279,508,128,2.86421776,0.126205625,1014.21787,3008656476
2,5280,509,128,2.77376342,0.125996718,1015.89948,3008656476
2,5281,510,128,2.83332515,0.13962783,916.722691,3008656476
2,5282,511,128,2.85359645,0.139661051,916.504631,3008656476
2,5283,512,128,2.95198178,0.124998163,1024.01505,3008656476
2,5284,513,128,2.92117023,0.129416464,989.054994,3008656476
2,5285,514,128,2.70594573,0.128807462,993.731248,3008656476
2,5286,515,128,3.04727983,0.129921561,985.209837,3008656476
2,5287,516,128,2.76817536,0.129506055,988.370775,3008656476
2,5288,517,128,2.94969916,0.129359147,989.493228,3008656476
2,5289,518,128,3.15684366,0.146400837,874.311941,3008656476
2,5290,519,128,2.77253819,0.143763758,890.349569,3008656476
2,5291,520,128,2.42607856,0.131052342,976.708985,3008656476
2,5292,521,128,2.56454611,0.130392436,981.652034,3008656476
2,5293,522,128,2.01704502,0.132633676,965.064106,3008656476
2,5294,523,128,2.58585644,0.138691004,922.914943,3008656476
2,5295,524,128,2.13174582,0.129712387,986.798585,3008656476
2,5296,525,128,2.43645883,0.13088809,977.934662,3008656476
2,5297,526,128,2.82371473,0.146105436,876.079655,3008656476
2,5298,527,128,2.55173254,0.143470287,892.170795,3008656476
2,5299,528,128,2.88501239,0.129690266,986.966902,3008656476
2,5300,529,128,2.23172021,0.129210929,990.628277,3008656476
2,5301,530,128,1.86313963,0.129225507,990.516524,3008656476
2,5302,531,128,2.91315842,0.129393116,989.233461,3008656476
2,5303,532,128,3.27677441,0.129216382,990.586472,3008656476
2,5304,533,128,2.9334631,0.128462981,996.395997,3008656476
2,5305,534,128,2.74055958,0.14613912,875.877725,3008656476
2,5306,535,128,2.59336019,0.145998365,876.722147,3008656476
2,5307,536,128,2.58859587,0.128319383,997.511031,3008656476
2,5308,537,128,2.6934123,0.127768042,1001.81546,3008656476
2,5309,538,128,1.96707892,0.128275453,997.852644,3008656476
2,5310,539,128,2.25370812,0.129961221,984.909183,3008656476
2,5311,540,128,2.42947149,0.126381333,1012.8078,3008656476
2,5312,541,128,2.76165485,0.128156833,998.776242,3008656476
2,5313,542,128,2.65582395,0.146852247,871.624389,3008656476
2,5314,543,128,3.05937552,0.144281464,887.154846,3008656476
2,5315,544,128,2.23994279,0.128054153,999.577109,3008656476
2,5316,545,128,1.91709399,0.127964585,1000.27676,3008656476
2,5317,546,128,2.25007606,0.128080802,999.369133,3008656476
2,5318,547,128,2.96486139,0.126616219,1010.92894,3008656476
2,5319,548,128,2.81313562,0.13039217,981.654036,3008656476
2,5320,549,128,2.70975494,0.127092388,1007.14136,3008656476
2,5321,550,128,2.3815999,0.141850877,902.356071,3008656476
2,5322,551,128,2.06596065,0.143656576,891.013858,3008656476
2,5323,552,128,2.46338534,0.127668813,1002.59411,3008656476
2,5324,553,128,2.80312276,0.12625351,1013.8332,3008656476
2,5325,554,128,3.11752152,0.126620519,1010.89461,3008656476
2,5326,555,128,3.07668686,0.125609244,1019.03328,3008656476
2,5327,556,128,2.08934355,0.125307862,1021.48419,3008656476
2,5328,557,128,2.46149755,0.125554931,1019.4741,3008656476
2,5329,558,128,3.18557596,0.141504927,904.562143,3008656476
2,5330,559,128,3.21279144,0.139944245,914.649974,3008656476
2,5331,560,128,2.9578433,0.125663977,1018.58944,3008656476
2,5332,561,128,2.70147419,0.125893237,1016.73452,3008656476
2,5333,562,128,3.06683588,0.125707672,1018.23539,3008656476
2,5334,563,128,3.27158117,0.126026,1015.66343,3008656476
2,5335,564,128,2.73051929,0.125950993,1016.26829,3008656476
2,5336,565,128,2.53955674,0.126359754,1012.98076,3008656476
2,5337,566,128,1.95405316,0.141757763,902.948786,3008656476
2,5338,567,128,2.92752552,0.135031566,947.926502,3008656476
2,5339,568,128,2.64699602,0.122031157,1048.91245,3008656476
2,5340,569,128,2.94625258,0.126983133,1008.00789,3008656476
2,5341,570,128,3.35373974,0.125385563,1020.85118,3008656476
2,5342,571,128,2.31415629,0.126610266,1010.97647,3008656476
2,5343,572,128,2.13666487,0.126892955,1008.72424,3008656476
2,5344,573,128,2.94968843,0.126489348,1011.94292,3008656476
2,5345,574,128,2.60554099,0.142379444,899.00618,3008656476
2,5346,575,128,2.87281442,0.126268159,1013.71558,3008656476
2,5347,576,128,2.09134936,0.136779184,935.814912,3008656476
2,5348,577,128,3.16876626,0.126119512,1014.91037,3008656476
2,5349,578,128,2.44938445,0.12551832,1019.77146,3008656476
2,5350,579,128,2.47795272,0.126095238,1015.10574,3008656476
2,5351,580,128,2.31358337,0.126587679,1011.15686,3008656476
2,5352,581,128,2.72617292,0.126210626,1014.17768,3008656476
2,5353,582,128,2.8408823,0.142083425,900.879184,3008656476
2,5354,583,128,2.54942322,0.125796618,1017.51543,3008656476
2,5355,584,128,2.82749844,0.139025169,920.696597,3008656476
2,5356,585,128,2.32448602,0.12586509,1016.96189,3008656476
2,5357,586,128,3.00155473,0.125188776,1022.45588,3008656476
2,5358,587,128,2.98612499,0.124774632,1025.84955,3008656476
2,5359,588,128,2.67639112,0.124558627,1027.62854,3008656476
2,5360,589,128,3.24137831,0.126036413,1015.57952,3008656476
2,5361,590,128,2.88902998,0.137634446,929.999747,3008656476
2,5362,591,128,2.79821181,0.12700746,1007.81482,3008656476
2,5363,592,128,2.62819624,0.142774042,896.521512,3008656476
2,5364,593,128,2.27643347,0.128188325,998.530872,3008656476
2,5365,594,128,2.39802504,0.128358172,997.209589,3008656476
2,5366,595,128,2.55872154,0.13052929,980.622817,3008656476
2,5367,596,128,2.86163855,0.129591095,987.722189,3008656476
2,5368,597,128,2.64464736,0.129239084,990.412467,3008656476
2,5369,598,128,2.4023273,0.143162317,894.090028,3008656476
2,5370,599,128,2.83617854,0.132321759,967.339015,3008656476
2,5371,600,128,2.76459026,0.151731834,843.593573,3008656476
2,5372,601,128,2.42124104,0.14314821,894.178139,3008656476
2,5373,602,128,2.77941418,0.131037337,976.820828,3008656476
2,5374,603,128,2.03575253,0.130579852,980.243108,3008656476
2,5375,604,128,2.89249587,0.129704933,986.855296,3008656476
2,5376,605,128,1.99804032,0.13051596,980.722971,3008656476
2,5377,606,128,2.12206578,0.143473868,892.148527,3008656476
2,5378,607,128,2.01031494,0.128379905,997.040775,3008656476
2,5379,608,128,2.83289218,0.147005156,870.717759,3008656476
2,5380,609,128,2.15333104,0.129747804,986.529221,3008656476
2,5381,610,128,2.30708551,0.129929545,985.149298,3008656476
2,5382,611,128,2.03575301,0.128987478,992.344389,3008656476
2,5383,612,128,2.42364526,0.129021486,992.082823,3008656476
2,5384,613,128,2.5620172,0.128737979,994.267589,3008656476
2,5385,614,128,2.9006207,0.142861133,895.974975,3008656476
2,5386,615,128,2.00879264,0.127155688,1006.63999,3008656476
2,5387,616,128,2.68767595,0.140641421,910.115947,3008656476
2,5388,617,128,2.86410069,0.12840852,996.818591,3008656476
2,5389,618,128,2.31206346,0.127815162,1001.44614,3008656476
2,5390,619,128,2.58723402,0.127897346,1000.80263,3008656476
2,5391,620,128,2.45102119,0.128059947,999.531883,3008656476
2,5392,621,128,2.29571223,0.127026758,1007.66171,3008656476
2,5393,622,128,2.74923301,0.141849045,902.367725,3008656476
2,5394,623,128,2.72535992,0.126006111,1015.82375,3008656476
2,5395,624,128,2.82886052,0.144327087,886.874409,3008656476
2,5396,625,128,2.89746118,0.127382528,1004.84738,3008656476
2,5397,626,128,2.54147029,0.128313297,997.558343,3008656476
2,5398,627,128,2.19548392,0.126717139,1010.12382,3008656476
2,5399,628,128,2.39868188,0.128008081,999.936871,3008656476
2,5400,629,128,3.17859006,0.126144918,1014.70596,3008656476
2,5401,630,128,3.1102016,0.141100523,907.154681,3008656476
2,5402,631,128,2.33665681,0.125687894,1018.39561,3008656476
2,5403,632,128,3.3581183,0.14471076,884.523031,3008656476
2,5404,633,128,3.09389353,0.127622451,1002.95833,3008656476
2,5405,634,128,2.90611386,0.127692001,1002.41205,3008656476
2,5406,635,128,2.15644574,0.127148694,1006.69536,3008656476
2,5407,636,128,2.56115317,0.1265597,1011.3804,3008656476
2,5408,637,128,2.40905309,0.126073394,1015.28162,3008656476
2,5409,638,128,2.53694367,0.141720783,903.184397,3008656476
2,5410,639,128,3.22845364,0.125776546,1017.67781,3008656476
2,5411,640,128,2.60740757,0.143222587,893.713783,3008656476
2,5412,641,128,2.68883896,0.125366847,1021.00358,3008656476
2,5413,642,128,2.12215638,0.125761861,1017.79664,3008656476
2,5414,643,128,2.59308577,0.126382859,1012.79557,3008656476
2,5415,644,128,2.98514748,0.126544325,1011.50328,3008656476
2,5416,645,128,3.44650364,0.125990341,1015.9509,3008656476
2,5417,646,128,2.64497137,0.137866381,928.435193,3008656476
2,5418,647,128,2.49297118,0.123052836,1040.20358,3008656476
2,5419,648,128,2.90886807,0.146510895,873.655164,3008656476
2,5420,649,128,2.61752534,0.125981919,1016.01881,3008656476
2,5421,650,128,2.29729104,0.126517876,1011.71474,3008656476
2,5422,651,128,2.56006861,0.127109084,1007.00907,3008656476
2,5423,652,128,1.76695609,0.126885841,1008.7808,3008656476
2,5424,653,128,2.16321492,0.12641483,1012.53943,3008656476
2,5425,654,128,3.17419291,0.126936197,1008.38061,3008656476
2,5426,655,128,3.15097141,0.134854606,949.170398,3008656476
2,5427,656,128,2.90525174,0.145172907,881.707218,3008656476
2,5428,657,128,2.45732284,0.125973851,1016.08389,3008656476
2,5429,658,128,2.70479441,0.12697887,1008.04173,3008656476
2,5430,659,128,2.94933891,0.126833968,1009.19337,3008656476
2,5431,660,128,2.74897361,0.126611513,1010.96651,3008656476
2,5432,661,128,2.89974928,0.125914365,1016.56392,3008656476
2,5433,662,128,2.6540432,0.126314229,1013.34585,3008656476
2,5434,663,128,2.39390326,0.138957064,921.147845,3008656476
2,5435,664,128,2.04147935,0.142391831,898.927973,3008656476
2,5436,665,128,3.3663826,0.125908771,1016.60908,3008656476
2,5437,666,128,3.0091083,0.125794203,1017.53497,3008656476
2,5438,667,128,2.53491592,0.125400426,1020.73018,3008656476
2,5439,668,128,2.21747661,0.125326471,1021.33252,3008656476
2,5440,669,128,2.16533399,0.12535335,1021.11352,3008656476
2,5441,670,128,2.45365143,0.125568008,1019.36793,3008656476
2,5442,671,128,2.05007005,0.139981744,914.404953,3008656476
2,5443,672,128,2.3018074,0.136225136,939.621011,3008656476
2,5444,673,128,2.42711234,0.12377456,1034.13819,3008656476
2,5445,674,128,2.97394228,0.129717494,986.759735,3008656476
2,5446,675,128,2.71908498,0.129849455,985.756929,3008656476
2,5447,676,128,2.40757155,0.128866379,993.27692,3008656476
2,5448,677,128,3.13588023,0.129910572,985.293175,3008656476
2,5449,678,128,2.61756492,0.130656309,979.669493,3008656476
2,5450,679,128,2.57642484,0.146747865,872.244376,3008656476
2,5451,680,128,2.77723241,0.149881625,854.007287,3008656476
2,5452,681,128,2.86603642,0.139933706,914.71886,3008656476
2,5453,682,128,2.65476418,0.130395569,981.628448,3008656476
2,5454,683,128,2.3353498,0.130489431,980.922355,3008656476
2,5455,684,128,2.50773478,0.130622802,979.920795,3008656476
2,5456,685,128,2.17047,0.129519295,988.26974,3008656476
2,5457,686,128,2.34732914,0.130030941,984.381094,3008656476
2,5458,687,128,1.9928968,0.143469679,892.174576,3008656476
2,5459,688,128,2.76512027,0.142854525,896.01642,3008656476
2,5460,689,128,1.89056802,0.130114487,983.749027,3008656476
2,5461,690,128,2.37117028,0.129412437,989.085771,3008656476
2,5462,691,128,2.68828821,0.130060107,984.160347,3008656476
2,5463,692,128,2.49787807,0.128597111,995.356731,3008656476
2,5464,693,128,2.28486419,0.131084704,976.467857,3008656476
2,5465,694,128,2.73024988,0.12762007,1002.97704,3008656476
2,5466,695,128,2.5445683,0.142389279,898.944084,3008656476
2,5467,696,128,3.13580561,0.142139592,900.523198,3008656476
2,5468,697,128,2.98600125,0.128087118,999.319854,3008656476
2,5469,698,128,2.48257017,0.127857795,1001.11221,3008656476
2,5470,699,128,2.46457219,0.127547101,1003.55084,3008656476
2,5471,700,128,3.02245116,0.126819685,1009.30703,3008656476
2,5472,701,128,2.71235561,0.126379256,1012.82445,3008656476
2,5473,702,128,2.30064654,0.126151691,1014.65148,3008656476
2,5474,703,128,1.95594847,0.143966924,889.093109,3008656476
2,5475,704,128,2.56673169,0.140778924,909.227009,3008656476
2,5476,705,128,2.94401598,0.127288839,1005.58699,3008656476
2,5477,706,128,2.60796094,0.126465384,1012.13467,3008656476
2,5478,707,128,2.7264719,0.125679065,1018.46716,3008656476
2,5479,708,128,2.10337877,0.126009472,1015.79665,3008656476
2,5480,709,128,2.9817884,0.126186029,1014.37537,3008656476
2,5481,710,128,1.90254509,0.126082743,1015.20634,3008656476
2,5482,711,128,2.75284958,0.140928118,908.264453,3008656476
2,5483,712,128,2.54892373,0.140351102,911.998539,3008656476
2,5484,713,128,2.85452724,0.126257865,1013.79823,3008656476
2,5485,714,128,1.9584223,0.125637913,1018.80075,3008656476
2,5486,715,128,1.54610109,0.125483457,1020.05478,3008656476
2,5487,716,128,1.98065186,0.12577693,1017.6747,3008656476
2,5488,717,128,2.81239891,0.125432321,1020.47063,3008656476
2,5489,718,128,3.10700727,0.126607704,1010.99693,3008656476
2,5490,719,128,3.06125736,0.139888658,915.013424,3008656476
2,5491,720,128,2.8865931,0.125673909,1018.50894,3008656476
2,5492,721,128,2.91200423,0.129693955,986.938828,3008656476
2,5493,722,128,2.42092896,0.126610745,1010.97265,3008656476
2,5494,723,128,3.08259201,0.126377299,1012.84013,3008656476
2,5495,724,128,2.45390368,0.126976895,1008.05741,3008656476
2,5496,725,128,2.74460626,0.125826395,1017.27463,3008656476
2,5497,726,128,2.46894598,0.126605081,1011.01788,3008656476
2,5498,727,128,2.99199033,0.142743669,896.712274,3008656476
2,5499,728,128,2.7115438,0.126058777,1015.39935,3008656476
2,5500,729,128,2.7279532,0.140509298,910.971742,3008656476
2,5501,730,128,2.60345626,0.126701691,1010.24697,3008656476
2,5502,731,128,3.10835958,0.125618342,1018.95948,3008656476
2,5503,732,128,2.62323642,0.126114126,1014.95371,3008656476
2,5504,733,128,2.14020038,0.126194652,1014.30606,3008656476
2,5505,734,128,1.87570763,0.126837969,1009.16154,3008656476
2,5506,735,128,1.88382673,0.142510603,898.178783,3008656476
2,5507,736,128,1.76369143,0.126563397,1011.35086,3008656476
2,5508,737,128,1.74427056,0.140958559,908.068307,3008656476
2,5509,738,128,2.01375628,0.125586996,1019.2138,3008656476
2,5510,739,128,2.29688382,0.12500234,1023.98083,3008656476
2,5511,740,128,2.19713855,0.12581506,1017.36628,3008656476
2,5512,741,128,2.43761253,0.126074471,1015.27295,3008656476
2,5513,742,128,2.47375894,0.126172172,1014.48678,3008656476
2,5514,743,128,2.58159137,0.138926943,921.34756,3008656476
2,5515,744,128,2.24585724,0.126869733,1008.90888,3008656476
2,5516,745,128,1.70005393,0.164096491,780.028867,3008656476
2,5517,746,128,1.82106638,0.153765602,832.435853,3008656476
2,5518,747,128,1.89228809,0.129216621,990.58464,3008656476
2,5519,748,128,2.64190364,0.131234298,975.354781,3008656476
2,5520,749,128,3.1785028,0.131424786,973.941095,3008656476
2,5521,750,128,2.26253462,0.139898073,914.951845,3008656476
2,5522,751,128,2.88203788,0.14538802,880.402663,3008656476
2,5523,752,128,2.08326674,0.139315084,918.780625,3008656476
2,5524,753,128,2.35825038,0.127522041,1003.74805,3008656476
2,5525,754,128,2.43427324,0.129713415,986.790765,3008656476
2,5526,755,128,2.50965619,0.128186866,998.542238,3008656476
2,5527,756,128,2.87357879,0.127769721,1001.8023,3008656476
2,5528,757,128,1.87251663,0.127762261,1001.86079,3008656476
2,5529,758,128,2.63081741,0.126710576,1010.17614,3008656476
2,5530,759,128,2.27059841,0.138679083,922.994277,3008656476
2,5531,760,128,2.58794308,0.125991288,1015.94326,3008656476
2,5532,761,128,3.00080299,0.131724132,971.727792,3008656476
2,5533,762,128,3.27415013,0.126347512,1013.07891,3008656476
2,5534,763,128,2.84676981,0.126543925,1011.50648,3008656476
2,5535,764,128,3.08891582,0.126282787,1013.59816,3008656476
2,5536,765,128,3.27657557,0.12636628,1012.92845,3008656476
2,5537,766,128,2.64782977,0.126362795,1012.95638,3008656476
2,5538,767,128,3.0234201,0.139317174,918.766842,3008656476
2,5539,768,128,2.52144313,0.12554867,1019.52494,3008656476
2,5540,769,128,2.46123576,0.14064819,910.072145,3008656476
2,5541,770,128,2.1984868,0.126050839,1015.46329,3008656476
2,5542,771,128,3.0199604,0.125876512,1016.86961,3008656476
2,5543,772,128,2.46156478,0.126402843,1012.63545,3008656476
2,5544,773,128,2.53533864,0.12654167,1011.5245,3008656476
2,5545,774,128,2.39434719,0.126778712,1009.63323,3008656476
2,5546,775,128,2.71367598,0.139097044,920.22085,3008656476
2,5547,776,128,2.89075041,0.12585821,1017.01748,3008656476
2,5548,777,128,2.97113872,0.139094957,920.234657,3008656476
2,5549,778,128,2.37802243,0.125570073,1019.35116,3008656476
2,5550,779,128,2.66253567,0.124729879,1026.21762,3008656476
2,5551,780,128,2.26216769,0.125198144,1022.37937,3008656476
2,5552,781,128,2.24028611,0.125201075,1022.35544,3008656476
2,5553,782,128,1.85253954,0.126078796,1015.23812,3008656476
2,5554,783,128,1.76998568,0.126301037,1013.45169,3008656476
2,5555,784,128,2.47073174,0.131886123,970.534254,3008656476
2,5556,785,128,2.65410423,0.144770795,884.156228,3008656476
2,5557,786,128,2.43409085,0.129996747,984.640023,3008656476
2,5558,787,128,2.9598701,0.130670715,979.561488,3008656476
2,5559,788,128,2.91985583,0.13828303,925.637802,3008656476
2,5560,789,128,2.9922061,0.129528622,988.198577,3008656476
2,5561,790,128,2.74794912,0.129559406,987.963776,3008656476
2,5562,791,128,3.19650412,0.144159917,887.902842,3008656476
2,5563,792,128,2.47859454,0.119745578,1068.933,3008656476
2,5564,793,128,2.74626231,0.142248542,899.833476,3008656476
2,5565,794,128,2.25990629,0.12704685,1007.50235,3008656476
2,5566,795,128,2.51893425,0.126323321,1013.27292,3008656476
2,5567,796,128,3.04695344,0.126193617,1014.31438,3008656476
2,5568,797,128,2.53317523,0.12520432,1022.32894,3008656476
2,5569,798,128,2.55392408,0.124691359,1026.53465,3008656476
2,5570,799,128,2.43284106,0.125325884,1021.3373,3008656476
2,5571,800,128,2.90878391,0.141282125,905.988638,3008656476
2,5572,801,128,2.77827334,0.141295567,905.902448,3008656476
2,5573,802,128,3.1673739,0.125176821,1022.55353,3008656476
2,5574,803,128,2.54171681,0.126234256,1013.98784,3008656476
2,5575,804,128,2.81002116,0.125956263,1016.22577,3008656476
2,5576,805,128,3.42701983,0.12569676,1018.32378,3008656476
2,5577,806,128,3.23183465,0.126461285,1012.16748,3008656476
2,5578,807,128,2.76273704,0.126631974,1010.80316,3008656476
2,5579,808,128,2.30710268,0.138664622,923.090534,3008656476
2,5580,809,128,2.33591986,0.140144646,913.342062,3008656476
2,5581,810,128,2.36506534,0.127530899,1003.67833,3008656476
2,5582,811,128,2.54358649,0.125871631,1016.90904,3008656476
2,5583,812,128,2.99647355,0.126416979,1012.52222,3008656476
2,5584,813,128,2.80331707,0.126156401,1014.6136,3008656476
2,5585,814,128,2.16060114,0.125906994,1016.62343,3008656476
2,5586,815,128,2.11976337,0.125906561,1016.62693,3008656476
2,5587,816,128,3.10739017,0.139877705,915.085074,3008656476
2,5588,817,128,2.79836798,0.125587448,1019.21014,3008656476
2,5589,818,128,2.54674888,0.129494648,988.45784,3008656476
2,5590,819,128,2.32149005,0.125501694,1019.90655,3008656476
2,5591,820,128,2.31152701,0.126284404,1013.58518,3008656476
2,5592,821,128,2.60068226,0.125979323,1016.03975,3008656476
2,5593,822,128,2.48440146,0.127395159,1004.74775,3008656476
2,5594,823,128,3.31965971,0.127329288,1005.26754,3008656476
2,5595,824,128,2.87165928,0.142363824,899.104818,3008656476
2,5596,825,128,2.59051037,0.128839817,993.481697,3008656476
2,5597,826,128,2.67111611,0.142646972,897.320134,3008656476
2,5598,827,128,2.61703682,0.128912542,992.921232,3008656476
2,5599,828,128,2.40539885,0.129407761,989.12151,3008656476
2,5600,829,128,2.53355193,0.129514769,988.304276,3008656476
2,5601,830,128,2.95151472,0.131042403,976.783065,3008656476
2,5602,831,128,1.91323054,0.131657706,972.218064,3008656476
2,5603,832,128,2.84016466,0.148190894,863.750778,3008656476
2,5604,833,128,2.97714829,0.129599626,987.657171,3008656476
2,5605,834,128,3.00943613,0.13774549,929.250025,3008656476
2,5606,835,128,2.90800738,0.131933925,970.182612,3008656476
2,5607,836,128,2.32756543,0.130170824,983.323268,3008656476
2,5608,837,128,2.86696935,0.1306143,979.984581,3008656476
2,5609,838,128,2.60992861,0.129694261,986.9365,3008656476
2,5610,839,128,2.80076957,0.128547254,995.74278,3008656476
2,5611,840,128,2.58128405,0.141063121,907.395208,3008656476
2,5612,841,128,2.37370324,0.128291133,997.730685,3008656476
2,5613,842,128,2.17777944,0.131689089,971.986373,3008656476
2,5614,843,128,2.94184208,0.126043938,1015.51889,3008656476
2,5615,844,128,2.20045781,0.125751389,1017.8814,3008656476
2,5616,845,128,2.74684739,0.125465996,1020.19674,3008656476
2,5617,846,128,2.49953556,0.126334524,1013.18306,3008656476
2,5618,847,128,3.14001131,0.125660223,1018.61987,3008656476
2,5619,848,128,2.16559267,0.139484165,917.666891,3008656476
2,5620,849,128,2.3897016,0.126176594,1014.45122,3008656476
2,5621,850,128,2.26182961,0.140953288,908.102264,3008656476
2,5622,851,128,2.38993359,0.126587378,1011.15926,3008656476
2,5623,852,128,1.86239445,0.127250492,1005.89002,3008656476
2,5624,853,128,2.49674129,0.126672037,1010.48347,3008656476
2,5625,854,128,3.10173965,0.126310078,1013.37915,3008656476
2,5626,855,128,2.54018521,0.12615212,1014.64803,3008656476
2,5627,856,128,2.94607806,0.140006449,914.2436,3008656476
2,5628,857,128,2.54481006,0.12662906,1010.82642,3008656476
2,5629,858,128,2.76645565,0.140411994,911.603036,3008656476
2,5630,859,128,2.47247672,0.126827355,1009.24599,3008656476
2,5631,860,128,2.74458027,0.127399511,1004.71343,3008656476
2,5632,861,128,2.92861843,0.125648723,1018.7131,3008656476
2,5633,862,128,2.32843518,0.126629608,1010.82205,3008656476
2,5634,863,128,2.0465138,0.12537693,1020.92147,3008656476
2,5635,864,128,2.4162643,0.138602077,923.507084,3008656476
2,5636,865,128,2.32860231,0.122179851,1047.63592,3008656476
2,5637,866,128,2.5239377,0.139653419,916.554718,3008656476
2,5638,867,128,2.50590825,0.12645872,1012.18801,3008656476
2,5639,868,128,2.64296937,0.127886059,1000.89096,3008656476
2,5640,869,128,2.4852562,0.127971813,1000.22026,3008656476
2,5641,870,128,2.99505043,0.128816528,993.66131,3008656476
2,5642,871,128,2.43590212,0.128809897,993.712463,3008656476
2,5643,872,128,2.51570296,0.128543884,995.768885,3008656476
2,5644,873,128,2.18957686,0.142905672,895.695729,3008656476
2,5645,874,128,2.79591441,0.154054282,830.875964,3008656476
2,5646,875,128,2.22377682,0.139261788,919.132246,3008656476
2,5647,876,128,2.56760812,0.143266445,893.440191,3008656476
2,5648,877,128,1.90395331,0.138989292,920.934254,3008656476
2,5649,878,128,2.22362566,0.138692401,922.905646,3008656476
2,5650,879,128,2.55673337,0.132015738,969.581369,3008656476
2,5651,880,128,2.77153516,0.144592208,885.248256,3008656476
2,5652,881,128,3.30323577,0.131222165,975.444964,3008656476
2,5653,882,128,3.68928647,0.138698321,922.866254,3008656476
2,5654,883,128,3.00971842,0.130653672,979.689266,3008656476
2,5655,884,128,2.1668129,0.129628625,987.436224,3008656476
2,5656,885,128,3.02227068,0.130625098,979.903571,3008656476
2,5657,886,128,2.66512465,0.128940253,992.70784,3008656476
2,5658,887,128,2.89617348,0.129927362,985.16585,3008656476
2,5659,888,128,2.28307605,0.14269307,897.030248,3008656476
2,5660,889,128,2.79509377,0.128122948,999.04039,3008656476
2,5661,890,128,2.19237161,0.140511636,910.956584,3008656476
2,5662,891,128,2.20685101,0.12628643,1013.56892,3008656476
2,5663,892,128,2.75223875,0.12744795,1004.33157,3008656476
2,5664,893,128,2.79008269,0.127787396,1001.66373,3008656476
2,5665,894,128,2.96999121,0.12645772,1012.19601,3008656476
2,5666,895,128,2.8301568,0.126866584,1008.93392,3008656476
2,5667,896,128,1.99595368,0.137649334,929.89916,3008656476
2,5668,897,128,2.3350904,0.125445683,1020.36194,3008656476
2,5669,898,128,1.96264315,0.145397423,880.345727,3008656476
2,5670,899,128,2.48335123,0.126448339,1012.27111,3008656476
2,5671,900,128,2.18677282,0.125985098,1015.99318,3008656476
2,5672,901,128,2.16825223,0.126002349,1015.85408,3008656476
2,5673,902,128,2.14141107,0.126094133,1015.11464,3008656476
2,5674,903,128,2.54101443,0.126112663,1014.96548,3008656476
2,5675,904,128,1.99785018,0.137918147,928.086715,3008656476
2,5676,905,128,2.26117158,0.126457362,1012.19888,3008656476
2,5677,906,128,2.843467,0.144125895,888.112438,3008656476
2,5678,907,128,2.88225865,0.126604322,1011.02394,3008656476
2,5679,908,128,2.79428315,0.125883987,1016.80923,3008656476
2,5680,909,128,2.354949,0.12597171,1016.10115,3008656476
2,5681,910,128,2.56329179,0.125562361,1019.41377,3008656476
2,5682,911,128,2.49465442,0.126343501,1013.11107,3008656476
2,5683,912,128,3.01048303,0.140033886,914.064472,3008656476
2,5684,913,128,2.33989692,0.126500713,1011.852,3008656476
2,5685,914,128,3.08690023,0.141138753,906.908962,3008656476
2,5686,915,128,2.87775254,0.126312732,1013.35786,3008656476
2,5687,916,128,2.39477134,0.125948215,1016.2907,3008656476
2,5688,917,128,2.06330085,0.126578522,1011.23001,3008656476
2,5689,918,128,2.48493195,0.126479169,1012.02436,3008656476
2,5690,919,128,2.19489384,0.126139034,1014.75329,3008656476
2,5691,920,128,2.53484511,0.143464696,892.205564,3008656476
2,5692,921,128,2.42442441,0.121352531,1054.77817,3008656476
2,5693,922,128,2.71213102,0.142573372,897.783353,3008656476
2,5694,923,128,3.05208659,0.126571147,1011.28893,3008656476
2,5695,924,128,2.22415042,0.125980926,1016.02682,3008656476
2,5696,925,128,2.88547778,0.126366041,1012.93036,3008656476
2,5697,926,128,2.25377083,0.125880546,1016.83703,3008656476
2,5698,927,128,2.02645111,0.126025916,1015.66411,3008656476
2,5699,928,128,2.41518617,0.125284726,1021.67283,3008656476
2,5700,929,128,2.38983989,0.139877698,915.08512,3008656476
2,5701,930,128,2.05217934,0.141741969,903.0494,3008656476
2,5702,931,128,2.39229655,0.125691809,1018.36389,3008656476
2,5703,932,128,2.48051167,0.125971573,1016.10226,3008656476
2,5704,933,128,2.40862298,0.125388245,1020.82934,3008656476
2,5705,934,128,2.36584592,0.124950386,1024.4066,3008656476
2,5706,935,128,2.3340435,0.125928277,1016.45161,3008656476
2,5707,936,128,2.22061086,0.125455582,1020.28143,3008656476
2,5708,937,128,2.37264371,0.138903618,921.502275,3008656476
2,5709,938,128,2.82958841,0.137328608,932.070905,3008656476
2,5710,939,128,2.70926619,0.123433487,1036.99574,3008656476
2,5711,940,128,2.60715079,0.128271251,997.885333,3008656476
2,5712,941,128,2.17963266,0.13035602,981.926266,3008656476
2,5713,942,128,2.24439812,0.128762146,994.080978,3008656476
2,5714,943,128,2.22765493,0.131861918,970.712408,3008656476
2,5715,944,128,3.15564251,0.130607187,980.037952,3008656476
2,5716,945,128,2.97916484,0.144839004,883.739852,3008656476
2,5717,946,128,2.43480825,0.139927026,914.762528,3008656476
2,5718,947,128,2.98394895,0.126644942,1010.69966,3008656476
2,5719,948,128,3.14189434,0.128616747,995.204769,3008656476
2,5720,949,128,3.21003199,0.131385935,974.229091,3008656476
2,5721,950,128,2.59410024,0.129285701,990.05535,3008656476
2,5722,951,128,2.06960249,0.129294001,989.991794,3008656476
2,5723,952,128,2.08876038,0.130581695,980.229273,3008656476
2,5724,953,128,2.65353799,0.14205595,901.053423,3008656476
2,5725,954,128,2.65307617,0.136285026,939.208098,3008656476
2,5726,955,128,1.95814371,0.122689153,1043.28701,3008656476
2,5727,956,128,2.85147095,0.125869835,1016.92355,3008656476
2,5728,957,128,2.56753349,0.125767994,1017.74701,3008656476
2,5729,958,128,2.59309936,0.126328094,1013.23463,3008656476
2,5730,959,128,2.62572122,0.125437235,1020.43066,3008656476
2,5731,960,128,2.58633375,0.125730411,1018.05123,3008656476
2,5732,961,128,2.40215898,0.141160078,906.771956,3008656476
2,5733,962,128,2.59269142,0.125804796,1017.44929,3008656476
2,5734,963,128,2.46199727,0.140887265,908.527822,3008656476
2,5735,964,128,2.06424713,0.125674832,1018.50146,3008656476
2,5736,965,128,2.19398212,0.126327137,1013.24231,3008656476
2,5737,966,128,2.58841777,0.127042437,1007.53735,3008656476
2,5738,967,128,3.19893622,0.126020953,1015.70411,3008656476
2,5739,968,128,2.67134023,0.126645892,1010.69208,3008656476
2,5740,969,128,2.36318612,0.14029251,912.379428,3008656476
2,5741,970,128,2.17879772,0.126161228,1014.57478,3008656476
2,5742,971,128,2.60990024,0.141883826,902.146521,3008656476
2,5743,972,128,2.10268688,0.126364806,1012.94026,3008656476
2,5744,973,128,2.14342666,0.12709748,1007.10101,3008656476
2,5745,974,128,2.44532466,0.126525455,1011.65414,3008656476
2,5746,975,128,2.71903586,0.126281911,1013.60519,3008656476
2,5747,976,128,2.70670033,0.12580836,1017.42046,3008656476
2,5748,977,128,2.47617984,0.142585484,897.707091,3008656476
2,5749,978,128,2.63311982,0.125867036,1016.94617,3008656476
2,5750,979,128,2.76171398,0.141186664,906.601207,3008656476
2,5751,980,128,2.41543531,0.125914997,1016.55881,3008656476
2,5752,981,128,2.61870313,0.12637286,1012.87571,3008656476
2,5753,982,128,2.31116724,0.125557836,1019.45051,3008656476
2,5754,983,128,2.31673598,0.125042014,1023.65594,3008656476
2,5755,984,128,2.32423258,0.125595756,1019.14272,3008656476
2,5756,985,128,2.30047536,0.139754726,915.890315,3008656476
2,5757,986,128,2.17586327,0.125049861,1023.5917,3008656476
2,5758,987,128,2.11965585,0.139811095,915.521046,3008656476
2,5759,988,128,2.37295914,0.125736495,1018.00197,3008656476
2,5760,989,128,2.55677795,0.125979176,1016.04094,3008656476
2,5761,990,128,2.15331388,0.12693972,1008.35263,3008656476
2,5762,991,128,2.09131765,0.12683722,1009.1675,3008656476
2,5763,992,128,2.43779278,0.127435335,1004.43099,3008656476
2,5764,993,128,1.7577486,0.138603757,923.495891,3008656476
2,5765,994,128,1.89587295,0.124244143,1030.22965,3008656476
2,5766,995,128,1.75357234,0.143939434,889.26291,3008656476
2,5767,996,128,2.4449482,0.139249919,919.210589,3008656476
2,5768,997,128,2.47369647,0.138844765,921.892878,3008656476
2,5769,998,128,2.26327538,0.128961464,992.544564,3008656476
2,5770,999,128,2.31502676,0.131125102,976.167019,3008656476
2,5771,1000,128,2.68711638,0.130238421,982.812898,3008656476
2,5772,1001,128,2.26549363,0.146035037,876.501986,3008656476
2,5773,1002,128,2.12228656,0.129192284,990.771245,3008656476
2,5774,1003,128,2.17972875,0.141441874,904.965385,3008656476
2,5775,1004,128,2.54148793,0.13017346,983.303355,3008656476
2,5776,1005,128,2.27916265,0.12843764,996.592588,3008656476
2,5777,1006,128,2.63182473,0.127720901,1002.18523,3008656476
2,5778,1007,128,2.53919387,0.128202971,998.4168,3008656476
2,5779,1008,128,2.23140025,0.12667453,1010.46359,3008656476
2,5780,1009,128,2.17728162,0.145485353,879.813654,3008656476
2,5781,1010,128,2.31311417,0.126172801,1014.48172,3008656476
2,5782,1011,128,2.0092051,0.14059762,910.399479,3008656476
2,5783,1012,128,2.35274744,0.125597705,1019.1269,3008656476
2,5784,1013,128,2.11423755,0.125917717,1016.53685,3008656476
2,5785,1014,128,2.37570047,0.126005942,1015.82511,3008656476
2,5786,1015,128,1.57182646,0.125794315,1017.53406,3008656476
2,5787,1016,128,2.02779579,0.125823591,1017.2973,3008656476
2,5788,1017,128,2.1162045,0.129551526,988.023869,3008656476
2,5789,1018,128,2.26911378,0.12609617,1015.09824,3008656476
2,5790,1019,128,2.92970896,0.139713621,916.159778,3008656476
2,5791,1020,128,2.74744749,0.125322822,1021.36225,3008656476
2,5792,1021,128,2.3726635,0.126337966,1013.15546,3008656476
2,5793,1022,128,2.33563757,0.125999498,1015.87706,3008656476
2,5794,1023,128,3.13123107,0.126692276,1010.32205,3008656476
2,5795,1024,128,2.84929109,0.126019479,1015.71599,3008656476
2,5796,1025,128,2.68471193,0.12617601,1014.45592,3008656476
2,5797,1026,128,2.34006596,0.138240964,925.919469,3008656476
2,5798,1027,128,2.18095493,0.139290818,918.940687,3008656476
2,5799,1028,128,2.05968571,0.125744336,1017.93849,3008656476
2,5800,1029,128,2.46657681,0.125088547,1023.27514,3008656476
2,5801,1030,128,1.90765774,0.125956338,1016.22516,3008656476
2,5802,1031,128,2.65940547,0.126252103,1013.8445,3008656476
2,5803,1032,128,2.18029594,0.12664577,1010.69305,3008656476
2,5804,1033,128,2.32146144,0.12652671,1011.6441,3008656476
2,5805,1034,128,2.72544074,0.140944849,908.156637,3008656476
2,5806,1035,128,2.71836209,0.127804296,1001.53128,3008656476
2,5807,1036,128,2.55587482,0.134594158,951.007101,3008656476
2,5808,1037,128,2.54293728,0.129285337,990.058138,3008656476
2,5809,1038,128,2.1836288,0.130445192,981.255024,3008656476
2,5810,1039,128,2.17774272,0.130953989,977.442543,3008656476
2,5811,1040,128,2.64597392,0.138665256,923.086314,3008656476
2,5812,1041,128,2.61371756,0.138388763,924.930588,3008656476
2,5813,1042,128,2.45554399,0.143476333,892.133199,3008656476
2,5814,1043,128,1.72688532,0.142886596,895.815308,3008656476
2,5815,1044,128,2.07920384,0.132519763,965.893668,3008656476
2,5816,1045,128,2.29572272,0.129427588,988.969987,3008656476
2,5817,1046,128,2.09336853,0.129523295,988.23922,3008656476
2,5818,1047,128,2.05127096,0.129391522,989.245648,3008656476
2,5819,1048,128,2.76018238,0.128861436,993.315021,3008656476
2,5820,1049,128,2.59666395,0.12883513,993.517839,3008656476
2,5821,1050,128,2.67195487,0.145338039,880.705429,3008656476
2,5822,1051,128,2.41361523,0.141469797,904.786765,3008656476
2,5823,1052,128,2.16495848,0.129098802,991.488674,3008656476
2,5824,1053,128,2.30301094,0.128806084,993.741879,3008656476
2,5825,1054,128,2.6332314,0.128418269,996.742917,3008656476
2,5826,1055,128,2.02806067,0.128302118,997.645261,3008656476
2,5827,1056,128,2.75912929,0.127048727,1007.48747,3008656476
2,5828,1057,128,2.79428577,0.127100562,1007.07659,3008656476
2,5829,1058,128,2.60408854,0.143739729,890.498409,3008656476
2,5830,1059,128,1.93938088,0.143337883,892.99491,3008656476
2,5831,1060,128,2.83611822,0.129336021,989.670155,3008656476
2,5832,1061,128,3.02862024,0.128238256,998.142083,3008656476
2,5833,1062,128,2.74061203,0.127726685,1002.13984,3008656476
2,5834,1063,128,2.61914897,0.127600082,1003.13415,3008656476
2,5835,1064,128,2.25012469,0.126738747,1009.9516,3008656476
2,5836,1065,128,2.40351105,0.126391151,1012.72913,3008656476
2,5837,1066,128,2.39197874,0.142983615,895.207468,3008656476
2,5838,1067,128,2.44905376,0.142687122,897.067641,3008656476
2,5839,1068,128,2.60717964,0.130493809,980.889446,3008656476
2,5840,1069,128,3.09066868,0.127670767,1002.57877,3008656476
2,5841,1070,128,2.70643687,0.126796438,1009.49208,3008656476
2,5842,1071,128,2.86278892,0.127783745,1001.69235,3008656476
2,5843,1072,128,2.20338869,0.12676865,1009.71336,3008656476
2,5844,1073,128,2.87480664,0.127440733,1004.38845,3008656476
2,5845,1074,128,2.71631217,0.142146531,900.479239,3008656476
2,5846,1075,128,2.61497593,0.14423056,887.467954,3008656476
2,5847,1076,128,3.03208685,0.128997601,992.266515,3008656476
2,5848,1077,128,2.74969864,0.127166661,1006.55312,3008656476
2,5849,1078,128,2.81377268,0.127441679,1004.38099,3008656476
2,5850,1079,128,3.43805408,0.126910464,1008.58508,3008656476
2,5851,1080,128,2.39983153,0.126966238,1008.14202,3008656476
2,5852,1081,128,1.37711155,0.127935807,1000.50176,3008656476
2,5853,1082,128,2.15715432,0.144195457,887.684,3008656476
2,5854,1083,128,2.76996303,0.140985019,907.897881,3008656476
2,5855,1084,128,2.62407804,0.128662165,994.85346,3008656476
2,5856,1085,128,2.74689865,0.127207472,1006.2302,3008656476
2,5857,1086,128,2.61068988,0.12865507,994.908323,3008656476
2,5858,1087,128,2.26981759,0.126205917,1014.21552,3008656476
2,5859,1088,128,2.29529238,0.12757394,1003.33971,3008656476
2,5860,1089,128,2.27370548,0.12769097,1002.42014,3008656476
2,5861,1090,128,2.43490887,0.145812194,877.841534,3008656476
2,5862,1091,128,2.75764513,0.134623572,950.799315,3008656476
2,5863,1092,128,2.03419471,0.124203958,1030.56297,3008656476
2,5864,1093,128,2.82588243,0.126248825,1013.87082,3008656476
2,5865,1094,128,2.68003035,0.12681652,1009.33222,3008656476
2,5866,1095,128,2.48154473,0.126276215,1013.65091,3008656476
2,5867,1096,128,2.16813636,0.125826039,1017.27751,3008656476
2,5868,1097,128,2.32790303,0.12538377,1020.86578,3008656476
2,5869,1098,128,2.62347651,0.141320946,905.739762,3008656476
2,5870,1099,128,3.04321647,0.126051217,1015.46025,3008656476
2,5871,1100,128,2.63072395,0.139054145,920.504743,3008656476
2,5872,1101,128,2.68867898,0.125594699,1019.15129,3008656476
2,5873,1102,128,2.50912595,0.126088316,1015.16147,3008656476
2,5874,1103,128,2.79460335,0.126256936,1013.80569,3008656476
2,5875,1104,128,2.34555364,0.126957288,1008.21309,3008656476
2,5876,1105,128,2.93828368,0.126112219,1014.96906,3008656476
2,5877,1106,128,2.3366642,0.139529081,917.371483,3008656476
2,5878,1107,128,2.45124078,0.126930351,1008.42705,3008656476
2,5879,1108,128,2.15167117,0.140898881,908.452921,3008656476
2,5880,1109,128,1.9427619,0.125928122,1016.45286,3008656476
2,5881,1110,128,2.3017087,0.125613577,1018.99813,3008656476
2,5882,1111,128,2.35148215,0.126424436,1012.4625,3008656476
2,5883,1112,128,1.88673568,0.126059137,1015.39645,3008656476
2,5884,1113,128,2.02120471,0.126189639,1014.34635,3008656476
2,5885,1114,128,2.94153357,0.140170657,913.172576,3008656476
2,5886,1115,128,1.76034975,0.125684435,1018.42364,3008656476
2,5887,1116,128,2.17257667,0.141649312,903.640111,3008656476
2,5888,1117,128,1.83900023,0.12540071,1020.72787,3008656476
2,5889,1118,128,2.33909345,0.125993807,1015.92295,3008656476
2,5890,1119,128,2.17646933,0.125374389,1020.94216,3008656476
2,5891,1120,128,1.74237275,0.125261893,1021.85906,3008656476
2,5892,1121,128,2.30422211,0.124177455,1030.78292,3008656476
2,5893,1122,128,2.07864571,0.138886025,921.619004,3008656476
2,5894,1123,128,1.65524316,0.124977902,1024.18106,3008656476
2,5895,1124,128,1.56475592,0.142105103,900.741756,3008656476
2,5896,1125,128,2.5111053,0.125677593,1018.47909,3008656476
2,5897,1126,128,1.85757542,0.127275688,1005.69089,3008656476
2,5898,1127,128,3.09851789,0.126698192,1010.27487,3008656476
2,5899,1128,128,2.60452151,0.127040488,1007.5528,3008656476
2,5900,1129,128,1.77364063,0.127714693,1002.23394,3008656476
2,5901,1130,128,2.46444464,0.141681949,903.431954,3008656476
2,5902,1131,128,2.26303458,0.121342481,1054.86553,3008656476
2,5903,1132,128,2.04061007,0.14458492,885.292878,3008656476
2,5904,1133,128,2.03893542,0.131569947,972.866547,3008656476
2,5905,1134,128,2.86672735,0.138634504,923.291073,3008656476
2,5906,1135,128,2.68604159,0.142466408,898.45741,3008656476
2,5907,1136,128,2.47285485,0.142602287,897.601313,3008656476
2,5908,1137,128,2.46129322,0.138111819,926.785274,3008656476
2,5909,1138,128,2.53376365,0.143580363,891.486811,3008656476
2,5910,1139,128,2.15346909,0.142941049,895.47405,3008656476
2,5911,1140,128,2.33795071,0.140048386,913.969833,3008656476
2,5912,1141,128,2.47800446,0.129582188,987.790081,3008656476
2,5913,1142,128,2.39073205,0.132128684,968.752553,3008656476
2,5914,1143,128,2.21730828,0.129951737,984.981063,3008656476
2,5915,1144,128,2.05177689,0.129613031,987.555024,3008656476
2,5916,1145,128,2.59788156,0.129497269,988.437833,3008656476
2,5917,1146,128,2.84792304,0.142995526,895.132901,3008656476
2,5918,1147,128,2.65728259,0.131027808,976.891867,3008656476
2,5919,1148,128,2.73610497,0.134231706,953.575007,3008656476
2,5920,1149,128,2.55275917,0.127282964,1005.6334,3008656476
2,5921,1150,128,2.63514304,0.127846759,1001.19863,3008656476
2,5922,1151,128,2.52142882,0.12682446,1009.26903,3008656476
2,5923,1152,128,2.83602238,0.12857823,995.502893,3008656476
2,5924,1153,128,2.64400315,0.126985582,1007.98845,3008656476
2,5925,1154,128,2.62839246,0.140759714,909.351095,3008656476
2,5926,1155,128,2.76846671,0.12735831,1005.03846,3008656476
2,5927,1156,128,2.64075255,0.144616755,885.097996,3008656476
2,5928,1157,128,3.03494263,0.126380718,1012.81273,3008656476
2,5929,1158,128,2.34852362,0.127778363,1001.73454,3008656476
2,5930,1159,128,2.70688272,0.127729736,1002.11591,3008656476
2,5931,1160,128,2.87393928,0.127448622,1004.32628,3008656476
2,5932,1161,128,2.9077673,0.126459081,1012.18512,3008656476
2,5933,1162,128,2.26336026,0.140751543,909.403885,3008656476
2,5934,1163,128,2.28699899,0.126584748,1011.18027,3008656476
2,5935,1164,128,2.38256693,0.144076903,888.414432,3008656476
2,5936,1165,128,3.0049746,0.127634576,1002.86305,3008656476
2,5937,1166,128,2.65428662,0.128556725,995.669421,3008656476
2,5938,1167,128,2.86630177,0.126464282,1012.14349,3008656476
2,5939,1168,128,2.489856,0.127510638,1003.83781,3008656476
2,5940,1169,128,2.89824939,0.126287123,1013.56335,3008656476
2,5941,1170,128,2.69593096,0.140089237,913.703313,3008656476
2,5942,1171,128,2.86347985,0.125315692,1021.42037,3008656476
2,5943,1172,128,2.57517099,0.141601435,903.945642,3008656476
2,5944,1173,128,2.64754891,0.12637121,1012.88893,3008656476
2,5945,1174,128,2.9249897,0.125808286,1017.42106,3008656476
2,5946,1175,128,2.81727815,0.125686172,1018.40957,3008656476
2,5947,1176,128,2.81154943,0.12738668,1004.81463,3008656476
2,5948,1177,128,2.64365649,0.125460817,1020.23885,3008656476
2,5949,1178,128,2.41554666,0.141225904,906.349305,3008656476
2,5950,1179,128,2.62132215,0.125903725,1016.64983,3008656476
2,5951,1180,128,3.10561991,0.139764399,915.826927,3008656476
2,5952,1181,128,2.61395884,0.126617235,1010.92083,3008656476
2,5953,1182,128,2.94355083,0.125808448,1017.41975,3008656476
2,5954,1183,128,1.9723388,0.12583713,1017.18785,3008656476
2,5955,1184,128,2.06773472,0.125836582,1017.19228,3008656476
2,5956,1185,128,3.07159781,0.125256872,1021.90002,3008656476
2,5957,1186,128,2.88243127,0.139654716,916.546205,3008656476
2,5958,1187,128,2.83121753,0.127212822,1006.18788,3008656476
2,5959,1188,128,2.78089142,0.140493916,911.07148,3008656476
2,5960,1189,128,2.56611943,0.12615826,1014.59865,3008656476
2,5961,1190,128,2.30163765,0.126310153,1013.37855,3008656476
2,5962,1191,128,1.91407454,0.126195899,1014.29604,3008656476
2,5963,1192,128,2.36060524,0.126070084,1015.30828,3008656476
2,5964,1193,128,2.37293339,0.12613755,1014.76523,3008656476
2,5965,1194,128,1.7919848,0.125608078,1019.04274,3008656476
2,5966,1195,128,1.85859072,0.128596248,995.363411,3008656476
2,5967,1196,128,1.78363121,0.139070581,920.395953,3008656476
2,5968,1197,128,2.46842003,0.12554754,1019.53411,3008656476
2,5969,1198,128,2.07124496,0.125419689,1020.57341,3008656476
2,5970,1199,128,2.65167952,0.125536607,1019.62291,3008656476
2,5971,1200,128,2.7258606,0.125978669,1016.04503,3008656476
2,5972,1201,128,3.07043195,0.126304591,1013.42318,3008656476
2,5973,1202,128,2.55020857,0.205502048,622.864839,3008656476
2,5974,1203,128,2.56198144,0.125294017,1021.59706,3008656476
2,5975,1204,128,2.56016397,0.139452507,917.875216,3008656476
2,5976,1205,128,2.68144369,0.125750771,1017.8864,3008656476
2,5977,1206,128,2.548141,0.126007661,1015.81125,3008656476
2,5978,1207,128,2.64476371,0.126422672,1012.47662,3008656476
2,5979,1208,128,2.4324491,0.126127649,1014.84489,3008656476
2,5980,1209,128,2.23683977,0.12690603,1008.62032,3008656476
2,5981,1210,128,2.33893991,0.139187917,919.620056,3008656476
2,5982,1211,128,2.79337549,0.127122741,1006.90088,3008656476
2,5983,1212,128,2.4479394,0.141609628,903.893343,3008656476
2,5984,1213,128,2.23553658,0.128704966,994.52262,3008656476
2,5985,1214,128,2.8885808,0.129922062,985.206038,3008656476
2,5986,1215,128,2.86369729,0.128072021,999.437652,3008656476
2,5987,1216,128,2.45927334,0.130219028,982.959265,3008656476
2,5988,1217,128,2.80665922,0.129048345,991.876339,3008656476
2,5989,1218,128,2.44126916,0.142744251,896.708618,3008656476
2,5990,1219,128,3.00722766,0.12250958,1044.81625,3008656476
2,5991,1220,128,1.95847678,0.144797392,883.993822,3008656476
2,5992,1221,128,2.54308915,0.130239815,982.802379,3008656476
2,5993,1222,128,2.41249752,0.13148799,973.472938,3008656476
2,5994,1223,128,2.30384731,0.131556117,972.968821,3008656476
2,5995,1224,128,2.97196913,0.138715478,922.75211,3008656476
2,5996,1225,128,2.92363238,0.138601013,923.514174,3008656476
2,5997,1226,128,2.5212028,0.154217661,829.995729,3008656476
2,5998,1227,128,2.72731543,0.142800719,896.35403,3008656476
2,5999,1228,128,2.92968678,0.146279421,875.037645,3008656476
2,6000,1229,128,2.58624291,0.130329121,982.128929,3008656476
2,6001,1230,128,2.51030278,0.131734689,971.64992,3008656476
2,6002,1231,128,2.28786182,0.130513968,980.737939,3008656476
2,6003,1232,128,2.79577971,0.129131888,991.234636,3008656476
2,6004,1233,128,2.61627507,0.131285531,974.974158,3008656476
2,6005,1234,128,2.34039927,0.143626386,891.201147,3008656476
2,6006,1235,128,2.51309562,0.130911627,977.758836,3008656476
2,6007,1236,128,2.64079714,0.148022691,864.732286,3008656476
2,6008,1237,128,2.46369386,0.129679195,987.051161,3008656476
2,6009,1238,128,2.34111381,0.130447299,981.239175,3008656476
2,6010,1239,128,2.66990948,0.129216778,990.583436,3008656476
2,6011,1240,128,2.71657538,0.128701513,994.549303,3008656476
2,6012,1241,128,1.57431364,0.131082228,976.486301,3008656476
2,6013,1242,128,2.54494405,0.144517834,885.703836,3008656476
2,6014,1243,128,1.7186377,0.128912324,992.922911,3008656476
2,6015,1244,128,2.68384767,0.135861173,942.138193,3008656476
2,6016,1245,128,2.18685484,0.126716207,1010.13125,3008656476
2,6017,1246,128,2.19445467,0.127067693,1007.33709,3008656476
2,6018,1247,128,1.82177424,0.127900413,1000.77863,3008656476
2,6019,1248,128,1.20637012,0.125955054,1016.23552,3008656476
2,6020,1249,128,1.41295385,0.127028297,1007.6495,3008656476
2,6021,1250,128,1.84735823,0.140369707,911.87766,3008656476
2,6022,1251,128,1.50147808,0.125483277,1020.05624,3008656476
2,6023,1252,128,1.97901022,0.14681467,871.84748,3008656476
2,6024,1253,128,1.90072298,0.126832293,1009.2067,3008656476
2,6025,1254,128,1.74576294,0.127313503,1005.39218,3008656476
2,6026,1255,128,1.46503103,0.129192937,990.766237,3008656476
2,6027,1256,128,1.80659449,0.128178217,998.609616,3008656476
2,6028,1257,128,2.06032515,0.126501116,1011.84878,3008656476
2,6029,1258,128,1.42245221,0.140600016,910.383965,3008656476
2,6030,1259,128,2.53128624,0.125613793,1018.99638,3008656476
2,6031,1260,128,2.88203549,0.144077629,888.409956,3008656476
2,6032,1261,128,2.59842801,0.126646201,1010.68961,3008656476
2,6033,1262,128,2.9955194,0.127389095,1004.79558,3008656476
2,6034,1263,128,2.79607606,0.126165545,1014.54006,3008656476
2,6035,1264,128,2.43788671,0.12680436,1009.42901,3008656476
2,6036,1265,128,2.43818951,0.125719418,1018.14025,3008656476
2,6037,1266,128,2.34791732,0.139361037,918.477666,3008656476
2,6038,1267,128,2.61069131,0.126224867,1014.06326,3008656476
2,6039,1268,128,2.58008647,0.140973371,907.972897,3008656476
2,6040,1269,128,2.56646204,0.125667951,1018.55723,3008656476
2,6041,1270,128,1.87828672,0.125360521,1021.05511,3008656476
2,6042,1271,128,2.25642753,0.127307949,1005.43604,3008656476
2,6043,1272,128,2.0999589,0.125832884,1017.22218,3008656476
2,6044,1273,128,3.0930419,0.125648795,1018.71252,3008656476
2,6045,1274,128,2.05020022,0.13880153,922.180036,3008656476
2,6046,1275,128,2.61857629,0.126476445,1012.04616,3008656476
2,6047,1276,128,2.74893045,0.139468956,917.766962,3008656476
2,6048,1277,128,2.08918381,0.126423201,1012.47239,3008656476
2,6049,1278,128,2.44773269,0.126550525,1011.45373,3008656476
2,6050,1279,128,2.69264412,0.126007749,1015.81054,3008656476
2,6051,1280,128,2.44003844,0.12575835,1017.82506,3008656476
2,6052,1281,128,2.61014009,0.126881816,1008.8128,3008656476
2,6053,1282,128,2.65259528,0.135303423,946.02189,3008656476
2,6054,1283,128,1.83183122,0.123434159,1036.99009,3008656476
2,6055,1284,128,2.38799763,0.137970182,927.73669,3008656476
2,6056,1285,128,2.82960153,0.125953315,1016.24955,3008656476
2,6057,1286,128,2.34464979,0.126278817,1013.63002,3008656476
2,6058,1287,128,2.52856946,0.126023276,1015.68539,3008656476
2,6059,1288,128,2.11386919,0.125054599,1023.55292,3008656476
2,6060,1289,128,2.14620876,0.120023315,1066.45946,3008656476
2,6061,1290,128,2.40459681,0.12533401,1021.27108,3008656476
2,6062,1291,128,2.55889201,0.137933706,927.982026,3008656476
2,6063,1292,128,2.6368196,0.135140731,947.160779,3008656476
2,6064,1293,128,2.03187895,0.124763156,1025.94391,3008656476
2,6065,1294,128,2.2039752,0.127663568,1002.6353,3008656476
2,6066,1295,128,2.09844351,0.128321403,997.495328,3008656476
2,6067,1296,128,2.24198866,0.129025041,992.055488,3008656476
2,6068,1297,128,2.48424292,0.128850524,993.399142,3008656476
2,6069,1298,128,2.42907405,0.12894856,992.643888,3008656476
2,6070,1299,128,2.68337679,0.143410259,892.544236,3008656476
2,6071,1300,128,2.47588706,0.143337327,892.998374,3008656476
2,6072,1301,128,2.45842695,0.121121525,1056.78986,3008656476
2,6073,1302,128,2.13878703,0.132022803,969.529483,3008656476
2,6074,1303,128,2.05552912,0.138844518,921.894518,3008656476
2,6075,1304,128,2.31941152,0.142278385,899.644735,3008656476
2,6076,1305,128,2.66782904,0.142621432,897.480822,3008656476
2,6077,1306,128,2.47763515,0.147044928,870.482252,3008656476
2,6078,1307,128,2.54649997,0.127306021,1005.45127,3008656476
2,6079,1308,128,1.90159631,0.145654876,878.789667,3008656476
2,6080,1309,128,2.56749463,0.131271814,975.076036,3008656476
2,6081,1310,128,3.06739998,0.129865243,985.637088,3008656476
2,6082,1311,128,2.47960663,0.129470167,988.644743,3008656476
2,6083,1312,128,2.19573593,0.128609366,995.261885,3008656476
2,6084,1313,128,2.45713806,0.128349141,997.279756,3008656476
2,6085,1314,128,2.29543853,0.139763126,915.835268,3008656476
2,6086,1315,128,2.16959071,0.126592464,1011.11864,3008656476
2,6087,1316,128,2.6019721,0.139921809,914.796635,3008656476
2,6088,1317,128,2.25661874,0.126207751,1014.20078,3008656476
2,6089,1318,128,1.7390027,0.126305081,1013.41925,3008656476
2,6090,1319,128,2.48503423,0.125153951,1022.74038,3008656476
2,6091,1320,128,2.66362596,0.124969555,1024.24947,3008656476
2,6092,1321,128,2.58928084,0.125294392,1021.59401,3008656476
2,6093,1322,128,2.77863979,0.125685055,1018.41862,3008656476
2,6094,1323,128,2.1611836,0.139067992,920.413088,3008656476
2,6095,1324,128,1.61911356,0.137494927,930.943438,3008656476
2,6096,1325,128,2.14280987,0.12572812,1018.06978,3008656476
2,6097,1326,128,2.76150131,0.125213101,1022.25725,3008656476
2,6098,1327,128,2.69883466,0.126029056,1015.63881,3008656476
2,6099,1328,128,2.73805356,0.124988595,1024.09344,3008656476
2,6100,1329,128,2.22805882,0.125315988,1021.41795,3008656476
2,6101,1330,128,2.33350182,0.126078791,1015.23816,3008656476
2,6102,1331,128,1.97700381,0.13893869,921.269662,3008656476
2,6103,1332,128,2.46382689,0.124627382,1027.06161,3008656476
2,6104,1333,128,2.26634169,0.134488819,951.751982,3008656476
2,6105,1334,128,2.67599893,0.124462337,1028.42356,3008656476
2,6106,1335,128,2.1188972,0.125566623,1019.37917,3008656476
2,6107,1336,128,2.52111316,0.125663746,1018.59131,3008656476
2,6108,1337,128,1.95007348,0.125154593,1022.73514,3008656476
2,6109,1338,128,2.29607964,0.125453807,1020.29586,3008656476
2,6110,1339,128,2.23619223,0.138533553,923.963886,3008656476
2,6111,1340,128,2.02275848,0.124917216,1024.67862,3008656476
2,6112,1341,128,2.23077893,0.137446299,931.272802,3008656476
2,6113,1342,128,2.53169584,0.123989521,1032.34531,3008656476
2,6114,1343,128,2.08114481,0.124599966,1027.2876,3008656476
2,6115,1344,128,2.5403347,0.125592105,1019.17234,3008656476
2,6116,1345,128,2.29735589,0.12529117,1021.62028,3008656476
2,6117,1346,128,2.4843967,0.125679184,1018.46619,3008656476
2,6118,1347,128,2.17365265,0.141626071,903.788399,3008656476
2,6119,1348,128,1.79454362,0.125448134,1020.342,3008656476
2,6120,1349,128,2.54008818,0.141864618,902.268669,3008656476
2,6121,1350,128,2.41021943,0.126212173,1014.16525,3008656476
2,6122,1351,128,2.56150103,0.127036896,1007.58129,3008656476
2,6123,1352,128,1.9954915,0.127561114,1003.44059,3008656476
2,6124,1353,128,1.8634001,0.127980807,1000.14997,3008656476
2,6125,1354,128,2.43144083,0.129580619,987.802042,3008656476
2,6126,1355,128,2.00542283,0.142251659,899.813759,3008656476
2,6127,1356,128,2.12166452,0.129414144,989.072725,3008656476
2,6128,1357,128,2.43379712,0.144788029,884.050987,3008656476
2,6129,1358,128,2.43193603,0.130313471,982.246878,3008656476
2,6130,1359,128,2.06957865,0.136254254,939.420211,3008656476
2,6131,1360,128,1.88029814,0.13814135,926.587151,3008656476
2,6132,1361,128,2.72648406,0.138406607,924.811342,3008656476
2,6133,1362,128,2.59625864,0.132058577,969.266843,3008656476
2,6134,1363,128,2.41316032,0.144547047,885.524835,3008656476
2,6135,1364,128,2.01516652,0.132474378,966.224578,3008656476
2,6136,1365,128,2.39630413,0.144713122,884.508593,3008656476
2,6137,1366,128,2.63793373,0.130432995,981.346783,3008656476
2,6138,1367,128,2.72531843,0.129369163,989.41662,3008656476
2,6139,1368,128,2.54022789,0.128909892,992.941643,3008656476
2,6140,1369,128,2.32196546,0.129832767,985.883633,3008656476
2,6141,1370,128,2.01308393,0.12852557,995.910775,3008656476
2,6142,1371,128,2.54659939,0.142418953,898.756783,3008656476
2,6143,1372,128,2.11138463,0.126882038,1008.81103,3008656476
2,6144,1373,128,2.65349221,0.14627972,875.035856,3008656476
2,6145,1374,128,2.95482397,0.129273393,990.149613,3008656476
2,6146,1375,128,2.99300599,0.129206873,990.659375,3008656476
2,6147,1376,128,3.07947063,0.129353463,989.536708,3008656476
2,6148,1377,128,2.54237556,0.130702864,979.320545,3008656476
2,6149,1378,128,2.23235393,0.127779455,1001.72598,3008656476
2,6150,1379,128,2.25076342,0.139799264,915.598526,3008656476
2,6151,1380,128,2.68573403,0.126961838,1008.17696,3008656476
2,6152,1381,128,2.13083434,0.144916938,883.264591,3008656476
2,6153,1382,128,2.34535336,0.129246664,990.354382,3008656476
2,6154,1383,128,2.20784616,0.128170179,998.672242,3008656476
2,6155,1384,128,1.91756272,0.127793524,1001.6157,3008656476
2,6156,1385,128,2.51284838,0.127550824,1003.52155,3008656476
2,6157,1386,128,1.75968802,0.127373887,1004.91555,3008656476
2,6158,1387,128,2.1974833,0.140468788,911.234459,3008656476
2,6159,1388,128,2.70084715,0.128076321,999.404097,3008656476
2,6160,1389,128,2.25644422,0.145184305,881.637998,3008656476
2,6161,1390,128,1.89496613,0.127214904,1006.17142,3008656476
2,6162,1391,128,2.32841849,0.127784941,1001.68298,3008656476
2,6163,1392,128,2.20682144,0.12720369,1006.26012,3008656476
2,6164,1393,128,2.40556479,0.127577913,1003.30846,3008656476
2,6165,1394,128,2.71414566,0.126588333,1011.15164,3008656476
2,6166,1395,128,2.3323791,0.142240247,899.885951,3008656476
2,6167,1396,128,2.30351138,0.125872357,1016.90318,3008656476
2,6168,1397,128,2.78653836,0.142490977,898.302494,3008656476
2,6169,1398,128,2.21384954,0.128218929,998.292538,3008656476
2,6170,1399,128,2.51522589,0.126120663,1014.9011,3008656476
2,6171,1400,128,2.84194136,0.127875058,1000.97706,3008656476
2,6172,1401,128,3.00953531,0.127972038,1000.2185,3008656476
2,6173,1402,128,2.29482174,0.12683969,1009.14785,3008656476
2,6174,1403,128,2.57359338,0.141479995,904.721547,3008656476
2,6175,1404,128,2.05918574,0.126825564,1009.26025,3008656476
2,6176,1405,128,2.47197485,0.139985711,914.37904,3008656476
2,6177,1406,128,2.86295223,0.126748433,1009.87442,3008656476
2,6178,1407,128,2.78739643,0.125551154,1019.50477,3008656476
2,6179,1408,128,2.66696548,0.125559781,1019.43472,3008656476
2,6180,1409,128,2.86934137,0.125798625,1017.4992,3008656476
2,6181,1410,128,2.62050462,0.126514887,1011.73864,3008656476
2,6182,1411,128,3.21252441,0.140339305,912.075202,3008656476
2,6183,1412,128,2.70398712,0.125418911,1020.57974,3008656476
2,6184,1413,128,2.9019773,0.140964746,908.028451,3008656476
2,6185,1414,128,2.99819684,0.125906405,1016.62819,3008656476
2,6186,1415,128,3.02450323,0.126102967,1015.04352,3008656476
2,6187,1416,128,2.74863648,0.126579366,1011.22327,3008656476
2,6188,1417,128,2.91864181,0.125563967,1019.40073,3008656476
2,6189,1418,128,2.94633842,0.126018376,1015.72488,3008656476
2,6190,1419,128,3.0620563,0.1383391,925.262634,3008656476
2,6191,1420,128,3.01990247,0.125867681,1016.94096,3008656476
2,6192,1421,128,2.80372787,0.143564692,891.584123,3008656476
2,6193,1422,128,3.35821247,0.125546881,1019.53947,3008656476
2,6194,1423,128,2.65834236,0.125471051,1020.15564,3008656476
2,6195,1424,128,3.00889921,0.126370948,1012.89103,3008656476
2,6196,1425,128,3.60229921,0.126149655,1014.66786,3008656476
2,6197,1426,128,2.64576435,0.125830032,1017.24523,3008656476
2,6198,1427,128,2.85698795,0.126044965,1015.51062,3008656476
2,6199,1428,128,2.82820344,0.127096725,1007.10699,3008656476
2,6200,1429,128,3.45154905,0.139168823,919.746228,3008656476
2,6201,1430,128,3.05551171,0.126250674,1013.85597,3008656476
2,6202,1431,128,3.03059936,0.126696727,1010.28656,3008656476
2,6203,1432,128,3.31047392,0.127053198,1007.45201,3008656476
2,6204,1433,128,2.42316794,0.127201989,1006.27357,3008656476
2,6205,1434,128,2.60830808,0.12686932,1008.91216,3008656476
2,6206,1435,128,3.11313605,0.127803041,1001.54111,3008656476
2,6207,1436,128,2.13240504,0.143437325,892.375816,3008656476
2,6208,1437,128,3.02223325,0.131044827,976.764997,3008656476
2,6209,1438,128,2.92514133,0.129031088,992.008996,3008656476
2,6210,1439,128,2.86116409,0.130509338,980.772732,3008656476
2,6211,1440,128,3.05552983,0.13100084,977.092971,3008656476
2,6212,1441,128,3.23716474,0.138933943,921.301139,3008656476
2,6213,1442,128,2.98056388,0.129254571,990.293798,3008656476
2,6214,1443,128,2.30658746,0.131106848,976.302931,3008656476
2,6215,1444,128,3.24324679,0.146382529,874.421291,3008656476
2,6216,1445,128,2.92257571,0.14298816,895.179013,3008656476
2,6217,1446,128,3.34446526,0.130861515,978.133258,3008656476
2,6218,1447,128,2.90387034,0.130373865,981.791864,3008656476
2,6219,1448,128,2.56057501,0.129868185,985.61476,3008656476
2,6220,1449,128,3.2881813,0.129300748,989.940136,3008656476
2,6221,1450,128,2.47644782,0.129251328,990.318645,3008656476
2,6222,1451,128,2.6913414,0.128501711,996.095686,3008656476
2,6223,1452,128,2.64197803,0.141142497,906.884905,3008656476
2,6224,1453,128,2.79136014,0.140844556,908.803319,3008656476
2,6225,1454,128,2.79379869,0.128102053,999.203346,3008656476
2,6226,1455,128,2.00184107,0.128860535,993.321966,3008656476
2,6227,1456,128,2.97120738,0.127381801,1004.85312,3008656476
2,6228,1457,128,2.85766244,0.127139656,1006.76692,3008656476
2,6229,1458,128,3.23533511,0.127015836,1007.74836,3008656476
2,6230,1459,128,3.1670332,0.126040027,1015.5504,3008656476
2,6231,1460,128,2.7579093,0.145189097,881.608899,3008656476
2,6232,1461,128,1.93114698,0.143609439,891.306316,3008656476
2,6233,1462,128,2.05713487,0.127977419,1000.17645,3008656476
2,6234,1463,128,2.82452035,0.129146556,991.122055,3008656476
2,6235,1464,128,2.14428258,0.128029586,999.768913,3008656476
2,6236,1465,128,2.62285805,0.127340902,1005.17585,3008656476
2,6237,1466,128,3.40980983,0.125938186,1016.37163,3008656476
2,6238,1467,128,2.91176271,0.126078019,1015.24438,3008656476
2,6239,1468,128,2.50465417,0.142089177,900.842715,3008656476
2,6240,1469,128,3.34700561,0.143066797,894.686976,3008656476
2,6241,1470,128,2.43288827,0.127747945,1001.97307,3008656476
2,6242,1471,128,3.2709353,0.126587846,1011.15553,3008656476
2,6243,1472,128,2.86687088,0.127385266,1004.82579,3008656476
2,6244,1473,128,3.18101883,0.126064872,1015.35026,3008656476
2,6245,1474,128,2.69801712,0.126655345,1010.61665,3008656476
2,6246,1475,128,2.6479249,0.125943637,1016.32765,3008656476
2,6247,1476,128,2.69186497,0.141340562,905.614059,3008656476
2,6248,1477,128,3.04274845,0.12596467,1016.15794,3008656476
2,6249,1478,128,2.71449995,0.130562171,980.375855,3008656476
2,6250,1479,128,2.99975777,0.125403251,1020.70719,3008656476
2,6251,1480,128,2.67389488,0.125154429,1022.73648,3008656476
2,6252,1481,128,3.14020252,0.124253023,1030.15602,3008656476
2,6253,1482,128,2.68835378,0.125279163,1021.71819,3008656476
2,6254,1483,128,2.54544091,0.126039337,1015.55596,3008656476
2,6255,1484,128,2.63485122,0.141596182,903.979177,3008656476
2,6256,1485,128,2.90863442,0.125778297,1017.66364,3008656476
2,6257,1486,128,3.1380434,0.140265386,912.55586,3008656476
2,6258,1487,128,3.06653023,0.126207604,1014.20197,3008656476
2,6259,1488,128,2.72103477,0.126045853,1015.50346,3008656476
2,6260,1489,128,2.45252824,0.126282362,1013.60157,3008656476
2,6261,1490,128,2.87210417,0.126195798,1014.29685,3008656476
2,6262,1491,128,2.82166529,0.125600593,1019.10347,3008656476
2,6263,1492,128,3.10475349,0.140888276,908.521302,3008656476
2,6264,1493,128,2.55835176,0.125700657,1018.29221,3008656476
2,6265,1494,128,2.02084732,0.138256475,925.81559,3008656476
2,6266,1495,128,2.60356212,0.125292128,1021.61247,3008656476
2,6267,1496,128,2.66989279,0.125081459,1023.33312,3008656476
2,6268,1497,128,2.66578484,0.125882996,1016.81724,3008656476
2,6269,1498,128,2.60886025,0.124879467,1024.98836,3008656476
2,6270,1499,128,2.48178411,0.125146437,1022.80179,3008656476
2,6271,1500,128,2.95827818,0.139104658,920.170481,3008656476
2,6272,1501,128,3.28796911,0.125352571,1021.11986,3008656476
2,6273,1502,128,2.61408234,0.138926169,921.352693,3008656476
2,6274,1503,128,2.85135388,0.123953453,1032.6457,3008656476
2,6275,1504,128,2.68914485,0.126043803,1015.51998,3008656476
2,6276,1505,128,2.91673899,0.125349171,1021.14756,3008656476
2,6277,1506,128,2.37938309,0.126733493,1009.99347,3008656476
2,6278,1507,128,2.74489284,0.126490557,1011.93325,3008656476
2,6279,1508,128,2.64673257,0.127250249,1005.89194,3008656476
2,6280,1509,128,2.90468168,0.133432184,959.288802,3008656476
2,6281,1510,128,3.37793255,0.145188874,881.610253,3008656476
2,6282,1511,128,2.466717,0.134481328,951.804997,3008656476
2,6283,1512,128,2.80585575,0.129990114,984.690267,3008656476
2,6284,1513,128,3.0269084,0.130056686,984.186234,3008656476
2,6285,1514,128,3.45636249,0.129939883,985.070919,3008656476
2,6286,1515,128,2.64212751,0.129319332,989.797875,3008656476
2,6287,1516,128,3.12715149,0.143223289,893.709402,3008656476
2,6288,1517,128,3.16690493,0.119577236,1070.43785,3008656476
2,6289,1518,128,3.07441902,0.139947269,914.63021,3008656476
2,6290,1519,128,2.56708026,0.126370178,1012.8972,3008656476
2,6291,1520,128,3.20113039,0.125849965,1017.08411,3008656476
2,6292,1521,128,2.49021387,0.125276027,1021.74377,3008656476
2,6293,1522,128,3.16705465,0.125038601,1023.68388,3008656476
2,6294,1523,128,3.4186573,0.125563345,1019.40578,3008656476
2,6295,1524,128,3.23692179,0.125579925,1019.27119,3008656476
2,6296,1525,128,2.64958739,0.140116944,913.522636,3008656476
2,6297,1526,128,2.07500458,0.126199656,1014.26584,3008656476
2,6298,1527,128,2.21929264,0.128777943,993.959035,3008656476
2,6299,1528,128,2.76760936,0.125625791,1018.89906,3008656476
2,6300,1529,128,3.26221776,0.126585552,1011.17385,3008656476
2,6301,1530,128,3.21012878,0.125857373,1017.02425,3008656476
2,6302,1531,128,3.57262254,0.126679558,1010.42348,3008656476
2,6303,1532,128,3.5073905,0.125687611,1018.39791,3008656476
2,6304,1533,128,3.02154231,0.140744764,909.447686,3008656476
2,6305,1534,128,3.00743604,0.125692588,1018.35758,3008656476
2,6306,1535,128,2.37772846,0.140185704,913.07456,3008656476
2,6307,1536,128,2.87424278,0.125876081,1016.87309,3008656476
2,6308,1537,128,2.71078777,0.125980455,1016.03062,3008656476
2,6309,1538,128,3.09579539,0.125366522,1021.00623,3008656476
2,6310,1539,128,2.60433865,0.124872765,1025.04337,3008656476
2,6311,1540,128,3.33707237,0.124328046,1029.5344,3008656476
2,6312,1541,128,3.11526513,0.139270444,919.07512,3008656476
2,6313,1542,128,3.30867958,0.125614378,1018.99163,3008656476
2,6314,1543,128,2.88037133,0.138077741,927.014007,3008656476
2,6315,1544,128,3.2796216,0.125294077,1021.59658,3008656476
2,6316,1545,128,2.85735917,0.125817231,1017.34873,3008656476
2,6317,1546,128,2.62623096,0.126864741,1008.94858,3008656476
2,6318,1547,128,2.81560826,0.127060349,1007.39531,3008656476
2,6319,1548,128,2.73997855,0.129209895,990.636205,3008656476
2,6320,1549,128,3.20618749,0.140881953,908.562078,3008656476
2,6321,1550,128,2.90416312,0.128702404,994.542417,3008656476
2,6322,1551,128,2.50745916,0.144903661,883.345522,3008656476
2,6323,1552,128,2.93356252,0.131259096,975.170513,3008656476
2,6324,1553,128,3.8215158,0.129330691,989.710942,3008656476
2,6325,1554,128,3.36211872,0.130204334,983.070195,3008656476
2,6326,1555,128,2.70602465,0.129428697,988.961513,3008656476
2,6327,1556,128,3.11084652,0.12967719,987.066422,3008656476
2,6328,1557,128,3.1597929,0.143461645,892.224538,3008656476
2,6329,1558,128,2.830585,0.13021632,982.979706,3008656476
2,6330,1559,128,2.62790155,0.143573788,891.527637,3008656476
2,6331,1560,128,2.76612639,0.128683935,994.685156,3008656476
2,6332,1561,128,3.09694719,0.129167716,990.959692,3008656476
2,6333,1562,128,3.4810493,0.127722547,1002.17231,3008656476
2,6334,1563,128,3.42806339,0.126420597,1012.49324,3008656476
2,6335,1564,128,3.09096408,0.126964052,1008.15938,3008656476
2,6336,1565,128,2.89146018,0.141781567,902.797188,3008656476
2,6337,1566,128,2.20956588,0.128943568,992.682318,3008656476
2,6338,1567,128,2.01515436,0.139015722,920.759164,3008656476
2,6339,1568,128,1.69784737,0.125195969,1022.39713,3008656476
2,6340,1569,128,2.40036488,0.125869724,1016.92445,3008656476
2,6341,1570,128,2.61615753,0.1257065,1018.24488,3008656476
2,6342,1571,128,2.86103201,0.126537081,1011.56119,3008656476
2,6343,1572,128,2.09929872,0.125005692,1023.95337,3008656476
2,6344,1573,128,2.63984585,0.141596244,903.978781,3008656476
2,6345,1574,128,3.06277251,0.125466404,1020.19342,3008656476
2,6346,1575,128,3.1797328,0.139345148,918.582397,3008656476
2,6347,1576,128,2.85122871,0.126288012,1013.55622,3008656476
2,6348,1577,128,2.88498974,0.125331728,1021.28968,3008656476
2,6349,1578,128,2.60574317,0.126715835,1010.13421,3008656476
2,6350,1579,128,2.91299725,0.125160682,1022.68538,3008656476
2,6351,1580,128,3.18535256,0.125131024,1022.92778,3008656476
2,6352,1581,128,2.75248504,0.138807182,922.142487,3008656476
2,6353,1582,128,2.6316309,0.11600519,1103.39891,3008656476
2,6354,1583,128,2.54357743,0.137391943,931.641239,3008656476
2,6355,1584,128,3.08924699,0.125022664,1023.81437,3008656476
2,6356,1585,128,3.08983397,0.124609649,1027.20777,3008656476
2,6357,1586,128,3.14801741,0.124616696,1027.14968,3008656476
2,6358,1587,128,2.54327202,0.125998201,1015.88752,3008656476
2,6359,1588,128,2.6226244,0.125271291,1021.7824,3008656476
2,6360,1589,128,3.01135826,0.126779517,1009.62682,3008656476
2,6361,1590,128,2.5316608,0.142048154,901.102875,3008656476
2,6362,1591,128,2.5052073,0.127728403,1002.12636,3008656476
2,6363,1592,128,2.99150133,0.13815171,926.517667,3008656476
2,6364,1593,128,3.08325076,0.133383648,959.637871,3008656476
2,6365,1594,128,2.87910151,0.139017087,920.750123,3008656476
2,6366,1595,128,2.53048635,0.130025544,984.421953,3008656476
2,6367,1596,128,2.57028556,0.131585649,972.750455,3008656476
2,6368,1597,128,2.4225111,0.129127521,991.268159,3008656476
2,6369,1598,128,2.68601847,0.142450137,898.560034,3008656476
2,6370,1599,128,2.50110126,0.136802798,935.653377,3008656476
2,6371,1600,128,2.05568361,0.125949004,1016.28434,3008656476
2,6372,1601,128,2.47050738,0.126346568,1013.08648,3008656476
2,6373,1602,128,2.40700603,0.127264336,1005.7806,3008656476
2,6374,1603,128,2.70335984,0.125810281,1017.40493,3008656476
2,6375,1604,128,2.16333461,0.126288115,1013.55539,3008656476
2,6376,1605,128,2.00561786,0.125272172,1021.77521,3008656476
2,6377,1606,128,1.80124271,0.14176216,902.920779,3008656476
2,6378,1607,128,3.01460457,0.126086181,1015.17866,3008656476
2,6379,1608,128,2.49537301,0.137603236,930.210682,3008656476
2,6380,1609,128,2.73307729,0.126114688,1014.94919,3008656476
2,6381,1610,128,3.02041364,0.125669709,1018.54298,3008656476
2,6382,1611,128,3.06277084,0.125793166,1017.54335,3008656476
2,6383,1612,128,3.18794417,0.12535279,1021.11808,3008656476
2,6384,1613,128,2.69267058,0.12584564,1017.11907,3008656476
2,6385,1614,128,2.53627062,0.140371639,911.86511,3008656476
2,6386,1615,128,2.53278112,0.125223296,1022.17402,3008656476
2,6387,1616,128,2.38431096,0.146065808,876.317338,3008656476
2,6388,1617,128,2.94865322,0.125547483,1019.53458,3008656476
2,6389,1618,128,1.87366426,0.12573031,1018.05205,3008656476
2,6390,1619,128,3.06676245,0.125620518,1018.94183,3008656476
2,6391,1620,128,3.60673809,0.126255948,1013.81362,3008656476
2,6392,1621,128,3.00664258,0.126891998,1008.73185,3008656476
2,6393,1622,128,2.62740803,0.139867349,915.152828,3008656476
2,6394,1623,128,2.97190952,0.126670174,1010.49834,3008656476
2,6395,1624,128,2.90642858,0.145993403,876.751945,3008656476
2,6396,1625,128,2.48026109,0.125320037,1021.38495,3008656476
2,6397,1626,128,3.00733042,0.12529575,1021.58293,3008656476
2,6398,1627,128,3.0615685,0.12500681,1023.94422,3008656476
2,6399,1628,128,2.8392942,0.126789351,1009.54851,3008656476
2,6400,1629,128,2.4653008,0.125919009,1016.52642,3008656476
2,6401,1630,128,2.87161326,0.140176802,913.132545,3008656476
2,6402,1631,128,2.71553254,0.125641443,1018.77213,3008656476
2,6403,1632,128,2.88097835,0.143335934,893.007053,3008656476
2,6404,1633,128,2.64040327,0.126173826,1014.47348,3008656476
2,6405,1634,128,2.84652305,0.127118657,1006.93323,3008656476
2,6406,1635,128,2.56230068,0.126032205,1015.61343,3008656476
2,6407,1636,128,2.48589253,0.12649598,1011.88986,3008656476
2,6408,1637,128,2.74604034,0.125723983,1018.10328,3008656476
2,6409,1638,128,2.92934799,0.140131019,913.43088,3008656476
2,6410,1639,128,3.19051194,0.127052447,1007.45797,3008656476
2,6411,1640,128,2.53597307,0.143797133,890.142921,3008656476
2,6412,1641,128,2.02923632,0.125630524,1018.86067,3008656476
2,6413,1642,128,3.00080776,0.126296612,1013.4872,3008656476
2,6414,1643,128,2.2940526,0.125797256,1017.51027,3008656476
2,6415,1644,128,2.39543009,0.125639132,1018.79087,3008656476
2,6416,1645,128,1.85988021,0.126564221,1011.34427,3008656476
2,6417,1646,128,2.97725773,0.137504217,930.880542,3008656476
2,6418,1647,128,2.71008134,0.123035671,1040.3487,3008656476
2,6419,1648,128,2.28120685,0.141285555,905.966643,3008656476
2,6420,1649,128,2.22124028,0.126381592,1012.80573,3008656476
2,6421,1650,128,2.36225009,0.126372045,1012.88224,3008656476
2,6422,1651,128,2.4496181,0.126873603,1008.8781,3008656476
2,6423,1652,128,2.75116825,0.126980858,1008.02595,3008656476
2,6424,1653,128,2.17574334,0.127264144,1005.78212,3008656476
2,6425,1654,128,2.21152401,0.127365627,1004.98072,3008656476
2,6426,1655,128,2.44628477,0.137608607,930.174375,3008656476
2,6427,1656,128,2.7959013,0.12957046,987.87949,3008656476
2,6428,1657,128,2.71811414,0.134067108,954.745738,3008656476
2,6429,1658,128,2.9092505,0.139515625,917.459962,3008656476
2,6430,1659,128,2.69194269,0.189835935,674.26644,3008656476
2,6431,1660,128,2.11634445,0.129890718,985.443779,3008656476
2,6432,1661,128,2.30369925,0.130016449,984.490816,3008656476
2,6433,1662,128,2.57904673,0.14256266,897.850812,3008656476
2,6434,1663,128,2.82672358,0.129878062,985.539806,3008656476
2,6435,1664,128,3.03911853,0.141150551,906.833159,3008656476
2,6436,1665,128,2.71357727,0.128563076,995.620235,3008656476
2,6437,1666,128,2.9647491,0.129204049,990.681027,3008656476
2,6438,1667,128,2.99887562,0.128138971,998.915467,3008656476
2,6439,1668,128,3.13759327,0.127659997,1002.66335,3008656476
2,6440,1669,128,2.95298767,0.118357169,1081.4723,3008656476
2,6441,1670,128,2.84479713,0.143497724,892.00021,3008656476
2,6442,1671,128,1.97254312,0.127042339,1007.53812,3008656476
2,6443,1672,128,2.8196702,0.142589049,897.684646,3008656476
2,6444,1673,128,2.78536487,0.126988313,1007.96677,3008656476
2,6445,1674,128,2.94882298,0.127836878,1001.27602,3008656476
2,6446,1675,128,2.63591242,0.127979238,1000.16223,3008656476
2,6447,1676,128,2.76118279,0.126157012,1014.60868,3008656476
2,6448,1677,128,3.41999984,0.12623727,1013.96363,3008656476
2,6449,1678,128,3.15413642,0.139725013,916.085082,3008656476
2,6450,1679,128,3.13858604,0.125648899,1018.71167,3008656476
2,6451,1680,128,2.97091174,0.140669555,909.933923,3008656476
2,6452,1681,128,3.16576052,0.125517745,1019.77613,3008656476
2,6453,1682,128,3.10133839,0.125658583,1018.63316,3008656476
2,6454,1683,128,3.03561401,0.125060723,1023.5028,3008656476
2,6455,1684,128,2.68379807,0.125821978,1017.31035,3008656476
2,6456,1685,128,2.26639462,0.125230316,1022.11672,3008656476
2,6457,1686,128,3.10974836,0.13911935,920.073304,3008656476
2,6458,1687,128,2.49126601,0.125886435,1016.78946,3008656476
2,6459,1688,128,2.513726,0.138913805,921.434698,3008656476
2,6460,1689,128,2.65980935,0.12699949,1007.87806,3008656476
2,6461,1690,128,2.79051685,0.127549779,1003.52977,3008656476
2,6462,1691,128,2.87070632,0.125758273,1017.82568,3008656476
2,6463,1692,128,2.70438099,0.127472934,1004.13473,3008656476
2,6464,1693,128,2.73497844,0.125167232,1022.63187,3008656476
2,6465,1694,128,2.93552589,0.139094888,920.235113,3008656476
2,6466,1695,128,3.09052253,0.123096077,1039.83817,3008656476
2,6467,1696,128,2.89472842,0.138131056,926.656204,3008656476
2,6468,1697,128,2.91787171,0.12658251,1011.19815,3008656476
2,6469,1698,128,3.10177445,0.125772235,1017.71269,3008656476
2,6470,1699,128,3.05211902,0.125979738,1016.0364,3008656476
2,6471,1700,128,2.90402246,0.124414988,1028.81495,3008656476
2,6472,1701,128,2.94998574,0.125091222,1023.25325,3008656476
2,6473,1702,128,1.88100684,0.124962185,1024.30987,3008656476
2,6474,1703,128,2.13601661,0.138854164,921.830475,3008656476
2,6475,1704,128,1.96551502,0.126157347,1014.60599,3008656476
2,6476,1705,128,2.30936956,0.136034158,940.940142,3008656476
2,6477,1706,128,2.62212944,0.127608948,1003.06446,3008656476
2,6478,1707,128,2.73308969,0.128236094,998.158911,3008656476
2,6479,1708,128,3.46979856,0.128862089,993.309987,3008656476
2,6480,1709,128,2.64751148,0.128766758,994.045373,3008656476
2,6481,1710,128,3.15567517,0.128089009,999.3051,3008656476
2,6482,1711,128,2.77632785,0.146627574,872.959952,3008656476
2,6483,1712,128,2.32937217,0.129258498,990.263712,3008656476
2,6484,1713,128,2.66424823,0.142261711,899.750179,3008656476
2,6485,1714,128,2.88241315,0.138637145,923.273485,3008656476
2,6486,1715,128,2.43496895,0.142481496,898.362269,3008656476
2,6487,1716,128,2.57250762,0.13255851,965.611336,3008656476
2,6488,1717,128,3.19478607,0.129615792,987.533988,3008656476
2,6489,1718,128,2.24595261,0.129621168,987.49303,3008656476
2,6490,1719,128,2.89516902,0.134202232,953.784435,3008656476
2,6491,1720,128,3.41583371,0.140446931,911.376269,3008656476
2,6492,1721,128,2.9647193,0.127334398,1005.2272,3008656476
2,6493,1722,128,2.87407899,0.130242479,982.782276,3008656476
2,6494,1723,128,3.00121617,0.127660864,1002.65654,3008656476
2,6495,1724,128,3.20867252,0.127405374,1004.6672,3008656476
2,6496,1725,128,2.26256537,0.127349758,1005.10595,3008656476
2,6497,1726,128,3.37434983,0.126086393,1015.17695,3008656476
2,6498,1727,128,2.95294356,0.144489753,885.875969,3008656476
2,6499,1728,128,2.83592343,0.126861979,1008.97054,3008656476
2,6500,1729,128,3.04290891,0.128613994,995.226072,3008656476
2,6501,1730,128,2.4719274,0.126021955,1015.69603,3008656476
2,6502,1731,128,2.37864828,0.126013655,1015.76293,3008656476
2,6503,1732,128,2.90112042,0.125770458,1017.72707,3008656476
2,6504,1733,128,2.24800444,0.126624517,1010.86269,3008656476
2,6505,1734,128,2.62741899,0.125120478,1023.01399,3008656476
2,6506,1735,128,2.0981586,0.142406643,898.834474,3008656476
2,6507,1736,128,2.44882178,0.126748289,1009.87557,3008656476
2,6508,1737,128,1.79638577,0.149040884,858.82475,3008656476
2,6509,1738,128,2.2079792,0.126996354,1007.90295,3008656476
2,6510,1739,128,1.70515049,0.125960951,1016.18795,3008656476
2,6511,1740,128,1.85797465,0.127801038,1001.55681,3008656476
2,6512,1741,128,2.2314992,0.126759274,1009.78805,3008656476
2,6513,1742,128,2.33304048,0.126227957,1014.03844,3008656476
2,6514,1743,128,2.62421346,0.139588893,916.978402,3008656476
2,6515,1744,128,2.88250685,0.125718017,1018.1516,3008656476
2,6516,1745,128,1.79907036,0.142117649,900.662239,3008656476
2,6517,1746,128,3.20071554,0.126195886,1014.29614,3008656476
2,6518,1747,128,3.29985261,0.124966051,1024.27819,3008656476
2,6519,1748,128,2.56745076,0.127194569,1006.33228,3008656476
2,6520,1749,128,3.31168199,0.126307875,1013.39683,3008656476
2,6521,1750,128,2.43248963,0.125236014,1022.07022,3008656476
2,6522,1751,128,3.01979923,0.13830202,925.510705,3008656476
2,6523,1752,128,2.49173808,0.124952349,1024.39051,3008656476
2,6524,1753,128,3.04891181,0.137716151,929.447992,3008656476
2,6525,1754,128,3.01904225,0.126106409,1015.01582,3008656476
2,6526,1755,128,3.40474987,0.126934869,1008.39116,3008656476
2,6527,1756,128,2.46721745,0.124986577,1024.10997,3008656476
2,6528,1757,128,2.4846096,0.125987315,1015.9753,3008656476
2,6529,1758,128,2.39411855,0.12589623,1016.71035,3008656476
2,6530,1759,128,2.79579949,0.142146355,900.480354,3008656476
2,6531,1760,128,2.9972105,0.125891292,1016.75023,3008656476
2,6532,1761,128,2.26764941,0.139942903,914.658745,3008656476
2,6533,1762,128,3.39632559,0.12568829,1018.39241,3008656476
2,6534,1763,128,2.53857541,0.125801352,1017.47714,3008656476
2,6535,1764,128,2.55386114,0.125773696,1017.70087,3008656476
2,6536,1765,128,1.98532867,0.125492813,1019.97873,3008656476
2,6537,1766,128,2.87342548,0.125308745,1021.47699,3008656476
2,6538,1767,128,2.92994618,0.140548349,910.718631,3008656476
2,6539,1768,128,2.71463633,0.12635364,1013.02978,3008656476
2,6540,1769,128,2.29814672,0.141419568,905.108125,3008656476
2,6541,1770,128,2.24438977,0.126128946,1014.83445,3008656476
2,6542,1771,128,2.30446672,0.124871129,1025.0568,3008656476
2,6543,1772,128,1.99633276,0.124501014,1028.10408,3008656476
2,6544,1773,128,2.17332077,0.12498086,1024.15682,3008656476
2,6545,1774,128,2.0580647,0.124486936,1028.22034,3008656476
2,6546,1775,128,2.37844515,0.125941031,1016.34868,3008656476
2,6547,1776,128,2.43437195,0.136425551,938.240667,3008656476
2,6548,1777,128,2.24934578,0.127676023,1002.53749,3008656476
2,6549,1778,128,1.8793366,0.131682384,972.035865,3008656476
2,6550,1779,128,2.4050498,0.130822908,978.421914,3008656476
2,6551,1780,128,2.10983181,0.130418962,981.452375,3008656476
2,6552,1781,128,1.54967821,0.131358801,974.430331,3008656476
2,6553,1782,128,1.82562196,0.138530038,923.98733,3008656476
2,6554,1783,128,1.99859047,0.138447434,924.538623,3008656476
2,6555,1784,128,2.23016334,0.135366442,945.581476,3008656476
2,6556,1785,128,2.21095324,0.143438102,892.370982,3008656476
2,6557,1786,128,1.68220305,0.132576932,965.477162,3008656476
2,6558,1787,128,1.90678298,0.129917904,985.23757,3008656476
2,6559,1788,128,1.57463169,0.130164796,983.368806,3008656476
2,6560,1789,128,2.19542241,0.12931328,989.844199,3008656476
2,6561,1790,128,1.74811339,0.128823861,993.604748,3008656476
2,6562,1791,128,2.72305703,0.143960325,889.133864,3008656476
2,6563,1792,128,2.53416944,0.117486714,1089.48489,3008656476
2,6564,1793,128,1.93156242,0.134683917,950.37331,3008656476
2,6565,1794,128,2.49765062,0.12394634,1032.70496,3008656476
2,6566,1795,128,1.61470342,0.12565508,1018.66156,3008656476
2,6567,1796,128,2.5538497,0.125469338,1020.16957,3008656476
2,6568,1797,128,2.70131421,0.126278539,1013.63225,3008656476
2,6569,1798,128,2.64710093,0.125719832,1018.1369,3008656476
2,6570,1799,128,2.02185011,0.126049367,1015.47515,3008656476
2,6571,1800,128,2.08925724,0.14237529,899.032409,3008656476
2,6572,1801,128,2.28612113,0.126153388,1014.63783,3008656476
2,6573,1802,128,1.92654967,0.137853182,928.524087,3008656476
2,6574,1803,128,2.55958748,0.125905854,1016.63263,3008656476
2,6575,1804,128,2.09233618,0.12565907,1018.62922,3008656476
2,6576,1805,128,2.98054671,0.125963287,1016.1691,3008656476
2,6577,1806,128,2.42219424,0.126685007,1010.38002,3008656476
2,6578,1807,128,2.71851826,0.126835787,1009.1789,3008656476
2,6579,1808,128,2.56497693,0.140231654,912.775371,3008656476
2,6580,1809,128,3.34855628,0.125521362,1019.74674,3008656476
2,6581,1810,128,2.53818464,0.138828431,922.001344,3008656476
2,6582,1811,128,2.25547481,0.125898492,1016.69208,3008656476
2,6583,1812,128,1.95748532,0.124950679,1024.4042,3008656476
2,6584,1813,128,1.83969748,0.12592096,1016.51067,3008656476
2,6585,1814,128,3.0165062,0.125890414,1016.75732,3008656476
2,6586,1815,128,2.89676785,0.125345187,1021.18002,3008656476
2,6587,1816,128,2.42487168,0.136825318,935.499379,3008656476
2,6588,1817,128,2.65422964,0.125041814,1023.65757,3008656476
2,6589,1818,128,1.83977759,0.14060535,910.349428,3008656476
2,6590,1819,128,1.81631851,0.125940995,1016.34897,3008656476
2,6591,1820,128,2.44365478,0.126180627,1014.4188,3008656476
2,6592,1821,128,2.84234571,0.127011921,1007.77942,3008656476
2,6593,1822,128,3.44989228,0.128092163,999.280495,3008656476
2,6594,1823,128,2.92537045,0.127704893,1002.31085,3008656476
2,6595,1824,128,2.5663414,0.139838252,915.34325,3008656476
2,6596,1825,128,2.12875199,0.128167541,998.692797,3008656476
2,6597,1826,128,2.9666698,0.143928802,889.3286,3008656476
2,6598,1827,128,2.32910538,0.128525454,995.911674,3008656476
2,6599,1828,128,2.30527949,0.1290971,991.501746,3008656476
2,6600,1829,128,2.50436497,0.12976757,986.378954,3008656476
2,6601,1830,128,2.49281216,0.130945601,977.505155,3008656476
2,6602,1831,128,2.92304063,0.132205627,968.188744,3008656476
2,6603,1832,128,2.37619376,0.149521496,856.064201,3008656476
2,6604,1833,128,2.6150949,0.130877869,978.011034,3008656476
2,6605,1834,128,2.90185595,0.142656671,897.259126,3008656476
2,6606,1835,128,2.53548265,0.132461055,966.321762,3008656476
2,6607,1836,128,1.88305759,0.129200335,990.709506,3008656476
2,6608,1837,128,2.67050719,0.130401896,981.58082,3008656476
2,6609,1838,128,3.05494714,0.128356997,997.218718,3008656476
2,6610,1839,128,2.80688,0.129279988,990.099102,3008656476
2,6611,1840,128,2.96746731,0.145244126,881.274882,3008656476
2,6612,1841,128,2.92838478,0.129648958,987.281363,3008656476
2,6613,1842,128,2.84949136,0.141598889,903.961895,3008656476
2,6614,1843,128,2.81737232,0.127884741,1000.90127,3008656476
2,6615,1844,128,2.78423166,0.127703062,1002.32522,3008656476
2,6616,1845,128,2.11425447,0.127394812,1004.75049,3008656476
2,6617,1846,128,2.34507346,0.128151013,998.821601,3008656476
2,6618,1847,128,1.83801138,0.127162541,1006.58574,3008656476
2,6619,1848,128,2.60639048,0.140551954,910.695272,3008656476
2,6620,1849,128,2.7914362,0.126183239,1014.3978,3008656476
2,6621,1850,128,3.109061,0.141807941,902.629282,3008656476
2,6622,1851,128,2.45282269,0.126261789,1013.76672,3008656476
2,6623,1852,128,2.06363988,0.125028752,1023.76452,3008656476
2,6624,1853,128,2.58672857,0.126607944,1010.99501,3008656476
2,6625,1854,128,2.99884272,0.126643795,1010.70882,3008656476
2,6626,1855,128,2.600559,0.12582958,1017.24889,3008656476
2,6627,1856,128,2.46895409,0.13800095,927.529847,3008656476
2,6628,1857,128,1.77120185,0.125438604,1020.41952,3008656476
2,6629,1858,128,2.75860047,0.140332999,912.116187,3008656476
2,6630,1859,128,2.15887618,0.125675818,1018.49347,3008656476
2,6631,1860,128,2.71580958,0.125802951,1017.46421,3008656476
2,6632,1861,128,2.85526204,0.126024046,1015.67918,3008656476
2,6633,1862,128,2.55584669,0.126205768,1014.21672,3008656476
2,6634,1863,128,2.54864478,0.126783848,1009.59233,3008656476
2,6635,1864,128,2.88495326,0.139856973,915.220723,3008656476
2,6636,1865,128,2.704705,0.126455452,1012.21417,3008656476
2,6637,1866,128,2.53942513,0.140196281,913.005674,3008656476
2,6638,1867,128,3.51172614,0.126844639,1009.10847,3008656476
2,6639,1868,128,2.60309839,0.125639612,1018.78697,3008656476
2,6640,1869,128,2.44920111,0.126265667,1013.73559,3008656476
2,6641,1870,128,2.769768,0.126435581,1012.37325,3008656476
2,6642,1871,128,2.26452327,0.126239512,1013.94562,3008656476
2,6643,1872,128,2.8723917,0.126678492,1010.43198,3008656476
2,6644,1873,128,2.80039883,0.127761661,1001.8655,3008656476
2,6645,1874,128,3.14469647,0.135305161,946.009739,3008656476
2,6646,1875,128,2.44922256,0.123682249,1034.91003,3008656476
2,6647,1876,128,2.29298997,0.127358344,1005.03819,3008656476
2,6648,1877,128,2.22898602,0.126889332,1008.75304,3008656476
2,6649,1878,128,2.2343154,0.128181246,998.586018,3008656476
2,6650,1879,128,1.53387535,0.12792009,1000.62469,3008656476
2,6651,1880,128,2.30410385,0.128323178,997.481531,3008656476
2,6652,1881,128,2.37077546,0.144506718,885.771968,3008656476
2,6653,1882,128,2.45805359,0.131228499,975.397882,3008656476
2,6654,1883,128,2.12613773,0.132268695,967.727095,3008656476
2,6655,1884,128,2.41382241,0.130913768,977.742845,3008656476
2,6656,1885,128,2.33261895,0.13888608,921.618639,3008656476
2,6657,1886,128,2.47268772,0.133768331,956.878202,3008656476
2,6658,1887,128,2.07230711,0.130421701,981.431763,3008656476
2,6659,1888,128,2.18735647,0.132597283,965.32898,3008656476
2,6660,1889,128,2.91693807,0.140749479,909.417221,3008656476
2,6661,1890,128,2.80939603,0.146482072,873.827071,3008656476
2,6662,1891,128,2.63548064,0.130418342,981.457041,3008656476
2,6663,1892,128,2.60182357,0.129482948,988.547156,3008656476
2,6664,1893,128,2.24301147,0.13032008,982.197064,3008656476
2,6665,1894,128,2.39718628,0.129876726,985.549944,3008656476
2,6666,1895,128,2.46861696,0.128839809,993.481758,3008656476
2,6667,1896,128,2.79010057,0.12900839,992.183532,3008656476
2,6668,1897,128,2.61302519,0.136410541,938.343907,3008656476
2,6669,1898,128,3.01589966,0.143359874,892.857928,3008656476
2,6670,1899,128,4.04391623,0.128737257,994.273165,3008656476
2,6671,1900,128,3.02560282,0.128703881,994.531004,3008656476
2,6672,1901,128,2.37463212,0.127226548,1006.07933,3008656476
2,6673,1902,128,2.47520614,0.127557164,1003.47167,3008656476
2,6674,1903,128,3.03090644,0.126711875,1010.16578,3008656476
2,6675,1904,128,1.8937428,0.127461859,1004.22198,3008656476
2,6676,1905,128,2.8102529,0.142806879,896.315366,3008656476
2,6677,1906,128,2.13494492,0.141232701,906.305686,3008656476
2,6678,1907,128,2.15222144,0.127852732,1001.15186,3008656476
2,6679,1908,128,2.38558555,0.127101027,1007.0729,3008656476
2,6680,1909,128,2.1909039,0.126124628,1014.8692,3008656476
2,6681,1910,128,2.53908491,0.129500933,988.409867,3008656476
2,6682,1911,128,2.09972358,0.127926304,1000.57608,3008656476
2,6683,1912,128,2.51289129,0.126695253,1010.29831,3008656476
2,6684,1913,128,2.47354364,0.142314021,899.419461,3008656476
2,6685,1914,128,2.54444981,0.137695249,929.589081,3008656476
2,6686,1915,128,1.87785721,0.119078079,1074.92497,3008656476
2,6687,1916,128,2.79789686,0.126507306,1011.79927,3008656476
2,6688,1917,128,2.29737854,0.125837968,1017.18108,3008656476
2,6689,1918,128,2.51282191,0.126083241,1015.20233,3008656476
2,6690,1919,128,2.07325339,0.125789942,1017.56943,3008656476
2,6691,1920,128,2.29137373,0.125431088,1020.48066,3008656476
2,6692,1921,128,2.48202014,0.141125645,906.993197,3008656476
2,6693,1922,128,2.89826059,0.12606449,1015.35333,3008656476
2,6694,1923,128,2.56640387,0.138909452,921.463573,3008656476
2,6695,1924,128,2.35082269,0.125873137,1016.89688,3008656476
2,6696,1925,128,2.03934503,0.125716159,1018.16665,3008656476
2,6697,1926,128,2.44780588,0.124819218,1025.48311,3008656476
2,6698,1927,128,2.60583115,0.126937206,1008.3726,3008656476
2,6699,1928,128,2.73745775,0.125668903,1018.54951,3008656476
2,6700,1929,128,3.22525454,0.140260667,912.586563,3008656476
2,6701,1930,128,2.78786993,0.126246739,1013.88757,3008656476
2,6702,1931,128,1.92334712,0.140851825,908.756418,3008656476
2,6703,1932,128,1.72278738,0.125181979,1022.5114,3008656476
2,6704,1933,128,2.01592875,0.126514866,1011.73881,3008656476
2,6705,1934,128,2.25283766,0.126402158,1012.64094,3008656476
2,6706,1935,128,1.81341779,0.124014992,1032.13328,3008656476
2,6707,1936,128,2.65461707,0.125901658,1016.66652,3008656476
2,6708,1937,128,2.4662652,0.142827737,896.184472,3008656476
2,6709,1938,128,2.72189021,0.12518156,1022.51482,3008656476
2,6710,1939,128,2.25430441,0.139470545,917.756506,3008656476
2,6711,1940,128,2.23115563,0.125760092,1017.81096,3008656476
2,6712,1941,128,1.73652387,0.124723397,1026.27096,3008656476
2,6713,1942,128,2.89184999,0.125047244,1023.61312,3008656476
2,6714,1943,128,2.4595449,0.125446509,1020.35522,3008656476
2,6715,1944,128,2.58899927,0.124915767,1024.6905,3008656476
2,6716,1945,128,2.66527057,0.138490928,924.248266,3008656476
2,6717,1946,128,1.74417698,0.126517849,1011.71496,3008656476
2,6718,1947,128,2.22681785,0.14012001,913.502647,3008656476
2,6719,1948,128,2.7735188,0.126304655,1013.42266,3008656476
2,6720,1949,128,2.38794756,0.127910322,1000.7011,3008656476
2,6721,1950,128,3.21279192,0.126747452,1009.88223,3008656476
2,6722,1951,128,3.08954215,0.128596154,995.364138,3008656476
2,6723,1952,128,2.53860641,0.128421161,996.72047,3008656476
2,6724,1953,128,2.49607801,0.139569628,917.104974,3008656476
2,6725,1954,128,2.50406384,0.124975858,1024.19781,3008656476
2,6726,1955,128,2.52739882,0.143308525,893.177848,3008656476
2,6727,1956,128,2.95971084,0.139013136,920.776293,3008656476
2,6728,1957,128,2.49089026,0.142807731,896.310018,3008656476
2,6729,1958,128,2.39810419,0.138527967,924.001144,3008656476
2,6730,1959,128,1.67978251,0.13091642,977.723039,3008656476
2,6731,1960,128,2.59719515,0.129942944,985.047714,3008656476
2,6732,1961,128,2.47262549,0.143968768,889.081721,3008656476
2,6733,1962,128,2.41864061,0.129640321,987.347139,3008656476
2,6734,1963,128,2.03822875,0.142763384,896.588442,3008656476
2,6735,1964,128,1.99309301,0.129256213,990.281218,3008656476
2,6736,1965,128,2.19228816,0.128244985,998.089711,3008656476
2,6737,1966,128,2.5062716,0.129052731,991.842629,3008656476
2,6738,1967,128,2.65512729,0.128255331,998.009198,3008656476
2,6739,1968,128,3.00055742,0.127579874,1003.29304,3008656476
2,6740,1969,128,2.28108954,0.139282038,918.998615,3008656476
2,6741,1970,128,2.39062905,0.127639677,1002.82297,3008656476
2,6742,1971,128,2.49318123,0.142538047,898.00585,3008656476
2,6743,1972,128,3.02056766,0.127319165,1005.34747,3008656476
2,6744,1973,128,2.47453427,0.123202555,1038.93949,3008656476
2,6745,1974,128,1.24289858,0.125999713,1015.87533,3008656476
2,6746,1975,128,1.9562695,0.125248503,1021.9683,3008656476
2,6747,1976,128,2.16913176,0.126598755,1011.06839,3008656476
2,6748,1977,128,2.11051178,0.139890976,914.998263,3008656476
2,6749,1978,128,2.31871104,0.127235966,1006.00486,3008656476
2,6750,1979,128,2.51726699,0.141161642,906.761909,3008656476
2,6751,1980,128,2.90364218,0.126261639,1013.76793,3008656476
2,6752,1981,128,2.79536724,0.124876368,1025.0138,3008656476
2,6753,1982,128,2.42469311,0.126511866,1011.7628,3008656476
2,6754,1983,128,2.78582692,0.126382564,1012.79794,3008656476
2,6755,1984,128,2.09917521,0.126301751,1013.44597,3008656476
2,6756,1985,128,1.97761643,0.126033803,1015.60055,3008656476
2,6757,1986,128,1.82834017,0.128555784,995.676709,3008656476
2,6758,1987,128,2.5256393,0.138663174,923.100174,3008656476
2,6759,1988,128,2.6741519,0.125347247,1021.16323,3008656476
2,6760,1989,128,2.75906563,0.125354617,1021.1032,3008656476
2,6761,1990,128,2.02343178,0.125929925,1016.43831,3008656476
2,6762,1991,128,1.90740633,0.12578644,1017.59776,3008656476
2,6763,1992,128,1.8576479,0.126636651,1010.76583,3008656476
2,6764,1993,128,2.37331438,0.127316543,1005.36817,3008656476
2,6765,1994,128,2.3547225,0.144520368,885.688307,3008656476
2,6766,1995,128,2.27798319,0.143177144,893.997439,3008656476
2,6767,1996,128,2.22798109,0.124157805,1030.94606,3008656476
2,6768,1997,128,2.73775625,0.128975014,992.440288,3008656476
2,6769,1998,128,2.67467976,0.129081499,991.62158,3008656476
2,6770,1999,128,3.05130315,0.129560108,987.958423,3008656476
2,6771,2000,128,2.38054013,0.129200287,990.709874,3008656476
2,6772,2001,128,1.89919138,0.131069119,976.583966,3008656476
2,6773,2002,128,2.58604002,0.144749398,884.286925,3008656476
2,6774,2003,128,2.57320166,0.143277093,893.373793,3008656476
2,6775,2004,128,2.02890062,0.13529,946.115751,3008656476
2,6776,2005,128,2.08235931,0.142621407,897.480979,3008656476
2,6777,2006,128,2.24016356,0.142101817,900.762585,3008656476
2,6778,2007,128,2.24758744,0.131313221,974.768565,3008656476
2,6779,2008,128,2.3499608,0.12918111,990.856945,3008656476
2,6780,2009,128,2.20809627,0.142981394,895.221374,3008656476
2,6781,2010,128,2.29441595,0.130682953,979.469755,3008656476
2,6782,2011,128,2.77694321,0.14334696,892.938364,3008656476
2,6783,2012,128,3.13541317,0.128782217,993.926048,3008656476
2,6784,2013,128,2.62749529,0.127366848,1004.97109,3008656476
2,6785,2014,128,3.14863586,0.127511476,1003.83122,3008656476
2,6786,2015,128,2.5693202,0.127442907,1004.37131,3008656476
2,6787,2016,128,2.7084415,0.127829946,1001.33031,3008656476
2,6788,2017,128,3.21891999,0.136589083,937.117354,3008656476
2,6789,2018,128,2.62731266,0.124467439,1028.38141,3008656476
2,6790,2019,128,2.70426917,0.139115312,920.10001,3008656476
2,6791,2020,128,2.35014653,0.125611765,1019.01283,3008656476
2,6792,2021,128,3.01600432,0.125577353,1019.29207,3008656476
2,6793,2022,128,3.02337337,0.126649689,1010.66178,3008656476
2,6794,2023,128,2.99918628,0.125428658,1020.50043,3008656476
2,6795,2024,128,2.93821883,0.125843011,1017.14032,3008656476
2,6796,2025,128,2.79724598,0.125686354,1018.40809,3008656476
2,6797,2026,128,2.21653032,0.139453726,917.867193,3008656476
2,6798,2027,128,2.7065506,0.134893415,948.89732,3008656476
2,6799,2028,128,2.80354881,0.122809333,1042.26606,3008656476
2,6800,2029,128,3.06894588,0.126602755,1011.03645,3008656476
2,6801,2030,128,2.77773666,0.125919001,1016.52649,3008656476
2,6802,2031,128,2.80308437,0.126094445,1015.11212,3008656476
2,6803,2032,128,2.45147991,0.126065894,1015.34202,3008656476
2,6804,2033,128,2.29898953,0.125823023,1017.3019,3008656476
2,6805,2034,128,2.32895136,0.140387234,911.763815,3008656476
2,6806,2035,128,2.6569345,0.125642628,1018.76252,3008656476
2,6807,2036,128,2.08008933,0.140899775,908.447157,3008656476
2,6808,2037,128,2.31398869,0.126091264,1015.13773,3008656476
2,6809,2038,128,2.60688019,0.125355178,1021.09863,3008656476
2,6810,2039,128,3.0533998,0.126030769,1015.625,3008656476
2,6811,2040,128,2.53151822,0.125700676,1018.29206,3008656476
2,6812,2041,128,3.29160619,0.126065207,1015.34756,3008656476
2,6813,2042,128,3.09619045,0.140613496,910.29669,3008656476
2,6814,2043,128,3.10078478,0.125105441,1023.13696,3008656476
2,6815,2044,128,2.56241107,0.140834861,908.865881,3008656476
2,6816,2045,128,2.47121549,0.125870226,1016.9204,3008656476
2,6817,2046,128,2.45479393,0.125996239,1015.90334,3008656476
2,6818,2047,128,2.71906519,0.127569409,1003.37535,3008656476
2,6819,2048,128,2.76151609,0.127132222,1006.82579,3008656476
2,6820,2049,128,2.42393351,0.128430809,996.645595,3008656476
2,6821,2050,128,2.91277933,0.141192276,906.565172,3008656476
2,6822,2051,128,2.60809445,0.128290159,997.73826,3008656476
2,6823,2052,128,2.20191646,0.143893344,889.547747,3008656476
2,6824,2053,128,2.81340718,0.128530106,995.875628,3008656476
2,6825,2054,128,3.14070559,0.130214149,982.996095,3008656476
2,6826,2055,128,2.50402403,0.128327821,997.445441,3008656476
2,6827,2056,128,2.52794933,0.129680507,987.041175,3008656476
2,6828,2057,128,2.57458782,0.130680392,979.48895,3008656476
2,6829,2058,128,2.45007825,0.144661518,884.824117,3008656476
2,6830,2059,128,2.55937648,0.130830341,978.366326,3008656476
2,6831,2060,128,2.07076335,0.155130712,825.110633,3008656476
2,6832,2061,128,3.12404013,0.14274024,896.733815,3008656476
2,6833,2062,128,2.65498281,0.138673576,923.030931,3008656476
2,6834,2063,128,2.08191442,0.138584674,923.623055,3008656476
2,6835,2064,128,2.47789001,0.130794037,978.637887,3008656476
2,6836,2065,128,2.27913904,0.13011193,983.76836,3008656476
2,6837,2066,128,2.47832584,0.14377427,890.284472,3008656476
2,6838,2067,128,2.15613008,0.14284476,896.077672,3008656476
2,6839,2068,128,2.19638014,0.131483509,973.506115,3008656476
2,6840,2069,128,2.38855338,0.129529553,988.191475,3008656476
2,6841,2070,128,2.26086998,0.130139237,983.561937,3008656476
2,6842,2071,128,2.8121314,0.129431129,988.94293,3008656476
2,6843,2072,128,2.25392771,0.128207378,998.38248,3008656476
2,6844,2073,128,2.66385841,0.128833071,993.533718,3008656476
2,6845,2074,128,2.25651836,0.140239217,912.726146,3008656476
2,6846,2075,128,2.89585781,0.140699984,909.737133,3008656476
2,6847,2076,128,2.62571287,0.12937337,989.384446,3008656476
2,6848,2077,128,2.50085163,0.129545677,988.068479,3008656476
2,6849,2078,128,2.06013727,0.128184465,998.560941,3008656476
2,6850,2079,128,2.98257303,0.130689311,979.422104,3008656476
2,6851,2080,128,2.70346045,0.128253158,998.026107,3008656476
2,6852,2081,128,2.27046752,0.127459735,1004.23871,3008656476
2,6853,2082,128,2.38038397,0.138903702,921.501718,3008656476
2,6854,2083,128,2.86882567,0.144914572,883.279012,3008656476
2,6855,2084,128,2.18276978,0.126642923,1010.71577,3008656476
2,6856,2085,128,2.46785212,0.129489673,988.495816,3008656476
2,6857,2086,128,2.52760863,0.128333007,997.405134,3008656476
2,6858,2087,128,2.0434916,0.126478584,1012.02904,3008656476
2,6859,2088,128,2.27557182,0.126956318,1008.2208,3008656476
2,6860,2089,128,2.37375093,0.125704091,1018.26439,3008656476
2,6861,2090,128,2.37589407,0.144849627,883.67504,3008656476
2,6862,2091,128,1.97777367,0.141038957,907.550671,3008656476
2,6863,2092,128,1.65762746,0.127363984,1004.99369,3008656476
2,6864,2093,128,1.75616682,0.126802904,1009.4406,3008656476
2,6865,2094,128,2.79474282,0.127328604,1005.27294,3008656476
2,6866,2095,128,1.92963767,0.126006333,1015.82196,3008656476
2,6867,2096,128,2.69961452,0.126223901,1014.07102,3008656476
2,6868,2097,128,2.44489264,0.125441682,1020.39448,3008656476
2,6869,2098,128,2.40889931,0.142951551,895.408263,3008656476
2,6870,2099,128,2.5537374,0.127598596,1003.14583,3008656476
2,6871,2100,128,2.27198434,0.128837732,993.497774,3008656476
2,6872,2101,128,2.49723577,0.126482534,1011.99744,3008656476
2,6873,2102,128,2.34731102,0.126012359,1015.77338,3008656476
2,6874,2103,128,1.51859927,0.12510622,1023.13058,3008656476
2,6875,2104,128,2.25201964,0.1270201,1007.71453,3008656476
2,6876,2105,128,2.08277225,0.125896553,1016.70774,3008656476
2,6877,2106,128,1.8202461,0.142514229,898.155931,3008656476
2,6878,2107,128,2.45253325,0.126598204,1011.0728,3008656476
2,6879,2108,128,2.37397385,0.203862804,627.873244,3008656476
2,6880,2109,128,2.55298233,0.126949912,1008.27167,3008656476
2,6881,2110,128,2.48689818,0.126757826,1009.79958,3008656476
2,6882,2111,128,2.3376627,0.126288327,1013.55369,3008656476
2,6883,2112,128,2.41827083,0.12601187,1015.77732,3008656476
2,6884,2113,128,2.45273662,0.126656885,1010.60436,3008656476
2,6885,2114,128,1.67803621,0.135946235,941.548694,3008656476
2,6886,2115,128,2.59962869,0.138010057,927.468641,3008656476
2,6887,2116,128,2.10110116,0.127555215,1003.487,3008656476
2,6888,2117,128,2.48793721,0.125737585,1017.99315,3008656476
2,6889,2118,128,2.3595047,0.126131337,1014.81522,3008656476
2,6890,2119,128,2.60075808,0.126075913,1015.26134,3008656476
2,6891,2120,128,1.61882472,0.125592658,1019.16786,3008656476
2,6892,2121,128,1.90998507,0.12562852,1018.87692,3008656476
2,6893,2122,128,2.11302257,0.139347095,918.569562,3008656476
2,6894,2123,128,1.71656811,0.124914547,1024.70051,3008656476
2,6895,2124,128,2.01096869,0.132098791,968.971775,3008656476
2,6896,2125,128,1.38780963,0.126377256,1012.84048,3008656476
2,6897,2126,128,1.58505344,0.126523039,1011.67345,3008656476
2,6898,2127,128,2.9500258,0.127153515,1006.65719,3008656476
2,6899,2128,128,2.36586571,0.127853354,1001.14699,3008656476
2,6900,2129,128,1.95311153,0.127679991,1002.50634,3008656476
2,6901,2130,128,2.69623661,0.142184268,900.240243,3008656476
2,6902,2131,128,1.98261702,0.127729649,1002.11659,3008656476
2,6903,2132,128,2.40299487,0.143828451,889.949096,3008656476
2,6904,2133,128,2.07944107,0.128511408,996.020524,3008656476
2,6905,2134,128,2.81698871,0.128737543,994.270956,3008656476
2,6906,2135,128,2.16114235,0.130069833,984.086756,3008656476
2,6907,2136,128,2.43594217,0.131223265,975.436787,3008656476
2,6908,2137,128,2.33915925,0.138696603,922.877686,3008656476
2,6909,2138,128,2.36824608,0.153655334,833.033235,3008656476
2,6910,2139,128,2.76978874,0.14961942,855.503918,3008656476
2,6911,2140,128,2.67971778,0.131904628,970.398097,3008656476
2,6912,2141,128,2.15075326,0.134145857,954.185264,3008656476
2,6913,2142,128,2.08698606,0.130182847,983.232453,3008656476
2,6914,2143,128,2.31063509,0.131410834,974.044499,3008656476
2,6915,2144,128,2.56439185,0.129502367,988.398922,3008656476
2,6916,2145,128,2.81341839,0.130164697,983.369554,3008656476
2,6917,2146,128,2.65212178,0.140370601,911.871853,3008656476
2,6918,2147,128,2.41252089,0.145626027,878.963758,3008656476
2,6919,2148,128,1.71903813,0.130471596,981.056444,3008656476
2,6920,2149,128,2.3523972,0.129616107,987.531588,3008656476
2,6921,2150,128,2.06897664,0.131107802,976.295827,3008656476
2,6922,2151,128,2.38176918,0.129172395,990.923796,3008656476
2,6923,2152,128,2.47641158,0.131063978,976.622272,3008656476
2,6924,2153,128,2.11358023,0.128933125,992.762721,3008656476
2,6925,2154,128,2.03570271,0.133582685,958.208019,3008656476
2,6926,2155,128,2.82841063,0.141464232,904.822358,3008656476
2,6927,2156,128,2.62693071,0.128056651,999.55761,3008656476
2,6928,2157,128,2.34843802,0.126239506,1013.94567,3008656476
2,6929,2158,128,1.39845967,0.128030359,999.762877,3008656476
2,6930,2159,128,2.62038445,0.126263156,1013.75575,3008656476
2,6931,2160,128,3.11493897,0.126110608,1014.98202,3008656476
2,6932,2161,128,2.85141063,0.125927494,1016.45793,3008656476
2,6933,2162,128,1.90340579,0.133008369,962.34546,3008656476
2,6934,2163,128,1.77879465,0.141162203,906.758306,3008656476
2,6935,2164,128,1.93897521,0.129813089,986.03308,3008656476
2,6936,2165,128,2.70397472,0.127176763,1006.47317,3008656476
2,6937,2166,128,2.41703057,0.127238354,1005.98598,3008656476
2,6938,2167,128,2.20929313,0.126332231,1013.20145,3008656476
2,6939,2168,128,2.57767558,0.127084588,1007.20317,3008656476
2,6940,2169,128,2.60088778,0.126693003,1010.31625,3008656476
2,6941,2170,128,2.00527644,0.141367116,905.443951,3008656476
2,6942,2171,128,2.2110765,0.140107002,913.587459,3008656476
2,6943,2172,128,2.40414214,0.120778203,1059.79388,3008656476
2,6944,2173,128,2.99218822,0.125852253,1017.06562,3008656476
2,6945,2174,128,2.74782681,0.125796257,1017.51835,3008656476
2,6946,2175,128,2.30332232,0.125867337,1016.94374,3008656476
2,6947,2176,128,1.10002232,0.12562155,1018.93346,3008656476
2,6948,2177,128,2.06983399,0.12458767,1027.38899,3008656476
2,6949,2178,128,2.05246735,0.140921298,908.308409,3008656476
2,6950,2179,128,2.79751706,0.125417987,1020.58726,3008656476
2,6951,2180,128,2.60441852,0.138854633,921.827362,3008656476
2,6952,2181,128,2.00828981,0.126290023,1013.54008,3008656476
2,6953,2182,128,2.3691504,0.125802743,1017.46589,3008656476
2,6954,2183,128,2.6868093,0.125471203,1020.1544,3008656476
2,6955,2184,128,2.33490348,0.125738134,1017.9887,3008656476
2,6956,2185,128,2.52332592,0.125590375,1019.18638,3008656476
2,6957,2186,128,2.63050961,0.140681817,909.854612,3008656476
2,6958,2187,128,2.55272961,0.12639252,1012.71816,3008656476
2,6959,2188,128,2.05807066,0.140673717,909.907001,3008656476
2,6960,2189,128,2.28652668,0.125503646,1019.89069,3008656476
2,6961,2190,128,1.93992162,0.12652686,1011.6429,3008656476
2,6962,2191,128,2.5225184,0.126468156,1012.11249,3008656476
2,6963,2192,128,2.15161061,0.125649903,1018.70353,3008656476
2,6964,2193,128,1.40377986,0.125451543,1020.31427,3008656476
2,6965,2194,128,2.21182895,0.140654583,910.030781,3008656476
2,6966,2195,128,2.01162505,0.125698454,1018.31006,3008656476
2,6967,2196,128,2.540488,0.139473246,917.738732,3008656476
2,6968,2197,128,2.67749929,0.125649353,1018.70799,3008656476
2,6969,2198,128,2.64844704,0.125195295,1022.40264,3008656476
2,6970,2199,128,1.94611788,0.124787579,1025.74312,3008656476
2,6971,2200,128,2.50265646,0.12540632,1020.68221,3008656476
2,6972,2201,128,2.54968858,0.124820326,1025.47401,3008656476
2,6973,2202,128,2.22800922,0.138536954,923.941203,3008656476
2,6974,2203,128,2.63643789,0.125478277,1020.09689,3008656476
2,6975,2204,128,2.846699,0.140875774,908.601929,3008656476
2,6976,2205,128,2.03685713,0.127786435,1001.67127,3008656476
2,6977,2206,128,2.30849409,0.12752649,1003.71303,3008656476
2,6978,2207,128,2.24860907,0.129385593,989.290979,3008656476
2,6979,2208,128,2.30156612,0.129784912,986.247153,3008656476
2,6980,2209,128,2.6191256,0.129342221,989.622716,3008656476
2,6981,2210,128,1.99662161,0.129838938,985.836776,3008656476
2,6982,2211,128,1.89449501,0.13483777,949.288912,3008656476
2,6983,2212,128,2.00077033,0.149148954,858.202465,3008656476
2,6984,2213,128,2.12969232,0.142623303,897.469048,3008656476
2,6985,2214,128,2.15151334,0.135452689,944.979394,3008656476
2,6986,2215,128,2.56989646,0.129306395,989.896903,3008656476
2,6987,2216,128,1.77047098,0.129517028,988.287038,3008656476
2,6988,2217,128,2.64029288,0.129667719,987.138518,3008656476
2,6989,2218,128,2.38074136,0.142830878,896.164763,3008656476
2,6990,2219,128,2.8848021,0.128592784,995.390223,3008656476
2,6991,2220,128,2.15763736,0.141635493,903.728277,3008656476
2,6992,2221,128,1.57557535,0.128508123,996.045985,3008656476
2,6993,2222,128,2.17390227,0.127480823,1004.07259,3008656476
2,6994,2223,128,2.21909142,0.127836124,1001.28192,3008656476
2,6995,2224,128,2.0443716,0.127594005,1003.18193,3008656476
2,6996,2225,128,2.12363625,0.127669011,1002.59256,3008656476
2,6997,2226,128,2.60169339,0.139134244,919.974812,3008656476
2,6998,2227,128,2.19666028,0.126709723,1010.18294,3008656476
2,6999,2228,128,2.17759275,0.143395562,892.635715,3008656476
2,7000,2229,128,2.09748268,0.126026852,1015.65657,3008656476
2,7001,2230,128,2.5424149,0.126404118,1012.62524,3008656476
2,7002,2231,128,1.72790682,0.125281348,1021.70037,3008656476
2,7003,2232,128,2.40515256,0.125371893,1020.96249,3008656476
2,7004,2233,128,1.85393476,0.125320175,1021.38383,3008656476
2,7005,2234,128,2.36461186,0.12468847,1026.55843,3008656476
2,7006,2235,128,1.59892118,0.128911341,992.930482,3008656476
2,7007,2236,128,2.27726865,0.139898422,914.949562,3008656476
2,7008,2237,128,2.95040727,0.125413597,1020.62299,3008656476
2,7009,2238,128,2.27699685,0.126011749,1015.7783,3008656476
2,7010,2239,128,2.27082133,0.126068597,1015.32025,3008656476
2,7011,2240,128,2.09456348,0.12490976,1024.73978,3008656476
2,7012,2241,128,2.11271214,0.12600026,1015.87092,3008656476
2,7013,2242,128,2.87650156,0.126510967,1011.76999,3008656476
2,7014,2243,128,2.35438657,0.140580261,910.511896,3008656476
2,7015,2244,128,2.54896331,0.125280731,1021.7054,3008656476
2,7016,2245,128,2.53099108,0.126266327,1013.73029,3008656476
2,7017,2246,128,1.72179389,0.123940334,1032.755,3008656476
2,7018,2247,128,1.81297421,0.125012239,1023.89975,3008656476
2,7019,2248,128,1.95865178,0.12507612,1023.3768,3008656476
2,7020,2249,128,2.30880451,0.126101034,1015.05908,3008656476
2,7021,2250,128,2.37622547,0.127458457,1004.24878,3008656476
2,7022,2251,128,1.78515971,0.141795201,902.710382,3008656476
2,7023,2252,128,1.71072137,0.127128663,1006.85398,3008656476
2,7024,2253,128,2.12327003,0.140419945,911.551418,3008656476
2,7025,2254,128,2.93674159,0.129103026,991.456234,3008656476
2,7026,2255,128,2.28110123,0.128261633,997.960162,3008656476
2,7027,2256,128,2.44931793,0.128756972,994.120924,3008656476
2,7028,2257,128,2.32760334,0.129505635,988.373981,3008656476
2,7029,2258,128,2.65260601,0.13047569,981.025661,3008656476
2,7030,2259,128,2.32939363,0.145961495,876.943608,3008656476
2,7031,2260,128,2.27734828,0.138699785,922.856513,3008656476
2,7032,2261,128,2.1184113,0.139583526,917.01366,3008656476
2,7033,2262,128,1.9918195,0.1301315,983.620415,3008656476
2,7034,2263,128,2.41038656,0.130814466,978.485055,3008656476
2,7035,2264,128,1.76768982,0.129079833,991.634379,3008656476
2,7036,2265,128,2.02007747,0.129674849,987.084242,3008656476
2,7037,2266,128,2.41285491,0.129062416,991.7682,3008656476
2,7038,2267,128,2.00999331,0.143353101,892.900112,3008656476
2,7039,2268,128,2.24648046,0.128060941,999.524125,3008656476
2,7040,2269,128,1.53673375,0.139135555,919.966144,3008656476
2,7041,2270,128,1.95217288,0.128018847,999.852779,3008656476
2,7042,2271,128,2.08943081,0.128117832,999.080284,3008656476
2,7043,2272,128,2.50625396,0.128170387,998.670621,3008656476
2,7044,2273,128,1.9814055,0.127457178,1004.25886,3008656476
2,7045,2274,128,1.85658813,0.127268276,1005.74946,3008656476
2,7046,2275,128,2.30895162,0.139311253,918.805891,3008656476
2,7047,2276,128,2.32943082,0.125374938,1020.93769,3008656476
2,7048,2277,128,1.78798592,0.146120697,875.988157,3008656476
2,7049,2278,128,1.82920444,0.126558619,1011.38904,3008656476
2,7050,2279,128,1.83518004,0.124695714,1026.49879,3008656476
2,7051,2280,128,1.85144508,0.126389074,1012.74577,3008656476
2,7052,2281,128,2.24531627,0.125378055,1020.91231,3008656476
2,7053,2282,128,2.51593685,0.125195125,1022.40403,3008656476
2,7054,2283,128,1.91217494,0.138696347,922.879389,3008656476
2,7055,2284,128,1.93876982,0.125715167,1018.17468,3008656476
2,7056,2285,128,1.68324876,0.143486212,892.071776,3008656476
2,7057,2286,128,1.78851509,0.125352473,1021.12066,3008656476
2,7058,2287,128,1.86809576,0.125671063,1018.53201,3008656476
2,7059,2288,128,1.66385269,0.125943908,1016.32546,3008656476
2,7060,2289,128,1.70886886,0.126699388,1010.26534,3008656476
2,7061,2290,128,2.25985909,0.125515111,1019.79753,3008656476
2,7062,2291,128,2.68606663,0.140961212,908.051216,3008656476
2,7063,2292,128,1.80535555,0.125372772,1020.95533,3008656476
2,7064,2293,128,2.49970317,0.140413209,911.595148,3008656476
2,7065,2294,128,2.54073668,0.126594498,1011.10239,3008656476
2,7066,2295,128,2.87876034,0.12527178,1021.77841,3008656476
2,7067,2296,128,2.92968297,0.126263214,1013.75528,3008656476
2,7068,2297,128,2.22580242,0.125769033,1017.7386,3008656476
2,7069,2298,128,2.09100032,0.125717119,1018.15887,3008656476
2,7070,2299,128,2.7478776,0.139372775,918.400312,3008656476
2,7071,2300,128,2.43833184,0.12699859,1007.88521,3008656476
2,7072,2301,128,2.69295335,0.138795469,922.220307,3008656476
2,7073,2302,128,3.02535486,0.126634629,1010.78197,3008656476
2,7074,2303,128,2.33400869,0.125430276,1020.48727,3008656476
2,7075,2304,128,2.2259376,0.126170157,1014.50298,3008656476
2,7076,2305,128,2.62752247,0.125348257,1021.155,3008656476
2,7077,2306,128,3.1470356,0.125589134,1019.19645,3008656476
2,7078,2307,128,2.47362757,0.125525779,1019.71086,3008656476
2,7079,2308,128,2.65287614,0.13423476,953.553312,3008656476
2,7080,2309,128,2.97178578,0.137890501,928.272789,3008656476
2,7081,2310,128,2.38300252,0.124519551,1027.95102,3008656476
2,7082,2311,128,2.27550173,0.124942087,1024.47464,3008656476
2,7083,2312,128,2.2006371,0.126009999,1015.79241,3008656476
2,7084,2313,128,2.8461926,0.125863691,1016.9732,3008656476
2,7085,2314,128,3.29102802,0.126112228,1014.96898,3008656476
2,7086,2315,128,2.98350573,0.127509218,1003.84899,3008656476
2,7087,2316,128,3.29454374,0.142385782,898.966162,3008656476
2,7088,2317,128,3.0298717,0.127792662,1001.62246,3008656476
2,7089,2318,128,3.00494909,0.13143912,973.834883,3008656476
2,7090,2319,128,2.9670496,0.129803585,986.105276,3008656476
2,7091,2320,128,3.06545186,0.130371918,981.806527,3008656476
2,7092,2321,128,3.04629374,0.138324854,925.357926,3008656476
2,7093,2322,128,3.01142478,0.129322856,989.770903,3008656476
2,7094,2323,128,2.9909811,0.129456546,988.748765,3008656476
2,7095,2324,128,2.6170795,0.143221545,893.720285,3008656476
2,7096,2325,128,3.2555151,0.141863372,902.276593,3008656476
2,7097,2326,128,2.94159842,0.126383903,1012.78721,3008656476
2,7098,2327,128,3.3164978,0.128624156,995.147443,3008656476
2,7099,2328,128,2.88488579,0.130197595,983.121078,3008656476
2,7100,2329,128,2.63213301,0.127518495,1003.77596,3008656476
2,7101,2330,128,2.89508891,0.126310555,1013.37533,3008656476
2,7102,2331,128,2.81480169,0.128114067,999.109645,3008656476
2,7103,2332,128,2.26655245,0.140492479,911.080799,3008656476
2,7104,2333,128,2.3828783,0.125859938,1017.00352,3008656476
2,7105,2334,128,2.07375503,0.131840701,970.868624,3008656476
2,7106,2335,128,2.73606443,0.127087134,1007.18299,3008656476
2,7107,2336,128,3.07462668,0.124974936,1024.20537,3008656476
2,7108,2337,128,3.01927066,0.12637486,1012.85968,3008656476
2,7109,2338,128,2.57204628,0.125265552,1021.82921,3008656476
2,7110,2339,128,2.58199739,0.125605688,1019.06213,3008656476
2,7111,2340,128,2.31538224,0.140678725,909.87461,3008656476
2,7112,2341,128,2.91746283,0.125832739,1017.22335,3008656476
2,7113,2342,128,2.76250982,0.140601874,910.371934,3008656476
2,7114,2343,128,2.91861749,0.125576784,1019.29669,3008656476
2,7115,2344,128,2.72418523,0.126494535,1011.90142,3008656476
2,7116,2345,128,3.22619581,0.125801283,1017.4777,3008656476
2,7117,2346,128,3.00129128,0.125751212,1017.88283,3008656476
2,7118,2347,128,2.99462485,0.126510171,1011.77636,3008656476
2,7119,2348,128,2.88181782,0.141052847,907.461301,3008656476
2,7120,2349,128,2.92043471,0.125866542,1016.95016,3008656476
2,7121,2350,128,2.74914098,0.139344475,918.586833,3008656476
2,7122,2351,128,2.85539985,0.125457143,1020.26873,3008656476
2,7123,2352,128,2.40574336,0.126164932,1014.54499,3008656476
2,7124,2353,128,2.46010137,0.125605096,1019.06693,3008656476
2,7125,2354,128,2.98918486,0.125725273,1018.09284,3008656476
2,7126,2355,128,2.51428533,0.125550488,1019.51018,3008656476
2,7127,2356,128,2.82209897,0.139106826,920.15614,3008656476
2,7128,2357,128,2.27079964,0.124526414,1027.89437,3008656476
2,7129,2358,128,2.45499682,0.137079825,933.762499,3008656476
2,7130,2359,128,2.60110593,0.124526611,1027.89274,3008656476
2,7131,2360,128,2.72064781,0.125228651,1022.13031,3008656476
2,7132,2361,128,2.2066462,0.12553022,1019.67478,3008656476
2,7133,2362,128,2.10389733,0.125916774,1016.54447,3008656476
2,7134,2363,128,2.02934217,0.127117131,1006.94532,3008656476
2,7135,2364,128,1.7862457,0.127503537,1003.89372,3008656476
2,7136,2365,128,2.13191175,0.135044738,947.834043,3008656476
2,7137,2366,128,2.04079986,0.143391918,892.658399,3008656476
2,7138,2367,128,2.42239785,0.131125131,976.166804,3008656476
2,7139,2368,128,2.21771097,0.13868144,922.97859,3008656476
2,7140,2369,128,2.30422544,0.142809551,896.298596,3008656476
2,7141,2370,128,2.22215462,0.142710791,896.91886,3008656476
2,7142,2371,128,2.01023078,0.131901058,970.424362,3008656476
2,7143,2372,128,2.86173892,0.1488927,859.679487,3008656476
2,7144,2373,128,2.90064454,0.138685979,922.948383,3008656476
2,7145,2374,128,3.00058532,0.150027483,853.177014,3008656476
2,7146,2375,128,2.03634596,0.130220064,982.951444,3008656476
2,7147,2376,128,2.1493938,0.130423683,981.416849,3008656476
2,7148,2377,128,2.88773036,0.134328362,952.888862,3008656476
2,7149,2378,128,2.45067739,0.131102868,976.33257,3008656476
2,7150,2379,128,1.97020185,0.12996417,984.886835,3008656476
2,7151,2380,128,2.42904496,0.145668447,878.707796,3008656476
2,7152,2381,128,2.04636788,0.130835143,978.330417,3008656476
2,7153,2382,128,2.34041929,0.141412389,905.154074,3008656476
2,7154,2383,128,2.57537985,0.131000625,977.094575,3008656476
2,7155,2384,64,1.61106575,0.125793431,508.770605,3008656476
3,7156,0,128,1.49699068,0.143563482,891.591637,3008656476
3,7157,1,128,1.90152466,0.157688092,811.729018,3008656476
3,7158,2,128,1.91495514,0.132259583,967.793767,3008656476
3,7159,3,128,2.13285375,0.132683875,964.698988,3008656476
3,7160,4,128,2.66760731,0.11543209,1108.87709,3008656476
3,7161,5,128,2.82725596,0.109649673,1167.35414,3008656476
3,7162,6,128,2.70943666,0.109632343,1167.53867,3008656476
3,7163,7,128,2.52707767,0.109743096,1166.36039,3008656476
3,7164,8,128,2.97846532,0.122864467,1041.79836,3008656476
3,7165,9,128,2.67309546,0.109703654,1166.77973,3008656476
3,7166,10,128,2.47348213,0.121343554,1054.8562,3008656476
3,7167,11,128,2.72603083,0.109576255,1168.13629,3008656476
3,7168,12,128,2.06116724,0.109492858,1169.02602,3008656476
3,7169,13,128,1.92207992,0.10959675,1167.91784,3008656476
3,7170,14,128,1.91520333,0.109532249,1168.6056,3008656476
3,7171,15,128,1.92038167,0.109642382,1167.43177,3008656476
3,7172,16,128,2.50513101,0.109460373,1169.37296,3008656476
3,7173,17,128,2.38921428,0.109586149,1168.03082,3008656476
3,7174,18,128,2.35142255,0.117610394,1088.33918,3008656476
3,7175,19,128,2.42082953,0.127044549,1007.5206,3008656476
3,7176,20,128,2.31321335,0.109587942,1168.01171,3008656476
3,7177,21,128,2.75397563,0.109637858,1167.47994,3008656476
3,7178,22,128,2.03583574,0.109516472,1168.77395,3008656476
3,7179,23,128,1.58006227,0.109479666,1169.16688,3008656476
3,7180,24,128,1.87780893,0.109460327,1169.37345,3008656476
3,7181,25,128,2.31331277,0.109533703,1168.59009,3008656476
3,7182,26,128,2.18121219,0.110197059,1161.5555,3008656476
3,7183,27,128,2.46488452,0.122648351,1043.63409,3008656476
3,7184,28,128,2.2226932,0.109582043,1168.07459,3008656476
3,7185,29,128,2.09769249,0.125477487,1020.10331,3008656476
3,7186,30,128,1.94877565,0.109552563,1168.38891,3008656476
3,7187,31,128,2.16287947,0.109513743,1168.80308,3008656476
3,7188,32,128,2.40541553,0.109475293,1169.21359,3008656476
3,7189,33,128,2.4386766,0.109551305,1168.40233,3008656476
3,7190,34,128,2.36974311,0.109438378,1169.60798,3008656476
3,7191,35,128,2.42803741,0.1094896,1169.06081,3008656476
3,7192,36,128,2.19628048,0.121135547,1056.66754,3008656476
3,7193,37,128,2.01462507,0.109963512,1164.02248,3008656476
3,7194,38,128,2.10414433,0.124451772,1028.51087,3008656476
3,7195,39,128,1.52565289,0.109666523,1167.17478,3008656476
3,7196,40,128,2.42733741,0.109526667,1168.66516,3008656476
3,7197,41,128,2.37040377,0.109678853,1167.04357,3008656476
3,7198,42,128,2.21682644,0.109456378,1169.41564,3008656476
3,7199,43,128,2.65609288,0.109681128,1167.01936,3008656476
3,7200,44,128,2.82049441,0.109733159,1166.46601,3008656476
3,7201,45,128,2.45953631,0.109592118,1167.96721,3008656476
3,7202,46,128,2.03641891,0.124109655,1031.34603,3008656476
3,7203,47,128,2.35358834,0.109494438,1169.00915,3008656476
3,7204,48,128,2.02332592,0.111269128,1150.36401,3008656476
3,7205,49,128,2.43486428,0.109499757,1168.95237,3008656476
3,7206,50,128,2.14095592,0.109516614,1168.77244,3008656476
3,7207,51,128,2.61446428,0.109613219,1167.74237,3008656476
3,7208,52,128,1.99611223,0.109452762,1169.45427,3008656476
3,7209,53,128,2.60014081,0.1097063,1166.75159,3008656476
3,7210,54,128,1.84859729,0.109424055,1169.76107,3008656476
3,7211,55,128,2.00089598,0.123826518,1033.70427,3008656476
3,7212,56,128,2.62505722,0.109456748,1169.41168,3008656476
3,7213,57,128,2.23145747,0.124601337,1027.2763,3008656476
3,7214,58,128,2.20651054,0.109451258,1169.47034,3008656476
3,7215,59,128,2.32218409,0.109673669,1167.09873,3008656476
3,7216,60,128,2.2515161,0.109633557,1167.52574,3008656476
3,7217,61,128,2.63548875,0.109573743,1168.16307,3008656476
3,7218,62,128,1.9073236,0.10938308,1170.19927,3008656476
3,7219,63,128,2.61158705,0.109686444,1166.9628,3008656476
3,7220,64,128,1.86576939,0.109238811,1171.74472,3008656476
3,7221,65,128,2.58421063,0.111882223,1144.06021,3008656476
3,7222,66,128,2.2712431,0.120729653,1060.22006,3008656476
3,7223,67,128,2.68601823,0.107324609,1192.64353,3008656476
3,7224,68,128,3.13027287,0.109480354,1169.15954,3008656476
3,7225,69,128,2.36466813,0.10959649,1167.92061,3008656476
3,7226,70,128,2.64504123,0.109546948,1168.4488,3008656476
3,7227,71,128,2.55683351,0.099341729,1288.4817,3008656476
3,7228,72,128,2.33149862,0.109625491,1167.61165,3008656476
3,7229,73,128,2.48967075,0.109698379,1166.83584,3008656476
3,7230,74,128,2.1321938,0.121913605,1049.92384,3008656476
3,7231,75,128,1.9876492,0.109602755,1167.85386,3008656476
3,7232,76,128,3.0919075,0.12555727,1019.45511,3008656476
3,7233,77,128,2.64354563,0.109558508,1168.32551,3008656476
3,7234,78,128,2.29546905,0.109447487,1169.51063,3008656476
3,7235,79,128,2.30532122,0.109572108,1168.1805,3008656476
3,7236,80,128,2.35942006,0.109505827,1168.88757,3008656476
3,7237,81,128,2.63274932,0.109630712,1167.55604,3008656476
3,7238,82,128,2.58055711,0.109440094,1169.58964,3008656476
3,7239,83,128,2.59870863,0.121106662,1056.91956,3008656476
3,7240,84,128,2.41784286,0.109830695,1165.43012,3008656476
3,7241,85,128,2.17503953,0.124890381,1024.89879,3008656476
3,7242,86,128,2.35989285,0.109602321,1167.85848,3008656476
3,7243,87,128,1.85728908,0.109619111,1167.6796,3008656476
3,7244,88,128,1.84403074,0.109529897,1168.6307,3008656476
3,7245,89,128,2.19840503,0.109666424,1167.17583,3008656476
3,7246,90,128,2.08129525,0.109592401,1167.96419,3008656476
3,7247,91,128,2.10127187,0.109657938,1167.26616,3008656476
3,7248,92,128,2.20829225,0.109364864,1170.39418,3008656476
3,7249,93,128,2.00919271,0.123558268,1035.94848,3008656476
3,7250,94,128,1.98999989,0.109458332,1169.39476,3008656476
3,7251,95,128,2.19647908,0.115969505,1103.73844,3008656476
3,7252,96,128,1.98182058,0.10944075,1169.58263,3008656476
3,7253,97,128,2.52652049,0.109537129,1168.55354,3008656476
3,7254,98,128,2.19825387,0.109580933,1168.08642,3008656476
3,7255,99,128,2.30485654,0.109349889,1170.55446,3008656476
3,7256,100,128,2.52257204,0.109498998,1168.96047,3008656476
3,7257,101,128,2.14666843,0.109464629,1169.32749,3008656476
3,7258,102,128,2.26657653,0.121408881,1054.28861,3008656476
3,7259,103,128,2.05635691,0.109490384,1169.05243,3008656476
3,7260,104,128,1.94198859,0.123198534,1038.9734,3008656476
3,7261,105,128,2.13287497,0.109423516,1169.76684,3008656476
3,7262,106,128,2.08513427,0.109576708,1168.13146,3008656476
3,7263,107,128,1.85131562,0.109434665,1169.64766,3008656476
3,7264,108,128,2.16098642,0.109750618,1166.28045,3008656476
3,7265,109,128,1.5516938,0.10971691,1166.63876,3008656476
3,7266,110,128,1.95787239,0.109758508,1166.19661,3008656476
3,7267,111,128,2.13727236,0.109498527,1168.9655,3008656476
3,7268,112,128,2.20771909,0.111687133,1146.05861,3008656476
3,7269,113,128,2.5476706,0.109605805,1167.82136,3008656476
3,7270,114,128,2.59508562,0.111606629,1146.88528,3008656476
3,7271,115,128,2.46601486,0.10958744,1168.01706,3008656476
3,7272,116,128,1.87081313,0.109613533,1167.73902,3008656476
3,7273,117,128,2.09947038,0.109450007,1169.48371,3008656476
3,7274,118,128,2.12868786,0.109704408,1166.77171,3008656476
3,7275,119,128,2.40718365,0.109518938,1168.74764,3008656476
3,7276,120,128,2.27195811,0.109660736,1167.23638,3008656476
3,7277,121,128,2.00925636,0.123615341,1035.47018,3008656476
3,7278,122,128,1.65258753,0.10939722,1170.04801,3008656476
3,7279,123,128,1.93162978,0.125573902,1019.32008,3008656476
3,7280,124,128,1.67626679,0.112933872,1133.40664,3008656476
3,7281,125,128,1.87583363,0.125805056,1017.44718,3008656476
3,7282,126,128,1.70853829,0.129510211,988.339058,3008656476
3,7283,127,128,2.36019301,0.130188445,983.190175,3008656476
3,7284,128,128,2.40338254,0.130065266,984.12131,3008656476
3,7285,129,128,2.03526998,0.131993919,969.741644,3008656476
3,7286,130,128,1.9869256,0.147143926,869.896594,3008656476
3,7287,131,128,1.98738992,0.148046314,864.594305,3008656476
3,7288,132,128,1.64709198,0.131555651,972.972267,3008656476
3,7289,133,128,1.99924982,0.132962807,962.675224,3008656476
3,7290,134,128,1.91051495,0.13156023,972.938402,3008656476
3,7291,135,128,1.87295234,0.131790447,971.238833,3008656476
3,7292,136,128,1.84026825,0.131048608,976.736815,3008656476
3,7293,137,128,1.71000051,0.144055411,888.546977,3008656476
3,7294,138,128,1.56390297,0.129592663,987.710238,3008656476
3,7295,139,128,1.89158821,0.141806329,902.639543,3008656476
3,7296,140,128,1.38950074,0.130272994,982.552071,3008656476
3,7297,141,128,1.37408388,0.128911187,992.931669,3008656476
3,7298,142,128,2.02205658,0.131281551,975.003715,3008656476
3,7299,143,128,1.53008258,0.128094268,999.264073,3008656476
3,7300,144,128,1.06634879,0.128689863,994.639337,3008656476
3,7301,145,128,0.988821745,0.142135307,900.550347,3008656476
3,7302,146,128,1.62213874,0.127564464,1003.41424,3008656476
3,7303,147,128,2.13926363,0.139827778,915.411815,3008656476
3,7304,148,128,2.16782951,0.12696634,1008.14121,3008656476
3,7305,149,128,1.81680977,0.127898969,1000.78993,3008656476
3,7306,150,128,1.42840815,0.127545145,1003.56623,3008656476
3,7307,151,128,1.07533872,0.126986536,1007.98088,3008656476
3,7308,152,128,1.75961113,0.12737836,1004.88026,3008656476
3,7309,153,128,1.92011678,0.140320611,912.196712,3008656476
3,7310,154,128,1.33981538,0.127313565,1005.39169,3008656476
3,7311,155,128,2.3045094,0.141308496,905.819562,3008656476
3,7312,156,128,2.35459185,0.126706717,1010.2069,3008656476
3,7313,157,128,2.16311049,0.127614793,1003.01851,3008656476
3,7314,158,128,1.8489778,0.126658614,1010.59056,3008656476
3,7315,159,128,1.50484419,0.127640025,1002.82024,3008656476
3,7316,160,128,1.70561147,0.127703266,1002.32362,3008656476
3,7317,161,128,1.83281982,0.139110573,920.131355,3008656476
3,7318,162,128,1.67982769,0.126476165,1012.0484,3008656476
3,7319,163,128,2.4984467,0.145284245,881.031525,3008656476
3,7320,164,128,2.07394099,0.127819199,1001.41451,3008656476
3,7321,165,128,1.9151473,0.12735551,1005.06056,3008656476
3,7322,166,128,2.29359794,0.127317124,1005.36358,3008656476
3,7323,167,128,1.80389583,0.127410528,1004.62656,3008656476
3,7324,168,128,1.82265341,0.127062506,1007.37821,3008656476
3,7325,169,128,1.76333833,0.12830608,997.614454,3008656476
3,7326,170,128,2.09595895,0.131117672,976.222336,3008656476
3,7327,171,128,1.89735615,0.146482885,873.822222,3008656476
3,7328,172,128,1.93895876,0.126664767,1010.54147,3008656476
3,7329,173,128,1.87187123,0.127077746,1007.2574,3008656476
3,7330,174,128,1.38923442,0.127260393,1005.81176,3008656476
3,7331,175,128,1.99109375,0.126118822,1014.91592,3008656476
3,7332,176,128,1.55081964,0.126446589,1012.28512,3008656476
3,7333,177,128,2.40030646,0.126029093,1015.63851,3008656476
3,7334,178,128,1.53721976,0.140273038,912.50608,3008656476
3,7335,179,128,2.52278781,0.144717035,884.484677,3008656476
3,7336,180,128,1.93274975,0.126362433,1012.95929,3008656476
3,7337,181,128,2.01540327,0.125729093,1018.06191,3008656476
3,7338,182,128,2.15619779,0.126025451,1015.66786,3008656476
3,7339,183,128,1.36742544,0.125759963,1017.812,3008656476
3,7340,184,128,1.57767165,0.127056134,1007.42873,3008656476
3,7341,185,128,1.94173551,0.126815812,1009.33786,3008656476
3,7342,186,128,1.8120414,0.14285537,896.011119,3008656476
3,7343,187,128,1.45080459,0.143748783,890.442321,3008656476
3,7344,188,128,2.10126567,0.127200651,1006.28416,3008656476
3,7345,189,128,1.89795911,0.127601496,1003.12304,3008656476
3,7346,190,128,1.75044703,0.126413268,1012.55194,3008656476
3,7347,191,128,1.5077213,0.127897151,1000.80415,3008656476
3,7348,192,128,1.5209192,0.127577875,1003.30876,3008656476
3,7349,193,128,2.06827807,0.128858221,993.339804,3008656476
3,7350,194,128,1.87037504,0.14326839,893.428062,3008656476
3,7351,195,128,2.11645055,0.145016568,882.657766,3008656476
3,7352,196,128,1.9906702,0.127552349,1003.50955,3008656476
3,7353,197,128,1.82248259,0.126857617,1009.00524,3008656476
3,7354,198,128,1.63618803,0.127312076,1005.40345,3008656476
3,7355,199,128,1.97159171,0.128475724,996.297168,3008656476
3,7356,200,128,1.72859657,0.12914821,991.109362,3008656476
3,7357,201,128,1.74362016,0.129635378,987.384786,3008656476
3,7358,202,128,2.41264915,0.143575673,891.515933,3008656476
3,7359,203,128,1.79991746,0.146062154,876.33926,3008656476
3,7360,204,128,1.8919189,0.128706911,994.507591,3008656476
3,7361,205,128,1.77187634,0.128704415,994.526878,3008656476
3,7362,206,128,1.40100026,0.128928404,992.799073,3008656476
3,7363,207,128,1.60832703,0.129634634,987.390453,3008656476
3,7364,208,128,1.38823533,0.129544026,988.081071,3008656476
3,7365,209,128,1.65955067,0.129959001,984.926008,3008656476
3,7366,210,128,1.38954031,0.143501462,891.976975,3008656476
3,7367,211,128,1.59901881,0.14413567,888.052208,3008656476
3,7368,212,128,1.82306147,0.133089732,961.75714,3008656476
3,7369,213,128,1.62722015,0.132868182,963.360814,3008656476
3,7370,214,128,1.35551727,0.133275655,960.415464,3008656476
3,7371,215,128,1.48507869,0.133095733,961.713776,3008656476
3,7372,216,128,1.93918669,0.132779629,964.003296,3008656476
3,7373,217,128,1.90638304,0.143018386,894.989823,3008656476
3,7374,218,128,1.40567446,0.136256118,939.407359,3008656476
3,7375,219,128,1.92556024,0.145985099,876.801817,3008656476
3,7376,220,128,1.63086987,0.130909438,977.775185,3008656476
3,7377,221,128,1.58555007,0.133857604,956.240035,3008656476
3,7378,222,128,1.91767931,0.130811959,978.503808,3008656476
3,7379,223,128,1.37115359,0.131570127,972.865216,3008656476
3,7380,224,128,1.65178275,0.131149647,975.984327,3008656476
3,7381,225,128,1.64346814,0.144065719,888.483401,3008656476
3,7382,226,128,1.6413331,0.12962313,987.478084,3008656476
3,7383,227,128,2.00386095,0.145465276,879.935085,3008656476
3,7384,228,128,1.55244744,0.130864168,978.113428,3008656476
3,7385,229,128,1.60971177,0.129525919,988.2192,3008656476
3,7386,230,128,1.68728077,0.128305535,997.618692,3008656476
3,7387,231,128,1.8754549,0.128492708,996.165479,3008656476
3,7388,232,128,1.55068529,0.12794177,1000.45513,3008656476
3,7389,233,128,1.80495048,0.143199827,893.855828,3008656476
3,7390,234,128,1.6598196,0.12862905,995.109581,3008656476
3,7391,235,128,1.46935725,0.14231544,899.410493,3008656476
3,7392,236,128,2.01514459,0.127671043,1002.5766,3008656476
3,7393,237,128,1.59152555,0.127133431,1006.81622,3008656476
3,7394,238,128,1.89542532,0.127844021,1001.22007,3008656476
3,7395,239,128,2.11339903,0.127504135,1003.88901,3008656476
3,7396,240,128,2.02739048,0.127153058,1006.66081,3008656476
3,7397,241,128,1.64648736,0.142113031,900.691507,3008656476
3,7398,242,128,1.8811543,0.126701533,1010.24823,3008656476
3,7399,243,128,2.00142336,0.143626823,891.198436,3008656476
3,7400,244,128,2.12769818,0.126700055,1010.26002,3008656476
3,7401,245,128,1.64746165,0.127206045,1006.24149,3008656476
3,7402,246,128,1.78889561,0.12761398,1003.0249,3008656476
3,7403,247,128,1.91556978,0.126731873,1010.00638,3008656476
3,7404,248,128,1.89561164,0.127608191,1003.07041,3008656476
3,7405,249,128,1.09173787,0.140985248,907.896406,3008656476
3,7406,250,128,1.47504508,0.127901385,1000.77102,3008656476
3,7407,251,128,2.15539908,0.14277887,896.491196,3008656476
3,7408,252,128,1.95631778,0.126569368,1011.30315,3008656476
3,7409,253,128,1.71997821,0.126597631,1011.07737,3008656476
3,7410,254,128,1.87970495,0.127713496,1002.24333,3008656476
3,7411,255,128,2.04893517,0.127617597,1002.99648,3008656476
3,7412,256,128,1.98817027,0.126262109,1013.76415,3008656476
3,7413,257,128,2.17150164,0.139953556,914.589123,3008656476
3,7414,258,128,1.65432751,0.121314034,1055.11288,3008656476
3,7415,259,128,1.94733822,0.145878299,877.443738,3008656476
3,7416,260,128,2.13558698,0.128152382,998.810931,3008656476
3,7417,261,128,1.778548,0.127235156,1006.01126,3008656476
3,7418,262,128,2.12199974,0.126585526,1011.17406,3008656476
3,7419,263,128,1.58489931,0.126604024,1011.02632,3008656476
3,7420,264,128,1.64272583,0.12791221,1000.68633,3008656476
3,7421,265,128,1.68444335,0.12664908,1010.66664,3008656476
3,7422,266,128,1.64098251,0.13495961,948.431905,3008656476
3,7423,267,128,1.26099026,0.145297221,880.952844,3008656476
3,7424,268,128,1.4033066,0.126261398,1013.76986,3008656476
3,7425,269,128,1.80061984,0.126980527,1008.02858,3008656476
3,7426,270,128,2.27464986,0.125754994,1017.85222,3008656476
3,7427,271,128,1.64570534,0.12547431,1020.12914,3008656476
3,7428,272,128,1.7876718,0.127314471,1005.38453,3008656476
3,7429,273,128,2.04429245,0.127779152,1001.72836,3008656476
3,7430,274,128,1.45451617,0.139653493,916.554232,3008656476
3,7431,275,128,1.69065583,0.146432724,874.121552,3008656476
3,7432,276,128,2.03650308,0.126961735,1008.17778,3008656476
3,7433,277,128,1.94248378,0.12616057,1014.58007,3008656476
3,7434,278,128,1.68059289,0.126574891,1011.25902,3008656476
3,7435,279,128,1.70983052,0.128238489,998.14027,3008656476
3,7436,280,128,1.92643023,0.126915033,1008.54877,3008656476
3,7437,281,128,1.57235527,0.127198247,1006.30318,3008656476
3,7438,282,128,1.31861496,0.142094814,900.806978,3008656476
3,7439,283,128,1.61550593,0.148184275,863.78936,3008656476
3,7440,284,128,1.33406234,0.126908666,1008.59937,3008656476
3,7441,285,128,1.47389972,0.127438493,1004.4061,3008656476
3,7442,286,128,1.73715711,0.127102877,1007.05824,3008656476
3,7443,287,128,1.4906764,0.127967448,1000.25438,3008656476
3,7444,288,128,1.39391184,0.128560762,995.638156,3008656476
3,7445,289,128,1.71532524,0.128779126,993.949905,3008656476
3,7446,290,128,1.51192999,0.143964899,889.105615,3008656476
3,7447,291,128,1.98330724,0.146167818,875.705759,3008656476
3,7448,292,128,1.79390705,0.127930977,1000.53953,3008656476
3,7449,293,128,1.4819504,0.128043071,999.663621,3008656476
3,7450,294,128,1.40062857,0.128196268,998.469004,3008656476
3,7451,295,128,1.61649144,0.129029452,992.021573,3008656476
3,7452,296,128,2.09612393,0.128854198,993.370817,3008656476
3,7453,297,128,1.59232152,0.129966575,984.868609,3008656476
3,7454,298,128,1.70798814,0.144513343,885.731361,3008656476
3,7455,299,128,1.98076165,0.145297791,880.949388,3008656476
3,7456,300,128,1.72513747,0.131533757,973.13422,3008656476
3,7457,301,128,1.75785279,0.130024545,984.429517,3008656476
3,7458,302,128,1.82234108,0.132477098,966.20474,3008656476
3,7459,303,128,1.8744483,0.131684899,972.0173,3008656476
3,7460,304,128,1.59042454,0.132603102,965.286619,3008656476
3,7461,305,128,1.72767282,0.13315233,961.304996,3008656476
3,7462,306,128,1.85223162,0.148277218,863.24792,3008656476
3,7463,307,128,1.55805933,0.148572496,861.532272,3008656476
3,7464,308,128,2.05885386,0.131212294,975.518346,3008656476
3,7465,309,128,2.09337091,0.133832492,956.419462,3008656476
3,7466,310,128,1.66959119,0.131425431,973.936315,3008656476
3,7467,311,128,1.4831816,0.131325793,974.675249,3008656476
3,7468,312,128,1.49267721,0.129670817,987.114934,3008656476
3,7469,313,128,1.69890833,0.144871872,883.539353,3008656476
3,7470,314,128,1.22942424,0.130373393,981.795419,3008656476
3,7471,315,128,1.62973833,0.143427836,892.434855,3008656476
3,7472,316,128,1.71168423,0.129659235,987.20311,3008656476
3,7473,317,128,1.56413221,0.129370702,989.40485,3008656476
3,7474,318,128,1.93045187,0.128845757,993.435896,3008656476
3,7475,319,128,1.85488176,0.130855312,978.179625,3008656476
3,7476,320,128,2.29552126,0.12848698,996.209888,3008656476
3,7477,321,128,1.57620239,0.142003377,901.387014,3008656476
3,7478,322,128,1.61274755,0.128746926,994.198494,3008656476
3,7479,323,128,1.82680464,0.140707686,909.687336,3008656476
3,7480,324,128,1.36263561,0.127824979,1001.36922,3008656476
3,7481,325,128,2.03620648,0.127190373,1006.36547,3008656476
3,7482,326,128,1.88536441,0.126825805,1009.25833,3008656476
3,7483,327,128,2.08609033,0.127476733,1004.1048,3008656476
3,7484,328,128,1.93067837,0.126346473,1013.08724,3008656476
3,7485,329,128,1.75708842,0.140139431,913.37605,3008656476
3,7486,330,128,2.5558641,0.127190995,1006.36055,3008656476
3,7487,331,128,1.85164106,0.141127195,906.983236,3008656476
3,7488,332,128,1.45592034,0.127073381,1007.292,3008656476
3,7489,333,128,2.05754399,0.127513954,1003.81171,3008656476
3,7490,334,128,1.91458523,0.127549207,1003.53427,3008656476
3,7491,335,128,2.09009051,0.12713693,1006.78851,3008656476
3,7492,336,128,1.82191217,0.127238839,1005.98214,3008656476
3,7493,337,128,1.91193974,0.139206525,919.497128,3008656476
3,7494,338,128,1.62292683,0.128476716,996.289476,3008656476
3,7495,339,128,1.98007989,0.142443336,898.602936,3008656476
3,7496,340,128,1.97926271,0.127939329,1000.47422,3008656476
3,7497,341,128,1.71955693,0.12677819,1009.63738,3008656476
3,7498,342,128,1.76497483,0.128153612,998.801345,3008656476
3,7499,343,128,1.68178749,0.128218281,998.297583,3008656476
3,7500,344,128,2.02821946,0.128170877,998.666803,3008656476
3,7501,345,128,1.65827954,0.138548809,923.862146,3008656476
3,7502,346,128,1.61162591,0.124448831,1028.53517,3008656476
3,7503,347,128,2.21748042,0.146134413,875.905937,3008656476
3,7504,348,128,1.85159874,0.126811569,1009.37163,3008656476
3,7505,349,128,2.13346815,0.126237962,1013.95807,3008656476
3,7506,350,128,2.01223898,0.127034203,1007.60265,3008656476
3,7507,351,128,1.92932355,0.126056373,1015.41871,3008656476
3,7508,352,128,2.00851583,0.126284576,1013.5838,3008656476
3,7509,353,128,2.0140152,0.126148593,1014.6764,3008656476
3,7510,354,128,1.60165203,0.133631475,957.858169,3008656476
3,7511,355,128,1.91434407,0.145361977,880.560396,3008656476
3,7512,356,128,2.10787487,0.126117589,1014.92584,3008656476
3,7513,357,128,1.56074369,0.125648716,1018.71316,3008656476
3,7514,358,128,1.24373853,0.125568109,1019.36711,3008656476
3,7515,359,128,1.51772857,0.126748911,1009.87061,3008656476
3,7516,360,128,1.83885872,0.126047974,1015.48637,3008656476
3,7517,361,128,1.57218647,0.127382158,1004.8503,3008656476
3,7518,362,128,1.80529642,0.14226899,899.704145,3008656476
3,7519,363,128,1.72047818,0.1449283,883.195346,3008656476
3,7520,364,128,1.83592618,0.126659056,1010.58704,3008656476
3,7521,365,128,1.91750705,0.12809341,999.270767,3008656476
3,7522,366,128,2.00954843,0.147561762,867.433394,3008656476
3,7523,367,128,1.92706418,0.16447808,778.219201,3008656476
3,7524,368,128,1.39983928,0.12891611,992.893751,3008656476
3,7525,369,128,1.75779438,0.144202959,887.637819,3008656476
3,7526,370,128,1.88040447,0.129452211,988.781876,3008656476
3,7527,371,128,1.89568961,0.144565836,885.409745,3008656476
3,7528,372,128,2.1618495,0.131236298,975.339917,3008656476
3,7529,373,128,2.34400177,0.132214015,968.12732,3008656476
3,7530,374,128,1.98876572,0.131145064,976.018434,3008656476
3,7531,375,128,1.30106056,0.131706134,971.860582,3008656476
3,7532,376,128,2.3612349,0.132978229,962.563579,3008656476
3,7533,377,128,1.37580371,0.149735545,854.840446,3008656476
3,7534,378,128,1.71969008,0.133255206,960.562847,3008656476
3,7535,379,128,1.42331219,0.144637685,884.969916,3008656476
3,7536,380,128,1.62477958,0.13089466,977.885576,3008656476
3,7537,381,128,1.51668215,0.130812593,978.499065,3008656476
3,7538,382,128,1.23157644,0.13135345,974.470027,3008656476
3,7539,383,128,1.5195688,0.130606475,980.043294,3008656476
3,7540,384,128,2.30712295,0.130149565,983.483886,3008656476
3,7541,385,128,1.97590768,0.142604884,897.584966,3008656476
3,7542,386,128,1.69818056,0.129067,991.732976,3008656476
3,7543,387,128,1.64939499,0.143950488,889.194624,3008656476
3,7544,388,128,2.18217373,0.131591327,972.708483,3008656476
3,7545,389,128,2.39568019,0.130889626,977.923185,3008656476
3,7546,390,128,2.2218225,0.129658053,987.212109,3008656476
3,7547,391,128,2.14920902,0.131147151,976.002902,3008656476
3,7548,392,128,1.51619208,0.130239471,982.804975,3008656476
3,7549,393,128,1.90969646,0.142565988,897.829853,3008656476
3,7550,394,128,1.64477253,0.131016318,976.97754,3008656476
3,7551,395,128,1.92826736,0.130017785,984.4807,3008656476
3,7552,396,128,1.89983404,0.127287145,1005.60037,3008656476
3,7553,397,128,2.38356185,0.127106943,1007.02603,3008656476
3,7554,398,128,1.72469151,0.127103914,1007.05003,3008656476
3,7555,399,128,2.18379116,0.125805752,1017.44156,3008656476
3,7556,400,128,1.75481725,0.126934008,1008.398,3008656476
3,7557,401,128,2.07295179,0.142282386,899.619437,3008656476
3,7558,402,128,1.77447712,0.127836866,1001.27611,3008656476
3,7559,403,128,1.74001384,0.142716591,896.882409,3008656476
3,7560,404,128,1.90966165,0.127724176,1002.15953,3008656476
3,7561,405,128,1.58922029,0.1268888,1008.75727,3008656476
3,7562,406,128,1.83988047,0.128259036,997.980368,3008656476
3,7563,407,128,1.37751961,0.127659843,1002.66456,3008656476
3,7564,408,128,1.40416157,0.127716093,1002.22295,3008656476
3,7565,409,128,1.91030693,0.145396331,880.352338,3008656476
3,7566,410,128,1.4648962,0.126754767,1009.82395,3008656476
3,7567,411,128,2.05904174,0.143189278,893.92168,3008656476
3,7568,412,128,1.52526343,0.128002253,999.982399,3008656476
3,7569,413,128,1.57742774,0.128246799,998.075593,3008656476
3,7570,414,128,1.6894753,0.127337271,1005.20452,3008656476
3,7571,415,128,2.01938701,0.126104409,1015.03192,3008656476
3,7572,416,128,1.70031238,0.127742558,1002.01532,3008656476
3,7573,417,128,1.48657286,0.145500615,879.721368,3008656476
3,7574,418,128,1.59541261,0.127739256,1002.04122,3008656476
3,7575,419,128,1.0645926,0.143011384,895.033643,3008656476
3,7576,420,128,1.21540427,0.12785277,1001.15156,3008656476
3,7577,421,128,1.73002267,0.12681745,1009.32482,3008656476
3,7578,422,128,1.58103466,0.127692445,1002.40856,3008656476
3,7579,423,128,1.74229443,0.128038063,999.702721,3008656476
3,7580,424,128,2.10564661,0.127944032,1000.43744,3008656476
3,7581,425,128,2.12353134,0.144021016,888.759179,3008656476
3,7582,426,128,2.29377747,0.126281305,1013.61005,3008656476
3,7583,427,128,1.63891983,0.140365513,911.904906,3008656476
3,7584,428,128,1.4188081,0.127114626,1006.96516,3008656476
3,7585,429,128,1.09499919,0.127338554,1005.19439,3008656476
3,7586,430,128,1.352584,0.127296551,1005.52606,3008656476
3,7587,431,128,1.18377995,0.126431359,1012.40706,3008656476
3,7588,432,128,1.37014067,0.127281378,1005.64593,3008656476
3,7589,433,128,1.28368306,0.143219218,893.734806,3008656476
3,7590,434,128,1.56688225,0.127077683,1007.2579,3008656476
3,7591,435,128,1.76412761,0.141869371,902.23844,3008656476
3,7592,436,128,2.11792827,0.127627129,1002.92157,3008656476
3,7593,437,128,1.37528586,0.127346132,1005.13457,3008656476
3,7594,438,128,1.38485551,0.126914907,1008.54977,3008656476
3,7595,439,128,1.8624593,0.127158579,1006.6171,3008656476
3,7596,440,128,1.65100443,0.127760517,1001.87447,3008656476
3,7597,441,128,1.47385693,0.144114797,888.18083,3008656476
3,7598,442,128,1.47263384,0.12742614,1004.50347,3008656476
3,7599,443,128,1.32719374,0.141458338,904.860059,3008656476
3,7600,444,128,1.35433841,0.127131082,1006.83482,3008656476
3,7601,445,128,1.51149344,0.127430191,1004.47154,3008656476
3,7602,446,128,1.80174112,0.127177532,1006.46709,3008656476
3,7603,447,128,2.09782863,0.126528095,1011.63303,3008656476
3,7604,448,128,1.74336898,0.126461206,1012.16811,3008656476
3,7605,449,128,1.73116422,0.143033523,894.895108,3008656476
3,7606,450,128,1.56717801,0.127473491,1004.13034,3008656476
3,7607,451,128,2.21278906,0.141459364,904.853496,3008656476
3,7608,452,128,1.56914425,0.128071303,999.443255,3008656476
3,7609,453,128,1.67523408,0.126714627,1010.14384,3008656476
3,7610,454,128,2.07631636,0.125763028,1017.7872,3008656476
3,7611,455,128,1.86527658,0.126128407,1014.83879,3008656476
3,7612,456,128,1.92034853,0.126437017,1012.36175,3008656476
3,7613,457,128,1.86144817,0.143443858,892.335174,3008656476
3,7614,458,128,2.07480884,0.126044516,1015.51423,3008656476
3,7615,459,128,1.36507547,0.142721771,896.849858,3008656476
3,7616,460,128,2.25248218,0.126482085,1012.00103,3008656476
3,7617,461,128,1.9161365,0.126324714,1013.26174,3008656476
3,7618,462,128,1.83705509,0.126976164,1008.06321,3008656476
3,7619,463,128,1.45699728,0.1271187,1006.93289,3008656476
3,7620,464,128,1.74246597,0.127440174,1004.39285,3008656476
3,7621,465,128,1.38440967,0.141087979,907.235336,3008656476
3,7622,466,128,1.48371422,0.126981545,1008.0205,3008656476
3,7623,467,128,1.54365611,0.141323517,905.723285,3008656476
3,7624,468,128,2.05575991,0.12709768,1007.09942,3008656476
3,7625,469,128,2.13113284,0.127900836,1000.77532,3008656476
3,7626,470,128,1.81831622,0.128832683,993.53671,3008656476
3,7627,471,128,1.17666984,0.129077747,991.650404,3008656476
3,7628,472,128,2.46964431,0.130108723,983.792609,3008656476
3,7629,473,128,1.74569046,0.142346607,899.213565,3008656476
3,7630,474,128,1.49796677,0.129811698,986.043646,3008656476
3,7631,475,128,1.31323719,0.141255805,906.15745,3008656476
3,7632,476,128,1.45683181,0.129665844,987.152793,3008656476
3,7633,477,128,1.80206883,0.129542578,988.092116,3008656476
3,7634,478,128,1.64931524,0.129954327,984.961432,3008656476
3,7635,479,128,2.2070806,0.131069904,976.578117,3008656476
3,7636,480,128,1.74422228,0.130878528,978.00611,3008656476
3,7637,481,128,1.43682933,0.143883789,889.60682,3008656476
3,7638,482,128,1.476758,0.132413103,966.671705,3008656476
3,7639,483,128,1.89877462,0.145239965,881.30013,3008656476
3,7640,484,128,1.7401576,0.133001327,962.396413,3008656476
3,7641,485,128,1.55571413,0.133616378,957.966395,3008656476
3,7642,486,128,1.42363453,0.132932831,962.892305,3008656476
3,7643,487,128,1.89074922,0.133221918,960.802861,3008656476
3,7644,488,128,1.59657323,0.133741425,957.070706,3008656476
3,7645,489,128,2.26363683,0.145584135,879.216681,3008656476
3,7646,490,128,2.43080902,0.133263796,960.50093,3008656476
3,7647,491,128,2.22960854,0.14458376,885.299981,3008656476
3,7648,492,128,1.73883486,0.131324305,974.686293,3008656476
3,7649,493,128,1.79934812,0.131005202,977.060438,3008656476
3,7650,494,128,1.76573575,0.129412137,989.088064,3008656476
3,7651,495,128,1.75842905,0.129044143,991.908637,3008656476
3,7652,496,128,2.18586326,0.130241025,982.793248,3008656476
3,7653,497,128,2.15020275,0.143154564,894.13845,3008656476
3,7654,498,128,2.14434648,0.131908195,970.371856,3008656476
3,7655,499,128,1.95570171,0.140707268,909.690038,3008656476
3,7656,500,128,2.27176118,0.13080664,978.543597,3008656476
3,7657,501,128,2.12453985,0.128596638,995.360392,3008656476
3,7658,502,128,1.49575949,0.130681698,979.479162,3008656476
3,7659,503,128,2.2616396,0.12819427,998.484566,3008656476
3,7660,504,128,2.18111801,0.128450966,996.489197,3008656476
3,7661,505,128,2.3765862,0.14041798,911.564174,3008656476
3,7662,506,128,2.29252911,0.128443285,996.548788,3008656476
3,7663,507,128,1.75694716,0.136557459,937.334371,3008656476
3,7664,508,128,2.22208428,0.126235491,1013.97792,3008656476
3,7665,509,128,1.98581457,0.126326601,1013.24661,3008656476
3,7666,510,128,2.06891108,0.126178192,1014.43837,3008656476
3,7667,511,128,2.0935092,0.127114622,1006.96519,3008656476
3,7668,512,128,2.36842632,0.126469098,1012.10495,3008656476
3,7669,513,128,2.30445027,0.140064372,913.865519,3008656476
3,7670,514,128,2.10508585,0.126976676,1008.05915,3008656476
3,7671,515,128,2.3517108,0.14244927,898.565503,3008656476
3,7672,516,128,2.04756999,0.12535336,1021.11343,3008656476
3,7673,517,128,2.29798579,0.127054254,1007.44364,3008656476
3,7674,518,128,2.33539104,0.127282967,1005.63338,3008656476
3,7675,519,128,2.17956734,0.127607965,1003.07218,3008656476
3,7676,520,128,1.73524296,0.12757004,1003.37038,3008656476
3,7677,521,128,1.82519877,0.142457699,898.512337,3008656476
3,7678,522,128,1.42519331,0.1275186,1003.77514,3008656476
3,7679,523,128,1.93514013,0.140153812,913.28233,3008656476
3,7680,524,128,1.620399,0.127681677,1002.4931,3008656476
3,7681,525,128,1.89959705,0.126861202,1008.97672,3008656476
3,7682,526,128,2.32352757,0.125686872,1018.4039,3008656476
3,7683,527,128,1.97774065,0.127651379,1002.73104,3008656476
3,7684,528,128,2.07385135,0.127858805,1001.1043,3008656476
3,7685,529,128,1.80020905,0.14450892,885.758471,3008656476
3,7686,530,128,1.18533945,0.125156719,1022.71777,3008656476
3,7687,531,128,2.13673663,0.140452183,911.34219,3008656476
3,7688,532,128,2.39767599,0.126450708,1012.25214,3008656476
3,7689,533,128,2.34589648,0.126732575,1010.00078,3008656476
3,7690,534,128,2.1462729,0.126524503,1011.66175,3008656476
3,7691,535,128,1.81778419,0.125913537,1016.5706,3008656476
3,7692,536,128,1.84570277,0.125881798,1016.82691,3008656476
3,7693,537,128,2.04154682,0.1432388,893.612625,3008656476
3,7694,538,128,1.48042345,0.126517421,1011.71838,3008656476
3,7695,539,128,1.72625089,0.140094834,913.666809,3008656476
3,7696,540,128,1.63936925,0.125949369,1016.28139,3008656476
3,7697,541,128,1.88269627,0.125277835,1021.72902,3008656476
3,7698,542,128,1.9351275,0.126523923,1011.66639,3008656476
3,7699,543,128,2.33991146,0.126642545,1010.71879,3008656476
3,7700,544,128,1.6035614,0.127175303,1006.48473,3008656476
3,7701,545,128,1.44983578,0.142438496,898.633471,3008656476
3,7702,546,128,1.61718392,0.127027933,1007.65239,3008656476
3,7703,547,128,1.92392695,0.142202826,900.122758,3008656476
3,7704,548,128,1.97610271,0.126986098,1007.98435,3008656476
3,7705,549,128,1.87776661,0.127448149,1004.33,3008656476
3,7706,550,128,1.7307682,0.129826295,985.93278,3008656476
3,7707,551,128,1.61262417,0.12820322,998.41486,3008656476
3,7708,552,128,1.64113629,0.128353696,997.244365,3008656476
3,7709,553,128,1.95816696,0.144908808,883.314146,3008656476
3,7710,554,128,2.2383709,0.128696506,994.587996,3008656476
3,7711,555,128,2.2137506,0.142434445,898.659029,3008656476
3,7712,556,128,1.34363258,0.128828265,993.570782,3008656476
3,7713,557,128,1.70935762,0.129319527,989.796382,3008656476
3,7714,558,128,2.26550531,0.13076734,978.837682,3008656476
3,7715,559,128,2.31108451,0.129884405,985.491676,3008656476
3,7716,560,128,1.94129539,0.129388667,989.267476,3008656476
3,7717,561,128,1.94900429,0.143408789,892.553385,3008656476
3,7718,562,128,2.22145462,0.131999606,969.699864,3008656476
3,7719,563,128,2.26066017,0.144813348,883.896421,3008656476
3,7720,564,128,1.91303778,0.131122553,976.185996,3008656476
3,7721,565,128,1.88859737,0.13106408,976.621512,3008656476
3,7722,566,128,1.39642441,0.129478626,988.580154,3008656476
3,7723,567,128,1.98685622,0.131134598,976.096331,3008656476
3,7724,568,128,1.95565295,0.129188952,990.796798,3008656476
3,7725,569,128,2.09786487,0.145397967,880.342433,3008656476
3,7726,570,128,2.54131389,0.130167029,983.351936,3008656476
3,7727,571,128,1.70625818,0.144299532,887.043764,3008656476
3,7728,572,128,1.54049981,0.132305818,967.455566,3008656476
3,7729,573,128,2.04256773,0.129526967,988.211204,3008656476
3,7730,574,128,1.72497022,0.128541988,995.783572,3008656476
3,7731,575,128,2.15431213,0.128292007,997.723888,3008656476
3,7732,576,128,1.36118054,0.12818808,998.532781,3008656476
3,7733,577,128,2.27729797,0.144357794,886.685758,3008656476
3,7734,578,128,1.70978773,0.127681629,1002.49348,3008656476
3,7735,579,128,1.9641856,0.146765594,872.139011,3008656476
3,7736,580,128,1.76961672,0.128999973,992.24827,3008656476
3,7737,581,128,2.10408449,0.127958387,1000.32521,3008656476
3,7738,582,128,2.07279921,0.128223326,998.258304,3008656476
3,7739,583,128,1.56500995,0.126791048,1009.53499,3008656476
3,7740,584,128,2.17046046,0.127136342,1006.79316,3008656476
3,7741,585,128,1.60746074,0.144425195,886.271956,3008656476
3,7742,586,128,1.93622851,0.127147102,1006.70796,3008656476
3,7743,587,128,2.23925829,0.144574779,885.354976,3008656476
3,7744,588,128,1.98364294,0.126636813,1010.76454,3008656476
3,7745,589,128,2.32337499,0.126355514,1013.01475,3008656476
3,7746,590,128,2.18532348,0.127028062,1007.65136,3008656476
3,7747,591,128,2.02561975,0.127577198,1003.31409,3008656476
3,7748,592,128,1.95641613,0.126798788,1009.47337,3008656476
3,7749,593,128,1.71426511,0.141096583,907.180013,3008656476
3,7750,594,128,1.72810721,0.128175168,998.63337,3008656476
3,7751,595,128,2.01963997,0.145397043,880.348027,3008656476
3,7752,596,128,2.19409275,0.125758838,1017.82111,3008656476
3,7753,597,128,2.14527845,0.126903701,1008.63883,3008656476
3,7754,598,128,1.7511934,0.127360352,1005.02235,3008656476
3,7755,599,128,2.01923323,0.126803459,1009.43619,3008656476
3,7756,600,128,2.12409854,0.126637014,1010.76294,3008656476
3,7757,601,128,1.85008037,0.139602607,916.888321,3008656476
3,7758,602,128,2.15012002,0.127423209,1004.52658,3008656476
3,7759,603,128,1.60486853,0.145066678,882.352872,3008656476
3,7760,604,128,2.08577394,0.127007365,1007.81557,3008656476
3,7761,605,128,1.49403107,0.127856398,1001.12315,3008656476
3,7762,606,128,1.62123883,0.119238006,1073.48323,3008656476
3,7763,607,128,1.50251269,0.128210025,998.361868,3008656476
3,7764,608,128,2.23878431,0.127264875,1005.77634,3008656476
3,7765,609,128,1.5337863,0.140958167,908.070832,3008656476
3,7766,610,128,1.76587057,0.128421265,996.719663,3008656476
3,7767,611,128,1.57275331,0.145438778,880.095403,3008656476
3,7768,612,128,1.82571852,0.127264599,1005.77852,3008656476
3,7769,613,128,1.84684098,0.128078225,999.38924,3008656476
3,7770,614,128,2.16783571,0.127980682,1000.15094,3008656476
3,7771,615,128,1.46445513,0.126932932,1008.40655,3008656476
3,7772,616,128,2.2090323,0.128572589,995.54657,3008656476
3,7773,617,128,2.13549495,0.141772663,902.853888,3008656476
3,7774,618,128,1.7630434,0.127421154,1004.54278,3008656476
3,7775,619,128,2.00742531,0.146103053,876.093944,3008656476
3,7776,620,128,1.71344042,0.128077765,999.39283,3008656476
3,7777,621,128,1.76046848,0.127073985,1007.28721,3008656476
3,7778,622,128,2.08742332,0.128125567,999.019969,3008656476
3,7779,623,128,1.9997412,0.127750792,1001.95074,3008656476
3,7780,624,128,2.15769124,0.128016416,999.871766,3008656476
3,7781,625,128,2.18060827,0.141141999,906.888105,3008656476
3,7782,626,128,1.82564354,0.127291719,1005.56423,3008656476
3,7783,627,128,1.61964452,0.145325452,880.781709,3008656476
3,7784,628,128,1.84646046,0.127603036,1003.11093,3008656476
3,7785,629,128,2.4904027,0.127380036,1004.86704,3008656476
3,7786,630,128,2.05340576,0.127885977,1000.8916,3008656476
3,7787,631,128,1.58806646,0.126737205,1009.96389,3008656476
3,7788,632,128,2.44850254,0.127397326,1004.73066,3008656476
3,7789,633,128,2.31868315,0.141239804,906.260108,3008656476
3,7790,634,128,2.13698506,0.126949668,1008.27361,3008656476
3,7791,635,128,1.69395268,0.145306685,880.895466,3008656476
3,7792,636,128,1.96937895,0.127359991,1005.0252,3008656476
3,7793,637,128,1.71855736,0.126898812,1008.67769,3008656476
3,7794,638,128,1.82777131,0.126071159,1015.29962,3008656476
3,7795,639,128,2.431458,0.127615947,1003.00944,3008656476
3,7796,640,128,1.83968425,0.126740682,1009.93618,3008656476
3,7797,641,128,1.92282605,0.142054699,901.061358,3008656476
3,7798,642,128,1.58188999,0.126548896,1011.46675,3008656476
3,7799,643,128,1.83883417,0.145017729,882.6507,3008656476
3,7800,644,128,2.24771571,0.127359893,1005.02597,3008656476
3,7801,645,128,2.54252052,0.126847056,1009.08925,3008656476
3,7802,646,128,2.04730415,0.126593831,1011.10772,3008656476
3,7803,647,128,1.83530724,0.126919393,1008.51412,3008656476
3,7804,648,128,2.23967648,0.126517194,1011.72019,3008656476
3,7805,649,128,2.04704785,0.13863883,923.262264,3008656476
3,7806,650,128,1.67528737,0.126369963,1012.89893,3008656476
3,7807,651,128,1.91146553,0.145185009,881.633723,3008656476
3,7808,652,128,1.28448367,0.125657719,1018.64017,3008656476
3,7809,653,128,1.55602908,0.127803657,1001.53629,3008656476
3,7810,654,128,2.48185968,0.126839231,1009.1515,3008656476
3,7811,655,128,2.38320827,0.127955409,1000.34849,3008656476
3,7812,656,128,2.21152163,0.127782362,1001.70319,3008656476
3,7813,657,128,1.85676384,0.128283066,997.793427,3008656476
3,7814,658,128,1.97999191,0.13582839,942.365584,3008656476
3,7815,659,128,2.01284838,0.146255014,875.183671,3008656476
3,7816,660,128,2.13240695,0.132263972,967.761652,3008656476
3,7817,661,128,2.19979405,0.132523884,965.863633,3008656476
3,7818,662,128,2.06934023,0.139598188,916.917346,3008656476
3,7819,663,128,1.88873506,0.133772507,956.848331,3008656476
3,7820,664,128,1.54912758,0.132936809,962.863491,3008656476
3,7821,665,128,2.57442164,0.145131899,881.956351,3008656476
3,7822,666,128,2.37428951,0.144670112,884.771555,3008656476
3,7823,667,128,1.87722754,0.147784568,866.125616,3008656476
3,7824,668,128,1.66388738,0.139505851,917.524241,3008656476
3,7825,669,128,1.68306375,0.135872305,942.061004,3008656476
3,7826,670,128,1.85877073,0.130713814,979.238506,3008656476
3,7827,671,128,1.58666885,0.132878329,963.287249,3008656476
3,7828,672,128,1.62971902,0.132973606,962.597044,3008656476
3,7829,673,128,1.82802367,0.144779847,884.100948,3008656476
3,7830,674,128,2.10792613,0.130756886,978.91594,3008656476
3,7831,675,128,2.12742472,0.144724403,884.439648,3008656476
3,7832,676,128,1.75781155,0.129341319,989.629617,3008656476
3,7833,677,128,2.26846695,0.130420102,981.443796,3008656476
3,7834,678,128,1.94153321,0.130137568,983.574551,3008656476
3,7835,679,128,1.9425813,0.129909617,985.300419,3008656476
3,7836,680,128,2.03710866,0.132363108,967.036827,3008656476
3,7837,681,128,2.20185995,0.14385112,889.808852,3008656476
3,7838,682,128,2.06739569,0.129333538,989.689155,3008656476
3,7839,683,128,1.79365683,0.142575145,897.772189,3008656476
3,7840,684,128,1.83299923,0.129580783,987.800791,3008656476
3,7841,685,128,1.55066836,0.129144185,991.140251,3008656476
3,7842,686,128,1.75252962,0.12773511,1002.07374,3008656476
3,7843,687,128,1.56999445,0.128023638,999.815362,3008656476
3,7844,688,128,2.13269019,0.128463516,996.391847,3008656476
3,7845,689,128,1.4031266,0.145065681,882.358936,3008656476
3,7846,690,128,1.80766845,0.132203839,968.201839,3008656476
3,7847,691,128,1.99092638,0.140301024,912.324061,3008656476
3,7848,692,128,1.85835612,0.130786469,978.694516,3008656476
3,7849,693,128,1.7272017,0.128618637,995.190145,3008656476
3,7850,694,128,1.82501793,0.129606107,987.607783,3008656476
3,7851,695,128,1.79964185,0.128434758,996.614951,3008656476
3,7852,696,128,2.37000942,0.128274174,997.862594,3008656476
3,7853,697,128,2.28421903,0.145962483,876.937672,3008656476
3,7854,698,128,1.88859081,0.129695273,986.928799,3008656476
3,7855,699,128,1.96815324,0.137676085,929.718477,3008656476
3,7856,700,128,2.33808637,0.129147263,991.116629,3008656476
3,7857,701,128,2.14607024,0.128833515,993.530294,3008656476
3,7858,702,128,1.64405656,0.127821235,1001.39855,3008656476
3,7859,703,128,1.76013839,0.128879484,993.175919,3008656476
3,7860,704,128,1.861588,0.127943846,1000.4389,3008656476
3,7861,705,128,2.22295833,0.144080351,888.393172,3008656476
3,7862,706,128,2.00167751,0.129836035,985.858818,3008656476
3,7863,707,128,2.14796019,0.142305049,899.476167,3008656476
3,7864,708,128,1.55749369,0.131092496,976.409817,3008656476
3,7865,709,128,2.3052001,0.130248339,982.73806,3008656476
3,7866,710,128,1.39588964,0.129577304,987.827313,3008656476
3,7867,711,128,1.98887181,0.128371308,997.107547,3008656476
3,7868,712,128,1.92179418,0.129021507,992.082661,3008656476
3,7869,713,128,2.17071676,0.141366226,905.449651,3008656476
3,7870,714,128,1.5800873,0.127564397,1003.41477,3008656476
3,7871,715,128,1.22579336,0.132977699,962.567415,3008656476
3,7872,716,128,1.55264699,0.128476944,996.287707,3008656476
3,7873,717,128,2.07912827,0.127133422,1006.81629,3008656476
3,7874,718,128,2.38657308,0.127237341,1005.99399,3008656476
3,7875,719,128,2.28542495,0.126946593,1008.29803,3008656476
3,7876,720,128,2.17946959,0.126680465,1010.41625,3008656476
3,7877,721,128,2.20908928,0.143004588,895.076178,3008656476
3,7878,722,128,1.95395017,0.125816498,1017.35466,3008656476
3,7879,723,128,2.2479713,0.141403904,905.208388,3008656476
3,7880,724,128,1.88980031,0.127050235,1007.47551,3008656476
3,7881,725,128,2.09906149,0.127732792,1002.09193,3008656476
3,7882,726,128,2.00974727,0.127833456,1001.30282,3008656476
3,7883,727,128,2.34225965,0.127425297,1004.51012,3008656476
3,7884,728,128,2.01733255,0.128106995,999.1648,3008656476
3,7885,729,128,2.00972438,0.143434105,892.39585,3008656476
3,7886,730,128,1.78844655,0.127607574,1003.07526,3008656476
3,7887,731,128,2.42008424,0.142291611,899.561113,3008656476
3,7888,732,128,2.04736948,0.127476159,1004.10933,3008656476
3,7889,733,128,1.57437456,0.128177641,998.614103,3008656476
3,7890,734,128,1.42112207,0.12846266,996.398487,3008656476
3,7891,735,128,1.57511675,0.127496466,1003.9494,3008656476
3,7892,736,128,1.44752622,0.12700313,1007.84918,3008656476
3,7893,737,128,1.40719604,0.142162816,900.376087,3008656476
3,7894,738,128,1.63051462,0.127623332,1002.9514,3008656476
3,7895,739,128,1.73816013,0.141465453,904.814549,3008656476
3,7896,740,128,1.66783869,0.12738892,1004.79696,3008656476
3,7897,741,128,1.95431197,0.126515633,1011.73268,3008656476
3,7898,742,128,1.87146831,0.125892089,1016.74379,3008656476
3,7899,743,128,1.90736461,0.125639649,1018.78667,3008656476
3,7900,744,128,1.67533553,0.126505568,1011.81317,3008656476
3,7901,745,128,1.22861171,0.140971427,907.985417,3008656476
3,7902,746,128,1.44611228,0.127148898,1006.69374,3008656476
3,7903,747,128,1.51450276,0.141958839,901.669814,3008656476
3,7904,748,128,2.09552622,0.127337315,1005.20417,3008656476
3,7905,749,128,2.2079308,0.128506183,996.061022,3008656476
3,7906,750,128,1.81377387,0.129629599,987.428805,3008656476
3,7907,751,128,2.07629156,0.128771253,994.010674,3008656476
3,7908,752,128,1.57905555,0.129717749,986.757795,3008656476
3,7909,753,128,1.69934392,0.143326174,893.067864,3008656476
3,7910,754,128,1.73937619,0.130785058,978.705075,3008656476
3,7911,755,128,1.74757361,0.14418242,887.764264,3008656476
3,7912,756,128,2.22299242,0.130192606,983.158752,3008656476
3,7913,757,128,1.35008049,0.131442453,973.810189,3008656476
3,7914,758,128,2.22555256,0.132056197,969.284312,3008656476
3,7915,759,128,1.73649538,0.132048055,969.344077,3008656476
3,7916,760,128,2.13282633,0.132962114,962.680241,3008656476
3,7917,761,128,2.11094522,0.153507453,833.835736,3008656476
3,7918,762,128,2.46573639,0.132476357,966.210144,3008656476
3,7919,763,128,2.13260245,0.141008198,907.74864,3008656476
3,7920,764,128,2.33321548,0.130483307,980.968393,3008656476
3,7921,765,128,2.44637394,0.131695988,971.935455,3008656476
3,7922,766,128,1.9528147,0.13139902,974.132075,3008656476
3,7923,767,128,2.07593203,0.130936523,977.572927,3008656476
3,7924,768,128,1.91246343,0.131461856,973.66646,3008656476
3,7925,769,128,1.6795609,0.137260393,932.534121,3008656476
3,7926,770,128,1.69494224,0.129279662,990.101599,3008656476
3,7927,771,128,2.2614181,0.137003829,934.280457,3008656476
3,7928,772,128,1.83475709,0.130445383,981.253587,3008656476
3,7929,773,128,1.8490442,0.130380603,981.741126,3008656476
3,7930,774,128,1.78408241,0.130841251,978.284746,3008656476
3,7931,775,128,1.94013178,0.129591516,987.71898,3008656476
3,7932,776,128,2.18040204,0.128456255,996.448168,3008656476
3,7933,777,128,2.28728771,0.136680537,936.490321,3008656476
3,7934,778,128,1.84281778,0.129598348,987.666911,3008656476
3,7935,779,128,2.03562427,0.140052821,913.940891,3008656476
3,7936,780,128,1.79089069,0.127638914,1002.82896,3008656476
3,7937,781,128,1.69661665,0.129204435,990.678068,3008656476
3,7938,782,128,1.44757974,0.128794112,993.834252,3008656476
3,7939,783,128,1.33678186,0.128179265,998.601451,3008656476
3,7940,784,128,1.87899888,0.127771874,1001.78542,3008656476
3,7941,785,128,1.92088389,0.145297997,880.948139,3008656476
3,7942,786,128,1.79133964,0.127512685,1003.8217,3008656476
3,7943,787,128,2.07153749,0.142021193,901.273939,3008656476
3,7944,788,128,2.27386451,0.128919614,992.866764,3008656476
3,7945,789,128,2.16726708,0.127850757,1001.16732,3008656476
3,7946,790,128,2.02640915,0.128776227,993.97228,3008656476
3,7947,791,128,2.36572194,0.127586332,1003.24226,3008656476
3,7948,792,128,1.738132,0.127830613,1001.32509,3008656476
3,7949,793,128,2.00050378,0.145588292,879.191577,3008656476
3,7950,794,128,1.7162801,0.129847862,985.769023,3008656476
3,7951,795,128,2.03918052,0.14371674,890.640854,3008656476
3,7952,796,128,2.35284901,0.13257115,965.51927,3008656476
3,7953,797,128,1.85978401,0.130428643,981.379527,3008656476
3,7954,798,128,1.94258022,0.132373152,966.963452,3008656476
3,7955,799,128,1.9236722,0.130070062,984.085023,3008656476
3,7956,800,128,2.20472932,0.13025209,982.709759,3008656476
3,7957,801,128,2.07726884,0.133011323,962.324087,3008656476
3,7958,802,128,2.31230545,0.126866123,1008.93759,3008656476
3,7959,803,128,1.95419943,0.13534308,945.744696,3008656476
3,7960,804,128,2.08135915,0.126599111,1011.06555,3008656476
3,7961,805,128,2.60935855,0.12658633,1011.16764,3008656476
3,7962,806,128,2.51713395,0.126843622,1009.11656,3008656476
3,7963,807,128,1.99232292,0.128299426,997.666194,3008656476
3,7964,808,128,1.76081574,0.127234991,1006.01257,3008656476
3,7965,809,128,1.63408887,0.142306433,899.467419,3008656476
3,7966,810,128,1.59441447,0.12807269,999.432432,3008656476
3,7967,811,128,1.7865783,0.142477065,898.390208,3008656476
3,7968,812,128,2.28411078,0.127988552,1000.08945,3008656476
3,7969,813,128,2.13019133,0.127905008,1000.74268,3008656476
3,7970,814,128,1.62768948,0.126877117,1008.85016,3008656476
3,7971,815,128,1.45142305,0.128397795,996.901855,3008656476
3,7972,816,128,2.40555286,0.127276943,1005.68097,3008656476
3,7973,817,128,2.10247064,0.141509021,904.535973,3008656476
3,7974,818,128,1.87530744,0.127829127,1001.33673,3008656476
3,7975,819,128,1.56757963,0.196742908,650.595243,3008656476
3,7976,820,128,1.65067112,0.127171037,1006.51849,3008656476
3,7977,821,128,1.91725433,0.126391282,1012.72808,3008656476
3,7978,822,128,1.92284036,0.126303077,1013.43533,3008656476
3,7979,823,128,2.28986144,0.126677414,1010.44058,3008656476
3,7980,824,128,2.2267065,0.138085902,926.95922,3008656476
3,7981,825,128,1.98053157,0.123024219,1040.44554,3008656476
3,7982,826,128,1.870013,0.127221896,1006.11612,3008656476
3,7983,827,128,1.71696985,0.133315772,960.126458,3008656476
3,7984,828,128,1.85183024,0.129443957,988.844925,3008656476
3,7985,829,128,1.96061444,0.129824319,985.947787,3008656476
3,7986,830,128,2.27414608,0.130669219,979.572703,3008656476
3,7987,831,128,1.43351865,0.132201255,968.220763,3008656476
3,7988,832,128,2.07710242,0.132820153,963.709174,3008656476
3,7989,833,128,2.44671726,0.134728927,950.055811,3008656476
3,7990,834,128,2.27328539,0.130419527,981.448123,3008656476
3,7991,835,128,2.07503104,0.13395764,955.525941,3008656476
3,7992,836,128,1.76734853,0.129589127,987.737189,3008656476
3,7993,837,128,2.11867309,0.129531352,988.17775,3008656476
3,7994,838,128,1.95132089,0.130173061,983.306369,3008656476
3,7995,839,128,2.15407825,0.129507313,988.361175,3008656476
3,7996,840,128,1.89106762,0.128879544,993.175457,3008656476
3,7997,841,128,1.74878061,0.138173064,926.374478,3008656476
3,7998,842,128,1.66301489,0.12826919,997.901367,3008656476
3,7999,843,128,2.13060236,0.132765725,964.104252,3008656476
3,8000,844,128,1.67285252,0.129063359,991.760954,3008656476
3,8001,845,128,2.23247337,0.125851944,1017.06812,3008656476
3,8002,846,128,2.07728601,0.126690861,1010.33333,3008656476
3,8003,847,128,2.5015099,0.126932529,1008.40975,3008656476
3,8004,848,128,1.55289173,0.125806202,1017.43792,3008656476
3,8005,849,128,1.84442592,0.143310301,893.166779,3008656476
3,8006,850,128,1.7312448,0.126186726,1014.36977,3008656476
3,8007,851,128,1.77178836,0.145436691,880.108033,3008656476
3,8008,852,128,1.45374072,0.128432236,996.634521,3008656476
3,8009,853,128,1.99053717,0.127375419,1004.90347,3008656476
3,8010,854,128,2.21051145,0.127450164,1004.31413,3008656476
3,8011,855,128,2.03954506,0.129224259,990.52609,3008656476
3,8012,856,128,1.98512042,0.126926855,1008.45483,3008656476
3,8013,857,128,1.80013037,0.144620525,885.074923,3008656476
3,8014,858,128,2.0616169,0.128182799,998.573919,3008656476
3,8015,859,128,1.69962692,0.146607036,873.082244,3008656476
3,8016,860,128,2.10339689,0.130229638,982.879181,3008656476
3,8017,861,128,1.95228624,0.129913243,985.272918,3008656476
3,8018,862,128,1.59197342,0.129366308,989.438456,3008656476
3,8019,863,128,1.5615139,0.128038243,999.701316,3008656476
3,8020,864,128,1.73753977,0.129118241,991.339403,3008656476
3,8021,865,128,1.63564265,0.144902313,883.353739,3008656476
3,8022,866,128,1.86323369,0.12987187,985.586794,3008656476
3,8023,867,128,1.84685588,0.148002996,864.847358,3008656476
3,8024,868,128,1.96913254,0.130893171,977.8967,3008656476
3,8025,869,128,1.86358893,0.130581198,980.233004,3008656476
3,8026,870,128,2.26172948,0.131964189,969.960115,3008656476
3,8027,871,128,1.86033487,0.130976416,977.275176,3008656476
3,8028,872,128,1.86481082,0.129629962,987.42604,3008656476
3,8029,873,128,1.724159,0.136183991,939.904897,3008656476
3,8030,874,128,2.21341729,0.130267494,982.593555,3008656476
3,8031,875,128,1.80596721,0.140942085,908.174446,3008656476
3,8032,876,128,1.76597846,0.132017926,969.5653,3008656476
3,8033,877,128,1.48403692,0.128905736,992.973656,3008656476
3,8034,878,128,1.76905429,0.128345929,997.304714,3008656476
3,8035,879,128,1.94893873,0.128694999,994.599643,3008656476
3,8036,880,128,2.01121378,0.127993355,1000.05192,3008656476
3,8037,881,128,2.60921812,0.135066912,947.678437,3008656476
3,8038,882,128,2.88697982,0.126751895,1009.84684,3008656476
3,8039,883,128,2.33795834,0.144192307,887.703392,3008656476
3,8040,884,128,1.63122964,0.126516613,1011.72484,3008656476
3,8041,885,128,2.25711536,0.12680573,1009.41811,3008656476
3,8042,886,128,2.03081989,0.126989035,1007.96104,3008656476
3,8043,887,128,2.15122771,0.126770866,1009.69571,3008656476
3,8044,888,128,1.80417943,0.127366628,1004.97283,3008656476
3,8045,889,128,2.25528765,0.14399589,888.91426,3008656476
3,8046,890,128,1.86835241,0.126606052,1011.01012,3008656476
3,8047,891,128,1.60522377,0.143066683,894.687689,3008656476
3,8048,892,128,2.11560917,0.12728993,1005.57837,3008656476
3,8049,893,128,2.11588788,0.126870746,1008.90082,3008656476
3,8050,894,128,2.07228398,0.126841024,1009.13723,3008656476
3,8051,895,128,2.01049852,0.128023677,999.815058,3008656476
3,8052,896,128,1.48336816,0.127659463,1002.66754,3008656476
3,8053,897,128,1.74197054,0.141814506,902.587497,3008656476
3,8054,898,128,1.51004255,0.126886122,1008.77856,3008656476
3,8055,899,128,1.80249763,0.141880909,902.165069,3008656476
3,8056,900,128,1.63639045,0.128180712,998.590178,3008656476
3,8057,901,128,1.7538085,0.12716186,1006.59113,3008656476
3,8058,902,128,1.68672037,0.127429647,1004.47583,3008656476
3,8059,903,128,2.01961327,0.126514828,1011.73911,3008656476
3,8060,904,128,1.62676775,0.126888075,1008.76304,3008656476
3,8061,905,128,1.7222544,0.139454374,917.862928,3008656476
3,8062,906,128,2.1853857,0.126542497,1011.51789,3008656476
3,8063,907,128,2.27395821,0.140229226,912.791175,3008656476
3,8064,908,128,2.13650703,0.126610017,1010.97846,3008656476
3,8065,909,128,1.83447492,0.125854529,1017.04723,3008656476
3,8066,910,128,2.05437493,0.127770198,1001.79856,3008656476
3,8067,911,128,1.93860054,0.125984121,1016.00106,3008656476
3,8068,912,128,2.25392485,0.128338641,997.361348,3008656476
3,8069,913,128,1.75716031,0.139169676,919.740591,3008656476
3,8070,914,128,2.45069408,0.128156981,998.775088,3008656476
3,8071,915,128,2.33618951,0.142874007,895.894241,3008656476
3,8072,916,128,1.77737975,0.129324236,989.760342,3008656476
3,8073,917,128,1.61117136,0.13008799,983.949402,3008656476
3,8074,918,128,1.93825674,0.130661193,979.632874,3008656476
3,8075,919,128,1.62098014,0.130682054,979.476493,3008656476
3,8076,920,128,1.91118824,0.129177264,990.886446,3008656476
3,8077,921,128,1.92957199,0.144651118,884.887734,3008656476
3,8078,922,128,2.08851123,0.131660503,972.19741,3008656476
3,8079,923,128,2.22859907,0.146744941,872.261757,3008656476
3,8080,924,128,1.70673347,0.131938296,970.150471,3008656476
3,8081,925,128,2.16638923,0.131141368,976.045942,3008656476
3,8082,926,128,1.78204858,0.133207639,960.905853,3008656476
3,8083,927,128,1.31215382,0.131590859,972.711942,3008656476
3,8084,928,128,1.62391758,0.131712437,971.814074,3008656476
3,8085,929,128,1.58717632,0.145971376,876.884246,3008656476
3,8086,930,128,1.54984581,0.130558093,980.406477,3008656476
3,8087,931,128,1.87888026,0.145611102,879.053851,3008656476
3,8088,932,128,2.05744314,0.13162453,972.463112,3008656476
3,8089,933,128,1.87721574,0.131040041,976.800671,3008656476
3,8090,934,128,1.74519193,0.131285171,974.976831,3008656476
3,8091,935,128,1.75714254,0.130886113,977.949433,3008656476
3,8092,936,128,1.79325378,0.129707296,986.837317,3008656476
3,8093,937,128,1.62398052,0.133734121,957.122977,3008656476
3,8094,938,128,2.18776417,0.1273396,1005.18613,3008656476
3,8095,939,128,1.95973063,0.14576589,878.120389,3008656476
3,8096,940,128,1.94137049,0.129764837,986.399729,3008656476
3,8097,941,128,1.65293932,0.129111988,991.387415,3008656476
3,8098,942,128,1.75214994,0.129372893,989.388094,3008656476
3,8099,943,128,1.59952986,0.128187847,998.534596,3008656476
3,8100,944,128,2.33530545,0.126343856,1013.10823,3008656476
3,8101,945,128,2.12650299,0.138735013,922.622179,3008656476
3,8102,946,128,2.00482869,0.127543451,1003.57956,3008656476
3,8103,947,128,2.30053973,0.142982714,895.213109,3008656476
3,8104,948,128,2.46975374,0.12717767,1006.46599,3008656476
3,8105,949,128,2.38179374,0.127060232,1007.39624,3008656476
3,8106,950,128,1.89840889,0.126795241,1009.50161,3008656476
3,8107,951,128,1.56266153,0.127321551,1005.32863,3008656476
3,8108,952,128,1.75449085,0.128047451,999.629426,3008656476
3,8109,953,128,1.94752288,0.141910895,901.97444,3008656476
3,8110,954,128,2.05916619,0.12810617,999.171234,3008656476
3,8111,955,128,1.51813567,0.140825553,908.925953,3008656476
3,8112,956,128,2.13037992,0.129378519,989.34507,3008656476
3,8113,957,128,1.8523643,0.128827115,993.579651,3008656476
3,8114,958,128,1.85773778,0.1284724,996.322946,3008656476
3,8115,959,128,1.92472374,0.129655957,987.228069,3008656476
3,8116,960,128,1.78682601,0.128498031,996.124213,3008656476
3,8117,961,128,1.64523494,0.141027745,907.622823,3008656476
3,8118,962,128,1.97729921,0.128238052,998.143671,3008656476
3,8119,963,128,1.80313408,0.141307026,905.828985,3008656476
3,8120,964,128,1.62137616,0.128667597,994.81146,3008656476
3,8121,965,128,1.52703702,0.127839923,1001.25217,3008656476
3,8122,966,128,1.91543758,0.128983024,992.378656,3008656476
3,8123,967,128,2.46744585,0.128811526,993.699896,3008656476
3,8124,968,128,1.98857951,0.128315072,997.544544,3008656476
3,8125,969,128,1.63540864,0.140602173,910.369998,3008656476
3,8126,970,128,1.74590731,0.127715032,1002.23128,3008656476
3,8127,971,128,1.97216916,0.143424377,892.456378,3008656476
3,8128,972,128,1.50905895,0.128199365,998.444883,3008656476
3,8129,973,128,1.62205708,0.127137267,1006.78584,3008656476
3,8130,974,128,1.76331842,0.128003713,999.970993,3008656476
3,8131,975,128,1.87307274,0.12671227,1010.16263,3008656476
3,8132,976,128,2.12456131,0.12886565,993.282539,3008656476
3,8133,977,128,1.72495723,0.142299992,899.508132,3008656476
3,8134,978,128,1.89064527,0.128773818,993.990875,3008656476
3,8135,979,128,2.17193413,0.144397871,886.439662,3008656476
3,8136,980,128,1.82923722,0.129313459,989.842828,3008656476
3,8137,981,128,2.09302568,0.128971921,992.464088,3008656476
3,8138,982,128,1.70580852,0.132417428,966.640131,3008656476
3,8139,983,128,1.81915462,0.133094521,961.722534,3008656476
3,8140,984,128,1.62882376,0.130811393,978.508042,3008656476
3,8141,985,128,1.72263718,0.14409898,888.278321,3008656476
3,8142,986,128,1.43850756,0.139884515,915.040525,3008656476
3,8143,987,128,1.47824216,0.147631989,867.020765,3008656476
3,8144,988,128,1.65264928,0.130302361,982.330627,3008656476
3,8145,989,128,1.89465809,0.13341608,959.404594,3008656476
3,8146,990,128,1.75429618,0.131441609,973.816442,3008656476
3,8147,991,128,1.40087497,0.131400838,974.118597,3008656476
3,8148,992,128,1.80866957,0.145202072,881.53012,3008656476
3,8149,993,128,1.39051163,0.130973603,977.296166,3008656476
3,8150,994,128,1.35646093,0.143828701,889.947549,3008656476
3,8151,995,128,1.32313168,0.132285835,967.601709,3008656476
3,8152,996,128,1.7192471,0.130627987,979.881899,3008656476
3,8153,997,128,1.8797965,0.128812688,993.690932,3008656476
3,8154,998,128,1.77209234,0.12865343,994.921006,3008656476
3,8155,999,128,1.81176293,0.127830635,1001.32492,3008656476
3,8156,1000,128,1.84168768,0.140652118,910.04673,3008656476
3,8157,1001,128,1.71718979,0.127179253,1006.45347,3008656476
3,8158,1002,128,1.46873593,0.140793414,909.133434,3008656476
3,8159,1003,128,1.56512368,0.12730292,1005.47576,3008656476
3,8160,1004,128,1.8902725,0.127250211,1005.89224,3008656476
3,8161,1005,128,1.7423898,0.127398263,1004.72327,3008656476
3,8162,1006,128,1.95870245,0.127646605,1002.76854,3008656476
3,8163,1007,128,1.73906028,0.126961632,1008.1786,3008656476
3,8164,1008,128,1.58474398,0.138700199,922.853759,3008656476
3,8165,1009,128,1.54434812,0.128405878,996.839101,3008656476
3,8166,1010,128,1.60219109,0.133945682,955.611245,3008656476
3,8167,1011,128,1.49023676,0.12563507,1018.8238,3008656476
3,8168,1012,128,1.5773145,0.127559445,1003.45372,3008656476
3,8169,1013,128,1.71155965,0.126152214,1014.64727,3008656476
3,8170,1014,128,1.64443195,0.127699391,1002.35404,3008656476
3,8171,1015,128,1.17615521,0.12819821,998.453879,3008656476
3,8172,1016,128,1.43057275,0.127038663,1007.56728,3008656476
3,8173,1017,128,1.55123544,0.129930591,985.141367,3008656476
3,8174,1018,128,1.7148726,0.125846935,1017.1086,3008656476
3,8175,1019,128,2.24482036,0.141625856,903.789771,3008656476
3,8176,1020,128,1.9249903,0.127206022,1006.24167,3008656476
3,8177,1021,128,1.53406763,0.127293706,1005.54854,3008656476
3,8178,1022,128,1.76749682,0.127875574,1000.97302,3008656476
3,8179,1023,128,2.10004139,0.127369045,1004.95375,3008656476
3,8180,1024,128,2.06030846,0.129139837,991.173622,3008656476
3,8181,1025,128,2.06425738,0.143737615,890.511506,3008656476
3,8182,1026,128,1.65223312,0.129481532,988.557967,3008656476
3,8183,1027,128,1.63493538,0.146862919,871.561051,3008656476
3,8184,1028,128,1.46383643,0.131047157,976.74763,3008656476
3,8185,1029,128,1.98372781,0.130711521,979.255685,3008656476
3,8186,1030,128,1.51168156,0.130075482,984.044018,3008656476
3,8187,1031,128,2.03641558,0.130894156,977.889341,3008656476
3,8188,1032,128,1.7101928,0.13158699,972.740542,3008656476
3,8189,1033,128,1.67699838,0.140926399,908.275532,3008656476
3,8190,1034,128,2.2129333,0.130858197,978.158059,3008656476
3,8191,1035,128,2.07275796,0.138103674,926.839933,3008656476
3,8192,1036,128,1.94928026,0.131332604,974.624702,3008656476
3,8193,1037,128,1.87785041,0.131513138,973.286791,3008656476
3,8194,1038,128,1.56507707,0.130984138,977.217562,3008656476
3,8195,1039,128,1.77502108,0.13060256,980.072672,3008656476
3,8196,1040,128,2.0025723,0.140203662,912.957609,3008656476
3,8197,1041,128,2.0503056,0.11977213,1068.69603,3008656476
3,8198,1042,128,1.91152918,0.127265877,1005.76842,3008656476
3,8199,1043,128,1.42234564,0.136649985,936.6997,3008656476
3,8200,1044,128,1.56312132,0.127158042,1006.62135,3008656476
3,8201,1045,128,1.698282,0.128171951,998.658435,3008656476
3,8202,1046,128,1.58797574,0.126977642,1008.05148,3008656476
3,8203,1047,128,1.41348112,0.126789287,1009.54902,3008656476
3,8204,1048,128,2.09472108,0.127651592,1002.72937,3008656476
3,8205,1049,128,1.77234328,0.141920813,901.911406,3008656476
3,8206,1050,128,1.91430902,0.126723669,1010.07176,3008656476
3,8207,1051,128,1.73621893,0.139568146,917.114712,3008656476
3,8208,1052,128,1.55764067,0.126779598,1009.62617,3008656476
3,8209,1053,128,1.76724875,0.1269604,1008.18838,3008656476
3,8210,1054,128,1.84527493,0.127868512,1001.02831,3008656476
3,8211,1055,128,1.35651875,0.12801853,999.855255,3008656476
3,8212,1056,128,1.96914387,0.12689295,1008.72428,3008656476
3,8213,1057,128,1.95649159,0.142064457,900.999467,3008656476
3,8214,1058,128,1.94442499,0.127895897,1000.81397,3008656476
3,8215,1059,128,1.46231675,0.140180867,913.106066,3008656476
3,8216,1060,128,2.05252647,0.126744176,1009.90834,3008656476
3,8217,1061,128,2.21429157,0.127576414,1003.32025,3008656476
3,8218,1062,128,1.97825611,0.127519467,1003.76831,3008656476
3,8219,1063,128,1.85032463,0.12726518,1005.77393,3008656476
3,8220,1064,128,1.68432415,0.127199533,1006.293,3008656476
3,8221,1065,128,1.87801743,0.140234128,912.759268,3008656476
3,8222,1066,128,1.721349,0.127526389,1003.71383,3008656476
3,8223,1067,128,1.74860191,0.141001006,907.794942,3008656476
3,8224,1068,128,1.79998887,0.127322321,1005.32255,3008656476
3,8225,1069,128,2.31372023,0.12660448,1011.02267,3008656476
3,8226,1070,128,1.84254038,0.12648596,1011.97002,3008656476
3,8227,1071,128,1.95494521,0.126507762,1011.79562,3008656476
3,8228,1072,128,1.73919976,0.126270458,1013.69712,3008656476
3,8229,1073,128,2.24743485,0.140156833,913.262645,3008656476
3,8230,1074,128,2.15228057,0.127359216,1005.03131,3008656476
3,8231,1075,128,1.8116281,0.142236382,899.910404,3008656476
3,8232,1076,128,2.26614404,0.127569721,1003.37289,3008656476
3,8233,1077,128,1.97688687,0.128181272,998.585815,3008656476
3,8234,1078,128,2.10866451,0.128414589,996.771481,3008656476
3,8235,1079,128,2.44465494,0.12899129,992.315063,3008656476
3,8236,1080,128,1.99352193,0.130117028,983.729816,3008656476
3,8237,1081,128,1.01810408,0.143562046,891.600556,3008656476
3,8238,1082,128,1.63838589,0.131035811,976.832204,3008656476
3,8239,1083,128,2.13455176,0.146112996,876.034326,3008656476
3,8240,1084,128,1.9207952,0.130711713,979.254246,3008656476
3,8241,1085,128,2.25773644,0.130717873,979.2081,3008656476
3,8242,1086,128,2.01799536,0.131511113,973.301777,3008656476
3,8243,1087,128,1.78925633,0.131763054,971.44075,3008656476
3,8244,1088,128,1.58383381,0.132535218,965.781035,3008656476
3,8245,1089,128,1.7407831,0.153493386,833.912153,3008656476
3,8246,1090,128,1.84910011,0.132496985,966.059718,3008656476
3,8247,1091,128,2.09858894,0.144855883,883.636877,3008656476
3,8248,1092,128,1.49921882,0.130905858,977.801925,3008656476
3,8249,1093,128,2.22563648,0.130426695,981.394185,3008656476
3,8250,1094,128,1.94741023,0.131180561,975.754327,3008656476
3,8251,1095,128,1.71097481,0.130196668,983.128078,3008656476
3,8252,1096,128,1.50177443,0.13006169,984.148368,3008656476
3,8253,1097,128,1.69615507,0.141855154,902.328864,3008656476
3,8254,1098,128,1.98816049,0.131458044,973.694695,3008656476
3,8255,1099,128,2.34166694,0.140693805,909.777086,3008656476
3,8256,1100,128,1.90626359,0.130233491,982.850103,3008656476
3,8257,1101,128,2.03374124,0.131965003,969.954132,3008656476
3,8258,1102,128,1.91398549,0.129368119,989.424605,3008656476
3,8259,1103,128,2.22000384,0.130191342,983.168297,3008656476
3,8260,1104,128,1.66880846,0.129619949,987.502317,3008656476
3,8261,1105,128,2.20798182,0.132847117,963.51357,3008656476
3,8262,1106,128,1.83526564,0.12846711,996.363972,3008656476
3,8263,1107,128,1.92979622,0.139596093,916.931106,3008656476
3,8264,1108,128,1.72351086,0.12768298,1002.48287,3008656476
3,8265,1109,128,1.57360756,0.128557097,995.66654,3008656476
3,8266,1110,128,1.74253154,0.129520526,988.260347,3008656476
3,8267,1111,128,1.81881344,0.128210582,998.35753,3008656476
3,8268,1112,128,1.34092677,0.127500031,1003.92132,3008656476
3,8269,1113,128,1.54207695,0.142804773,896.328584,3008656476
3,8270,1114,128,2.21073866,0.129449547,988.802224,3008656476
3,8271,1115,128,1.40834332,0.145809132,877.859968,3008656476
3,8272,1116,128,1.68615568,0.128966511,992.505721,3008656476
3,8273,1117,128,1.52124202,0.132395291,966.801757,3008656476
3,8274,1118,128,1.78235388,0.129708592,986.827457,3008656476
3,8275,1119,128,1.53209209,0.12788639,1000.88837,3008656476
3,8276,1120,128,1.4001677,0.128444949,996.535878,3008656476
3,8277,1121,128,1.65578246,0.136073502,940.668081,3008656476
3,8278,1122,128,1.46854198,0.126315286,1013.33737,3008656476
3,8279,1123,128,1.27579534,0.14042342,911.52886,3008656476
3,8280,1124,128,1.21482229,0.126768235,1009.71667,3008656476
3,8281,1125,128,1.68918848,0.127099765,1007.0829,3008656476
3,8282,1126,128,1.39874148,0.126719379,1010.10596,3008656476
3,8283,1127,128,2.3199892,0.126681433,1010.40853,3008656476
3,8284,1128,128,1.84859431,0.127343615,1005.15444,3008656476
3,8285,1129,128,1.3399359,0.140092319,913.683212,3008656476
3,8286,1130,128,1.94073594,0.128129242,998.991315,3008656476
3,8287,1131,128,1.77721345,0.141543423,904.316126,3008656476
3,8288,1132,128,1.62412083,0.126254453,1013.82563,3008656476
3,8289,1133,128,1.71284974,0.127065849,1007.35171,3008656476
3,8290,1134,128,2.11781788,0.12850247,996.089803,3008656476
3,8291,1135,128,2.09367561,0.12682878,1009.23465,3008656476
3,8292,1136,128,1.96163714,0.127604381,1003.10036,3008656476
3,8293,1137,128,1.82032478,0.142163247,900.373357,3008656476
3,8294,1138,128,1.90395498,0.127726033,1002.14496,3008656476
3,8295,1139,128,1.59099185,0.14281877,896.240739,3008656476
3,8296,1140,128,1.69554245,0.126854146,1009.03285,3008656476
3,8297,1141,128,1.8404026,0.126340498,1013.13515,3008656476
3,8298,1142,128,1.76458883,0.127338414,1005.19549,3008656476
3,8299,1143,128,1.81298602,0.127604918,1003.09613,3008656476
3,8300,1144,128,1.58965087,0.127441465,1004.38268,3008656476
3,8301,1145,128,1.74890959,0.141588767,904.026518,3008656476
3,8302,1146,128,1.99230051,0.126975228,1008.07065,3008656476
3,8303,1147,128,2.14501882,0.140239748,912.72269,3008656476
3,8304,1148,128,1.93896055,0.12707739,1007.26022,3008656476
3,8305,1149,128,1.98194289,0.126735589,1009.97676,3008656476
3,8306,1150,128,1.90742373,0.12639353,1012.71007,3008656476
3,8307,1151,128,1.83499062,0.126889346,1008.75293,3008656476
3,8308,1152,128,2.06674981,0.126100377,1015.06437,3008656476
3,8309,1153,128,2.1730361,0.141175403,906.673523,3008656476
3,8310,1154,128,2.04808664,0.126632088,1010.80225,3008656476
3,8311,1155,128,1.93656743,0.139868009,915.14851,3008656476
3,8312,1156,128,1.96838021,0.127341752,1005.16915,3008656476
3,8313,1157,128,2.21823192,0.12781283,1001.46441,3008656476
3,8314,1158,128,1.66416931,0.129211342,990.625111,3008656476
3,8315,1159,128,2.12826347,0.128910927,992.933671,3008656476
3,8316,1160,128,2.13203168,0.130047276,984.257448,3008656476
3,8317,1161,128,2.28544879,0.143076114,894.628715,3008656476
3,8318,1162,128,1.67192841,0.130818059,978.458181,3008656476
3,8319,1163,128,1.67718315,0.143601362,891.356448,3008656476
3,8320,1164,128,1.77102542,0.131126641,976.155562,3008656476
3,8321,1165,128,2.39233255,0.131021618,976.938019,3008656476
3,8322,1166,128,1.87381566,0.129892711,985.428659,3008656476
3,8323,1167,128,2.19481683,0.130499242,980.848609,3008656476
3,8324,1168,128,1.80013883,0.131733097,971.661662,3008656476
3,8325,1169,128,2.11760044,0.144795872,884.003102,3008656476
3,8326,1170,128,2.16808105,0.13237658,966.938412,3008656476
3,8327,1171,128,2.12240314,0.14860475,861.34528,3008656476
3,8328,1172,128,2.08203006,0.132964564,962.662503,3008656476
3,8329,1173,128,1.97980154,0.138583709,923.629487,3008656476
3,8330,1174,128,2.34554768,0.132905185,963.092599,3008656476
3,8331,1175,128,2.0243094,0.131001545,977.087713,3008656476
3,8332,1176,128,2.09399915,0.133193697,961.006436,3008656476
3,8333,1177,128,1.89311051,0.135987353,941.264001,3008656476
3,8334,1178,128,1.83420241,0.130490425,980.914883,3008656476
3,8335,1179,128,1.89986098,0.14023859,912.730226,3008656476
3,8336,1180,128,2.3660543,0.13283991,963.565844,3008656476
3,8337,1181,128,1.92717218,0.133372849,959.715571,3008656476
3,8338,1182,128,2.21057272,0.130598909,980.100071,3008656476
3,8339,1183,128,1.39907277,0.132005142,969.659197,3008656476
3,8340,1184,128,1.48438251,0.143442047,892.34644,3008656476
3,8341,1185,128,2.36190438,0.121613925,1052.51105,3008656476
3,8342,1186,128,2.29383492,0.127839429,1001.25604,3008656476
3,8343,1187,128,2.17504072,0.132474427,966.224221,3008656476
3,8344,1188,128,2.18005562,0.127033578,1007.60761,3008656476
3,8345,1189,128,2.1233027,0.127869832,1001.01797,3008656476
3,8346,1190,128,1.80100441,0.127088755,1007.17015,3008656476
3,8347,1191,128,1.51384139,0.126945176,1008.30929,3008656476
3,8348,1192,128,1.80622077,0.12750653,1003.87015,3008656476
3,8349,1193,128,1.86261666,0.140968513,908.004187,3008656476
3,8350,1194,128,1.26622283,0.127858704,1001.10509,3008656476
3,8351,1195,128,1.33098471,0.141059744,907.416931,3008656476
3,8352,1196,128,1.34385431,0.126567854,1011.31524,3008656476
3,8353,1197,128,1.93459475,0.126993896,1007.92246,3008656476
3,8354,1198,128,1.45911336,0.127795696,1001.59868,3008656476
3,8355,1199,128,1.99059367,0.127879769,1000.94019,3008656476
3,8356,1200,128,2.06568813,0.127159817,1006.6073,3008656476
3,8357,1201,128,2.55734944,0.1431949,893.886584,3008656476
3,8358,1202,128,1.91440678,0.127586183,1003.24343,3008656476
3,8359,1203,128,1.77465844,0.140769042,909.290837,3008656476
3,8360,1204,128,1.7890079,0.127627898,1002.91552,3008656476
3,8361,1205,128,1.9646188,0.127243328,1005.94665,3008656476
3,8362,1206,128,1.86553288,0.127789047,1001.65079,3008656476
3,8363,1207,128,1.9502852,0.127509569,1003.84623,3008656476
3,8364,1208,128,1.80205429,0.12709955,1007.0846,3008656476
3,8365,1209,128,1.6566416,0.14283667,896.128424,3008656476
3,8366,1210,128,1.61683619,0.127738638,1002.04607,3008656476
3,8367,1211,128,2.06088042,0.142596421,897.638237,3008656476
3,8368,1212,128,1.70318055,0.127935548,1000.50378,3008656476
3,8369,1213,128,1.68595386,0.126606052,1011.01012,3008656476
3,8370,1214,128,2.16495347,0.126783402,1009.59588,3008656476
3,8371,1215,128,2.06230068,0.1259917,1015.93994,3008656476
3,8372,1216,128,1.77224576,0.126594761,1011.10029,3008656476
3,8373,1217,128,2.0696826,0.138974272,921.033787,3008656476
3,8374,1218,128,1.78441978,0.127203913,1006.25835,3008656476
3,8375,1219,128,2.12983346,0.143589068,891.432766,3008656476
3,8376,1220,128,1.43850207,0.127729394,1002.11859,3008656476
3,8377,1221,128,1.74701297,0.12759299,1003.18991,3008656476
3,8378,1222,128,1.73605335,0.128975115,992.439511,3008656476
3,8379,1223,128,1.79989111,0.12916718,990.963804,3008656476
3,8380,1224,128,2.22225428,0.13004988,984.23774,3008656476
3,8381,1225,128,1.99356651,0.143317371,893.122719,3008656476
3,8382,1226,128,1.89477956,0.13257607,965.483439,3008656476
3,8383,1227,128,2.09027314,0.147315028,868.886235,3008656476
3,8384,1228,128,2.14946938,0.130598424,980.103711,3008656476
3,8385,1229,128,1.83177614,0.130774394,978.784884,3008656476
3,8386,1230,128,1.75425065,0.131874679,970.618476,3008656476
3,8387,1231,128,1.7978816,0.132248993,967.871264,3008656476
3,8388,1232,128,1.98235154,0.130751081,978.959401,3008656476
3,8389,1233,128,1.82008028,0.144578937,885.329514,3008656476
3,8390,1234,128,1.90679431,0.131133977,976.100954,3008656476
3,8391,1235,128,1.84673727,0.144662773,884.816441,3008656476
3,8392,1236,128,1.97201014,0.133747447,957.027613,3008656476
3,8393,1237,128,1.8236959,0.131267377,975.108995,3008656476
3,8394,1238,128,1.78674102,0.131563961,972.910811,3008656476
3,8395,1239,128,1.92181122,0.130717241,979.212834,3008656476
3,8396,1240,128,1.92435682,0.129649242,987.279201,3008656476
3,8397,1241,128,1.18724322,0.132910347,963.055194,3008656476
3,8398,1242,128,1.99462521,0.128912948,992.918105,3008656476
3,8399,1243,128,1.13244021,0.143324863,893.076032,3008656476
3,8400,1244,128,1.935287,0.129852056,985.737184,3008656476
3,8401,1245,128,1.64264619,0.129784564,986.249798,3008656476
3,8402,1246,128,1.47418785,0.128850074,993.402611,3008656476
3,8403,1247,128,1.26064301,0.128154572,998.793863,3008656476
3,8404,1248,128,0.896311998,0.128812315,993.693809,3008656476
3,8405,1249,128,1.09362268,0.135955317,941.485797,3008656476
3,8406,1250,128,1.50822914,0.128306234,997.613257,3008656476
3,8407,1251,128,1.15512156,0.141364102,905.463255,3008656476
3,8408,1252,128,1.48171771,0.126402991,1012.63427,3008656476
3,8409,1253,128,1.4220686,0.127783528,1001.69405,3008656476
3,8410,1254,128,1.29796445,0.126518644,1011.7086,3008656476
3,8411,1255,128,1.0270983,0.126274939,1013.66115,3008656476
3,8412,1256,128,1.34888196,0.127514808,1003.80499,3008656476
3,8413,1257,128,1.53531086,0.14270856,896.932882,3008656476
3,8414,1258,128,0.974260867,0.128157627,998.770054,3008656476
3,8415,1259,128,1.95632625,0.140767096,909.303407,3008656476
3,8416,1260,128,2.15517497,0.126500946,1011.85014,3008656476
3,8417,1261,128,1.67972422,0.126568368,1011.31114,3008656476
3,8418,1262,128,2.16914797,0.127207699,1006.2284,3008656476
3,8419,1263,128,2.09998846,0.127283079,1005.63249,3008656476
3,8420,1264,128,1.57049668,0.12838349,997.012934,3008656476
3,8421,1265,128,1.71892214,0.142411226,898.805548,3008656476
3,8422,1266,128,1.67535686,0.128124775,999.026145,3008656476
3,8423,1267,128,1.94245136,0.144346577,886.754661,3008656476
3,8424,1268,128,1.79868209,0.128304824,997.62422,3008656476
3,8425,1269,128,1.72159994,0.127945907,1000.42278,3008656476
3,8426,1270,128,1.25420868,0.126779437,1009.62745,3008656476
3,8427,1271,128,1.6199466,0.126959084,1008.19883,3008656476
3,8428,1272,128,1.55536437,0.203940188,627.635001,3008656476
3,8429,1273,128,2.26085353,0.127060363,1007.3952,3008656476
3,8430,1274,128,1.43587363,0.141280103,906.001604,3008656476
3,8431,1275,128,1.85709417,0.126746439,1009.89031,3008656476
3,8432,1276,128,1.98869967,0.128439253,996.580072,3008656476
3,8433,1277,128,1.50381744,0.128081242,999.365699,3008656476
3,8434,1278,128,1.6655221,0.127210238,1006.20832,3008656476
3,8435,1279,128,2.03128266,0.126693577,1010.31168,3008656476
3,8436,1280,128,1.90822256,0.140181537,913.101702,3008656476
3,8437,1281,128,1.97157419,0.126879799,1008.82884,3008656476
3,8438,1282,128,1.97651982,0.136546072,937.412539,3008656476
3,8439,1283,128,1.32858074,0.124650127,1026.8742,3008656476
3,8440,1284,128,1.9079107,0.126603197,1011.03292,3008656476
3,8441,1285,128,2.10582685,0.128273953,997.864313,3008656476
3,8442,1286,128,1.76275921,0.127942139,1000.45224,3008656476
3,8443,1287,128,1.75864589,0.127789741,1001.64535,3008656476
3,8444,1288,128,1.55235898,0.143412638,892.52943,3008656476
3,8445,1289,128,1.39743781,0.121856239,1050.41811,3008656476
3,8446,1290,128,1.65836692,0.132425498,966.581224,3008656476
3,8447,1291,128,1.90334642,0.138382113,924.975036,3008656476
3,8448,1292,128,1.87502348,0.133575626,958.258657,3008656476
3,8449,1293,128,1.43778503,0.133205826,960.918932,3008656476
3,8450,1294,128,1.49809515,0.132939001,962.847615,3008656476
3,8451,1295,128,1.41030777,0.13177916,971.322021,3008656476
3,8452,1296,128,1.55562294,0.144839188,883.73873,3008656476
3,8453,1297,128,1.78953779,0.130848029,978.23407,3008656476
3,8454,1298,128,1.81891692,0.143881845,889.61884,3008656476
3,8455,1299,128,1.98984408,0.130901782,977.832372,3008656476
3,8456,1300,128,1.77421427,0.131764702,971.4286,3008656476
3,8457,1301,128,1.83411205,0.129743498,986.561962,3008656476
3,8458,1302,128,1.6987108,0.129465758,988.678412,3008656476
3,8459,1303,128,1.33566201,0.129916879,985.245343,3008656476
3,8460,1304,128,1.67809057,0.143441871,892.347535,3008656476
3,8461,1305,128,1.98565221,0.131942375,970.120479,3008656476
3,8462,1306,128,1.80294204,0.141003644,907.777958,3008656476
3,8463,1307,128,1.93608022,0.128497881,996.125376,3008656476
3,8464,1308,128,1.43339717,0.128980343,992.399284,3008656476
3,8465,1309,128,1.96054173,0.127512976,1003.81941,3008656476
3,8466,1310,128,2.16711092,0.128886084,993.125061,3008656476
3,8467,1311,128,1.8550148,0.127904908,1000.74346,3008656476
3,8468,1312,128,1.58522439,0.142222833,899.996135,3008656476
3,8469,1313,128,1.75997329,0.127728752,1002.12363,3008656476
3,8470,1314,128,1.93425,0.14098541,907.895363,3008656476
3,8471,1315,128,1.73484039,0.12748051,1004.07505,3008656476
3,8472,1316,128,1.90968978,0.126774805,1009.66434,3008656476
3,8473,1317,128,1.5921948,0.12714289,1006.74131,3008656476
3,8474,1318,128,1.17952967,0.126759995,1009.78231,3008656476
3,8475,1319,128,1.75493217,0.126535746,1011.57186,3008656476
3,8476,1320,128,1.94448268,0.140147713,913.322075,3008656476
3,8477,1321,128,1.944996,0.128157031,998.774699,3008656476
3,8478,1322,128,2.06008363,0.141756185,902.958837,3008656476
3,8479,1323,128,1.40454376,0.128739025,994.259511,3008656476
3,8480,1324,128,1.3148303,0.127399187,1004.71599,3008656476
3,8481,1325,128,1.72291636,0.126761063,1009.7738,3008656476
3,8482,1326,128,2.09107924,0.128241617,998.115924,3008656476
3,8483,1327,128,2.11185002,0.127237923,1005.98939,3008656476
3,8484,1328,128,2.17079306,0.13967736,916.397618,3008656476
3,8485,1329,128,1.57354367,0.127445779,1004.34868,3008656476
3,8486,1330,128,1.55390775,0.140960743,908.054237,3008656476
3,8487,1331,128,1.34651291,0.119886396,1067.67744,3008656476
3,8488,1332,128,1.79301608,0.126761519,1009.77017,3008656476
3,8489,1333,128,1.6088841,0.128008038,999.937207,3008656476
3,8490,1334,128,1.8804698,0.126844698,1009.108,3008656476
3,8491,1335,128,1.57115078,0.127677826,1002.52334,3008656476
3,8492,1336,128,1.67572987,0.126791956,1009.52777,3008656476
3,8493,1337,128,1.40391457,0.131826207,970.975369,3008656476
3,8494,1338,128,1.5078932,0.126983383,1008.00591,3008656476
3,8495,1339,128,1.6764828,0.141785602,902.771496,3008656476
3,8496,1340,128,1.36003876,0.128034587,999.729862,3008656476
3,8497,1341,128,1.69114876,0.1295268,988.212478,3008656476
3,8498,1342,128,1.83784354,0.129192954,990.766106,3008656476
3,8499,1343,128,1.44854224,0.12963232,987.408078,3008656476
3,8500,1344,128,1.73537707,0.130628121,979.880894,3008656476
3,8501,1345,128,1.7795465,0.141484922,904.690042,3008656476
3,8502,1346,128,1.85246515,0.13230795,967.439976,3008656476
3,8503,1347,128,1.5049969,0.145684733,878.609566,3008656476
3,8504,1348,128,1.39413941,0.13327435,960.424868,3008656476
3,8505,1349,128,1.97555912,0.132893121,963.180028,3008656476
3,8506,1350,128,1.7521323,0.132455234,966.364228,3008656476
3,8507,1351,128,1.76555145,0.130981309,977.238668,3008656476
3,8508,1352,128,1.34428203,0.146530859,873.536133,3008656476
3,8509,1353,128,1.49417865,0.131765496,971.422746,3008656476
3,8510,1354,128,1.76708055,0.143985937,888.975706,3008656476
3,8511,1355,128,1.51636052,0.131330616,974.639455,3008656476
3,8512,1356,128,1.56540465,0.132147675,968.613334,3008656476
3,8513,1357,128,1.99027181,0.130710966,979.259843,3008656476
3,8514,1358,128,1.55472374,0.118026551,1084.50174,3008656476
3,8515,1359,128,1.48701179,0.131747741,971.55366,3008656476
3,8516,1360,128,1.27089405,0.143922377,889.368302,3008656476
3,8517,1361,128,1.99089003,0.129977247,984.787745,3008656476
3,8518,1362,128,1.79826641,0.144729572,884.40806,3008656476
3,8519,1363,128,1.89790475,0.129570286,987.880817,3008656476
3,8520,1364,128,1.47485185,0.130078775,984.019107,3008656476
3,8521,1365,128,1.70417345,0.132254029,967.834409,3008656476
3,8522,1366,128,1.8133055,0.129082117,991.616833,3008656476
3,8523,1367,128,2.06038618,0.128595059,995.372614,3008656476
3,8524,1368,128,1.82312298,0.142217431,900.03032,3008656476
3,8525,1369,128,1.60599422,0.127453097,1004.29101,3008656476
3,8526,1370,128,1.51227748,0.142944926,895.449762,3008656476
3,8527,1371,128,1.8118732,0.129077535,991.652033,3008656476
3,8528,1372,128,1.47355497,0.128143588,998.879476,3008656476
3,8529,1373,128,1.82236254,0.127868859,1001.02559,3008656476
3,8530,1374,128,2.14521003,0.12850642,996.059185,3008656476
3,8531,1375,128,2.28085709,0.12574921,1017.89904,3008656476
3,8532,1376,128,2.30382967,0.140351675,911.994816,3008656476
3,8533,1377,128,1.74728537,0.126939185,1008.35688,3008656476
3,8534,1378,128,1.83322096,0.141322818,905.727764,3008656476
3,8535,1379,128,1.66401386,0.1268754,1008.86381,3008656476
3,8536,1380,128,2.04316854,0.127307714,1005.4379,3008656476
3,8537,1381,128,1.61066318,0.128020418,999.84051,3008656476
3,8538,1382,128,1.7002176,0.127492477,1003.98081,3008656476
3,8539,1383,128,1.67146027,0.126488644,1011.94855,3008656476
3,8540,1384,128,1.46954644,0.141532562,904.385522,3008656476
3,8541,1385,128,1.94674122,0.126953654,1008.24195,3008656476
3,8542,1386,128,1.50850725,0.140227991,912.799214,3008656476
3,8543,1387,128,1.59706712,0.128133204,998.960426,3008656476
3,8544,1388,128,1.95300615,0.127714117,1002.23846,3008656476
3,8545,1389,128,1.70962811,0.12751198,1003.82725,3008656476
3,8546,1390,128,1.41880441,0.127258587,1005.82604,3008656476
3,8547,1391,128,1.80211198,0.126549748,1011.45994,3008656476
3,8548,1392,128,1.72459483,0.145316553,880.835647,3008656476
3,8549,1393,128,1.71616399,0.127189517,1006.37225,3008656476
3,8550,1394,128,1.95850158,0.14074856,909.423159,3008656476
3,8551,1395,128,1.71022165,0.124902243,1024.80145,3008656476
3,8552,1396,128,1.69289136,0.125919804,1016.52001,3008656476
3,8553,1397,128,1.81330419,0.12673115,1010.01214,3008656476
3,8554,1398,128,1.76059461,0.126331471,1013.20755,3008656476
3,8555,1399,128,1.84422266,0.126930379,1008.42683,3008656476
3,8556,1400,128,2.0591476,0.139380377,918.350221,3008656476
3,8557,1401,128,2.54312754,0.126908919,1008.59735,3008656476
3,8558,1402,128,1.6568203,0.138506505,924.144321,3008656476
3,8559,1403,128,1.92396128,0.124760953,1025.96203,3008656476
3,8560,1404,128,1.56933606,0.128089161,999.303915,3008656476
3,8561,1405,128,1.95700324,0.128686022,994.669025,3008656476
3,8562,1406,128,2.2245605,0.129398849,989.189633,3008656476
3,8563,1407,128,2.22395658,0.129701436,986.881903,3008656476
3,8564,1408,128,1.81944895,0.143333423,893.022697,3008656476
3,8565,1409,128,1.97946274,0.123777685,1034.11209,3008656476
3,8566,1410,128,2.00357223,0.131096765,976.378021,3008656476
3,8567,1411,128,2.50984859,0.134510873,951.595935,3008656476
3,8568,1412,128,2.0380652,0.132283547,967.618445,3008656476
3,8569,1413,128,2.28524733,0.133207416,960.907462,3008656476
3,8570,1414,128,2.39966345,0.132772534,964.05481,3008656476
3,8571,1415,128,2.46778941,0.143841413,889.8689,3008656476
3,8572,1416,128,2.01293516,0.14580689,877.873467,3008656476
3,8573,1417,128,2.02402568,0.138138689,926.605001,3008656476
3,8574,1418,128,2.25219417,0.14699137,870.799422,3008656476
3,8575,1419,128,2.44094181,0.130793808,978.6396,3008656476
3,8576,1420,128,2.42928457,0.132570186,965.526291,3008656476
3,8577,1421,128,2.23386741,0.132406544,966.719591,3008656476
3,8578,1422,128,2.63577437,0.131385883,974.229476,3008656476
3,8579,1423,128,2.1000514,0.131313532,974.766256,3008656476
3,8580,1424,128,2.41864967,0.143947697,889.211864,3008656476
3,8581,1425,128,2.74622965,0.131051221,976.71734,3008656476
3,8582,1426,128,1.92674661,0.144890836,883.423711,3008656476
3,8583,1427,128,2.23477745,0.130746987,978.990055,3008656476
3,8584,1428,128,2.3444562,0.130970767,977.317328,3008656476
3,8585,1429,128,2.81472063,0.130276635,982.52461,3008656476
3,8586,1430,128,2.46055365,0.129903927,985.343576,3008656476
3,8587,1431,128,2.38628483,0.129828987,985.912337,3008656476
3,8588,1432,128,2.3588779,0.143794841,890.157109,3008656476
3,8589,1433,128,1.95570719,0.123195141,1039.00202,3008656476
3,8590,1434,128,2.06338167,0.143117417,894.370529,3008656476
3,8591,1435,128,2.43701553,0.12851622,995.983231,3008656476
3,8592,1436,128,1.69135571,0.132350999,967.125303,3008656476
3,8593,1437,128,2.20261836,0.128240347,998.125808,3008656476
3,8594,1438,128,2.24521136,0.128645673,994.980997,3008656476
3,8595,1439,128,2.19569111,0.132125558,968.775473,3008656476
3,8596,1440,128,2.00590324,0.143648915,891.061377,3008656476
3,8597,1441,128,2.30815887,0.129208508,990.646839,3008656476
3,8598,1442,128,2.17991567,0.139883373,915.047995,3008656476
3,8599,1443,128,1.74442661,0.126347723,1013.07722,3008656476
3,8600,1444,128,2.54727054,0.127061705,1007.38456,3008656476
3,8601,1445,128,2.11368847,0.126937604,1008.36943,3008656476
3,8602,1446,128,2.78625345,0.126422052,1012.48159,3008656476
3,8603,1447,128,2.35176349,0.127000824,1007.86748,3008656476
3,8604,1448,128,1.98186922,0.143793687,890.164253,3008656476
3,8605,1449,128,2.45480084,0.127187376,1006.38919,3008656476
3,8606,1450,128,1.96533942,0.141666446,903.530819,3008656476
3,8607,1451,128,1.91255283,0.126633355,1010.79214,3008656476
3,8608,1452,128,2.08871174,0.126765278,1009.74022,3008656476
3,8609,1453,128,2.09998584,0.127001215,1007.86437,3008656476
3,8610,1454,128,2.02842283,0.127324482,1005.30548,3008656476
3,8611,1455,128,1.52892733,0.127080789,1007.23328,3008656476
3,8612,1456,128,2.14681935,0.139708163,916.19557,3008656476
3,8613,1457,128,2.12960553,0.127807409,1001.50688,3008656476
3,8614,1458,128,2.61750436,0.142208423,900.087332,3008656476
3,8615,1459,128,2.42622161,0.127757665,1001.89683,3008656476
3,8616,1460,128,2.26527023,0.127689507,1002.43163,3008656476
3,8617,1461,128,1.57350111,0.128262052,997.956902,3008656476
3,8618,1462,128,1.50277913,0.127592196,1003.19615,3008656476
3,8619,1463,128,2.03170204,0.12735079,1005.09781,3008656476
3,8620,1464,128,1.74730623,0.142552304,897.916038,3008656476
3,8621,1465,128,1.94034541,0.127873447,1000.98967,3008656476
3,8622,1466,128,2.5869379,0.141319719,905.747626,3008656476
3,8623,1467,128,2.25558829,0.12764051,1002.81643,3008656476
3,8624,1468,128,2.06253624,0.127824099,1001.37612,3008656476
3,8625,1469,128,2.43961215,0.128329691,997.430906,3008656476
3,8626,1470,128,1.8631556,0.1276058,1003.0892,3008656476
3,8627,1471,128,2.26540208,0.127635222,1002.85797,3008656476
3,8628,1472,128,2.29426718,0.142704131,896.960719,3008656476
3,8629,1473,128,2.55919194,0.127167004,1006.55041,3008656476
3,8630,1474,128,2.15574598,0.140217944,912.864619,3008656476
3,8631,1475,128,2.12305927,0.127824996,1001.36909,3008656476
3,8632,1476,128,2.06162691,0.128077174,999.397441,3008656476
3,8633,1477,128,2.21941876,0.127071906,1007.30369,3008656476
3,8634,1478,128,2.13705397,0.126718109,1010.11608,3008656476
3,8635,1479,128,2.19937921,0.127257318,1005.83607,3008656476
3,8636,1480,128,2.10978794,0.144451336,886.111569,3008656476
3,8637,1481,128,2.39199901,0.127281169,1005.64758,3008656476
3,8638,1482,128,2.09483743,0.14061809,910.266951,3008656476
3,8639,1483,128,2.1696856,0.127924756,1000.58819,3008656476
3,8640,1484,128,2.11346745,0.126655657,1010.61416,3008656476
3,8641,1485,128,2.16107178,0.127762922,1001.85561,3008656476
3,8642,1486,128,2.4776268,0.127273968,1005.70448,3008656476
3,8643,1487,128,2.2034862,0.126691267,1010.3301,3008656476
3,8644,1488,128,2.15778351,0.143889473,889.571678,3008656476
3,8645,1489,128,1.77997625,0.127678265,1002.51989,3008656476
3,8646,1490,128,2.11199498,0.143247074,893.561009,3008656476
3,8647,1491,128,2.08414078,0.127535552,1003.64171,3008656476
3,8648,1492,128,2.55522156,0.127930414,1000.54394,3008656476
3,8649,1493,128,1.92622232,0.127181614,1006.43478,3008656476
3,8650,1494,128,1.54280496,0.127269412,1005.74048,3008656476
3,8651,1495,128,2.08301091,0.127874289,1000.98308,3008656476
3,8652,1496,128,2.0783534,0.143664522,890.964576,3008656476
3,8653,1497,128,1.98977435,0.126472985,1012.07384,3008656476
3,8654,1498,128,2.06041765,0.14222671,899.971602,3008656476
3,8655,1499,128,1.88362551,0.12735807,1005.04036,3008656476
3,8656,1500,128,2.17735744,0.127014111,1007.76204,3008656476
3,8657,1501,128,2.61078548,0.127171897,1006.51168,3008656476
3,8658,1502,128,2.04370022,0.126998373,1007.88693,3008656476
3,8659,1503,128,2.08319426,0.126644479,1010.70336,3008656476
3,8660,1504,128,2.23547053,0.141563853,904.185619,3008656476
3,8661,1505,128,2.27991152,0.126741402,1009.93044,3008656476
3,8662,1506,128,1.92253911,0.143010639,895.038306,3008656476
3,8663,1507,128,2.13670802,0.12667765,1010.4387,3008656476
3,8664,1508,128,2.02415919,0.126374816,1012.86003,3008656476
3,8665,1509,128,2.12475204,0.126152885,1014.64188,3008656476
3,8666,1510,128,2.64460325,0.126496225,1011.8879,3008656476
3,8667,1511,128,1.87468493,0.126306563,1013.40736,3008656476
3,8668,1512,128,2.07440376,0.140799196,909.0961,3008656476
3,8669,1513,128,2.45297647,0.126166228,1014.53457,3008656476
3,8670,1514,128,2.63139749,0.139188262,919.617776,3008656476
3,8671,1515,128,2.0682888,0.126978948,1008.04111,3008656476
3,8672,1516,128,2.25975323,0.127495114,1003.96004,3008656476
3,8673,1517,128,2.47739291,0.127645914,1002.77397,3008656476
3,8674,1518,128,2.36926198,0.128759187,994.103823,3008656476
3,8675,1519,128,1.94641757,0.128795012,993.827308,3008656476
3,8676,1520,128,2.56855917,0.142436513,898.645981,3008656476
3,8677,1521,128,1.86948884,0.127547611,1003.54682,3008656476
3,8678,1522,128,2.44110894,0.139264114,919.116895,3008656476
3,8679,1523,128,2.62104893,0.126964969,1008.1521,3008656476
3,8680,1524,128,2.63794088,0.129010591,992.166604,3008656476
3,8681,1525,128,2.03884506,0.129449604,988.801789,3008656476
3,8682,1526,128,1.55673873,0.130231376,982.866064,3008656476
3,8683,1527,128,1.86216319,0.132122596,968.797192,3008656476
3,8684,1528,128,2.09068465,0.146446376,874.040065,3008656476
3,8685,1529,128,2.45862913,0.130037592,984.330746,3008656476
3,8686,1530,128,2.59027362,0.14581432,877.828735,3008656476
3,8687,1531,128,2.60147238,0.127728231,1002.12771,3008656476
3,8688,1532,128,2.69741702,0.127954183,1000.35807,3008656476
3,8689,1533,128,2.44095969,0.129857833,985.693331,3008656476
3,8690,1534,128,2.43856621,0.13010063,983.853806,3008656476
3,8691,1535,128,1.79835618,0.129111342,991.392375,3008656476
3,8692,1536,128,2.22697234,0.140456102,911.316761,3008656476
3,8693,1537,128,2.02090335,0.130582087,980.226331,3008656476
3,8694,1538,128,2.56972122,0.142889641,895.796218,3008656476
3,8695,1539,128,2.06740332,0.130330772,982.116487,3008656476
3,8696,1540,128,2.55127025,0.130984889,977.211959,3008656476
3,8697,1541,128,2.43909431,0.130903962,977.816088,3008656476
3,8698,1542,128,2.58765626,0.131988377,969.782362,3008656476
3,8699,1543,128,2.28134441,0.135904854,941.835381,3008656476
3,8700,1544,128,2.4224751,0.143522463,891.846456,3008656476
3,8701,1545,128,2.16261363,0.131388296,974.211584,3008656476
3,8702,1546,128,2.11140227,0.148068582,864.464279,3008656476
3,8703,1547,128,2.20674849,0.130434754,981.333549,3008656476
3,8704,1548,128,2.07344341,0.130724105,979.161418,3008656476
3,8705,1549,128,2.47173643,0.130918381,977.708394,3008656476
3,8706,1550,128,2.27034378,0.129309351,989.874274,3008656476
3,8707,1551,128,1.86064124,0.130404446,981.561626,3008656476
3,8708,1552,128,2.07567477,0.142726152,896.822329,3008656476
3,8709,1553,128,2.97004414,0.130022106,984.447983,3008656476
3,8710,1554,128,2.57236886,0.145460877,879.961696,3008656476
3,8711,1555,128,2.04135656,0.128625886,995.134059,3008656476
3,8712,1556,128,2.36998773,0.127875388,1000.97448,3008656476
3,8713,1557,128,2.46677589,0.129226891,990.505916,3008656476
3,8714,1558,128,2.02315426,0.127167967,1006.54279,3008656476
3,8715,1559,128,1.99162292,0.128273307,997.869338,3008656476
3,8716,1560,128,2.23609471,0.142219958,900.014329,3008656476
3,8717,1561,128,2.35348201,0.127974343,1000.20049,3008656476
3,8718,1562,128,2.80602574,0.139317378,918.765497,3008656476
3,8719,1563,128,2.69628286,0.126728143,1010.03611,3008656476
3,8720,1564,128,2.21495032,0.127302797,1005.47673,3008656476
3,8721,1565,128,2.25389194,0.1269646,1008.15503,3008656476
3,8722,1566,128,1.86553109,0.127848641,1001.18389,3008656476
3,8723,1567,128,1.45229948,0.126339383,1013.1441,3008656476
3,8724,1568,128,1.38031054,0.142416012,898.775343,3008656476
3,8725,1569,128,1.80921209,0.126998675,1007.88453,3008656476
3,8726,1570,128,1.86740553,0.139007768,920.81185,3008656476
3,8727,1571,128,2.17077994,0.127567035,1003.39402,3008656476
3,8728,1572,128,1.60130394,0.12772379,1002.16256,3008656476
3,8729,1573,128,1.98015189,0.127874488,1000.98152,3008656476
3,8730,1574,128,2.26953745,0.127945701,1000.42439,3008656476
3,8731,1575,128,2.46645594,0.127337548,1005.20233,3008656476
3,8732,1576,128,2.17613125,0.140967461,908.010963,3008656476
3,8733,1577,128,2.11671972,0.126758524,1009.79402,3008656476
3,8734,1578,128,2.00556421,0.142087562,900.852954,3008656476
3,8735,1579,128,2.13391471,0.127627066,1002.92206,3008656476
3,8736,1580,128,2.36262488,0.128047095,999.632206,3008656476
3,8737,1581,128,2.03377938,0.126807253,1009.40598,3008656476
3,8738,1582,128,1.87229812,0.127690801,1002.42147,3008656476
3,8739,1583,128,1.80641603,0.127296548,1005.52609,3008656476
3,8740,1584,128,2.16448569,0.142094724,900.807549,3008656476
3,8741,1585,128,2.42145705,0.12730331,1005.47268,3008656476
3,8742,1586,128,2.3417995,0.141806338,902.639486,3008656476
3,8743,1587,128,1.81434071,0.126789117,1009.55037,3008656476
3,8744,1588,128,1.94797635,0.127689333,1002.43299,3008656476
3,8745,1589,128,2.18027449,0.126571341,1011.28738,3008656476
3,8746,1590,128,1.74386573,0.126110596,1014.98212,3008656476
3,8747,1591,128,1.84853649,0.126441364,1012.32695,3008656476
3,8748,1592,128,2.38852572,0.142631108,897.419937,3008656476
3,8749,1593,128,2.16574168,0.126847024,1009.0895,3008656476
3,8750,1594,128,1.87082946,0.139895649,914.967699,3008656476
3,8751,1595,128,1.8348757,0.127062697,1007.3767,3008656476
3,8752,1596,128,1.98879266,0.125395411,1020.77101,3008656476
3,8753,1597,128,1.55632496,0.125712557,1018.19582,3008656476
3,8754,1598,128,2.15743804,0.12695896,1008.19982,3008656476
3,8755,1599,128,1.91085207,0.127650335,1002.73924,3008656476
3,8756,1600,128,1.53899825,0.144665802,884.797915,3008656476
3,8757,1601,128,2.01325727,0.126912327,1008.57027,3008656476
3,8758,1602,128,1.63874578,0.139092766,920.249152,3008656476
3,8759,1603,128,1.99800766,0.127076211,1007.26957,3008656476
3,8760,1604,128,1.62412786,0.127423416,1004.52495,3008656476
3,8761,1605,128,1.53811467,0.128284162,997.784902,3008656476
3,8762,1606,128,1.39973366,0.127155271,1006.64329,3008656476
3,8763,1607,128,2.16021919,0.129327429,989.735905,3008656476
3,8764,1608,128,1.7074219,0.143532136,891.786352,3008656476
3,8765,1609,128,2.14482093,0.127235332,1006.00987,3008656476
3,8766,1610,128,2.46064353,0.136312216,939.020755,3008656476
3,8767,1611,128,2.31812787,0.126589489,1011.1424,3008656476
3,8768,1612,128,2.49024272,0.129936779,985.094451,3008656476
3,8769,1613,128,2.11445379,0.130266165,982.603579,3008656476
3,8770,1614,128,2.05287766,0.130525607,980.650486,3008656476
3,8771,1615,128,2.17467093,0.130721542,979.180616,3008656476
3,8772,1616,128,1.84157944,0.142307013,899.463753,3008656476
3,8773,1617,128,2.45907307,0.131839634,970.876482,3008656476
3,8774,1618,128,1.6179719,0.145882078,877.421008,3008656476
3,8775,1619,128,2.53897595,0.131345091,974.532044,3008656476
3,8776,1620,128,2.84768081,0.131812989,971.072737,3008656476
3,8777,1621,128,2.27774906,0.13308776,961.771391,3008656476
3,8778,1622,128,2.11471987,0.131282232,974.998658,3008656476
3,8779,1623,128,2.23860741,0.131677213,972.074037,3008656476
3,8780,1624,128,2.24904823,0.143748548,890.443777,3008656476
3,8781,1625,128,1.91195381,0.130846523,978.245329,3008656476
3,8782,1626,128,2.35774541,0.144072519,888.441466,3008656476
3,8783,1627,128,2.28727627,0.129068922,991.718208,3008656476
3,8784,1628,128,2.08228278,0.129453041,988.775536,3008656476
3,8785,1629,128,1.85666025,0.128345967,997.304419,3008656476
3,8786,1630,128,2.23642278,0.128750312,994.172348,3008656476
3,8787,1631,128,2.11580181,0.127952388,1000.37211,3008656476
3,8788,1632,128,2.2272613,0.143517856,891.875085,3008656476
3,8789,1633,128,2.13214993,0.128090675,999.292103,3008656476
3,8790,1634,128,2.16561151,0.142822048,896.220169,3008656476
3,8791,1635,128,1.93210995,0.127189182,1006.3749,3008656476
3,8792,1636,128,1.97470212,0.126316662,1013.32633,3008656476
3,8793,1637,128,2.27617526,0.127665,1002.62406,3008656476
3,8794,1638,128,2.10664368,0.127050421,1007.47403,3008656476
3,8795,1639,128,2.32900858,0.127781461,1001.71026,3008656476
3,8796,1640,128,1.66729236,0.142424651,898.720826,3008656476
3,8797,1641,128,1.74056673,0.127229962,1006.05233,3008656476
3,8798,1642,128,2.41979218,0.142636404,897.386617,3008656476
3,8799,1643,128,1.71352315,0.127993756,1000.04878,3008656476
3,8800,1644,128,1.95423222,0.127828214,1001.34388,3008656476
3,8801,1645,128,1.42890298,0.128058879,999.540219,3008656476
3,8802,1646,128,2.09437728,0.126871495,1008.89487,3008656476
3,8803,1647,128,1.9858371,0.126878817,1008.83664,3008656476
3,8804,1648,128,1.78431499,0.142004174,901.381955,3008656476
3,8805,1649,128,1.68290234,0.126973359,1008.08548,3008656476
3,8806,1650,128,1.88099122,0.140072969,913.80943,3008656476
3,8807,1651,128,1.80015802,0.126940787,1008.34415,3008656476
3,8808,1652,128,2.01943994,0.126815069,1009.34377,3008656476
3,8809,1653,128,1.71245372,0.126783737,1009.59321,3008656476
3,8810,1654,128,1.61897182,0.12667478,1010.46159,3008656476
3,8811,1655,128,1.96849775,0.125684951,1018.41946,3008656476
3,8812,1656,128,2.11568165,0.140461318,911.28292,3008656476
3,8813,1657,128,1.9121381,0.126563998,1011.34605,3008656476
3,8814,1658,128,2.14133477,0.137107637,933.573088,3008656476
3,8815,1659,128,1.96984279,0.124059215,1031.76535,3008656476
3,8816,1660,128,1.67522287,0.127778852,1001.73071,3008656476
3,8817,1661,128,1.73753405,0.129280566,990.094675,3008656476
3,8818,1662,128,2.124439,0.129317774,989.8098,3008656476
3,8819,1663,128,2.16025758,0.129780842,986.278083,3008656476
3,8820,1664,128,2.20639515,0.142774411,896.519195,3008656476
3,8821,1665,128,2.11963892,0.128147269,998.850783,3008656476
3,8822,1666,128,2.33177805,0.128712037,994.467984,3008656476
3,8823,1667,128,2.37174296,0.133418358,959.388213,3008656476
3,8824,1668,128,2.51407838,0.131423154,973.953189,3008656476
3,8825,1669,128,2.27070117,0.133480173,958.943917,3008656476
3,8826,1670,128,2.09577847,0.13969133,916.305973,3008656476
3,8827,1671,128,1.52138579,0.132922836,962.964708,3008656476
3,8828,1672,128,2.26091337,0.143938969,889.265783,3008656476
3,8829,1673,128,2.37434936,0.131613291,972.546154,3008656476
3,8830,1674,128,2.25764084,0.145779246,878.039937,3008656476
3,8831,1675,128,1.96452165,0.13023966,982.803548,3008656476
3,8832,1676,128,2.14630246,0.131628457,972.434099,3008656476
3,8833,1677,128,2.72549748,0.129630089,987.425072,3008656476
3,8834,1678,128,2.46986151,0.130050672,984.231746,3008656476
3,8835,1679,128,2.48671412,0.130221652,982.939458,3008656476
3,8836,1680,128,2.35454893,0.143447868,892.310229,3008656476
3,8837,1681,128,2.34357691,0.127245012,1005.93334,3008656476
3,8838,1682,128,2.51223826,0.144565361,885.412654,3008656476
3,8839,1683,128,2.35713506,0.128239329,998.133732,3008656476
3,8840,1684,128,2.02711535,0.127302219,1005.48129,3008656476
3,8841,1685,128,1.87235522,0.128105916,999.173215,3008656476
3,8842,1686,128,2.47994065,0.127198664,1006.29988,3008656476
3,8843,1687,128,2.0076139,0.126929761,1008.43174,3008656476
3,8844,1688,128,1.93711674,0.140851472,908.758696,3008656476
3,8845,1689,128,1.88012302,0.126438545,1012.34952,3008656476
3,8846,1690,128,2.0501287,0.141295218,905.904685,3008656476
3,8847,1691,128,2.25768423,0.127125259,1006.88094,3008656476
3,8848,1692,128,1.9369086,0.12773831,1002.04864,3008656476
3,8849,1693,128,2.05856371,0.126975978,1008.06469,3008656476
3,8850,1694,128,2.16975307,0.127603614,1003.10639,3008656476
3,8851,1695,128,2.21279049,0.127758744,1001.88837,3008656476
3,8852,1696,128,2.30896354,0.140693495,909.779091,3008656476
3,8853,1697,128,2.19008493,0.11598225,1103.61715,3008656476
3,8854,1698,128,2.20876598,0.138681743,922.976574,3008656476
3,8855,1699,128,2.22089767,0.128685034,994.676661,3008656476
3,8856,1700,128,2.12638259,0.127806606,1001.51318,3008656476
3,8857,1701,128,2.2889421,0.12670624,1010.2107,3008656476
3,8858,1702,128,1.37136757,0.127249015,1005.9017,3008656476
3,8859,1703,128,1.6947217,0.127263178,1005.78975,3008656476
3,8860,1704,128,1.62513864,0.139889799,915.005961,3008656476
3,8861,1705,128,1.71134698,0.126776747,1009.64888,3008656476
3,8862,1706,128,2.14198732,0.135592088,944.007883,3008656476
3,8863,1707,128,2.15091753,0.127225112,1006.09068,3008656476
3,8864,1708,128,2.57022071,0.126314386,1013.34459,3008656476
3,8865,1709,128,2.01078105,0.127079518,1007.24335,3008656476
3,8866,1710,128,2.38418293,0.126548386,1011.47082,3008656476
3,8867,1711,128,1.95790422,0.127247874,1005.91072,3008656476
3,8868,1712,128,1.87091637,0.139719204,916.123169,3008656476
3,8869,1713,128,2.13774443,0.125336805,1021.24831,3008656476
3,8870,1714,128,2.34970617,0.130182241,983.23703,3008656476
3,8871,1715,128,1.92746377,0.134985045,948.253194,3008656476
3,8872,1716,128,1.92853296,0.132127922,968.75814,3008656476
3,8873,1717,128,2.5657239,0.184182261,694.963778,3008656476
3,8874,1718,128,1.70250821,0.140529727,910.839313,3008656476
3,8875,1719,128,2.06504154,0.130278953,982.507128,3008656476
3,8876,1720,128,2.72516942,0.144991773,882.808709,3008656476
3,8877,1721,128,2.3964467,0.130619247,979.947465,3008656476
3,8878,1722,128,2.28648996,0.14524017,881.298886,3008656476
3,8879,1723,128,2.39821887,0.128921738,992.850407,3008656476
3,8880,1724,128,2.38165188,0.129574518,987.848552,3008656476
3,8881,1725,128,1.58397937,0.127760228,1001.87673,3008656476
3,8882,1726,128,2.61971307,0.129522103,988.248315,3008656476
3,8883,1727,128,2.25303364,0.130522148,980.676475,3008656476
3,8884,1728,128,2.23204398,0.142009134,901.350472,3008656476
3,8885,1729,128,2.23480821,0.128802815,993.767101,3008656476
3,8886,1730,128,1.9699688,0.142175453,900.296059,3008656476
3,8887,1731,128,1.65953434,0.127403109,1004.68506,3008656476
3,8888,1732,128,2.47258997,0.126315898,1013.33246,3008656476
3,8889,1733,128,1.59568298,0.126901521,1008.65615,3008656476
3,8890,1734,128,1.99451661,0.125931093,1016.42888,3008656476
3,8891,1735,128,1.60058105,0.127243506,1005.94525,3008656476
3,8892,1736,128,1.78969872,0.141711343,903.244562,3008656476
3,8893,1737,128,1.45346236,0.126221725,1014.0885,3008656476
3,8894,1738,128,1.69337177,0.138499871,924.188586,3008656476
3,8895,1739,128,1.34883976,0.125882128,1016.82425,3008656476
3,8896,1740,128,1.3521477,0.126317035,1013.32334,3008656476
3,8897,1741,128,1.68898273,0.12665831,1010.59299,3008656476
3,8898,1742,128,1.68027198,0.127124648,1006.88578,3008656476
3,8899,1743,128,1.90962112,0.127211379,1006.1993,3008656476
3,8900,1744,128,2.17908716,0.141953793,901.701866,3008656476
3,8901,1745,128,1.46029341,0.127869618,1001.01965,3008656476
3,8902,1746,128,2.34826183,0.139613008,916.820014,3008656476
3,8903,1747,128,2.49945498,0.127586075,1003.24428,3008656476
3,8904,1748,128,1.93021905,0.125557857,1019.45034,3008656476
3,8905,1749,128,2.59789324,0.12667257,1010.47922,3008656476
3,8906,1750,128,1.88295627,0.125049316,1023.59616,3008656476
3,8907,1751,128,2.1897893,0.12645036,1012.25493,3008656476
3,8908,1752,128,1.89733434,0.14011431,913.539809,3008656476
3,8909,1753,128,2.15479112,0.127146714,1006.71103,3008656476
3,8910,1754,128,2.15278411,0.141837916,902.438527,3008656476
3,8911,1755,128,2.70803237,0.125952096,1016.25939,3008656476
3,8912,1756,128,1.78237975,0.126202375,1014.24399,3008656476
3,8913,1757,128,1.71649349,0.127585397,1003.24961,3008656476
3,8914,1758,128,1.88088858,0.127089593,1007.16351,3008656476
3,8915,1759,128,2.04786563,0.126489714,1011.93999,3008656476
3,8916,1760,128,2.24277711,0.14555619,879.38548,3008656476
3,8917,1761,128,1.66957629,0.126393831,1012.70765,3008656476
3,8918,1762,128,2.71883297,0.142233868,899.92631,3008656476
3,8919,1763,128,1.84967864,0.12689159,1008.73509,3008656476
3,8920,1764,128,1.82556283,0.125932215,1016.41983,3008656476
3,8921,1765,128,1.62741685,0.127308039,1005.43533,3008656476
3,8922,1766,128,2.26425409,0.125990189,1015.95212,3008656476
3,8923,1767,128,2.31802797,0.12449565,1028.14837,3008656476
3,8924,1768,128,2.12973499,0.142140477,900.517591,3008656476
3,8925,1769,128,1.70962763,0.126363726,1012.94892,3008656476
3,8926,1770,128,1.68972611,0.140855357,908.733631,3008656476
3,8927,1771,128,1.77922904,0.125664392,1018.58608,3008656476
3,8928,1772,128,1.48252082,0.125632614,1018.84372,3008656476
3,8929,1773,128,1.65197372,0.12589511,1016.71939,3008656476
3,8930,1774,128,1.52880263,0.126665215,1010.5379,3008656476
3,8931,1775,128,1.65050864,0.126216173,1014.13311,3008656476
3,8932,1776,128,1.79896522,0.142463616,898.475018,3008656476
3,8933,1777,128,1.66389346,0.12699052,1007.94925,3008656476
3,8934,1778,128,1.41540301,0.138368956,925.062989,3008656476
3,8935,1779,128,1.89590442,0.126863482,1008.95859,3008656476
3,8936,1780,128,1.61172915,0.128352316,997.255087,3008656476
3,8937,1781,128,1.1499778,0.129205498,990.669917,3008656476
3,8938,1782,128,1.50266182,0.130392834,981.649038,3008656476
3,8939,1783,128,1.52697766,0.129764119,986.405186,3008656476
3,8940,1784,128,1.71208048,0.144651646,884.884504,3008656476
3,8941,1785,128,1.57281744,0.131098787,976.362962,3008656476
3,8942,1786,128,1.27702534,0.146397842,874.329828,3008656476
3,8943,1787,128,1.42012036,0.143261481,893.471149,3008656476
3,8944,1788,128,1.15833056,0.144010779,888.822357,3008656476
3,8945,1789,128,1.66949487,0.135178238,946.897976,3008656476
3,8946,1790,128,1.40181983,0.13127933,975.020211,3008656476
3,8947,1791,128,1.91927719,0.13088797,977.935558,3008656476
3,8948,1792,128,1.90198386,0.143166165,894.065997,3008656476
3,8949,1793,128,1.33060992,0.12913795,991.188105,3008656476
3,8950,1794,128,1.83132839,0.142680983,897.106239,3008656476
3,8951,1795,128,1.23647499,0.130105276,983.818673,3008656476
3,8952,1796,128,1.9539479,0.127812813,1001.46454,3008656476
3,8953,1797,128,2.10643458,0.128514157,995.999219,3008656476
3,8954,1798,128,2.02718735,0.126562575,1011.35743,3008656476
3,8955,1799,128,1.51963377,0.128597191,995.356112,3008656476
3,8956,1800,128,1.5809406,0.141062226,907.400965,3008656476
3,8957,1801,128,1.70970094,0.126137853,1014.76279,3008656476
3,8958,1802,128,1.51378787,0.142340349,899.253099,3008656476
3,8959,1803,128,1.89867258,0.126280759,1013.61443,3008656476
3,8960,1804,128,1.59256077,0.125930403,1016.43445,3008656476
3,8961,1805,128,2.21570301,0.125575051,1019.31075,3008656476
3,8962,1806,128,1.740453,0.126864445,1008.95093,3008656476
3,8963,1807,128,2.02486348,0.127040694,1007.55117,3008656476
3,8964,1808,128,1.79152465,0.141549743,904.27575,3008656476
3,8965,1809,128,2.46344018,0.127101343,1007.0704,3008656476
3,8966,1810,128,2.02600598,0.141661276,903.563794,3008656476
3,8967,1811,128,1.50045812,0.125923762,1016.48806,3008656476
3,8968,1812,128,1.29030883,0.126925045,1008.46921,3008656476
3,8969,1813,128,1.2753253,0.127295035,1005.53804,3008656476
3,8970,1814,128,2.2651155,0.126941723,1008.33672,3008656476
3,8971,1815,128,2.06507087,0.126407665,1012.59682,3008656476
3,8972,1816,128,1.73846102,0.143671068,890.923982,3008656476
3,8973,1817,128,1.89788973,0.126661618,1010.56659,3008656476
3,8974,1818,128,1.4441781,0.139919668,914.810633,3008656476
3,8975,1819,128,1.32757413,0.126751602,1009.84917,3008656476
3,8976,1820,128,1.87469268,0.126982642,1008.01179,3008656476
3,8977,1821,128,2.30739975,0.127596216,1003.16455,3008656476
3,8978,1822,128,2.51235962,0.126222938,1014.07876,3008656476
3,8979,1823,128,2.14121604,0.125398411,1020.74659,3008656476
3,8980,1824,128,2.09925008,0.141733297,903.104653,3008656476
3,8981,1825,128,1.71921027,0.125755312,1017.84965,3008656476
3,8982,1826,128,2.32615042,0.139605146,916.871646,3008656476
3,8983,1827,128,1.89966547,0.125725854,1018.08813,3008656476
3,8984,1828,128,1.7188493,0.125764733,1017.7734,3008656476
3,8985,1829,128,1.84349346,0.125446844,1020.35249,3008656476
3,8986,1830,128,1.93496454,0.126221347,1014.09154,3008656476
3,8987,1831,128,2.07678318,0.12662322,1010.87305,3008656476
3,8988,1832,128,1.91639638,0.141981229,901.527624,3008656476
3,8989,1833,128,2.04406404,0.12559406,1019.15648,3008656476
3,8990,1834,128,2.25426674,0.135130893,947.229735,3008656476
3,8991,1835,128,1.89957798,0.126556852,1011.40316,3008656476
3,8992,1836,128,1.46848297,0.127934304,1000.51351,3008656476
3,8993,1837,128,1.91381013,0.128746864,994.198973,3008656476
3,8994,1838,128,2.29788232,0.130149581,983.483765,3008656476
3,8995,1839,128,2.24270153,0.131930042,970.211167,3008656476
3,8996,1840,128,2.42053461,0.143742464,890.481466,3008656476
3,8997,1841,128,2.35843515,0.129503963,988.386741,3008656476
3,8998,1842,128,2.07238865,0.149290333,857.389741,3008656476
3,8999,1843,128,1.99309242,0.128513918,996.001071,3008656476
3,9000,1844,128,2.07227039,0.128235809,998.16113,3008656476
3,9001,1845,128,1.75918496,0.128839407,993.484858,3008656476
3,9002,1846,128,1.81730092,0.130506236,980.796044,3008656476
3,9003,1847,128,1.37082911,0.129654356,987.240259,3008656476
3,9004,1848,128,2.03535652,0.142827319,896.187094,3008656476
3,9005,1849,128,2.07694745,0.130995427,977.133347,3008656476
3,9006,1850,128,2.27590728,0.148619807,861.258015,3008656476
3,9007,1851,128,1.97927308,0.129629468,987.429803,3008656476
3,9008,1852,128,1.53880692,0.130309913,982.273697,3008656476
3,9009,1853,128,2.0113337,0.131351561,974.484041,3008656476
3,9010,1854,128,2.15441346,0.129392007,989.24194,3008656476
3,9011,1855,128,1.87957597,0.129458856,988.731122,3008656476
3,9012,1856,128,1.94773388,0.142483547,898.349337,3008656476
3,9013,1857,128,1.23089194,0.128580053,995.488779,3008656476
3,9014,1858,128,1.9525876,0.141644536,903.67058,3008656476
3,9015,1859,128,1.68424761,0.127222303,1006.1129,3008656476
3,9016,1860,128,1.89372587,0.128050754,999.603642,3008656476
3,9017,1861,128,2.14129901,0.127044569,1007.52044,3008656476
3,9018,1862,128,1.85577011,0.126261387,1013.76995,3008656476
3,9019,1863,128,1.81659925,0.126386512,1012.7663,3008656476
3,9020,1864,128,2.17194676,0.140658495,910.005471,3008656476
3,9021,1865,128,2.00838494,0.126410037,1012.57782,3008656476
3,9022,1866,128,1.82950222,0.141900761,902.038855,3008656476
3,9023,1867,128,2.52076435,0.126298222,1013.47428,3008656476
3,9024,1868,128,1.95447314,0.126611715,1010.9649,3008656476
3,9025,1869,128,1.84373724,0.126518732,1011.70789,3008656476
3,9026,1870,128,2.00559235,0.126483225,1011.99191,3008656476
3,9027,1871,128,1.71260011,0.126329611,1013.22247,3008656476
3,9028,1872,128,2.25289655,0.139861121,915.19358,3008656476
3,9029,1873,128,2.14460039,0.127243447,1005.94571,3008656476
3,9030,1874,128,2.34560847,0.135274079,946.227104,3008656476
3,9031,1875,128,1.91238856,0.124471852,1028.34495,3008656476
3,9032,1876,128,1.74243748,0.126508792,1011.78739,3008656476
3,9033,1877,128,1.6770345,0.12686671,1008.93292,3008656476
3,9034,1878,128,1.7811985,0.126702192,1010.24298,3008656476
3,9035,1879,128,1.25195849,0.126407514,1012.59803,3008656476
3,9036,1880,128,1.84693074,0.12958125,987.797231,3008656476
3,9037,1881,128,1.73881078,0.127188576,1006.37969,3008656476
3,9038,1882,128,1.92460525,0.12701589,1007.74793,3008656476
3,9039,1883,128,1.67107391,0.139826992,915.41696,3008656476
3,9040,1884,128,2.00437212,0.128456977,996.442568,3008656476
3,9041,1885,128,1.78795516,0.12821428,998.328735,3008656476
3,9042,1886,128,2.00085998,0.131030453,976.872147,3008656476
3,9043,1887,128,1.6477356,0.130813319,978.493635,3008656476
3,9044,1888,128,1.73003697,0.130324463,982.164032,3008656476
3,9045,1889,128,2.17401004,0.146167878,875.7054,3008656476
3,9046,1890,128,2.11732316,0.134849532,949.206112,3008656476
3,9047,1891,128,1.90456927,0.142794881,896.390677,3008656476
3,9048,1892,128,1.83703256,0.138570763,923.715777,3008656476
3,9049,1893,128,1.77193952,0.139303409,918.857628,3008656476
3,9050,1894,128,1.65584505,0.129311013,989.861552,3008656476
3,9051,1895,128,1.75534511,0.130448566,981.229644,3008656476
3,9052,1896,128,1.99067056,0.145247594,881.25384,3008656476
3,9053,1897,128,2.04075193,0.131026986,976.897996,3008656476
3,9054,1898,128,2.25263405,0.142817969,896.245766,3008656476
3,9055,1899,128,2.92951322,0.129610394,987.575117,3008656476
3,9056,1900,128,2.29009199,0.130169392,983.334085,3008656476
3,9057,1901,128,1.84940469,0.129265598,990.209321,3008656476
3,9058,1902,128,1.83274078,0.127936994,1000.49248,3008656476
3,9059,1903,128,2.16807246,0.128323712,997.47738,3008656476
3,9060,1904,128,1.472054,0.142172245,900.316373,3008656476
3,9061,1905,128,1.9268769,0.127307533,1005.43932,3008656476
3,9062,1906,128,1.65892327,0.141494895,904.626276,3008656476
3,9063,1907,128,1.70945406,0.126714504,1010.14482,3008656476
3,9064,1908,128,1.81446445,0.126643379,1010.71214,3008656476
3,9065,1909,128,1.56274939,0.12636791,1012.91538,3008656476
3,9066,1910,128,1.92291224,0.126574125,1011.26514,3008656476
3,9067,1911,128,1.63152587,0.126139523,1014.74936,3008656476
3,9068,1912,128,1.8193258,0.141509531,904.532713,3008656476
3,9069,1913,128,1.80740976,0.126698172,1010.27503,3008656476
3,9070,1914,128,1.94035745,0.141113921,907.068552,3008656476
3,9071,1915,128,1.55304992,0.127063863,1007.36745,3008656476
3,9072,1916,128,2.05233526,0.126441831,1012.32321,3008656476
3,9073,1917,128,1.79561353,0.127085775,1007.19376,3008656476
3,9074,1918,128,2.16189051,0.124691753,1026.5314,3008656476
3,9075,1919,128,1.53769934,0.126366311,1012.9282,3008656476
3,9076,1920,128,1.51146722,0.139826795,915.41825,3008656476
3,9077,1921,128,1.92716849,0.127891894,1000.84529,3008656476
3,9078,1922,128,2.28796744,0.129033944,991.987039,3008656476
3,9079,1923,128,1.93361878,0.12457639,1027.48201,3008656476
3,9080,1924,128,1.85841441,0.125701814,1018.28284,3008656476
3,9081,1925,128,1.43614459,0.125310001,1021.46675,3008656476
3,9082,1926,128,1.83640873,0.126594184,1011.1049,3008656476
3,9083,1927,128,1.96942961,0.127072292,1007.30063,3008656476
3,9084,1928,128,2.02881217,0.127805427,1001.52242,3008656476
3,9085,1929,128,2.21125197,0.138851204,921.850127,3008656476
3,9086,1930,128,2.11819172,0.129520244,988.262499,3008656476
3,9087,1931,128,1.4852252,0.142632481,897.411299,3008656476
3,9088,1932,128,1.32944584,0.1295307,988.182724,3008656476
3,9089,1933,128,1.53589678,0.132944163,962.810229,3008656476
3,9090,1934,128,1.5921948,0.131611804,972.557142,3008656476
3,9091,1935,128,1.40618622,0.134674789,950.437724,3008656476
3,9092,1936,128,2.11628175,0.149048882,858.778666,3008656476
3,9093,1937,128,1.95394087,0.127709591,1002.27398,3008656476
3,9094,1938,128,2.13379383,0.146368382,874.505807,3008656476
3,9095,1939,128,1.75037217,0.124312276,1029.665,3008656476
3,9096,1940,128,1.90359366,0.130339208,982.052921,3008656476
3,9097,1941,128,1.46288085,0.130887725,977.937389,3008656476
3,9098,1942,128,2.23930717,0.131056089,976.681061,3008656476
3,9099,1943,128,1.90647888,0.129930216,985.14421,3008656476
3,9100,1944,128,1.95977986,0.141630577,903.759645,3008656476
3,9101,1945,128,1.89814293,0.129069653,991.712591,3008656476
3,9102,1946,128,1.34103096,0.137907194,928.160426,3008656476
3,9103,1947,128,1.69602191,0.123114724,1039.68068,3008656476
3,9104,1948,128,1.99351645,0.127016786,1007.74082,3008656476
3,9105,1949,128,1.69909477,0.126008346,1015.80573,3008656476
3,9106,1950,128,2.55518842,0.12607546,1015.26498,3008656476
3,9107,1951,128,2.42611694,0.126350452,1013.05534,3008656476
3,9108,1952,128,1.99546218,0.126108912,1014.99567,3008656476
3,9109,1953,128,1.99517584,0.133044051,962.087362,3008656476
3,9110,1954,128,1.87564504,0.127351132,1005.09511,3008656476
3,9111,1955,128,1.88354325,0.142742636,896.718763,3008656476
3,9112,1956,128,2.27212667,0.127066619,1007.3456,3008656476
3,9113,1957,128,1.65400505,0.127844161,1001.21898,3008656476
3,9114,1958,128,1.74003065,0.126629642,1010.82178,3008656476
3,9115,1959,128,1.22080338,0.126612146,1010.96146,3008656476
3,9116,1960,128,2.09536242,0.125868143,1016.93722,3008656476
3,9117,1961,128,1.9070971,0.143105884,894.442607,3008656476
3,9118,1962,128,1.67012537,0.126867658,1008.92538,3008656476
3,9119,1963,128,1.63597739,0.140556931,910.663025,3008656476
3,9120,1964,128,1.47279453,0.126872535,1008.8866,3008656476
3,9121,1965,128,1.62810171,0.127065928,1007.35108,3008656476
3,9122,1966,128,1.99283445,0.125963116,1016.17048,3008656476
3,9123,1967,128,1.91893864,0.126128916,1014.8347,3008656476
3,9124,1968,128,2.2129724,0.125385512,1020.8516,3008656476
3,9125,1969,128,1.73607063,0.139821662,915.451856,3008656476
3,9126,1970,128,1.91406512,0.125199516,1022.36817,3008656476
3,9127,1971,128,1.83083987,0.141016139,907.697522,3008656476
3,9128,1972,128,2.26227355,0.126995537,1007.90944,3008656476
3,9129,1973,128,1.98259568,0.126859863,1008.98737,3008656476
3,9130,1974,128,1.06675673,0.126824245,1009.27074,3008656476
3,9131,1975,128,1.59258199,0.12721928,1006.13681,3008656476
3,9132,1976,128,1.79514349,0.128220546,998.279948,3008656476
3,9133,1977,128,1.65369999,0.143735256,890.526121,3008656476
3,9134,1978,128,1.82391691,0.130162308,983.387603,3008656476
3,9135,1979,128,1.75972843,0.145512445,879.649847,3008656476
3,9136,1980,128,2.21619964,0.131475136,973.568113,3008656476
3,9137,1981,128,2.06458783,0.131825374,970.981505,3008656476
3,9138,1982,128,1.82084358,0.132440431,966.47224,3008656476
3,9139,1983,128,2.15489769,0.130482503,980.974438,3008656476
3,9140,1984,128,1.72875249,0.130232075,982.860789,3008656476
3,9141,1985,128,1.60170424,0.142955042,895.386397,3008656476
3,9142,1986,128,1.46597779,0.129883777,985.496441,3008656476
3,9143,1987,128,1.95818388,0.146592708,873.167579,3008656476
3,9144,1988,128,2.1162734,0.12962383,987.472751,3008656476
3,9145,1989,128,2.1399796,0.129524343,988.231224,3008656476
3,9146,1990,128,1.64056265,0.128380469,997.036395,3008656476
3,9147,1991,128,1.42268288,0.129429468,988.955622,3008656476
3,9148,1992,128,1.49340129,0.131256185,975.19214,3008656476
3,9149,1993,128,1.78953135,0.137892508,928.259279,3008656476
3,9150,1994,128,1.85110927,0.126705615,1010.21569,3008656476
3,9151,1995,128,1.6847651,0.148125071,864.134607,3008656476
3,9152,1996,128,1.66441119,0.129395591,989.21454,3008656476
3,9153,1997,128,2.20737171,0.129333907,989.686332,3008656476
3,9154,1998,128,2.15749788,0.129533468,988.161608,3008656476
3,9155,1999,128,2.11668777,0.127568954,1003.37893,3008656476
3,9156,2000,128,1.82854223,0.1267809,1009.6158,3008656476
3,9157,2001,128,1.50512373,0.135823601,942.39881,3008656476
3,9158,2002,128,2.06672716,0.126188604,1014.35467,3008656476
3,9159,2003,128,2.05967832,0.147762017,866.257802,3008656476
3,9160,2004,128,1.48140574,0.126382165,1012.80113,3008656476
3,9161,2005,128,1.57186449,0.125944251,1016.32269,3008656476
3,9162,2006,128,1.51777732,0.126561346,1011.36725,3008656476
3,9163,2007,128,1.71731174,0.125998317,1015.88659,3008656476
3,9164,2008,128,1.75640857,0.126026858,1015.65652,3008656476
3,9165,2009,128,1.59467673,0.141178922,906.650923,3008656476
3,9166,2010,128,1.64075089,0.1267082,1010.19508,3008656476
3,9167,2011,128,2.11362529,0.147211834,869.495315,3008656476
3,9168,2012,128,2.36802888,0.125827353,1017.26689,3008656476
3,9169,2013,128,1.77069998,0.125830444,1017.2419,3008656476
3,9170,2014,128,2.22762895,0.126536933,1011.56237,3008656476
3,9171,2015,128,1.80468619,0.126350764,1013.05284,3008656476
3,9172,2016,128,1.96448386,0.126759153,1009.78901,3008656476
3,9173,2017,128,2.53362393,0.140359089,911.946643,3008656476
3,9174,2018,128,1.86537433,0.126502663,1011.83641,3008656476
3,9175,2019,128,1.89728343,0.146818849,871.822664,3008656476
3,9176,2020,128,1.72096729,0.127184485,1006.41206,3008656476
3,9177,2021,128,2.29108357,0.125524755,1019.71918,3008656476
3,9178,2022,128,2.31122518,0.127963312,1000.28671,3008656476
3,9179,2023,128,2.22011828,0.126090549,1015.14349,3008656476
3,9180,2024,128,2.21845889,0.126341553,1013.12669,3008656476
3,9181,2025,128,2.11634636,0.142331335,899.31005,3008656476
3,9182,2026,128,1.48770297,0.126511869,1011.76278,3008656476
3,9183,2027,128,2.03539205,0.143375179,892.762617,3008656476
3,9184,2028,128,2.06510496,0.125566977,1019.3763,3008656476
3,9185,2029,128,2.25110173,0.127005903,1007.82717,3008656476
3,9186,2030,128,1.96894646,0.127249854,1005.89506,3008656476
3,9187,2031,128,1.89604819,0.126549678,1011.4605,3008656476
3,9188,2032,128,1.84457099,0.126793168,1009.51812,3008656476
3,9189,2033,128,1.71974838,0.142851713,896.034057,3008656476
3,9190,2034,128,1.79605269,0.127459161,1004.24323,3008656476
3,9191,2035,128,1.8518337,0.143005163,895.072579,3008656476
3,9192,2036,128,1.52651024,0.127459954,1004.23699,3008656476
3,9193,2037,128,1.63981426,0.126391055,1012.7299,3008656476
3,9194,2038,128,1.85951865,0.126946079,1008.30212,3008656476
3,9195,2039,128,2.17558241,0.12822611,998.236631,3008656476
3,9196,2040,128,1.95520341,0.126725851,1010.05437,3008656476
3,9197,2041,128,2.30833411,0.140119471,913.506161,3008656476
3,9198,2042,128,2.20054007,0.126319905,1013.30032,3008656476
3,9199,2043,128,2.04948473,0.144084713,888.366277,3008656476
3,9200,2044,128,1.89568222,0.126807621,1009.40305,3008656476
3,9201,2045,128,1.88486564,0.127075905,1007.27199,3008656476
3,9202,2046,128,1.84464169,0.12653423,1011.58398,3008656476
3,9203,2047,128,2.12124252,0.126452473,1012.23801,3008656476
3,9204,2048,128,2.10284352,0.125842422,1017.14508,3008656476
3,9205,2049,128,1.8770119,0.141372248,905.411082,3008656476
3,9206,2050,128,2.29845357,0.125027302,1023.77639,3008656476
3,9207,2051,128,1.9770087,0.143813009,890.044655,3008656476
3,9208,2052,128,1.57497728,0.12556593,1019.3848,3008656476
3,9209,2053,128,2.16475034,0.126023582,1015.68292,3008656476
3,9210,2054,128,2.24243212,0.125288395,1021.64291,3008656476
3,9211,2055,128,1.71860445,0.125659478,1018.62591,3008656476
3,9212,2056,128,1.98651791,0.125264102,1021.84104,3008656476
3,9213,2057,128,1.85326087,0.138888556,921.602209,3008656476
3,9214,2058,128,1.60263669,0.125400864,1020.72662,3008656476
3,9215,2059,128,1.99317265,0.1410701,907.350317,3008656476
3,9216,2060,128,1.5580076,0.12576795,1017.74737,3008656476
3,9217,2061,128,2.34442067,0.124847585,1025.25011,3008656476
3,9218,2062,128,2.07904148,0.125889872,1016.7617,3008656476
3,9219,2063,128,1.57614529,0.126946227,1008.30094,3008656476
3,9220,2064,128,1.91424465,0.126102277,1015.04908,3008656476
3,9221,2065,128,1.74896276,0.139402325,918.205633,3008656476
3,9222,2066,128,1.84196353,0.128071928,999.438378,3008656476
3,9223,2067,128,1.54402614,0.142448419,898.570871,3008656476
3,9224,2068,128,1.56570494,0.125068546,1023.43878,3008656476
3,9225,2069,128,1.8425914,0.128968857,992.487667,3008656476
3,9226,2070,128,1.56462526,0.129651133,987.264801,3008656476
3,9227,2071,128,1.97198486,0.129494461,988.459267,3008656476
3,9228,2072,128,1.61721289,0.129602766,987.633242,3008656476
3,9229,2073,128,1.95298755,0.143784299,890.222374,3008656476
3,9230,2074,128,1.48320866,0.131424992,973.939569,3008656476
3,9231,2075,128,2.13565207,0.145105534,882.116598,3008656476
3,9232,2076,128,1.87894261,0.130724158,979.161021,3008656476
3,9233,2077,128,1.81178284,0.130143724,983.528026,3008656476
3,9234,2078,128,1.55044055,0.13018076,983.248216,3008656476
3,9235,2079,128,2.17117524,0.130004776,984.579213,3008656476
3,9236,2080,128,2.10676742,0.130673099,979.543617,3008656476
3,9237,2081,128,1.7086041,0.143105389,894.445701,3008656476
3,9238,2082,128,1.83320546,0.132131252,968.733725,3008656476
3,9239,2083,128,1.95122898,0.143741677,890.486341,3008656476
3,9240,2084,128,1.66490257,0.130110198,983.781456,3008656476
3,9241,2085,128,1.66675472,0.130368539,981.831974,3008656476
3,9242,2086,128,1.82537091,0.129122421,991.307311,3008656476
3,9243,2087,128,1.55727577,0.127633617,1002.87058,3008656476
3,9244,2088,128,1.71946752,0.127121379,1006.91167,3008656476
3,9245,2089,128,1.55397403,0.142705628,896.95131,3008656476
3,9246,2090,128,1.84571838,0.12690607,1008.62,3008656476
3,9247,2091,128,1.50647151,0.140725745,909.570598,3008656476
3,9248,2092,128,1.34866297,0.127152026,1006.66898,3008656476
3,9249,2093,128,1.39116645,0.125823275,1017.29986,3008656476
3,9250,2094,128,2.21221399,0.126408984,1012.58626,3008656476
3,9251,2095,128,1.42175651,0.126344902,1013.09984,3008656476
3,9252,2096,128,2.03893542,0.126698584,1010.27175,3008656476
3,9253,2097,128,1.85215354,0.140049238,913.964273,3008656476
3,9254,2098,128,1.8340801,0.127000821,1007.8675,3008656476
3,9255,2099,128,1.8722868,0.138919249,921.398589,3008656476
3,9256,2100,128,1.71309972,0.128032065,999.749555,3008656476
3,9257,2101,128,1.94364393,0.12556947,1019.35606,3008656476
3,9258,2102,128,1.90501702,0.1265436,1011.50908,3008656476
3,9259,2103,128,1.1013999,0.126709195,1010.18715,3008656476
3,9260,2104,128,1.70089543,0.126089083,1015.15529,3008656476
3,9261,2105,128,1.62531316,0.139263119,919.123462,3008656476
3,9262,2106,128,1.36826003,0.127684574,1002.47035,3008656476
3,9263,2107,128,1.74411714,0.12564972,1018.70502,3008656476
3,9264,2108,128,1.87979877,0.128449655,996.499368,3008656476
3,9265,2109,128,1.82178724,0.126221012,1014.09423,3008656476
3,9266,2110,128,1.86781752,0.125722218,1018.11758,3008656476
3,9267,2111,128,1.67901802,0.125552417,1019.49451,3008656476
3,9268,2112,128,1.87914145,0.125735776,1018.00779,3008656476
3,9269,2113,128,1.75592124,0.125483478,1020.05461,3008656476
3,9270,2114,128,1.34337616,0.132621286,965.154266,3008656476
3,9271,2115,128,1.79417884,0.128127101,999.008008,3008656476
3,9272,2116,128,1.53700912,0.142982702,895.213185,3008656476
3,9273,2117,128,1.83949912,0.129207004,990.65837,3008656476
3,9274,2118,128,1.87420416,0.130479493,980.997067,3008656476
3,9275,2119,128,1.77438319,0.13058407,980.211445,3008656476
3,9276,2120,128,1.31840634,0.13045415,981.187643,3008656476
3,9277,2121,128,1.48389399,0.130324682,982.162381,3008656476
3,9278,2122,128,1.64369845,0.135596337,943.978302,3008656476
3,9279,2123,128,1.36422038,0.131921889,970.271128,3008656476
3,9280,2124,128,1.45497167,0.147898504,865.458382,3008656476
3,9281,2125,128,1.11249745,0.130431414,981.358678,3008656476
3,9282,2126,128,1.21488059,0.131944429,970.105377,3008656476
3,9283,2127,128,2.09148216,0.130466051,981.09814,3008656476
3,9284,2128,128,1.64653504,0.130325176,982.158658,3008656476
3,9285,2129,128,1.45479715,0.146493683,873.757812,3008656476
3,9286,2130,128,1.97052348,0.130506001,980.79781,3008656476
3,9287,2131,128,1.52090323,0.128851975,993.387955,3008656476
3,9288,2132,128,1.75936532,0.140574611,910.548492,3008656476
3,9289,2133,128,1.68781435,0.131357622,974.439077,3008656476
3,9290,2134,128,2.11361241,0.130783188,978.719069,3008656476
3,9291,2135,128,1.71068382,0.129711028,986.808924,3008656476
3,9292,2136,128,1.67276824,0.128630252,995.100282,3008656476
3,9293,2137,128,1.74473202,0.143054526,894.763721,3008656476
3,9294,2138,128,1.7726748,0.130744977,979.005105,3008656476
3,9295,2139,128,1.90167606,0.130985036,977.210862,3008656476
3,9296,2140,128,1.90200615,0.128687647,994.656465,3008656476
3,9297,2141,128,1.48879099,0.125865058,1016.96215,3008656476
3,9298,2142,128,1.56751657,0.126208338,1014.19607,3008656476
3,9299,2143,128,1.76225567,0.125756588,1017.83932,3008656476
3,9300,2144,128,1.69766724,0.125887255,1016.78283,3008656476
3,9301,2145,128,2.10347223,0.12659705,1011.08201,3008656476
3,9302,2146,128,1.83292139,0.129403408,989.154783,3008656476
3,9303,2147,128,1.71094811,0.126334682,1013.1818,3008656476
3,9304,2148,128,1.03193521,0.139423789,918.064277,3008656476
3,9305,2149,128,1.56860447,0.126285827,1013.57376,3008656476
3,9306,2150,128,1.29634368,0.126163219,1014.55877,3008656476
3,9307,2151,128,1.7253567,0.125959068,1016.20314,3008656476
3,9308,2152,128,1.67748058,0.126013147,1015.76703,3008656476
3,9309,2153,128,1.42128444,0.125608005,1019.04333,3008656476
3,9310,2154,128,1.55242634,0.14010776,913.582517,3008656476
3,9311,2155,128,2.10482693,0.125156078,1022.723,3008656476
3,9312,2156,128,1.81995857,0.140052906,913.940336,3008656476
3,9313,2157,128,1.8700887,0.125135745,1022.88918,3008656476
3,9314,2158,128,1.0680896,0.125589301,1019.1951,3008656476
3,9315,2159,128,1.66247487,0.125447719,1020.34538,3008656476
3,9316,2160,128,1.91258514,0.126741774,1009.92748,3008656476
3,9317,2161,128,1.91694689,0.127468385,1004.17056,3008656476
3,9318,2162,128,1.35786033,0.140575957,910.539773,3008656476
3,9319,2163,128,1.43920207,0.127487992,1004.01613,3008656476
3,9320,2164,128,1.48152399,0.14150785,904.543458,3008656476
3,9321,2165,128,1.89145565,0.128778045,993.958248,3008656476
3,9322,2166,128,1.6878711,0.129167761,990.959346,3008656476
3,9323,2167,128,1.56589007,0.129749509,986.516257,3008656476
3,9324,2168,128,2.04869556,0.129681816,987.031212,3008656476
3,9325,2169,128,1.94884694,0.129905857,985.328937,3008656476
3,9326,2170,128,1.38747072,0.144558182,885.456625,3008656476
3,9327,2171,128,1.62937355,0.131895102,970.468183,3008656476
3,9328,2172,128,1.71156967,0.21106293,606.454198,3008656476
3,9329,2173,128,2.22392321,0.132209171,968.162791,3008656476
3,9330,2174,128,1.97998393,0.130567601,980.335083,3008656476
3,9331,2175,128,1.64898586,0.132081865,969.095947,3008656476
3,9332,2176,128,0.914779484,0.129918372,985.234021,3008656476
3,9333,2177,128,1.62384605,0.145789598,877.977591,3008656476
3,9334,2178,128,1.54817474,0.130038073,984.327105,3008656476
3,9335,2179,128,2.08326221,0.145531097,879.537107,3008656476
3,9336,2180,128,1.86051619,0.128460798,996.412929,3008656476
3,9337,2181,128,1.46569109,0.128807009,993.734743,3008656476
3,9338,2182,128,1.61325192,0.128741983,994.236666,3008656476
3,9339,2183,128,1.89780986,0.127835119,1001.28979,3008656476
3,9340,2184,128,1.6943208,0.126753829,1009.83143,3008656476
3,9341,2185,128,1.85590148,0.141887589,902.122595,3008656476
3,9342,2186,128,1.8790828,0.12720929,1006.21582,3008656476
3,9343,2187,128,1.85317576,0.140339664,912.072869,3008656476
3,9344,2188,128,1.47854674,0.125880992,1016.83342,3008656476
3,9345,2189,128,1.70546162,0.126550085,1011.45724,3008656476
3,9346,2190,128,1.43023825,0.125779962,1017.65017,3008656476
3,9347,2191,128,1.7436682,0.125173722,1022.57884,3008656476
3,9348,2192,128,1.44669986,0.1263037,1013.43033,3008656476
3,9349,2193,128,1.03052521,0.139859651,915.203199,3008656476
3,9350,2194,128,1.76529133,0.127858914,1001.10345,3008656476
3,9351,2195,128,1.36252165,0.12970436,986.859655,3008656476
3,9352,2196,128,1.88695741,0.127022985,1007.69164,3008656476
3,9353,2197,128,2.12537169,0.127343053,1005.15888,3008656476
3,9354,2198,128,1.94543755,0.126221248,1014.09233,3008656476
3,9355,2199,128,1.5873301,0.127419959,1004.5522,3008656476
3,9356,2200,128,1.84813464,0.126036809,1015.57633,3008656476
3,9357,2201,128,1.91727996,0.138832832,921.972117,3008656476
3,9358,2202,128,1.56271768,0.127046767,1007.50301,3008656476
3,9359,2203,128,1.94369698,0.125429859,1020.49066,3008656476
3,9360,2204,128,1.94039094,0.139959086,914.552986,3008656476
3,9361,2205,128,1.60947561,0.125360749,1021.05325,3008656476
3,9362,2206,128,1.66050839,0.125751328,1017.88189,3008656476
3,9363,2207,128,1.63441563,0.125205893,1022.3161,3008656476
3,9364,2208,128,1.70201337,0.125314397,1021.43092,3008656476
3,9365,2209,128,2.13016319,0.125046921,1023.61577,3008656476
3,9366,2210,128,1.46874404,0.136567529,937.265256,3008656476
3,9367,2211,128,1.42494869,0.127064773,1007.36024,3008656476
3,9368,2212,128,1.44606853,0.142942905,895.462423,3008656476
3,9369,2213,128,1.63618183,0.128597682,995.352311,3008656476
3,9370,2214,128,1.55116487,0.128413944,996.776487,3008656476
3,9371,2215,128,1.78481174,0.129449057,988.805967,3008656476
3,9372,2216,128,1.31812227,0.129892743,985.428416,3008656476
3,9373,2217,128,2.02898049,0.130321275,982.188058,3008656476
3,9374,2218,128,1.80865371,0.141177625,906.659253,3008656476
3,9375,2219,128,1.96002948,0.143581265,891.481211,3008656476
3,9376,2220,128,1.51124012,0.146324804,874.766249,3008656476
3,9377,2221,128,1.14186382,0.130323584,982.170656,3008656476
3,9378,2222,128,1.61750436,0.132203261,968.206072,3008656476
3,9379,2223,128,1.67735863,0.129709223,986.822656,3008656476
3,9380,2224,128,1.4400177,0.130894488,977.886861,3008656476
3,9381,2225,128,1.60364866,0.142929445,895.54675,3008656476
3,9382,2226,128,2.01904392,0.130067008,984.10813,3008656476
3,9383,2227,128,1.6768676,0.129797304,986.152994,3008656476
3,9384,2228,128,1.60908484,0.139766635,915.812275,3008656476
3,9385,2229,128,1.52671337,0.130894255,977.888602,3008656476
3,9386,2230,128,1.88941216,0.129869226,985.60686,3008656476
3,9387,2231,128,1.36771786,0.1282018,998.425919,3008656476
3,9388,2232,128,1.82752514,0.127840885,1001.24463,3008656476
3,9389,2233,128,1.39410901,0.140695931,909.763339,3008656476
3,9390,2234,128,1.73275244,0.12707877,1007.24928,3008656476
3,9391,2235,128,1.16555178,0.128066447,999.481152,3008656476
3,9392,2236,128,1.75434768,0.140028894,914.097058,3008656476
3,9393,2237,128,2.04335618,0.125779814,1017.65137,3008656476
3,9394,2238,128,1.66890705,0.127162225,1006.58824,3008656476
3,9395,2239,128,1.86338782,0.126486894,1011.96255,3008656476
3,9396,2240,128,1.57732224,0.12573913,1017.98064,3008656476
3,9397,2241,128,1.60506141,0.140182239,913.097129,3008656476
3,9398,2242,128,2.16709852,0.119810105,1068.3573,3008656476
3,9399,2243,128,1.8073324,0.127249512,1005.89777,3008656476
3,9400,2244,128,1.7961098,0.14294257,895.464521,3008656476
3,9401,2245,128,1.78688633,0.127633156,1002.87421,3008656476
3,9402,2246,128,1.40668368,0.126902596,1008.64761,3008656476
3,9403,2247,128,1.34997916,0.127467763,1004.17546,3008656476
3,9404,2248,128,1.27926052,0.125660623,1018.61663,3008656476
3,9405,2249,128,1.45792747,0.126192679,1014.32192,3008656476
3,9406,2250,128,1.84378958,0.135803174,942.540562,3008656476
3,9407,2251,128,1.45956135,0.126372245,1012.88064,3008656476
3,9408,2252,128,1.31255507,0.141604317,903.927244,3008656476
3,9409,2253,128,1.46668732,0.124722585,1026.27764,3008656476
3,9410,2254,128,2.20026207,0.125806172,1017.43816,3008656476
3,9411,2255,128,1.62520921,0.125151605,1022.75956,3008656476
3,9412,2256,128,1.82572293,0.125170997,1022.60111,3008656476
3,9413,2257,128,1.65315568,0.125536443,1019.62424,3008656476
3,9414,2258,128,2.10024333,0.139812664,915.510772,3008656476
3,9415,2259,128,1.75585198,0.126277343,1013.64185,3008656476
3,9416,2260,128,1.67192662,0.139661868,916.49927,3008656476
3,9417,2261,128,1.51035953,0.126920628,1008.50431,3008656476
3,9418,2262,128,1.44009793,0.127029064,1007.64342,3008656476
3,9419,2263,128,1.6307025,0.127986122,1000.10843,3008656476
3,9420,2264,128,1.30234385,0.128606528,995.283847,3008656476
3,9421,2265,128,1.61879456,0.128838801,993.489531,3008656476
3,9422,2266,128,1.82436693,0.145580537,879.238411,3008656476
3,9423,2267,128,1.62867117,0.129157469,991.038312,3008656476
3,9424,2268,128,1.75389314,0.143110421,894.414251,3008656476
3,9425,2269,128,1.14266562,0.132008805,969.632291,3008656476
3,9426,2270,128,1.4356724,0.13171521,971.793614,3008656476
3,9427,2271,128,1.50735068,0.131700612,971.90133,3008656476
3,9428,2272,128,1.92001045,0.13548402,944.760866,3008656476
3,9429,2273,128,1.42104828,0.134407192,952.329991,3008656476
3,9430,2274,128,1.36836624,0.145302875,880.918564,3008656476
3,9431,2275,128,1.90357637,0.131819994,971.021134,3008656476
3,9432,2276,128,1.62602472,0.143727284,890.575515,3008656476
3,9433,2277,128,1.30042303,0.130548209,980.480705,3008656476
3,9434,2278,128,1.31432474,0.130693241,979.392653,3008656476
3,9435,2279,128,1.5060997,0.130071641,984.073077,3008656476
3,9436,2280,128,1.46038806,0.12952085,988.257875,3008656476
3,9437,2281,128,1.64721036,0.12928925,990.028173,3008656476
3,9438,2282,128,1.98073304,0.132295038,967.534398,3008656476
3,9439,2283,128,1.46047413,0.12755854,1003.46084,3008656476
3,9440,2284,128,1.44282377,0.142194531,900.175268,3008656476
3,9441,2285,128,1.30362332,0.12792979,1000.54882,3008656476
3,9442,2286,128,1.45531559,0.126369283,1012.90438,3008656476
3,9443,2287,128,1.40456557,0.127665122,1002.6231,3008656476
3,9444,2288,128,1.37568641,0.125613109,1019.00193,3008656476
3,9445,2289,128,1.26786304,0.12701835,1007.72841,3008656476
3,9446,2290,128,1.72942519,0.142324358,899.354136,3008656476
3,9447,2291,128,1.91314268,0.12685588,1009.01905,3008656476
3,9448,2292,128,1.31473935,0.141533967,904.376544,3008656476
3,9449,2293,128,1.87869024,0.126434864,1012.37899,3008656476
3,9450,2294,128,1.62502646,0.12622911,1014.02917,3008656476
3,9451,2295,128,2.14218402,0.126573352,1011.27131,3008656476
3,9452,2296,128,2.2724545,0.125717718,1018.15402,3008656476
3,9453,2297,128,1.59432292,0.125979642,1016.03718,3008656476
3,9454,2298,128,1.49529099,0.142389105,898.945183,3008656476
3,9455,2299,128,2.02372813,0.127159967,1006.60611,3008656476
3,9456,2300,128,1.77954328,0.139296574,918.902715,3008656476
3,9457,2301,128,1.84392715,0.126282979,1013.59661,3008656476
3,9458,2302,128,2.13895535,0.126168495,1014.51634,3008656476
3,9459,2303,128,1.69202566,0.127330855,1005.25517,3008656476
3,9460,2304,128,1.60301256,0.127959383,1000.31742,3008656476
3,9461,2305,128,1.82007325,0.125729357,1018.05977,3008656476
3,9462,2306,128,2.38697648,0.140756835,909.369694,3008656476
3,9463,2307,128,1.80429912,0.127565805,1003.40369,3008656476
3,9464,2308,128,1.9692471,0.13833555,925.286378,3008656476
3,9465,2309,128,2.10265207,0.125941169,1016.34756,3008656476
3,9466,2310,128,1.70476508,0.126571617,1011.28518,3008656476
3,9467,2311,128,1.6975075,0.127552223,1003.51054,3008656476
3,9468,2312,128,1.60071731,0.126773713,1009.67304,3008656476
3,9469,2313,128,2.06217742,0.127230396,1006.0489,3008656476
3,9470,2314,128,2.38466692,0.141821987,902.539886,3008656476
3,9471,2315,128,2.11126375,0.125569005,1019.35983,3008656476
3,9472,2316,128,2.29167938,0.142446362,898.583847,3008656476
3,9473,2317,128,2.13157892,0.126901461,1008.65663,3008656476
3,9474,2318,128,2.3556335,0.127347262,1005.12565,3008656476
3,9475,2319,128,2.14572096,0.126619536,1010.90246,3008656476
3,9476,2320,128,2.1359868,0.126831514,1009.2129,3008656476
3,9477,2321,128,2.2366221,0.127030291,1007.63368,3008656476
3,9478,2322,128,2.25815797,0.144668732,884.779995,3008656476
3,9479,2323,128,2.28979778,0.127208002,1006.22601,3008656476
3,9480,2324,128,1.78320599,0.140140205,913.371006,3008656476
3,9481,2325,128,2.40488911,0.125948616,1016.28747,3008656476
3,9482,2326,128,2.18830061,0.127713719,1002.24158,3008656476
3,9483,2327,128,2.48082232,0.127219141,1006.1379,3008656476
3,9484,2328,128,2.19592595,0.125949762,1016.27822,3008656476
3,9485,2329,128,2.02841043,0.125850299,1017.08141,3008656476
3,9486,2330,128,2.16639185,0.144449974,886.119924,3008656476
3,9487,2331,128,2.11351132,0.127303746,1005.46923,3008656476
3,9488,2332,128,1.61479759,0.138663223,923.099847,3008656476
3,9489,2333,128,1.99379086,0.126358015,1012.9947,3008656476
3,9490,2334,128,1.61827552,0.125428549,1020.50132,3008656476
3,9491,2335,128,1.97335839,0.126388979,1012.74653,3008656476
3,9492,2336,128,2.24052715,0.125867484,1016.94255,3008656476
3,9493,2337,128,2.23852229,0.126612657,1010.95738,3008656476
3,9494,2338,128,1.89434159,0.144835856,883.75906,3008656476
3,9495,2339,128,1.97796357,0.126015664,1015.74674,3008656476
3,9496,2340,128,1.90107977,0.135300281,946.043859,3008656476
3,9497,2341,128,2.15082932,0.125893266,1016.73429,3008656476
3,9498,2342,128,2.0216713,0.12506345,1023.48048,3008656476
3,9499,2343,128,2.09394288,0.125405326,1020.6903,3008656476
3,9500,2344,128,2.0491097,0.126664824,1010.54102,3008656476
3,9501,2345,128,2.41341066,0.126368932,1012.90719,3008656476
3,9502,2346,128,2.2606194,0.140314267,912.237955,3008656476
3,9503,2347,128,2.35373068,0.126279819,1013.62198,3008656476
3,9504,2348,128,2.11719942,0.125410282,1020.64997,3008656476
3,9505,2349,128,2.08406568,0.135717317,943.136829,3008656476
3,9506,2350,128,2.11063361,0.128800283,993.786636,3008656476
3,9507,2351,128,2.22069764,0.128825761,993.590094,3008656476
3,9508,2352,128,1.80275476,0.129468203,988.659741,3008656476
3,9509,2353,128,1.92536736,0.130880565,977.990888,3008656476
3,9510,2354,128,2.18080974,0.145463301,879.947032,3008656476
3,9511,2355,128,1.87320495,0.122811532,1042.2474,3008656476
3,9512,2356,128,2.07974362,0.129617247,987.522903,3008656476
3,9513,2357,128,1.72626376,0.141604317,903.927244,3008656476
3,9514,2358,128,1.79333806,0.130792574,978.648834,3008656476
3,9515,2359,128,1.94678426,0.130381031,981.737903,3008656476
3,9516,2360,128,2.14330506,0.142843468,896.085777,3008656476
3,9517,2361,128,1.71510327,0.13871205,922.774914,3008656476
3,9518,2362,128,1.5445317,0.142411814,898.801837,3008656476
3,9519,2363,128,1.58648932,0.129571598,987.870814,3008656476
3,9520,2364,128,1.33589649,0.14552913,879.548995,3008656476
3,9521,2365,128,1.5857265,0.130667859,979.582898,3008656476
3,9522,2366,128,1.50598609,0.129429538,988.955087,3008656476
3,9523,2367,128,1.56522393,0.129839529,985.832288,3008656476
3,9524,2368,128,1.55013287,0.131079709,976.505067,3008656476
3,9525,2369,128,1.83283484,0.128607433,995.276844,3008656476
3,9526,2370,128,1.56676614,0.14205169,901.080445,3008656476
3,9527,2371,128,1.6168015,0.128433177,996.627219,3008656476
3,9528,2372,128,2.18339801,0.141948458,901.735755,3008656476
3,9529,2373,128,2.18290806,0.130359586,981.899406,3008656476
3,9530,2374,128,2.17432785,0.128235207,998.165816,3008656476
3,9531,2375,128,1.46455157,0.127795961,1001.5966,3008656476
3,9532,2376,128,1.66152358,0.126988981,1007.96147,3008656476
3,9533,2377,128,2.15457249,0.128908448,992.952766,3008656476
3,9534,2378,128,1.67240584,0.141290816,905.932909,3008656476
3,9535,2379,128,1.45698893,0.125140782,1022.84801,3008656476
3,9536,2380,128,1.65036368,0.139463745,917.801254,3008656476
3,9537,2381,128,1.57732952,0.127083114,1007.21485,3008656476
3,9538,2382,128,1.61936295,0.126430862,1012.41104,3008656476
3,9539,2383,128,1.96807027,0.126688726,1010.35036,3008656476
3,9540,2384,64,0.85597682,0.121571629,526.438615,3008656476
4,9541,0,128,1.00173604,0.140368978,911.882396,3008656476
4,9542,1,128,1.32086766,0.136955802,934.608086,3008656476
4,9543,2,128,1.36433232,0.145872876,877.476358,3008656476
4,9544,3,128,1.51460433,0.131556668,972.964746,3008656476
4,9545,4,128,1.94840813,0.131962225,969.974551,3008656476
4,9546,5,128,1.97034538,0.1316772,972.074133,3008656476
4,9547,6,128,2.06144476,0.133218402,960.82822,3008656476
4,9548,7,128,1.75337553,0.132258995,967.798069,3008656476
4,9549,8,128,2.09513831,0.145307785,880.888798,3008656476
4,9550,9,128,1.98723686,0.132625616,965.122756,3008656476
4,9551,10,128,1.80521882,0.146679344,872.651844,3008656476
4,9552,11,128,2.05506849,0.132343351,967.181192,3008656476
4,9553,12,128,1.4144907,0.132477079,966.204878,3008656476
4,9554,13,128,1.53628349,0.132817351,963.729505,3008656476
4,9555,14,128,1.47005546,0.132261622,967.778847,3008656476
4,9556,15,128,1.42775869,0.132156903,968.545699,3008656476
4,9557,16,128,1.77825677,0.14689666,871.36086,3008656476
4,9558,17,128,1.62486398,0.131512953,973.28816,3008656476
4,9559,18,128,1.80138028,0.146612019,873.05257,3008656476
4,9560,19,128,1.81095719,0.132841081,963.55735,3008656476
4,9561,20,128,1.73770237,0.132393924,966.81174,3008656476
4,9562,21,128,2.18360424,0.13190714,970.379617,3008656476
4,9563,22,128,1.51915288,0.132460932,966.322659,3008656476
4,9564,23,128,1.31238496,0.1328721,963.332408,3008656476
4,9565,24,128,1.42205596,0.148077425,864.412654,3008656476
4,9566,25,128,1.66330981,0.133009328,962.338521,3008656476
4,9567,26,128,1.57990205,0.147173253,869.723251,3008656476
4,9568,27,128,1.76869655,0.132548293,965.685767,3008656476
4,9569,28,128,1.63173556,0.131471962,973.591616,3008656476
4,9570,29,128,1.46602547,0.13259032,965.379675,3008656476
4,9571,30,128,1.45240819,0.132773528,964.047592,3008656476
4,9572,31,128,1.45193648,0.132143992,968.64033,3008656476
4,9573,32,128,1.69621634,0.136780344,935.806975,3008656476
4,9574,33,128,1.72866392,0.131880803,970.573405,3008656476
4,9575,34,128,1.85270095,0.135331279,945.827165,3008656476
4,9576,35,128,1.77180374,0.131991347,969.76054,3008656476
4,9577,36,128,1.56910086,0.13207907,969.116454,3008656476
4,9578,37,128,1.56183636,0.132834944,963.601867,3008656476
4,9579,38,128,1.540236,0.133122049,961.523662,3008656476
4,9580,39,128,1.17128158,0.146114491,876.025363,3008656476
4,9581,40,128,1.77152741,0.132780633,963.996007,3008656476
4,9582,41,128,1.78751659,0.1440375,888.657468,3008656476
4,9583,42,128,1.44886875,0.132257515,967.808899,3008656476
4,9584,43,128,2.04940939,0.110837527,1154.84352,3008656476
4,9585,44,128,2.19341779,0.108965353,1174.68531,3008656476
4,9586,45,128,1.86316967,0.10910061,1173.229,3008656476
4,9587,46,128,1.5538981,0.109025828,1174.03373,3008656476
4,9588,47,128,1.63259554,0.109037886,1173.9039,3008656476
4,9589,48,128,1.4122926,0.12111869,1056.8146,3008656476
4,9590,49,128,1.7483393,0.108948756,1174.86426,3008656476
4,9591,50,128,1.73653984,0.109014209,1174.15887,3008656476
4,9592,51,128,2.02905273,0.110678376,1156.50414,3008656476
4,9593,52,128,1.48058665,0.108956516,1174.78059,3008656476
4,9594,53,128,1.93114543,0.109129205,1172.92158,3008656476
4,9595,54,128,1.40121627,0.108998591,1174.32711,3008656476
4,9596,55,128,1.51156986,0.108963586,1174.70436,3008656476
4,9597,56,128,2.02469826,0.109039531,1173.88619,3008656476
4,9598,57,128,1.67979944,0.10892249,1175.14758,3008656476
4,9599,58,128,1.43192017,0.121420785,1054.18525,3008656476
4,9600,59,128,1.62858582,0.10900855,1174.21982,3008656476
4,9601,60,128,1.75279486,0.124176973,1030.78692,3008656476
4,9602,61,128,1.85804737,0.109092487,1173.31636,3008656476
4,9603,62,128,1.31378198,0.109119469,1173.02624,3008656476
4,9604,63,128,1.95314288,0.109007412,1174.23208,3008656476
4,9605,64,128,1.43993568,0.109050251,1173.7708,3008656476
4,9606,65,128,2.0940752,0.109011497,1174.18808,3008656476
4,9607,66,128,1.49300432,0.109008497,1174.22039,3008656476
4,9608,67,128,1.96073794,0.123102295,1039.78565,3008656476
4,9609,68,128,2.3518312,0.108979368,1174.53425,3008656476
4,9610,69,128,1.7193439,0.121529528,1053.24197,3008656476
4,9611,70,128,1.81686354,0.106878306,1197.62377,3008656476
4,9612,71,128,1.81945813,0.109092718,1173.31388,3008656476
4,9613,72,128,1.6651026,0.109007989,1174.22586,3008656476
4,9614,73,128,1.88445103,0.108997673,1174.337,3008656476
4,9615,74,128,1.57423151,0.109057786,1173.6897,3008656476
4,9616,75,128,1.33551753,0.109090909,1173.33333,3008656476
4,9617,76,128,2.26686931,0.109016454,1174.13469,3008656476
4,9618,77,128,1.89512932,0.11157676,1147.1923,3008656476
4,9619,78,128,1.61179209,0.109053102,1173.74011,3008656476
4,9620,79,128,1.61727798,0.123192288,1039.02608,3008656476
4,9621,80,128,1.57607114,0.108939132,1174.96805,3008656476
4,9622,81,128,1.84139287,0.109008941,1174.21561,3008656476
4,9623,82,128,1.99419773,0.108919631,1175.17842,3008656476
4,9624,83,128,1.8939122,0.108980939,1174.51732,3008656476
4,9625,84,128,1.64701355,0.108984218,1174.48198,3008656476
4,9626,85,128,1.6091069,0.108979843,1174.52913,3008656476
4,9627,86,128,1.7820102,0.121676036,1051.97378,3008656476
4,9628,87,128,1.22170246,0.108971637,1174.61758,3008656476
4,9629,88,128,1.14728153,0.125679576,1018.46302,3008656476
4,9630,89,128,1.51849365,0.109210475,1172.04874,3008656476
4,9631,90,128,1.4682194,0.108891228,1175.48495,3008656476
4,9632,91,128,1.49139404,0.109060504,1173.66045,3008656476
4,9633,92,128,1.60375834,0.109092624,1173.31489,3008656476
4,9634,93,128,1.39754343,0.109029207,1173.99735,3008656476
4,9635,94,128,1.3864994,0.109139158,1172.81462,3008656476
4,9636,95,128,1.60573709,0.118927101,1076.28958,3008656476
4,9637,96,128,1.35414183,0.107752799,1187.90418,3008656476
4,9638,97,128,1.82255077,0.109051278,1173.75974,3008656476
4,9639,98,128,1.47341776,0.12450924,1028.03615,3008656476
4,9640,99,128,1.69588292,0.108955093,1174.79593,3008656476
4,9641,100,128,1.85162973,0.108986693,1174.45531,3008656476
4,9642,101,128,1.69798446,0.108991572,1174.40273,3008656476
4,9643,102,128,1.61104143,0.109005574,1174.25188,3008656476
4,9644,103,128,1.30191934,0.109121715,1173.00209,3008656476
4,9645,104,128,1.4583019,0.108949469,1174.85658,3008656476
4,9646,105,128,1.39621806,0.123576743,1035.7936,3008656476
4,9647,106,128,1.4470489,0.108986169,1174.46095,3008656476
4,9648,107,128,1.36572707,0.123552255,1035.9989,3008656476
4,9649,108,128,1.5791496,0.109038028,1173.90237,3008656476
4,9650,109,128,1.12842822,0.108956614,1174.77953,3008656476
4,9651,110,128,1.3511281,0.108936486,1174.99659,3008656476
4,9652,111,128,1.5421375,0.108959011,1174.75369,3008656476
4,9653,112,128,1.39814222,0.108918709,1175.18837,3008656476
4,9654,113,128,1.80490518,0.109017687,1174.12141,3008656476
4,9655,114,128,1.68001091,0.120953081,1058.26159,3008656476
4,9656,115,128,1.53434861,0.109050327,1173.76998,3008656476
4,9657,116,128,1.36281705,0.108969602,1174.63951,3008656476
4,9658,117,128,1.36946905,0.122488342,1044.99741,3008656476
4,9659,118,128,1.55484116,0.10905666,1173.70182,3008656476
4,9660,119,128,1.55019343,0.10887374,1175.67377,3008656476
4,9661,120,128,1.60377097,0.109057164,1173.69639,3008656476
4,9662,121,128,1.23277235,0.108978868,1174.53964,3008656476
4,9663,122,128,1.18206322,0.108983895,1174.48546,3008656476
4,9664,123,128,1.29198039,0.108899056,1175.40046,3008656476
4,9665,124,128,1.20857286,0.120785129,1059.73311,3008656476
4,9666,125,128,1.36575234,0.109011616,1174.18679,3008656476
4,9667,126,128,1.20483756,0.12295032,1041.0709,3008656476
4,9668,127,128,1.72024655,0.108784631,1176.6368,3008656476
4,9669,128,128,1.57114911,0.109028461,1174.00538,3008656476
4,9670,129,128,1.48972976,0.109117249,1173.0501,3008656476
4,9671,130,128,1.21643186,0.108949316,1174.85822,3008656476
4,9672,131,128,1.32249343,0.109129776,1172.91545,3008656476
4,9673,132,128,1.15414906,0.109040834,1173.87217,3008656476
4,9674,133,128,1.30544603,0.124313031,1029.65875,3008656476
4,9675,134,128,1.28878868,0.109037312,1173.91008,3008656476
4,9676,135,128,1.10336864,0.108848987,1175.94112,3008656476
4,9677,136,128,1.29745734,0.110974593,1153.41716,3008656476
4,9678,137,128,1.10053372,0.10896351,1174.70518,3008656476
4,9679,138,128,1.1682508,0.108955826,1174.78803,3008656476
4,9680,139,128,1.40676296,0.108967798,1174.65896,3008656476
4,9681,140,128,1.00896502,0.109067426,1173.58596,3008656476
4,9682,141,128,0.950868309,0.108912941,1175.25061,3008656476
4,9683,142,128,1.5798887,0.109055075,1173.71888,3008656476
4,9684,143,128,1.09652948,0.117782192,1086.75172,3008656476
4,9685,144,128,0.729257822,0.108974478,1174.58695,3008656476
4,9686,145,128,0.627617896,0.124552003,1027.68319,3008656476
4,9687,146,128,1.19302046,0.108948712,1174.86474,3008656476
4,9688,147,128,1.57386613,0.109123033,1172.98792,3008656476
4,9689,148,128,1.46331465,0.109002226,1174.28795,3008656476
4,9690,149,128,1.44043207,0.108918834,1175.18702,3008656476
4,9691,150,128,1.09772146,0.10897162,1174.61776,3008656476
4,9692,151,128,0.753320456,0.109024442,1174.04866,3008656476
4,9693,152,128,1.21189606,0.120913672,1058.60651,3008656476
4,9694,153,128,1.33580613,0.108923484,1175.13685,3008656476
4,9695,154,128,0.90070641,0.10910503,1173.18147,3008656476
4,9696,155,128,1.71922779,0.111264894,1150.40778,3008656476
4,9697,156,128,1.65033197,0.108886529,1175.53568,3008656476
4,9698,157,128,1.52278078,0.109029709,1173.99194,3008656476
4,9699,158,128,1.35329509,0.109066913,1173.59148,3008656476
4,9700,159,128,0.95666194,0.109000708,1174.3043,3008656476
4,9701,160,128,1.31614745,0.109032201,1173.96511,3008656476
4,9702,161,128,1.13623762,0.108914794,1175.23061,3008656476
4,9703,162,128,1.04222,0.113041001,1132.33251,3008656476
4,9704,163,128,1.59053576,0.109017483,1174.1236,3008656476
4,9705,164,128,1.38629198,0.130751968,978.95276,3008656476
4,9706,165,128,1.29654801,0.124261931,1030.08217,3008656476
4,9707,166,128,1.54392982,0.125868097,1016.9376,3008656476
4,9708,167,128,1.20584536,0.129300528,989.94182,3008656476
4,9709,168,128,1.08969843,0.13065981,979.643243,3008656476
4,9710,169,128,1.13574004,0.12997295,984.820303,3008656476
4,9711,170,128,1.37207079,0.144644847,884.926098,3008656476
4,9712,171,128,1.1944623,0.132203989,968.20074,3008656476
4,9713,172,128,1.40808475,0.14641261,874.241638,3008656476
4,9714,173,128,1.28209102,0.130273491,982.548322,3008656476
4,9715,174,128,0.916830122,0.130532592,980.59801,3008656476
4,9716,175,128,1.31672585,0.130389432,981.67465,3008656476
4,9717,176,128,0.951569617,0.131461226,973.671126,3008656476
4,9718,177,128,1.658764,0.128918338,992.876591,3008656476
4,9719,178,128,1.14252424,0.145069026,882.338591,3008656476
4,9720,179,128,1.64358163,0.12949453,988.45874,3008656476
4,9721,180,128,1.30898464,0.143353856,892.89541,3008656476
4,9722,181,128,1.34374928,0.129227939,990.497883,3008656476
4,9723,182,128,1.51800847,0.130559143,980.398592,3008656476
4,9724,183,128,0.986553848,0.126445547,1012.29346,3008656476
4,9725,184,128,1.19069004,0.127392012,1004.77258,3008656476
4,9726,185,128,1.15353465,0.126738111,1009.95667,3008656476
4,9727,186,128,1.40673983,0.141086473,907.24502,3008656476
4,9728,187,128,0.853316545,0.126347302,1013.0806,3008656476
4,9729,188,128,1.36421454,0.140977344,907.947308,3008656476
4,9730,189,128,1.42664933,0.126409843,1012.57938,3008656476
4,9731,190,128,1.08198166,0.12755188,1003.51324,3008656476
4,9732,191,128,0.954922497,0.126821044,1009.29622,3008656476
4,9733,192,128,1.01446664,0.126714619,1010.1439,3008656476
4,9734,193,128,1.52183473,0.127713324,1002.24468,3008656476
4,9735,194,128,1.21851873,0.142336504,899.277391,3008656476
4,9736,195,128,1.4189353,0.12704706,1007.50069,3008656476
4,9737,196,128,1.39789009,0.141272101,906.052923,3008656476
4,9738,197,128,1.30110133,0.127111249,1006.99191,3008656476
4,9739,198,128,1.13251722,0.127173521,1006.49883,3008656476
4,9740,199,128,1.31638265,0.12744222,1004.37673,3008656476
4,9741,200,128,0.919338822,0.126217591,1014.12172,3008656476
4,9742,201,128,1.15825069,0.128063873,999.501241,3008656476
4,9743,202,128,1.68367827,0.142641405,897.355154,3008656476
4,9744,203,128,1.19974136,0.127434763,1004.4355,3008656476
4,9745,204,128,1.28274632,0.140522037,910.889158,3008656476
4,9746,205,128,1.27070391,0.127337947,1005.19918,3008656476
4,9747,206,128,0.96135366,0.126812779,1009.362,3008656476
4,9748,207,128,1.15875804,0.127836055,1001.28246,3008656476
4,9749,208,128,0.934284687,0.127718735,1002.20222,3008656476
4,9750,209,128,1.09603834,0.126810321,1009.38156,3008656476
4,9751,210,128,0.948254406,0.142038816,901.162116,3008656476
4,9752,211,128,1.08133125,0.126134582,1014.78911,3008656476
4,9753,212,128,1.28465784,0.140867992,908.652123,3008656476
4,9754,213,128,1.194803,0.127363928,1004.99413,3008656476
4,9755,214,128,1.00250065,0.126506083,1011.80905,3008656476
4,9756,215,128,1.10563898,0.126873811,1008.87645,3008656476
4,9757,216,128,1.2023567,0.126378401,1012.8313,3008656476
4,9758,217,128,1.39079773,0.126739929,1009.94218,3008656476
4,9759,218,128,0.898321211,0.14348046,892.107539,3008656476
4,9760,219,128,1.24377823,0.126826627,1009.25179,3008656476
4,9761,220,128,1.19457638,0.139095642,920.230125,3008656476
4,9762,221,128,1.13238597,0.126663384,1010.55251,3008656476
4,9763,222,128,1.40779769,0.125576657,1019.29772,3008656476
4,9764,223,128,0.987716734,0.126359321,1012.98423,3008656476
4,9765,224,128,1.04616892,0.12551,1019.83906,3008656476
4,9766,225,128,1.04294443,0.125904927,1016.64012,3008656476
4,9767,226,128,1.09953952,0.144501603,885.803322,3008656476
4,9768,227,128,1.34932554,0.125362005,1021.04302,3008656476
4,9769,228,128,0.989518583,0.138539682,923.92301,3008656476
4,9770,229,128,1.1047219,0.125776032,1017.68197,3008656476
4,9771,230,128,0.969551563,0.127131756,1006.82948,3008656476
4,9772,231,128,1.17825186,0.126867812,1008.92415,3008656476
4,9773,232,128,1.00261438,0.127322263,1005.323,3008656476
4,9774,233,128,1.20743442,0.127785922,1001.67529,3008656476
4,9775,234,128,1.04613531,0.143401009,892.601809,3008656476
4,9776,235,128,0.871492088,0.126799633,1009.46664,3008656476
4,9777,236,128,1.22556174,0.14156654,904.168457,3008656476
4,9778,237,128,1.1743803,0.125049729,1023.59278,3008656476
4,9779,238,128,1.07616484,0.128514421,995.997173,3008656476
4,9780,239,128,1.36803925,0.129312125,989.85304,3008656476
4,9781,240,128,1.44104254,0.130135987,983.5865,3008656476
4,9782,241,128,1.07105517,0.129766332,986.388365,3008656476
4,9783,242,128,1.23809159,0.141857385,902.314673,3008656476
4,9784,243,128,1.46534872,0.130022825,984.442539,3008656476
4,9785,244,128,1.37798154,0.146461271,873.951176,3008656476
4,9786,245,128,1.25706828,0.128728697,994.339281,3008656476
4,9787,246,128,1.21923757,0.139165989,919.764958,3008656476
4,9788,247,128,1.18087268,0.133418966,959.383841,3008656476
4,9789,248,128,1.25570798,0.135193149,946.793539,3008656476
4,9790,249,128,0.72076416,0.130681507,979.480593,3008656476
4,9791,250,128,0.971547782,0.145873224,877.474265,3008656476
4,9792,251,128,1.45668578,0.12999697,984.638334,3008656476
4,9793,252,128,1.33394599,0.144974309,882.915055,3008656476
4,9794,253,128,1.17762172,0.130829143,978.375284,3008656476
4,9795,254,128,1.45676267,0.129063824,991.75738,3008656476
4,9796,255,128,1.33342195,0.129748464,986.524203,3008656476
4,9797,256,128,1.49806988,0.129075829,991.66514,3008656476
4,9798,257,128,1.639696,0.129016726,992.119425,3008656476
4,9799,258,128,1.3450135,0.143647152,891.072313,3008656476
4,9800,259,128,1.18539238,0.127303355,1005.47232,3008656476
4,9801,260,128,1.45675051,0.141379077,905.367348,3008656476
4,9802,261,128,1.37448263,0.126934717,1008.39237,3008656476
4,9803,262,128,1.55927587,0.127565993,1003.40222,3008656476
4,9804,263,128,1.16295898,0.126142952,1014.72177,3008656476
4,9805,264,128,1.15569568,0.126105539,1015.02282,3008656476
4,9806,265,128,1.38375449,0.126375692,1012.85301,3008656476
4,9807,266,128,1.15616155,0.141154358,906.808701,3008656476
4,9808,267,128,0.908575654,0.125982469,1016.01438,3008656476
4,9809,268,128,1.03794312,0.139410955,918.148793,3008656476
4,9810,269,128,1.29033661,0.12678509,1009.58244,3008656476
4,9811,270,128,1.5897038,0.126308765,1013.38969,3008656476
4,9812,271,128,1.2541405,0.126903343,1008.64167,3008656476
4,9813,272,128,1.24757218,0.128143276,998.881908,3008656476
4,9814,273,128,1.29506671,0.126066013,1015.34107,3008656476
4,9815,274,128,1.04276693,0.139419105,918.09512,3008656476
4,9816,275,128,1.20128107,0.128105054,999.179939,3008656476
4,9817,276,128,1.45709813,0.140657713,910.01053,3008656476
4,9818,277,128,1.21257699,0.127394241,1004.755,3008656476
4,9819,278,128,1.30517066,0.126098281,1015.08124,3008656476
4,9820,279,128,1.06582344,0.126747437,1009.88235,3008656476
4,9821,280,128,1.27608216,0.125848452,1017.09634,3008656476
4,9822,281,128,0.981047392,0.125201006,1022.356,3008656476
4,9823,282,128,0.934459031,0.140104521,913.603637,3008656476
4,9824,283,128,1.19674397,0.122912053,1041.39502,3008656476
4,9825,284,128,1.11952853,0.127318694,1005.35119,3008656476
4,9826,285,128,1.17623258,0.133772001,956.85195,3008656476
4,9827,286,128,1.20665264,0.130634606,979.832251,3008656476
4,9828,287,128,0.948428869,0.129154631,991.060088,3008656476
4,9829,288,128,1.08918691,0.131646901,972.297859,3008656476
4,9830,289,128,1.19883835,0.131530404,973.159027,3008656476
4,9831,290,128,1.19061303,0.150492133,850.542799,3008656476
4,9832,291,128,1.48812985,0.136715579,936.250286,3008656476
4,9833,292,128,1.21129823,0.147651514,866.906112,3008656476
4,9834,293,128,1.00247085,0.131428858,973.91092,3008656476
4,9835,294,128,1.02509725,0.130581877,980.227907,3008656476
4,9836,295,128,1.1072855,0.130672572,979.547567,3008656476
4,9837,296,128,1.34678912,0.130920524,977.69239,3008656476
4,9838,297,128,1.03831017,0.129299066,989.953013,3008656476
4,9839,298,128,1.19513059,0.143048847,894.799243,3008656476
4,9840,299,128,1.31525743,0.12910752,991.421724,3008656476
4,9841,300,128,1.12504482,0.143877416,889.646225,3008656476
4,9842,301,128,1.26126802,0.128066385,999.481636,3008656476
4,9843,302,128,1.33069968,0.126736978,1009.96569,3008656476
4,9844,303,128,1.30476713,0.127971832,1000.22011,3008656476
4,9845,304,128,1.07015061,0.127007239,1007.81657,3008656476
4,9846,305,128,1.18613529,0.127570353,1003.36792,3008656476
4,9847,306,128,1.29134846,0.140645504,910.089526,3008656476
4,9848,307,128,1.12774289,0.126044993,1015.51039,3008656476
4,9849,308,128,1.21033025,0.138926174,921.35266,3008656476
4,9850,309,128,1.38924897,0.126426203,1012.44835,3008656476
4,9851,310,128,1.18243146,0.127179282,1006.45324,3008656476
4,9852,311,128,0.962544262,0.126966379,1008.1409,3008656476
4,9853,312,128,1.10411155,0.12660799,1010.99465,3008656476
4,9854,313,128,1.16045475,0.127546569,1003.55502,3008656476
4,9855,314,128,0.806755424,0.142575992,897.766855,3008656476
4,9856,315,128,1.1316191,0.120008921,1066.58737,3008656476
4,9857,316,128,1.11838257,0.127118324,1006.93587,3008656476
4,9858,317,128,1.02295256,0.129545576,988.069249,3008656476
4,9859,318,128,1.26782179,0.12634232,1013.12054,3008656476
4,9860,319,128,1.26694596,0.12602962,1015.63426,3008656476
4,9861,320,128,1.53013837,0.125958347,1016.20895,3008656476
4,9862,321,128,1.04240334,0.125976733,1016.06064,3008656476
4,9863,322,128,1.04805624,0.126835075,1009.18457,3008656476
4,9864,323,128,1.26385975,0.140628661,910.198526,3008656476
4,9865,324,128,0.882971168,0.127465274,1004.19507,3008656476
4,9866,325,128,1.2144928,0.142251385,899.815492,3008656476
4,9867,326,128,1.18984044,0.128108356,999.154185,3008656476
4,9868,327,128,1.32590508,0.128919588,992.866964,3008656476
4,9869,328,128,1.26397872,0.13021529,982.987482,3008656476
4,9870,329,128,1.21991205,0.130810494,978.514767,3008656476
4,9871,330,128,1.78340983,0.129750546,986.508373,3008656476
4,9872,331,128,1.23084331,0.144503221,885.793404,3008656476
4,9873,332,128,0.875042021,0.131479423,973.536369,3008656476
4,9874,333,128,1.4493171,0.158791053,806.090756,3008656476
4,9875,334,128,1.2465682,0.135195134,946.779638,3008656476
4,9876,335,128,1.42455363,0.143805957,890.088301,3008656476
4,9877,336,128,1.27900875,0.143791988,890.174771,3008656476
4,9878,337,128,1.22508097,0.131062716,976.631676,3008656476
4,9879,338,128,1.08692217,0.142382537,898.98665,3008656476
4,9880,339,128,1.27575636,0.131515061,973.272559,3008656476
4,9881,340,128,1.23575449,0.146127916,875.944881,3008656476
4,9882,341,128,1.17835689,0.12994099,985.062527,3008656476
4,9883,342,128,1.23334622,0.128980355,992.399191,3008656476
4,9884,343,128,1.18805206,0.129166966,990.965445,3008656476
4,9885,344,128,1.31688547,0.128544437,995.764601,3008656476
4,9886,345,128,1.0792284,0.128887893,993.111122,3008656476
4,9887,346,128,1.07086909,0.142144484,900.492206,3008656476
4,9888,347,128,1.42272532,0.126564798,1011.33966,3008656476
4,9889,348,128,1.27732491,0.144006436,888.849162,3008656476
4,9890,349,128,1.44647849,0.128432684,996.631044,3008656476
4,9891,350,128,1.32346177,0.126955826,1008.2247,3008656476
4,9892,351,128,1.37449694,0.125470352,1020.16132,3008656476
4,9893,352,128,1.57782471,0.126476155,1012.04848,3008656476
4,9894,353,128,1.35475433,0.126865358,1008.94367,3008656476
4,9895,354,128,1.16718531,0.141147896,906.850216,3008656476
4,9896,355,128,1.28511608,0.126019857,1015.71294,3008656476
4,9897,356,128,1.42526591,0.140056214,913.91875,3008656476
4,9898,357,128,1.07810211,0.125879735,1016.84358,3008656476
4,9899,358,128,0.794066072,0.126412195,1012.56054,3008656476
4,9900,359,128,1.00459087,0.126424629,1012.46095,3008656476
4,9901,360,128,1.37169838,0.12632163,1013.28648,3008656476
4,9902,361,128,1.04993665,0.128427568,996.670746,3008656476
4,9903,362,128,1.24083531,0.139502607,917.545577,3008656476
4,9904,363,128,1.22727072,0.128230061,998.205873,3008656476
4,9905,364,128,1.13712275,0.139877814,915.084361,3008656476
4,9906,365,128,1.16811562,0.126534543,1011.58148,3008656476
4,9907,366,128,1.36360669,0.126843203,1009.1199,3008656476
4,9908,367,128,1.18096483,0.126256948,1013.80559,3008656476
4,9909,368,128,0.979448199,0.127167318,1006.54792,3008656476
4,9910,369,128,1.07441938,0.126835802,1009.17878,3008656476
4,9911,370,128,1.22558641,0.140017637,914.170548,3008656476
4,9912,371,128,1.40179217,0.120294157,1064.05833,3008656476
4,9913,372,128,1.55554962,0.126341079,1013.1305,3008656476
4,9914,373,128,1.45640254,0.133130074,961.465702,3008656476
4,9915,374,128,1.32959735,0.129468805,988.655144,3008656476
4,9916,375,128,0.809768021,0.130297418,982.367893,3008656476
4,9917,376,128,1.63179874,0.129560325,987.956768,3008656476
4,9918,377,128,0.837756872,0.130309192,982.279132,3008656476
4,9919,378,128,1.08440161,0.135274759,946.222347,3008656476
4,9920,379,128,1.06361818,0.144554512,885.479106,3008656476
4,9921,380,128,1.07473361,0.141116544,907.051692,3008656476
4,9922,381,128,1.12772739,0.131144608,976.021828,3008656476
4,9923,382,128,0.700897336,0.129473484,988.619415,3008656476
4,9924,383,128,0.881392956,0.129647395,987.293266,3008656476
4,9925,384,128,1.50219214,0.128737765,994.269242,3008656476
4,9926,385,128,1.165218,0.129135244,991.208876,3008656476
4,9927,386,128,1.06004775,0.13281701,963.73198,3008656476
4,9928,387,128,1.19254744,0.125381509,1020.88419,3008656476
4,9929,388,128,1.47448778,0.127032002,1007.62011,3008656476
4,9930,389,128,1.55592144,0.12883094,993.550152,3008656476
4,9931,390,128,1.51694667,0.127346794,1005.12935,3008656476
4,9932,391,128,1.49546731,0.126328103,1013.23456,3008656476
4,9933,392,128,0.96377176,0.127656892,1002.68774,3008656476
4,9934,393,128,1.28037167,0.12660019,1011.05693,3008656476
4,9935,394,128,1.01474106,0.128548383,995.734034,3008656476
4,9936,395,128,1.35623813,0.141251701,906.183778,3008656476
4,9937,396,128,1.41834342,0.127849947,1001.17366,3008656476
4,9938,397,128,1.79778433,0.140309305,912.270216,3008656476
4,9939,398,128,1.19912469,0.126296837,1013.4854,3008656476
4,9940,399,128,1.43872726,0.124888266,1024.91614,3008656476
4,9941,400,128,1.11776781,0.126390717,1012.7326,3008656476
4,9942,401,128,1.31897998,0.125592666,1019.16779,3008656476
4,9943,402,128,1.16821063,0.12574478,1017.9349,3008656476
4,9944,403,128,1.27769029,0.139951222,914.604376,3008656476
4,9945,404,128,1.4034673,0.126004179,1015.83932,3008656476
4,9946,405,128,1.14007151,0.140886546,908.532458,3008656476
4,9947,406,128,1.19292891,0.126549602,1011.4611,3008656476
4,9948,407,128,1.07677782,0.127327647,1005.28049,3008656476
4,9949,408,128,1.0153991,0.127837917,1001.26788,3008656476
4,9950,409,128,1.28867328,0.129061354,991.776361,3008656476
4,9951,410,128,0.947996676,0.12954647,988.06243,3008656476
4,9952,411,128,1.40383589,0.145165867,881.749978,3008656476
4,9953,412,128,1.05441225,0.129869467,985.605031,3008656476
4,9954,413,128,1.11335516,0.144361392,886.663659,3008656476
4,9955,414,128,1.20096231,0.131136793,976.079993,3008656476
4,9956,415,128,1.3800571,0.135160912,947.019357,3008656476
4,9957,416,128,1.11212838,0.129287184,990.043994,3008656476
4,9958,417,128,1.0004319,0.132308771,967.433973,3008656476
4,9959,418,128,1.04754913,0.130426072,981.398872,3008656476
4,9960,419,128,0.857195914,0.1428323,896.155842,3008656476
4,9961,420,128,0.959896624,0.129724311,986.707881,3008656476
4,9962,421,128,1.05428624,0.147274819,869.123458,3008656476
4,9963,422,128,1.02210963,0.130659836,979.643048,3008656476
4,9964,423,128,1.19553971,0.131601718,972.631679,3008656476
4,9965,424,128,1.42530906,0.182479866,701.447249,3008656476
4,9966,425,128,1.4048326,0.129901903,985.358929,3008656476
4,9967,426,128,1.56864905,0.141510822,904.524461,3008656476
4,9968,427,128,1.04513323,0.128964619,992.520282,3008656476
4,9969,428,128,1.04622555,0.142317145,899.399717,3008656476
4,9970,429,128,0.726093054,0.127981268,1000.14637,3008656476
4,9971,430,128,0.948312938,0.127146052,1006.71628,3008656476
4,9972,431,128,0.853854358,0.128605919,995.288561,3008656476
4,9973,432,128,0.953744292,0.127147946,1006.70128,3008656476
4,9974,433,128,0.93889612,0.125688251,1018.39272,3008656476
4,9975,434,128,0.91250205,0.142677732,897.12668,3008656476
4,9976,435,128,1.11162102,0.125889317,1016.76618,3008656476
4,9977,436,128,1.40896428,0.139186003,919.632702,3008656476
4,9978,437,128,0.904405773,0.125792119,1017.55182,3008656476
4,9979,438,128,1.00858784,0.126411262,1012.56801,3008656476
4,9980,439,128,1.47111785,0.126445008,1012.29777,3008656476
4,9981,440,128,1.14082634,0.127083745,1007.20985,3008656476
4,9982,441,128,1.00651264,0.127399471,1004.71375,3008656476
4,9983,442,128,0.961994469,0.140196659,913.003212,3008656476
4,9984,443,128,0.911555171,0.12453465,1027.82639,3008656476
4,9985,444,128,0.809531629,0.139947503,914.62868,3008656476
4,9986,445,128,1.07521367,0.126780305,1009.62054,3008656476
4,9987,446,128,1.24205947,0.127682139,1002.48947,3008656476
4,9988,447,128,1.66582465,0.12748807,1004.01551,3008656476
4,9989,448,128,1.03727973,0.126768446,1009.71499,3008656476
4,9990,449,128,1.29690909,0.12560871,1019.03761,3008656476
4,9991,450,128,0.902381599,0.126368452,1012.91104,3008656476
4,9992,451,128,1.46771693,0.134898864,948.858991,3008656476
4,9993,452,128,1.02856994,0.126681101,1010.41117,3008656476
4,9994,453,128,1.17063522,0.133529512,958.589589,3008656476
4,9995,454,128,1.32640481,0.130366013,981.850998,3008656476
4,9996,455,128,0.973357141,0.130189098,983.185243,3008656476
4,9997,456,128,1.08336294,0.130416839,981.468352,3008656476
4,9998,457,128,1.07114863,0.131276237,975.043183,3008656476
4,9999,458,128,1.39892638,0.135579357,944.096526,3008656476
4,10000,459,128,0.995377302,0.156862691,816.000281,3008656476
4,10001,460,128,1.43854499,0.1505011,850.492123,3008656476
4,10002,461,128,1.17577159,0.13066813,979.580866,3008656476
4,10003,462,128,1.17441273,0.130602828,980.070661,3008656476
4,10004,463,128,0.92534405,0.130044434,984.278958,3008656476
4,10005,464,128,1.22639036,0.129360651,989.481724,3008656476
4,10006,465,128,0.697202682,0.129917417,985.241263,3008656476
4,10007,466,128,1.16512465,0.142545585,897.958362,3008656476
4,10008,467,128,1.12814176,0.129591255,987.720969,3008656476
4,10009,468,128,1.43059778,0.140606596,910.341361,3008656476
4,10010,469,128,1.40562773,0.126647445,1010.67969,3008656476
4,10011,470,128,1.36904109,0.128595393,995.370029,3008656476
4,10012,471,128,0.825760126,0.126847676,1009.08431,3008656476
4,10013,472,128,1.81401098,0.126331101,1013.21052,3008656476
4,10014,473,128,1.12206483,0.126663504,1010.55155,3008656476
4,10015,474,128,1.06170511,0.139436502,917.980573,3008656476
4,10016,475,128,1.06933069,0.122184469,1047.59632,3008656476
4,10017,476,128,0.869528174,0.140159879,913.242798,3008656476
4,10018,477,128,1.34425855,0.126693126,1010.31527,3008656476
4,10019,478,128,1.2019769,0.126495321,1011.89514,3008656476
4,10020,479,128,1.40688014,0.126708957,1010.18904,3008656476
4,10021,480,128,1.26278114,0.126839715,1009.14765,3008656476
4,10022,481,128,1.07380724,0.125791494,1017.55688,3008656476
4,10023,482,128,1.1139437,0.127538327,1003.61988,3008656476
4,10024,483,128,1.33030093,0.138046,927.227156,3008656476
4,10025,484,128,1.22962415,0.126990768,1007.94729,3008656476
4,10026,485,128,1.04792905,0.128446099,996.526956,3008656476
4,10027,486,128,0.891571999,0.124630704,1027.03424,3008656476
4,10028,487,128,1.1908828,0.126107575,1015.00643,3008656476
4,10029,488,128,1.03081548,0.12582721,1017.26805,3008656476
4,10030,489,128,1.47464275,0.126851945,1009.05035,3008656476
4,10031,490,128,1.7028749,0.127165489,1006.5624,3008656476
4,10032,491,128,1.38226736,0.142868916,895.926165,3008656476
4,10033,492,128,1.42511237,0.12835791,997.211625,3008656476
4,10034,493,128,1.36342978,0.143507324,891.94054,3008656476
4,10035,494,128,1.34258103,0.129524197,988.232338,3008656476
4,10036,495,128,1.31770158,0.130340953,982.039774,3008656476
4,10037,496,128,1.57003975,0.130058511,984.172424,3008656476
4,10038,497,128,1.33493996,0.129773764,986.331875,3008656476
4,10039,498,128,1.52486241,0.131312366,974.774912,3008656476
4,10040,499,128,1.2298528,0.152920293,837.037371,3008656476
4,10041,500,128,1.37762582,0.155632442,822.45063,3008656476
4,10042,501,128,1.33056557,0.131154475,975.9484,3008656476
4,10043,502,128,0.96110177,0.132061455,969.24572,3008656476
4,10044,503,128,1.6135546,0.138957432,921.145405,3008656476
4,10045,504,128,1.35267901,0.136119029,940.353461,3008656476
4,10046,505,128,1.52897966,0.143888008,889.580736,3008656476
4,10047,506,128,1.59436464,0.14424189,887.398245,3008656476
4,10048,507,128,1.26178217,0.131834561,970.913841,3008656476
4,10049,508,128,1.37355554,0.14560721,879.077348,3008656476
4,10050,509,128,1.31398165,0.130504868,980.806325,3008656476
4,10051,510,128,1.37201548,0.129069197,991.716095,3008656476
4,10052,511,128,1.50279844,0.129362904,989.464491,3008656476
4,10053,512,128,1.62973344,0.11827271,1082.24459,3008656476
4,10054,513,128,1.33929694,0.128255928,998.004552,3008656476
4,10055,514,128,1.47592402,0.14208666,900.858673,3008656476
4,10056,515,128,1.55067992,0.128393033,996.938829,3008656476
4,10057,516,128,1.36140895,0.144023145,888.746041,3008656476
4,10058,517,128,1.75163233,0.127463204,1004.21138,3008656476
4,10059,518,128,1.54140615,0.128925456,992.821774,3008656476
4,10060,519,128,1.60493135,0.126492742,1011.91577,3008656476
4,10061,520,128,1.12918115,0.127184511,1006.41186,3008656476
4,10062,521,128,1.24516749,0.126904238,1008.63456,3008656476
4,10063,522,128,0.824889243,0.138972964,921.042455,3008656476
4,10064,523,128,1.18580306,0.126824215,1009.27098,3008656476
4,10065,524,128,1.02892673,0.139139916,919.93731,3008656476
4,10066,525,128,1.26016223,0.126592737,1011.11646,3008656476
4,10067,526,128,1.5480994,0.126108573,1014.9984,3008656476
4,10068,527,128,1.33966303,0.126714679,1010.14343,3008656476
4,10069,528,128,1.24877238,0.126879264,1008.83309,3008656476
4,10070,529,128,1.26105607,0.126592842,1011.11562,3008656476
4,10071,530,128,0.786546826,0.139633543,916.685184,3008656476
4,10072,531,128,1.508811,0.127630875,1002.89213,3008656476
4,10073,532,128,1.55206895,0.139494031,917.601987,3008656476
4,10074,533,128,1.60521483,0.127129077,1006.8507,3008656476
4,10075,534,128,1.53386688,0.126863686,1008.95697,3008656476
4,10076,535,128,1.1635648,0.126717096,1010.12416,3008656476
4,10077,536,128,1.24487257,0.126860991,1008.9784,3008656476
4,10078,537,128,1.36621106,0.126789722,1009.54555,3008656476
4,10079,538,128,1.15181911,0.13923732,919.293764,3008656476
4,10080,539,128,1.17526317,0.121190722,1056.18646,3008656476
4,10081,540,128,1.0877651,0.138480856,924.315488,3008656476
4,10082,541,128,1.25861073,0.127039702,1007.55904,3008656476
4,10083,542,128,1.17745519,0.126956677,1008.21795,3008656476
4,10084,543,128,1.66756177,0.127189632,1006.37134,3008656476
4,10085,544,128,1.2268393,0.128115332,999.09978,3008656476
4,10086,545,128,0.972448111,0.128208656,998.372528,3008656476
4,10087,546,128,1.16582298,0.128480229,996.262234,3008656476
4,10088,547,128,1.21418822,0.140374473,911.8467,3008656476
4,10089,548,128,1.32071376,0.145139709,881.908892,3008656476
4,10090,549,128,1.39334261,0.127600693,1003.12935,3008656476
4,10091,550,128,1.11584187,0.133460439,959.085711,3008656476
4,10092,551,128,0.986866891,0.144075407,888.423657,3008656476
4,10093,552,128,0.986797273,0.143980753,889.007713,3008656476
4,10094,553,128,1.30153239,0.131619456,972.500601,3008656476
4,10095,554,128,1.58646607,0.151341947,845.766838,3008656476
4,10096,555,128,1.58117735,0.143692272,890.792512,3008656476
4,10097,556,128,0.758190632,0.149692497,855.086277,3008656476
4,10098,557,128,1.17621315,0.130078089,984.024296,3008656476
4,10099,558,128,1.43636906,0.13050362,980.815705,3008656476
4,10100,559,128,1.47021079,0.129927814,985.162423,3008656476
4,10101,560,128,1.15274644,0.130707268,979.287548,3008656476
4,10102,561,128,1.22726727,0.130348947,981.979548,3008656476
4,10103,562,128,1.61701512,0.142430437,898.684317,3008656476
4,10104,563,128,1.54325652,0.130324666,982.162502,3008656476
4,10105,564,128,1.1946975,0.146940692,871.09975,3008656476
4,10106,565,128,1.24528003,0.129524861,988.227272,3008656476
4,10107,566,128,1.00349689,0.130368223,981.834354,3008656476
4,10108,567,128,1.28959429,0.12993284,985.124315,3008656476
4,10109,568,128,1.2769146,0.128422536,996.709799,3008656476
4,10110,569,128,1.31912959,0.128357806,997.212433,3008656476
4,10111,570,128,1.66813362,0.142768358,896.557205,3008656476
4,10112,571,128,1.10074115,0.129182728,990.844535,3008656476
4,10113,572,128,1.06135869,0.145446893,880.0463,3008656476
4,10114,573,128,1.44397438,0.130407579,981.538044,3008656476
4,10115,574,128,1.2177881,0.129213742,990.606711,3008656476
4,10116,575,128,1.3149811,0.129315314,989.828629,3008656476
4,10117,576,128,0.800101399,0.129463329,988.696961,3008656476
4,10118,577,128,1.47966993,0.128506041,996.062123,3008656476
4,10119,578,128,1.05189955,0.142619399,897.493615,3008656476
4,10120,579,128,1.31021571,0.129870974,985.593594,3008656476
4,10121,580,128,1.15968442,0.13612902,940.284445,3008656476
4,10122,581,128,1.36721241,0.128030098,999.764915,3008656476
4,10123,582,128,1.44108582,0.128274515,997.859941,3008656476
4,10124,583,128,0.928529501,0.127031886,1007.62103,3008656476
4,10125,584,128,1.51181829,0.128637755,995.042241,3008656476
4,10126,585,128,1.01466978,0.126537805,1011.5554,3008656476
4,10127,586,128,1.14350331,0.14494557,883.090114,3008656476
4,10128,587,128,1.60230553,0.129087497,991.575505,3008656476
4,10129,588,128,1.25736654,0.143817817,890.0149,3008656476
4,10130,589,128,1.45233715,0.12919591,990.743438,3008656476
4,10131,590,128,1.49537981,0.129512616,988.320705,3008656476
4,10132,591,128,1.29066908,0.129486274,988.521764,3008656476
4,10133,592,128,1.41450357,0.128796011,993.819599,3008656476
4,10134,593,128,1.13572216,0.130684001,979.461901,3008656476
4,10135,594,128,1.29706788,0.142706135,896.948123,3008656476
4,10136,595,128,1.43634808,0.128682106,994.699294,3008656476
4,10137,596,128,1.5294646,0.141055421,907.444741,3008656476
4,10138,597,128,1.45660925,0.128870748,993.243246,3008656476
4,10139,598,128,1.35143054,0.127469187,1004.16425,3008656476
4,10140,599,128,1.37988615,0.128351752,997.259469,3008656476
4,10141,600,128,1.51515329,0.126821789,1009.29029,3008656476
4,10142,601,128,1.31405783,0.128444176,996.541875,3008656476
4,10143,602,128,1.66054416,0.144864201,883.586139,3008656476
4,10144,603,128,1.1923362,0.12708139,1007.22852,3008656476
4,10145,604,128,1.37142563,0.143262569,893.464363,3008656476
4,10146,605,128,1.03812265,0.130150217,983.47896,3008656476
4,10147,606,128,1.18742359,0.129035019,991.978774,3008656476
4,10148,607,128,1.13832927,0.127134133,1006.81066,3008656476
4,10149,608,128,1.4667033,0.127560543,1003.44509,3008656476
4,10150,609,128,0.892018378,0.128083426,999.348659,3008656476
4,10151,610,128,1.24869823,0.14511393,882.06556,3008656476
4,10152,611,128,1.10868478,0.129706749,986.841479,3008656476
4,10153,612,128,1.22587645,0.142988155,895.179045,3008656476
4,10154,613,128,1.28970265,0.129990803,984.685047,3008656476
4,10155,614,128,1.61425567,0.129623632,987.474259,3008656476
4,10156,615,128,1.00858569,0.130243246,982.776489,3008656476
4,10157,616,128,1.66174161,0.129292779,990.001151,3008656476
4,10158,617,128,1.52096105,0.127823395,1001.38163,3008656476
4,10159,618,128,1.29621589,0.142836031,896.132433,3008656476
4,10160,619,128,1.59295344,0.129755493,986.470762,3008656476
4,10161,620,128,1.29219949,0.132821651,963.698305,3008656476
4,10162,621,128,1.22871459,0.129161385,991.008265,3008656476
4,10163,622,128,1.39177072,0.126728358,1010.03439,3008656476
4,10164,623,128,1.45081234,0.127629103,1002.90605,3008656476
4,10165,624,128,1.49045241,0.127072107,1007.3021,3008656476
4,10166,625,128,1.51592255,0.127128916,1006.85197,3008656476
4,10167,626,128,1.18742061,0.140260401,912.588294,3008656476
4,10168,627,128,1.19023025,0.12668663,1010.36708,3008656476
4,10169,628,128,1.22397327,0.142395987,898.901737,3008656476
4,10170,629,128,1.667467,0.127154409,1006.65011,3008656476
4,10171,630,128,1.35245478,0.128185241,998.554896,3008656476
4,10172,631,128,1.07010448,0.126803302,1009.43744,3008656476
4,10173,632,128,1.70719934,0.126263286,1013.7547,3008656476
4,10174,633,128,1.51147008,0.127957819,1000.32965,3008656476
4,10175,634,128,1.37261379,0.142662144,897.224705,3008656476
4,10176,635,128,1.27043843,0.12736327,1004.99932,3008656476
4,10177,636,128,1.26215148,0.143270908,893.41236,3008656476
4,10178,637,128,1.06535423,0.127008251,1007.80854,3008656476
4,10179,638,128,1.22580373,0.128551652,995.708713,3008656476
4,10180,639,128,1.54653966,0.127672459,1002.56548,3008656476
4,10181,640,128,1.2531389,0.127205262,1006.24768,3008656476
4,10182,641,128,1.46035635,0.127676946,1002.53025,3008656476
4,10183,642,128,1.04999495,0.142322216,899.367671,3008656476
4,10184,643,128,1.11664689,0.126867861,1008.92377,3008656476
4,10185,644,128,1.54349101,0.140347545,912.021653,3008656476
4,10186,645,128,1.64742339,0.127387543,1004.80782,3008656476
4,10187,646,128,1.46234977,0.127457815,1004.25384,3008656476
4,10188,647,128,1.47222257,0.126317877,1013.31659,3008656476
4,10189,648,128,1.52335072,0.126193977,1014.31148,3008656476
4,10190,649,128,1.516716,0.125757556,1017.83149,3008656476
4,10191,650,128,1.19539857,0.142781383,896.475418,3008656476
4,10192,651,128,1.43234932,0.126850963,1009.05817,3008656476
4,10193,652,128,0.79313755,0.140906838,908.401621,3008656476
4,10194,653,128,0.987614453,0.127314103,1005.38744,3008656476
4,10195,654,128,1.69942904,0.127591988,1003.19779,3008656476
4,10196,655,128,1.43666649,0.128306205,997.613483,3008656476
4,10197,656,128,1.54154634,0.12827089,997.888141,3008656476
4,10198,657,128,1.27910554,0.129589091,987.737463,3008656476
4,10199,658,128,1.25105619,0.143389743,892.67194,3008656476
4,10200,659,128,1.26267803,0.130920464,977.692838,3008656476
4,10201,660,128,1.36674118,0.143750829,890.429648,3008656476
4,10202,661,128,1.57744384,0.130669061,979.573887,3008656476
4,10203,662,128,1.39217961,0.130380418,981.742519,3008656476
4,10204,663,128,1.36340344,0.133343264,959.928505,3008656476
4,10205,664,128,1.05944645,0.139421161,918.081582,3008656476
4,10206,665,128,1.72431648,0.133144326,961.362785,3008656476
4,10207,666,128,1.68946946,0.143438682,892.367374,3008656476
4,10208,667,128,1.37855744,0.131375664,974.305256,3008656476
4,10209,668,128,1.28412282,0.143160974,894.098415,3008656476
4,10210,669,128,1.08644795,0.133733976,957.124015,3008656476
4,10211,670,128,1.32862687,0.131924832,970.249483,3008656476
4,10212,671,128,1.0459671,0.131172737,975.812527,3008656476
4,10213,672,128,1.141891,0.130620758,979.936129,3008656476
4,10214,673,128,1.23739696,0.129923393,985.195945,3008656476
4,10215,674,128,1.31652522,0.136403226,938.394228,3008656476
4,10216,675,128,1.26393902,0.130019836,984.46517,3008656476
4,10217,676,128,1.23201334,0.138408028,924.801847,3008656476
4,10218,677,128,1.44058597,0.130290105,982.423032,3008656476
4,10219,678,128,1.19650328,0.127874542,1000.9811,3008656476
4,10220,679,128,1.26662159,0.127073589,1007.29035,3008656476
4,10221,680,128,1.22540033,0.1292222,990.541873,3008656476
4,10222,681,128,1.36585951,0.12795898,1000.32057,3008656476
4,10223,682,128,1.46076345,0.138669964,923.054974,3008656476
4,10224,683,128,1.11774135,0.127158313,1006.61921,3008656476
4,10225,684,128,1.3257792,0.141193553,906.556973,3008656476
4,10226,685,128,1.00520802,0.126169203,1014.51065,3008656476
4,10227,686,128,1.13282573,0.127778854,1001.73069,3008656476
4,10228,687,128,1.2005738,0.126655131,1010.61835,3008656476
4,10229,688,128,1.29897165,0.127603529,1003.10705,3008656476
4,10230,689,128,0.988380909,0.129509884,988.341554,3008656476
4,10231,690,128,1.24833095,0.141573027,904.127027,3008656476
4,10232,691,128,1.29993439,0.126932885,1008.40692,3008656476
4,10233,692,128,1.31211364,0.142526121,898.080991,3008656476
4,10234,693,128,1.16258538,0.126958193,1008.20591,3008656476
4,10235,694,128,1.16609716,0.126319812,1013.30106,3008656476
4,10236,695,128,1.22763348,0.128475939,996.295501,3008656476
4,10237,696,128,1.82374442,0.127769884,1001.80102,3008656476
4,10238,697,128,1.64160895,0.126016597,1015.73922,3008656476
4,10239,698,128,1.25668526,0.14093353,908.229575,3008656476
4,10240,699,128,1.38874424,0.126712273,1010.16261,3008656476
4,10241,700,128,1.60811436,0.140718283,909.61883,3008656476
4,10242,701,128,1.27034664,0.127151699,1006.67157,3008656476
4,10243,702,128,1.07688868,0.126785437,1009.57967,3008656476
4,10244,703,128,1.25907242,0.126880497,1008.82329,3008656476
4,10245,704,128,1.22681677,0.126701278,1010.25027,3008656476
4,10246,705,128,1.51344144,0.124872953,1025.04183,3008656476
4,10247,706,128,1.45469379,0.140804326,909.062979,3008656476
4,10248,707,128,1.42472756,0.126228524,1014.03388,3008656476
4,10249,708,128,1.14490795,0.139856797,915.221875,3008656476
4,10250,709,128,1.51028907,0.127572211,1003.35331,3008656476
4,10251,710,128,1.03390288,0.127695997,1002.38068,3008656476
4,10252,711,128,1.4128207,0.128154165,998.797035,3008656476
4,10253,712,128,1.43337584,0.128014773,999.884599,3008656476
4,10254,713,128,1.58834338,0.129575707,987.839488,3008656476
4,10255,714,128,1.12929904,0.144896437,883.389562,3008656476
4,10256,715,128,0.929519832,0.129673459,987.094823,3008656476
4,10257,716,128,1.1389091,0.142791743,896.410376,3008656476
4,10258,717,128,1.41521251,0.130890824,977.914235,3008656476
4,10259,718,128,1.63824475,0.136288148,939.186583,3008656476
4,10260,719,128,1.54610002,0.130766634,978.842967,3008656476
4,10261,720,128,1.55102432,0.130909052,977.778068,3008656476
4,10262,721,128,1.55053127,0.130933895,977.592548,3008656476
4,10263,722,128,1.44319475,0.143946296,889.220519,3008656476
4,10264,723,128,1.41365242,0.130727181,979.138378,3008656476
4,10265,724,128,1.34939122,0.144137009,888.043958,3008656476
4,10266,725,128,1.3737458,0.129763456,986.410226,3008656476
4,10267,726,128,1.46527028,0.129984397,984.733575,3008656476
4,10268,727,128,1.59273028,0.129604485,987.620143,3008656476
4,10269,728,128,1.45000648,0.129116063,991.356126,3008656476
4,10270,729,128,1.34349144,0.127430133,1004.472,3008656476
4,10271,730,128,1.13048303,0.146746466,872.252692,3008656476
4,10272,731,128,1.57350707,0.129972623,984.822781,3008656476
4,10273,732,128,1.32222164,0.147033204,870.551661,3008656476
4,10274,733,128,1.11905932,0.131358842,974.430027,3008656476
4,10275,734,128,1.13611066,0.131139733,976.05811,3008656476
4,10276,735,128,1.01243412,0.129655483,987.231678,3008656476
4,10277,736,128,1.05865967,0.129937208,985.091199,3008656476
4,10278,737,128,1.12507844,0.129078333,991.645902,3008656476
4,10279,738,128,1.30123019,0.140691609,909.791287,3008656476
4,10280,739,128,1.17075706,0.128795051,993.827007,3008656476
4,10281,740,128,1.3026675,0.131784541,971.28236,3008656476
4,10282,741,128,1.36437345,0.126862027,1008.97016,3008656476
4,10283,742,128,1.34979725,0.126711177,1010.17134,3008656476
4,10284,743,128,1.25163805,0.127047209,1007.4995,3008656476
4,10285,744,128,1.26321554,0.126709711,1010.18303,3008656476
4,10286,745,128,0.788544297,0.126720867,1010.0941,3008656476
4,10287,746,128,1.0241605,0.1419426,901.77297,3008656476
4,10288,747,128,1.0673728,0.127423511,1004.5242,3008656476
4,10289,748,128,1.58064437,0.140321023,912.194034,3008656476
4,10290,749,128,1.42282772,0.127346765,1005.12958,3008656476
4,10291,750,128,1.39173532,0.128464319,996.385619,3008656476
4,10292,751,128,1.41539574,0.127973476,1000.20726,3008656476
4,10293,752,128,1.17969513,0.126564127,1011.34502,3008656476
4,10294,753,128,1.32826066,0.127088695,1007.17062,3008656476
4,10295,754,128,1.24795163,0.13993909,914.683667,3008656476
4,10296,755,128,1.19786441,0.126586648,1011.1651,3008656476
4,10297,756,128,1.41961551,0.140475231,911.192664,3008656476
4,10298,757,128,0.910336137,0.127240412,1005.96971,3008656476
4,10299,758,128,1.65224624,0.12588763,1016.77981,3008656476
4,10300,759,128,1.10563064,0.126962508,1008.17164,3008656476
4,10301,760,128,1.55783379,0.126269457,1013.70516,3008656476
4,10302,761,128,1.38119125,0.126829634,1009.22786,3008656476
4,10303,762,128,1.93254209,0.140092952,913.679084,3008656476
4,10304,763,128,1.4461422,0.125784447,1017.61389,3008656476
4,10305,764,128,1.56108904,0.138896105,921.55212,3008656476
4,10306,765,128,1.6631608,0.125689675,1018.38118,3008656476
4,10307,766,128,1.39497483,0.126166424,1014.53299,3008656476
4,10308,767,128,1.43586147,0.127339402,1005.1877,3008656476
4,10309,768,128,1.27547634,0.127630206,1002.89739,3008656476
4,10310,769,128,1.22536731,0.129191114,990.780217,3008656476
4,10311,770,128,1.26266599,0.142695799,897.013093,3008656476
4,10312,771,128,1.56116378,0.129744278,986.556031,3008656476
4,10313,772,128,1.26911426,0.143135522,894.257402,3008656476
4,10314,773,128,1.23068118,0.130268581,982.585356,3008656476
4,10315,774,128,1.18313074,0.130354281,981.939366,3008656476
4,10316,775,128,1.24150765,0.130727946,979.132649,3008656476
4,10317,776,128,1.5434376,0.131593789,972.690284,3008656476
4,10318,777,128,1.71971512,0.132424762,966.586597,3008656476
4,10319,778,128,1.43745995,0.159448192,802.768588,3008656476
4,10320,779,128,1.39076519,0.130341712,982.034055,3008656476
4,10321,780,128,1.37703919,0.146356933,874.574216,3008656476
4,10322,781,128,1.24872673,0.130819918,978.444276,3008656476
4,10323,782,128,1.09614706,0.131398734,974.134195,3008656476
4,10324,783,128,1.02456796,0.130023915,984.434287,3008656476
4,10325,784,128,1.37686598,0.129382633,989.313612,3008656476
4,10326,785,128,1.43882334,0.129970776,984.836776,3008656476
4,10327,786,128,1.2824502,0.14734261,868.723582,3008656476
4,10328,787,128,1.42817605,0.129102658,991.45906,3008656476
4,10329,788,128,1.60772848,0.141452264,904.898913,3008656476
4,10330,789,128,1.4704721,0.131776954,971.338281,3008656476
4,10331,790,128,1.36966944,0.12998114,984.75825,3008656476
4,10332,791,128,1.55763292,0.130710934,979.260082,3008656476
4,10333,792,128,1.20531535,0.129418242,989.041406,3008656476
4,10334,793,128,1.34015024,0.131838042,970.888205,3008656476
4,10335,794,128,1.13677406,0.136710428,936.285563,3008656476
4,10336,795,128,1.44929171,0.12706935,1007.32395,3008656476
4,10337,796,128,1.56156433,0.13459086,951.030404,3008656476
4,10338,797,128,1.23119986,0.126687274,1010.36194,3008656476
4,10339,798,128,1.40648639,0.127079096,1007.2467,3008656476
4,10340,799,128,1.30003595,0.126355277,1013.01665,3008656476
4,10341,800,128,1.50828326,0.126980254,1008.03074,3008656476
4,10342,801,128,1.40531886,0.12685625,1009.01611,3008656476
4,10343,802,128,1.63581061,0.140834548,908.867901,3008656476
4,10344,803,128,1.45295227,0.127289248,1005.58376,3008656476
4,10345,804,128,1.56583321,0.14053777,910.787186,3008656476
4,10346,805,128,1.7930696,0.127035811,1007.5899,3008656476
4,10347,806,128,1.45107734,0.127445118,1004.35389,3008656476
4,10348,807,128,1.30959308,0.127363927,1004.99414,3008656476
4,10349,808,128,1.14690959,0.126762938,1009.75886,3008656476
4,10350,809,128,1.12586617,0.127529032,1003.69303,3008656476
4,10351,810,128,1.078058,0.141134609,906.935591,3008656476
4,10352,811,128,1.27073693,0.125679809,1018.46113,3008656476
4,10353,812,128,1.5270431,0.1391754,919.702764,3008656476
4,10354,813,128,1.47277677,0.126544099,1011.50509,3008656476
4,10355,814,128,1.166435,0.12560733,1019.04881,3008656476
4,10356,815,128,0.906622708,0.125499088,1019.92773,3008656476
4,10357,816,128,1.6050545,0.125350763,1021.13459,3008656476
4,10358,817,128,1.42887878,0.125762821,1017.78887,3008656476
4,10359,818,128,1.17703545,0.139097032,920.220929,3008656476
4,10360,819,128,1.11474943,0.126945628,1008.3057,3008656476
4,10361,820,128,1.12530506,0.140313462,912.243189,3008656476
4,10362,821,128,1.344383,0.128716868,994.43066,3008656476
4,10363,822,128,1.34965491,0.127494008,1003.96875,3008656476
4,10364,823,128,1.46049392,0.128758002,994.112972,3008656476
4,10365,824,128,1.61129105,0.129364588,989.451611,3008656476
4,10366,825,128,1.31701815,0.130281313,982.489331,3008656476
4,10367,826,128,1.23590302,0.144166799,887.860457,3008656476
4,10368,827,128,0.977166891,0.130798821,978.602093,3008656476
4,10369,828,128,1.29575074,0.144938472,883.133362,3008656476
4,10370,829,128,1.32323813,0.132847109,963.513628,3008656476
4,10371,830,128,1.76766551,0.139119895,920.0697,3008656476
4,10372,831,128,1.07055128,0.131483138,973.508862,3008656476
4,10373,832,128,1.37433946,0.131604483,972.611245,3008656476
4,10374,833,128,1.53594875,0.130973618,977.296054,3008656476
4,10375,834,128,1.34686542,0.14635159,874.606145,3008656476
4,10376,835,128,1.4062444,0.12962323,987.477322,3008656476
4,10377,836,128,1.34615862,0.14724956,869.272547,3008656476
4,10378,837,128,1.28056383,0.129221927,990.543965,3008656476
4,10379,838,128,1.22511458,0.131475754,973.563536,3008656476
4,10380,839,128,1.43712938,0.129424683,988.992185,3008656476
4,10381,840,128,1.14889777,0.130973411,977.297598,3008656476
4,10382,841,128,1.15436625,0.129333856,989.686722,3008656476
4,10383,842,128,1.11568558,0.14548219,879.832782,3008656476
4,10384,843,128,1.56754208,0.130869113,978.076469,3008656476
4,10385,844,128,1.28417695,0.138505392,924.151747,3008656476
4,10386,845,128,1.43881249,0.129307978,989.884785,3008656476
4,10387,846,128,1.49720848,0.129078056,991.64803,3008656476
4,10388,847,128,1.72961879,0.128105771,999.174346,3008656476
4,10389,848,128,0.982391,0.127412786,1004.60875,3008656476
4,10390,849,128,1.3563,0.129058103,991.801344,3008656476
4,10391,850,128,1.20726705,0.140335871,912.097521,3008656476
4,10392,851,128,1.4104141,0.127861225,1001.08536,3008656476
4,10393,852,128,1.02624142,0.141108313,907.104601,3008656476
4,10394,853,128,1.4631449,0.126651221,1010.64955,3008656476
4,10395,854,128,1.53826964,0.128050762,999.603579,3008656476
4,10396,855,128,1.71287906,0.127315695,1005.37487,3008656476
4,10397,856,128,1.56256735,0.126191803,1014.32896,3008656476
4,10398,857,128,1.38491678,0.126589554,1011.14188,3008656476
4,10399,858,128,1.69615746,0.142371668,899.055281,3008656476
4,10400,859,128,1.08984137,0.128800763,993.782933,3008656476
4,10401,860,128,1.47552943,0.147677312,866.754671,3008656476
4,10402,861,128,1.30441976,0.130288368,982.43613,3008656476
4,10403,862,128,1.07355404,0.1285654,995.602238,3008656476
4,10404,863,128,1.10010684,0.127581744,1003.27834,3008656476
4,10405,864,128,1.12578416,0.12704809,1007.49252,3008656476
4,10406,865,128,0.950547099,0.128249214,998.056799,3008656476
4,10407,866,128,1.26586318,0.142674408,897.147581,3008656476
4,10408,867,128,1.27380204,0.127977229,1000.17793,3008656476
4,10409,868,128,1.4026525,0.14697031,870.924202,3008656476
4,10410,869,128,1.38402116,0.129756854,986.460415,3008656476
4,10411,870,128,1.57122171,0.129669809,987.122608,3008656476
4,10412,871,128,1.41238165,0.129281982,990.083831,3008656476
4,10413,872,128,1.21726704,0.12934005,989.639327,3008656476
4,10414,873,128,1.3010478,0.127460246,1004.23469,3008656476
4,10415,874,128,1.71206903,0.142205134,900.108149,3008656476
4,10416,875,128,1.29202747,0.129429994,988.951603,3008656476
4,10417,876,128,1.167382,0.210438568,608.253521,3008656476
4,10418,877,128,1.16086149,0.130483548,980.966581,3008656476
4,10419,878,128,1.27257562,0.129324948,989.754892,3008656476
4,10420,879,128,1.19820869,0.12948333,988.54424,3008656476
4,10421,880,128,1.42047143,0.129250844,990.322353,3008656476
4,10422,881,128,1.7266382,0.142343144,899.235442,3008656476
4,10423,882,128,2.01588035,0.127497836,1003.93861,3008656476
4,10424,883,128,1.44767106,0.140041359,914.015694,3008656476
4,10425,884,128,1.20841193,0.127843299,1001.22573,3008656476
4,10426,885,128,1.67274117,0.126499342,1011.86297,3008656476
4,10427,886,128,1.47866666,0.126482821,1011.99514,3008656476
4,10428,887,128,1.50497389,0.126238177,1013.95634,3008656476
4,10429,888,128,1.3909111,0.126106224,1015.01731,3008656476
4,10430,889,128,1.85686278,0.13986322,915.179845,3008656476
4,10431,890,128,1.41720676,0.126758529,1009.79398,3008656476
4,10432,891,128,1.17968512,0.140252868,912.637309,3008656476
4,10433,892,128,1.423558,0.126536543,1011.56549,3008656476
4,10434,893,128,1.55635667,0.127745119,1001.99523,3008656476
4,10435,894,128,1.53463769,0.128172283,998.655848,3008656476
4,10436,895,128,1.43607521,0.126345246,1013.09708,3008656476
4,10437,896,128,1.05803537,0.12777318,1001.77518,3008656476
4,10438,897,128,1.18690741,0.139398669,918.229714,3008656476
4,10439,898,128,1.08127928,0.126564999,1011.33806,3008656476
4,10440,899,128,1.20858943,0.141623321,903.805949,3008656476
4,10441,900,128,1.19255555,0.126166159,1014.53513,3008656476
4,10442,901,128,1.42867565,0.126406186,1012.60867,3008656476
4,10443,902,128,1.16114867,0.125954538,1016.23968,3008656476
4,10444,903,128,1.45943737,0.126807984,1009.40017,3008656476
4,10445,904,128,1.31283057,0.126470718,1012.09198,3008656476
4,10446,905,128,1.26979697,0.141730828,903.120385,3008656476
4,10447,906,128,1.48103297,0.127301937,1005.48352,3008656476
4,10448,907,128,1.62396848,0.139086731,920.289082,3008656476
4,10449,908,128,1.43219411,0.126437463,1012.35818,3008656476
4,10450,909,128,1.35475492,0.127213866,1006.17963,3008656476
4,10451,910,128,1.47134233,0.127035006,1007.59628,3008656476
4,10452,911,128,1.43179989,0.127708445,1002.28297,3008656476
4,10453,912,128,1.7964946,0.12808199,999.359863,3008656476
4,10454,913,128,1.3589263,0.143289219,893.29819,3008656476
4,10455,914,128,1.67108524,0.123118838,1039.64594,3008656476
4,10456,915,128,1.73589361,0.132976071,962.5792,3008656476
4,10457,916,128,1.27065694,0.13283348,963.612487,3008656476
4,10458,917,128,1.25024593,0.131786172,971.270339,3008656476
4,10459,918,128,1.48824406,0.138769232,922.39467,3008656476
4,10460,919,128,1.06057465,0.130306298,982.300948,3008656476
4,10461,920,128,1.57046461,0.132007688,969.640495,3008656476
4,10462,921,128,1.37177348,0.144384799,886.519917,3008656476
4,10463,922,128,1.56775832,0.131802475,971.1502,3008656476
4,10464,923,128,1.56069684,0.142217582,900.029365,3008656476
4,10465,924,128,1.32004845,0.129718787,986.749899,3008656476
4,10466,925,128,1.37123775,0.129952473,984.975484,3008656476
4,10467,926,128,1.42582011,0.128439883,996.575184,3008656476
4,10468,927,128,0.889991462,0.130235963,982.831447,3008656476
4,10469,928,128,1.01712644,0.131302967,974.844689,3008656476
4,10470,929,128,1.00852287,0.140600306,910.382087,3008656476
4,10471,930,128,1.06950271,0.128967894,992.495078,3008656476
4,10472,931,128,1.20443583,0.14218796,900.216868,3008656476
4,10473,932,128,1.53163564,0.126091193,1015.13831,3008656476
4,10474,933,128,1.20074487,0.127958998,1000.32043,3008656476
4,10475,934,128,1.17322123,0.127334873,1005.22345,3008656476
4,10476,935,128,1.17744911,0.126561758,1011.36395,3008656476
4,10477,936,128,1.32107401,0.126689669,1010.34284,3008656476
4,10478,937,128,1.1482383,0.139229574,919.344909,3008656476
4,10479,938,128,1.34007943,0.126492641,1011.91657,3008656476
4,10480,939,128,1.26634634,0.13991655,914.831019,3008656476
4,10481,940,128,1.50978148,0.126626014,1010.85074,3008656476
4,10482,941,128,1.16498435,0.127413088,1004.60637,3008656476
4,10483,942,128,1.2627703,0.125989017,1015.96157,3008656476
4,10484,943,128,1.10353827,0.126827198,1009.24724,3008656476
4,10485,944,128,1.70237577,0.126245006,1013.90149,3008656476
4,10486,945,128,1.46171772,0.126723858,1010.07026,3008656476
4,10487,946,128,1.46778727,0.131257423,975.182943,3008656476
4,10488,947,128,1.66544914,0.126486889,1011.96259,3008656476
4,10489,948,128,1.56032026,0.138227948,926.006657,3008656476
4,10490,949,128,1.62858415,0.125614035,1018.99441,3008656476
4,10491,950,128,1.31562245,0.127151121,1006.67614,3008656476
4,10492,951,128,1.1589731,0.125618476,1018.95839,3008656476
4,10493,952,128,1.31279504,0.125386216,1020.84586,3008656476
4,10494,953,128,1.38378072,0.12508807,1023.27904,3008656476
4,10495,954,128,1.60524225,0.138401381,924.846263,3008656476
4,10496,955,128,1.07688618,0.125395158,1020.77307,3008656476
4,10497,956,128,1.60917997,0.140247024,912.675338,3008656476
4,10498,957,128,1.31657803,0.125718121,1018.15076,3008656476
4,10499,958,128,1.41305304,0.126884321,1008.79288,3008656476
4,10500,959,128,1.32960665,0.12595065,1016.27106,3008656476
4,10501,960,128,1.27190518,0.126856451,1009.01451,3008656476
4,10502,961,128,1.24862552,0.126764152,1009.74919,3008656476
4,10503,962,128,1.4504925,0.143226432,893.68979,3008656476
4,10504,963,128,1.3271513,0.127250279,1005.8917,3008656476
4,10505,964,128,1.20810139,0.142958401,895.365359,3008656476
4,10506,965,128,1.00625455,0.127749087,1001.96411,3008656476
4,10507,966,128,1.37275052,0.128588391,995.424229,3008656476
4,10508,967,128,1.63007653,0.128840086,993.479622,3008656476
4,10509,968,128,1.21714938,0.12928988,990.023349,3008656476
4,10510,969,128,1.09175909,0.129903717,985.345169,3008656476
4,10511,970,128,1.19589448,0.144746663,884.303633,3008656476
4,10512,971,128,1.33907378,0.12990354,985.346512,3008656476
4,10513,972,128,1.0051378,0.141899033,902.04984,3008656476
4,10514,973,128,1.11867249,0.130218472,982.963462,3008656476
4,10515,974,128,1.26913142,0.13056861,980.327508,3008656476
4,10516,975,128,1.32343757,0.13106212,976.636117,3008656476
4,10517,976,128,1.58529282,0.132520214,965.890381,3008656476
4,10518,977,128,1.25610554,0.133034082,962.159456,3008656476
4,10519,978,128,1.34087706,0.152151897,841.264569,3008656476
4,10520,979,128,1.49717212,0.131977252,969.86411,3008656476
4,10521,980,128,1.43502462,0.146881548,871.450511,3008656476
4,10522,981,128,1.5860281,0.129699339,986.897859,3008656476
4,10523,982,128,1.09135294,0.130336209,982.075518,3008656476
4,10524,983,128,1.39745557,0.130772383,978.799935,3008656476
4,10525,984,128,1.08947384,0.129756392,986.463927,3008656476
4,10526,985,128,1.19800782,0.130408345,981.532278,3008656476
4,10527,986,128,0.964313507,0.138133117,926.642378,3008656476
4,10528,987,128,0.969009995,0.131045088,976.763051,3008656476
4,10529,988,128,1.098683,0.137408833,931.526724,3008656476
4,10530,989,128,1.18976867,0.131615889,972.526957,3008656476
4,10531,990,128,1.19328725,0.130490769,980.912297,3008656476
4,10532,991,128,0.950459242,0.129860005,985.676845,3008656476
4,10533,992,128,1.31096017,0.130594346,980.134316,3008656476
4,10534,993,128,0.971249938,0.131111546,976.267948,3008656476
4,10535,994,128,0.995173037,0.134847575,949.219888,3008656476
4,10536,995,128,1.09064925,0.129763222,986.412005,3008656476
4,10537,996,128,1.18413532,0.139730336,916.050184,3008656476
4,10538,997,128,1.4667275,0.131067148,976.598652,3008656476
4,10539,998,128,1.29497921,0.130147062,983.502801,3008656476
4,10540,999,128,1.26154387,0.129870507,985.597138,3008656476
4,10541,1000,128,1.19640732,0.129348133,989.577484,3008656476
4,10542,1001,128,1.39089692,0.121720173,1051.59233,3008656476
4,10543,1002,128,1.11710322,0.135928836,941.669213,3008656476
4,10544,1003,128,1.11340261,0.12848709,996.209035,3008656476
4,10545,1004,128,1.30728889,0.137519377,930.777922,3008656476
4,10546,1005,128,1.38637292,0.128781856,993.928834,3008656476
4,10547,1006,128,1.28758693,0.127916071,1000.65613,3008656476
4,10548,1007,128,1.31714642,0.126254601,1013.82444,3008656476
4,10549,1008,128,1.05190182,0.127924199,1000.59255,3008656476
4,10550,1009,128,1.11924732,0.129148697,991.105625,3008656476
4,10551,1010,128,0.993756175,0.142178812,900.274789,3008656476
4,10552,1011,128,1.24166179,0.128234607,998.170486,3008656476
4,10553,1012,128,1.04004884,0.14972823,854.882209,3008656476
4,10554,1013,128,1.19383025,0.128968094,992.493539,3008656476
4,10555,1014,128,1.15732539,0.13037162,981.808771,3008656476
4,10556,1015,128,0.815458059,0.129585417,987.765467,3008656476
4,10557,1016,128,1.01238704,0.129086508,991.583102,3008656476
4,10558,1017,128,1.09020352,0.129300393,989.942853,3008656476
4,10559,1018,128,1.23044956,0.136837202,935.418133,3008656476
4,10560,1019,128,1.61853611,0.129189491,990.792664,3008656476
4,10561,1020,128,1.21574724,0.143849665,889.817853,3008656476
4,10562,1021,128,0.990338981,0.130482488,980.97455,3008656476
4,10563,1022,128,1.09483695,0.129904457,985.339556,3008656476
4,10564,1023,128,1.26359749,0.129695448,986.927467,3008656476
4,10565,1024,128,1.29347968,0.13014916,983.486947,3008656476
4,10566,1025,128,1.49830341,0.128632501,995.082883,3008656476
4,10567,1026,128,1.17530131,0.13842751,924.671693,3008656476
4,10568,1027,128,1.15970767,0.12993455,985.11135,3008656476
4,10569,1028,128,0.971018493,0.141126444,906.988062,3008656476
4,10570,1029,128,1.4806149,0.130767202,978.838715,3008656476
4,10571,1030,128,1.14787567,0.130563719,980.364231,3008656476
4,10572,1031,128,1.45028579,0.129841324,985.81866,3008656476
4,10573,1032,128,1.2603004,0.130396338,981.622659,3008656476
4,10574,1033,128,1.24729455,0.129225629,990.515589,3008656476
4,10575,1034,128,1.51188254,0.135576138,944.118942,3008656476
4,10576,1035,128,1.34918559,0.12934624,989.591966,3008656476
4,10577,1036,128,1.28944504,0.14099993,907.801869,3008656476
4,10578,1037,128,1.287974,0.130123627,983.679928,3008656476
4,10579,1038,128,1.09215307,0.129876436,985.552144,3008656476
4,10580,1039,128,1.45747483,0.128350246,997.27117,3008656476
4,10581,1040,128,1.40497625,0.130153887,983.451228,3008656476
4,10582,1041,128,1.42638373,0.129200143,990.710978,3008656476
4,10583,1042,128,1.36356819,0.137950984,927.865799,3008656476
4,10584,1043,128,1.05460262,0.128337244,997.372205,3008656476
4,10585,1044,128,1.08755469,0.145908286,877.263406,3008656476
4,10586,1045,128,1.35495353,0.128889855,993.096004,3008656476
4,10587,1046,128,1.17824948,0.129520924,988.25731,3008656476
4,10588,1047,128,1.12286937,0.128446695,996.522332,3008656476
4,10589,1048,128,1.39576924,0.128520726,995.948311,3008656476
4,10590,1049,128,1.14264226,0.128641771,995.011177,3008656476
4,10591,1050,128,1.18470204,0.137523856,930.747608,3008656476
4,10592,1051,128,1.25979936,0.128278944,997.825489,3008656476
4,10593,1052,128,1.01686001,0.144737363,884.360454,3008656476
4,10594,1053,128,1.29766226,0.129934578,985.111138,3008656476
4,10595,1054,128,1.18419325,0.130144753,983.52025,3008656476
4,10596,1055,128,0.992856145,0.129795808,986.164361,3008656476
4,10597,1056,128,1.24685264,0.130515325,980.727742,3008656476
4,10598,1057,128,1.29645813,0.129654625,987.238211,3008656476
4,10599,1058,128,1.22934699,0.138216985,926.080105,3008656476
4,10600,1059,128,1.06872368,0.129292221,990.005423,3008656476
4,10601,1060,128,1.3442173,0.141737551,903.077548,3008656476
4,10602,1061,128,1.34646094,0.130888816,977.929237,3008656476
4,10603,1062,128,1.2328881,0.130697716,979.359119,3008656476
4,10604,1063,128,1.22441173,0.130948149,977.486135,3008656476
4,10605,1064,128,1.23840475,0.131627984,972.437594,3008656476
4,10606,1065,128,1.31371617,0.128785201,993.903018,3008656476
4,10607,1066,128,1.25705445,0.135749449,942.913588,3008656476
4,10608,1067,128,1.23995006,0.129942287,985.052695,3008656476
4,10609,1068,128,1.20680845,0.138949258,921.199594,3008656476
4,10610,1069,128,1.47652388,0.130156782,983.429354,3008656476
4,10611,1070,128,1.13568735,0.128922428,992.845093,3008656476
4,10612,1071,128,1.09948361,0.130478969,981.001007,3008656476
4,10613,1072,128,1.19317186,0.128674527,994.757882,3008656476
4,10614,1073,128,1.58542466,0.128887664,993.112886,3008656476
4,10615,1074,128,1.52404416,0.138603608,923.496883,3008656476
4,10616,1075,128,1.24009061,0.129195726,990.744849,3008656476
4,10617,1076,128,1.47422755,0.140256933,912.610858,3008656476
4,10618,1077,128,1.35949552,0.128402469,996.865567,3008656476
4,10619,1078,128,1.40786278,0.128918001,992.879187,3008656476
4,10620,1079,128,1.68531263,0.127694738,1002.39056,3008656476
4,10621,1080,128,1.22718632,0.127074652,1007.28192,3008656476
4,10622,1081,128,0.630103588,0.128034669,999.729222,3008656476
4,10623,1082,128,1.1499517,0.146628291,872.955684,3008656476
4,10624,1083,128,1.53542006,0.129735844,986.620166,3008656476
4,10625,1084,128,1.14109349,0.142404131,898.850329,3008656476
4,10626,1085,128,1.44202912,0.130095488,983.892693,3008656476
4,10627,1086,128,1.2505455,0.129237477,990.424782,3008656476
4,10628,1087,128,1.12426746,0.130226013,982.906541,3008656476
4,10629,1088,128,1.06560349,0.129361466,989.47549,3008656476
4,10630,1089,128,1.34128535,0.128551426,995.710464,3008656476
4,10631,1090,128,1.24575961,0.1410125,907.720947,3008656476
4,10632,1091,128,1.34267342,0.129569131,987.889623,3008656476
4,10633,1092,128,1.16631413,0.140351395,911.996635,3008656476
4,10634,1093,128,1.5039171,0.129143153,991.148172,3008656476
4,10635,1094,128,1.31796074,0.129943336,985.044743,3008656476
4,10636,1095,128,1.19167292,0.130807858,978.534485,3008656476
4,10637,1096,128,1.15824211,0.129836056,985.858659,3008656476
4,10638,1097,128,1.11877728,0.128343542,997.323262,3008656476
4,10639,1098,128,1.36933851,0.138507509,924.137622,3008656476
4,10640,1099,128,1.68140197,0.130233283,982.851672,3008656476
4,10641,1100,128,1.21625423,0.138757634,922.471768,3008656476
4,10642,1101,128,1.45454991,0.129897272,985.394058,3008656476
4,10643,1102,128,1.26669931,0.129894941,985.411741,3008656476
4,10644,1103,128,1.52334976,0.129257351,990.272499,3008656476
4,10645,1104,128,1.12536526,0.128790457,993.862457,3008656476
4,10646,1105,128,1.49581969,0.128879573,993.175233,3008656476
4,10647,1106,128,1.23598385,0.139149225,919.875766,3008656476
4,10648,1107,128,1.41783273,0.129188621,990.799337,3008656476
4,10649,1108,128,1.29185319,0.141536311,904.361567,3008656476
4,10650,1109,128,1.08181,0.130155272,983.440763,3008656476
4,10651,1110,128,1.23769343,0.129911855,985.283445,3008656476
4,10652,1111,128,1.18951797,0.129440499,988.871342,3008656476
4,10653,1112,128,0.949591517,0.129378401,989.345973,3008656476
4,10654,1113,128,1.02349544,0.128736821,994.276533,3008656476
4,10655,1114,128,1.73972416,0.137031257,934.093453,3008656476
4,10656,1115,128,1.03099477,0.128678332,994.728468,3008656476
4,10657,1116,128,1.26084816,0.142132016,900.571199,3008656476
4,10658,1117,128,0.956097841,0.128720329,994.403922,3008656476
4,10659,1118,128,1.25079608,0.129784099,986.253331,3008656476
4,10660,1119,128,1.17628694,0.129262595,990.232325,3008656476
4,10661,1120,128,0.992862582,0.128110701,999.135896,3008656476
4,10662,1121,128,1.03126681,0.128423978,996.698607,3008656476
4,10663,1122,128,1.03522539,0.139475719,917.72246,3008656476
4,10664,1123,128,0.859871686,0.129323973,989.762354,3008656476
4,10665,1124,128,1.01311266,0.143211877,893.780618,3008656476
4,10666,1125,128,1.04190457,0.129432143,988.935183,3008656476
4,10667,1126,128,1.00452709,0.129560307,987.956906,3008656476
4,10668,1127,128,1.69103515,0.129947558,985.012739,3008656476
4,10669,1128,128,1.22801626,0.128829185,993.563687,3008656476
4,10670,1129,128,0.868287981,0.127969203,1000.24066,3008656476
4,10671,1130,128,1.25057411,0.13909787,920.215385,3008656476
4,10672,1131,128,1.30404675,0.128197429,998.459961,3008656476
4,10673,1132,128,1.12502491,0.143237986,893.617703,3008656476
4,10674,1133,128,1.21244407,0.130119573,983.710575,3008656476
4,10675,1134,128,1.50416458,0.12913427,991.216352,3008656476
4,10676,1135,128,1.45122004,0.129918065,985.236349,3008656476
4,10677,1136,128,1.40857112,0.130024624,984.428919,3008656476
4,10678,1137,128,1.44256175,0.12830448,997.626895,3008656476
4,10679,1138,128,1.35436535,0.138965901,921.089268,3008656476
4,10680,1139,128,1.08409286,0.129593244,987.70581,3008656476
4,10681,1140,128,1.20663071,0.142124667,900.617765,3008656476
4,10682,1141,128,1.34616733,0.129879477,985.529069,3008656476
4,10683,1142,128,1.27198505,0.129017536,992.113196,3008656476
4,10684,1143,128,1.19410133,0.130386995,981.692998,3008656476
4,10685,1144,128,1.1335988,0.128582948,995.466366,3008656476
4,10686,1145,128,1.06906605,0.128718824,994.415549,3008656476
4,10687,1146,128,1.32655144,0.135740512,942.975668,3008656476
4,10688,1147,128,1.54031754,0.128188124,998.532438,3008656476
4,10689,1148,128,1.26617336,0.145658542,878.767549,3008656476
4,10690,1149,128,1.26521003,0.129310694,989.863994,3008656476
4,10691,1150,128,1.2071892,0.129777012,986.30719,3008656476
4,10692,1151,128,1.23255122,0.128630052,995.101829,3008656476
4,10693,1152,128,1.2772975,0.12816404,998.720078,3008656476
4,10694,1153,128,1.56564486,0.128959676,992.558325,3008656476
4,10695,1154,128,1.45214164,0.13711064,933.55264,3008656476
4,10696,1155,128,1.44679725,0.130958626,977.407933,3008656476
4,10697,1156,128,1.26130021,0.142769735,896.548558,3008656476
4,10698,1157,128,1.50518608,0.155173116,824.885156,3008656476
4,10699,1158,128,1.05787408,0.125199487,1022.36841,3008656476
4,10700,1159,128,1.53653944,0.107190638,1194.13414,3008656476
4,10701,1160,128,1.41575062,0.120314039,1063.8825,3008656476
4,10702,1161,128,1.5655874,0.106106314,1206.33726,3008656476
4,10703,1162,128,1.14420891,0.106320462,1203.90748,3008656476
4,10704,1163,128,1.19685805,0.106056267,1206.90652,3008656476
4,10705,1164,128,1.19300306,0.106215744,1205.09442,3008656476
4,10706,1165,128,1.7853173,0.106110097,1206.29425,3008656476
4,10707,1166,128,1.34159887,0.10609969,1206.41257,3008656476
4,10708,1167,128,1.52920413,0.1060171,1207.3524,3008656476
4,10709,1168,128,1.26828742,0.118784494,1077.58173,3008656476
4,10710,1169,128,1.5300678,0.119334427,1072.61587,3008656476
4,10711,1170,128,1.50759828,0.106234021,1204.88709,3008656476
4,10712,1171,128,1.50580883,0.105847572,1209.28612,3008656476
4,10713,1172,128,1.39891648,0.106045216,1207.03229,3008656476
4,10714,1173,128,1.43698549,0.106090104,1206.52158,3008656476
4,10715,1174,128,1.62419033,0.10612255,1206.1527,3008656476
4,10716,1175,128,1.24324906,0.106046812,1207.01413,3008656476
4,10717,1176,128,1.4361136,0.106760027,1198.95061,3008656476
4,10718,1177,128,1.34816623,0.106134748,1206.01408,3008656476
4,10719,1178,128,1.19801342,0.115232207,1110.80056,3008656476
4,10720,1179,128,1.29388559,0.120646398,1060.95169,3008656476
4,10721,1180,128,1.82437325,0.106110835,1206.28586,3008656476
4,10722,1181,128,1.42207944,0.105986261,1207.7037,3008656476
4,10723,1182,128,1.53291774,0.106033954,1207.16049,3008656476
4,10724,1183,128,0.975992084,0.105958006,1208.02575,3008656476
4,10725,1184,128,1.07730186,0.106189486,1205.39241,3008656476
4,10726,1185,128,1.63498747,0.105992766,1207.62958,3008656476
4,10727,1186,128,1.59918642,0.106074475,1206.69935,3008656476
4,10728,1187,128,1.56979537,0.117776864,1086.80088,3008656476
4,10729,1188,128,1.60187948,0.106513164,1201.72939,3008656476
4,10730,1189,128,1.5274502,0.122312632,1046.49862,3008656476
4,10731,1190,128,1.21467352,0.106159985,1205.72737,3008656476
4,10732,1191,128,1.09839451,0.106027351,1207.23567,3008656476
4,10733,1192,128,1.29419863,0.106095832,1206.45644,3008656476
4,10734,1193,128,1.23086774,0.105964253,1207.95454,3008656476
4,10735,1194,128,0.914262056,0.106083564,1206.59596,3008656476
4,10736,1195,128,0.804777205,0.105993279,1207.62374,3008656476
4,10737,1196,128,1.03126526,0.106115087,1206.23753,3008656476
4,10738,1197,128,1.35009718,0.118690695,1078.43332,3008656476
4,10739,1198,128,1.0094769,0.127188869,1006.37737,3008656476
4,10740,1199,128,1.37096071,0.118428492,1080.82099,3008656476
4,10741,1200,128,1.38865209,0.121206808,1056.04629,3008656476
4,10742,1201,128,1.92200959,0.121931557,1049.76926,3008656476
4,10743,1202,128,1.44496822,0.121732776,1051.48346,3008656476
4,10744,1203,128,1.09663343,0.121343517,1054.85652,3008656476
4,10745,1204,128,1.2148937,0.121935238,1049.73757,3008656476
4,10746,1205,128,1.25089169,0.121911305,1049.94365,3008656476
4,10747,1206,128,1.21964443,0.129577339,987.827046,3008656476
4,10748,1207,128,1.39846468,0.135777695,942.717432,3008656476
4,10749,1208,128,1.28238976,0.1214587,1053.85617,3008656476
4,10750,1209,128,1.12576914,0.121353357,1054.77099,3008656476
4,10751,1210,128,1.16027331,0.122543709,1044.52526,3008656476
4,10752,1211,128,1.34475112,0.121579356,1052.81031,3008656476
4,10753,1212,128,1.22077334,0.121274568,1055.45624,3008656476
4,10754,1213,128,1.03155291,0.121010222,1057.76188,3008656476
4,10755,1214,128,1.48681259,0.138708673,922.79738,3008656476
4,10756,1215,128,1.48540628,0.136406039,938.374876,3008656476
4,10757,1216,128,1.19471467,0.122511858,1044.79682,3008656476
4,10758,1217,128,1.53304875,0.121121159,1056.79306,3008656476
4,10759,1218,128,1.25176525,0.121599206,1052.63845,3008656476
4,10760,1219,128,1.40301239,0.121458931,1053.85416,3008656476
4,10761,1220,128,0.9407022,0.121706287,1051.71231,3008656476
4,10762,1221,128,1.14037085,0.121461583,1053.83115,3008656476
4,10763,1222,128,1.08853722,0.137576905,930.388716,3008656476
4,10764,1223,128,1.07409561,0.111374265,1149.27807,3008656476
4,10765,1224,128,1.37770259,0.136155095,940.104371,3008656476
4,10766,1225,128,1.41548491,0.121617271,1052.48209,3008656476
4,10767,1226,128,1.16538668,0.122644676,1043.66536,3008656476
4,10768,1227,128,1.40825105,0.121506213,1053.44407,3008656476
4,10769,1228,128,1.24459732,0.122095621,1048.35865,3008656476
4,10770,1229,128,1.23458862,0.122348498,1046.19184,3008656476
4,10771,1230,128,1.07978177,0.123015856,1040.51627,3008656476
4,10772,1231,128,1.26745546,0.137262001,932.523197,3008656476
4,10773,1232,128,1.26641214,0.136781094,935.801844,3008656476
4,10774,1233,128,1.1645956,0.123911856,1032.99236,3008656476
4,10775,1234,128,1.29026318,0.122968455,1040.91736,3008656476
4,10776,1235,128,1.25098598,0.123466239,1036.72065,3008656476
4,10777,1236,128,1.17785907,0.12443049,1028.68678,3008656476
4,10778,1237,128,1.14018607,0.125579617,1019.27369,3008656476
4,10779,1238,128,1.20951474,0.125300245,1021.54629,3008656476
4,10780,1239,128,1.28468311,0.138143415,926.573301,3008656476
4,10781,1240,128,1.37129259,0.139322701,918.730394,3008656476
4,10782,1241,128,0.817854583,0.116203788,1101.51315,3008656476
4,10783,1242,128,1.36379385,0.125086156,1023.2947,3008656476
4,10784,1243,128,0.691217124,0.123405016,1037.23499,3008656476
4,10785,1244,128,1.39746857,0.125363177,1021.03347,3008656476
4,10786,1245,128,1.2206713,0.125764403,1017.77607,3008656476
4,10787,1246,128,1.0377754,0.12552594,1019.70955,3008656476
4,10788,1247,128,0.947753668,0.126446011,1012.28974,3008656476
4,10789,1248,128,0.634539306,0.134103151,954.489131,3008656476
4,10790,1249,128,0.759756565,0.144665261,884.801224,3008656476
4,10791,1250,128,1.06657887,0.130443474,981.267948,3008656476
4,10792,1251,128,0.780654669,0.128948712,992.642718,3008656476
4,10793,1252,128,1.07606745,0.132240784,967.931346,3008656476
4,10794,1253,128,0.838640392,0.131338821,974.578567,3008656476
4,10795,1254,128,0.950462997,0.127490848,1003.99364,3008656476
4,10796,1255,128,0.684074521,0.127947543,1000.40999,3008656476
4,10797,1256,128,0.899158001,0.130371866,981.806918,3008656476
4,10798,1257,128,1.07798302,0.14223581,899.914023,3008656476
4,10799,1258,128,0.712970197,0.125788894,1017.57791,3008656476
4,10800,1259,128,1.37125504,0.124696051,1026.49602,3008656476
4,10801,1260,128,1.5140202,0.124580411,1027.44885,3008656476
4,10802,1261,128,1.24448764,0.124644845,1026.91772,3008656476
4,10803,1262,128,1.32233191,0.12395084,1032.66747,3008656476
4,10804,1263,128,1.28948963,0.123253784,1038.50767,3008656476
4,10805,1264,128,1.12000835,0.140808269,909.037523,3008656476
4,10806,1265,128,1.10267138,0.140008208,914.232114,3008656476
4,10807,1266,128,1.03121889,0.124024218,1032.0565,3008656476
4,10808,1267,128,1.21600187,0.123982803,1032.40124,3008656476
4,10809,1268,128,1.10018897,0.124514512,1027.99262,3008656476
4,10810,1269,128,1.03978002,0.122721764,1043.00978,3008656476
4,10811,1270,128,0.852268994,0.187486046,682.717475,3008656476
4,10812,1271,128,1.05032301,0.125128458,1022.94875,3008656476
4,10813,1272,128,1.0571934,0.132192368,968.285854,3008656476
4,10814,1273,128,1.42131817,0.138883651,921.634757,3008656476
4,10815,1274,128,0.987694442,0.125029714,1023.75664,3008656476
4,10816,1275,128,1.31744528,0.124877861,1025.00154,3008656476
4,10817,1276,128,1.29735208,0.125576734,1019.29709,3008656476
4,10818,1277,128,1.1323961,0.124201273,1030.58525,3008656476
4,10819,1278,128,1.01366615,0.124310257,1029.68173,3008656476
4,10820,1279,128,1.18133771,0.123637495,1035.28464,3008656476
4,10821,1280,128,1.38051486,0.137470188,931.110969,3008656476
4,10822,1281,128,1.19264042,0.135205272,946.708646,3008656476
4,10823,1282,128,1.30832016,0.123012187,1040.54731,3008656476
4,10824,1283,128,0.952046871,0.123892842,1033.15089,3008656476
4,10825,1284,128,1.36906409,0.122684058,1043.33034,3008656476
4,10826,1285,128,1.29593015,0.122209106,1047.38513,3008656476
4,10827,1286,128,1.10701227,0.122700933,1043.18685,3008656476
4,10828,1287,128,1.26235127,0.12180054,1050.89846,3008656476
4,10829,1288,128,1.09187078,0.134672345,950.454973,3008656476
4,10830,1289,128,0.694343448,0.133750823,957.003457,3008656476
4,10831,1290,128,1.1168474,0.11720415,1092.1115,3008656476
4,10832,1291,128,1.40839553,0.121590541,1052.71347,3008656476
4,10833,1292,128,1.25583577,0.121109101,1056.89828,3008656476
4,10834,1293,128,1.09930038,0.121568958,1052.90036,3008656476
4,10835,1294,128,1.14199901,0.120922028,1058.53336,3008656476
4,10836,1295,128,0.956327975,0.12108959,1057.06857,3008656476
4,10837,1296,128,1.05135155,0.120490202,1062.32704,3008656476
4,10838,1297,128,1.23230648,0.134244471,953.484334,3008656476
4,10839,1298,128,1.28249693,0.134506581,951.6263,3008656476
4,10840,1299,128,1.40976822,0.121912783,1049.93092,3008656476
4,10841,1300,128,1.1002959,0.121299794,1055.23675,3008656476
4,10842,1301,128,1.14528775,0.121604306,1052.59431,3008656476
4,10843,1302,128,1.1558435,0.121784409,1051.03766,3008656476
4,10844,1303,128,0.799116075,0.121823385,1050.70139,3008656476
4,10845,1304,128,1.15304685,0.12059889,1061.36964,3008656476
4,10846,1305,128,1.34033668,0.135133016,947.214854,3008656476
4,10847,1306,128,1.36518991,0.132957219,962.715684,3008656476
4,10848,1307,128,1.18708098,0.115894914,1104.44881,3008656476
4,10849,1308,128,0.88579917,0.122428723,1045.50629,3008656476
4,10850,1309,128,1.28924298,0.121629348,1052.37759,3008656476
4,10851,1310,128,1.40703857,0.120237248,1064.56196,3008656476
4,10852,1311,128,1.30347109,0.121580063,1052.80419,3008656476
4,10853,1312,128,1.03122175,0.121931057,1049.77356,3008656476
4,10854,1313,128,1.11294496,0.120980088,1058.02535,3008656476
4,10855,1314,128,1.26273119,0.136138096,940.221758,3008656476
4,10856,1315,128,1.06874537,0.1348343,949.313342,3008656476
4,10857,1316,128,1.40370917,0.121796175,1050.93612,3008656476
4,10858,1317,128,1.03677845,0.119956227,1067.0559,3008656476
4,10859,1318,128,0.77655226,0.120317932,1063.84807,3008656476
4,10860,1319,128,1.24683869,0.120834692,1059.29843,3008656476
4,10861,1320,128,1.33451247,0.119776701,1068.65525,3008656476
4,10862,1321,128,1.36270928,0.120796407,1059.63417,3008656476
4,10863,1322,128,1.44690382,0.136071118,940.684562,3008656476
4,10864,1323,128,0.880745351,0.131884572,970.545668,3008656476
4,10865,1324,128,0.907110274,0.117729757,1087.23574,3008656476
4,10866,1325,128,1.26102972,0.12179248,1050.96801,3008656476
4,10867,1326,128,1.36958683,0.121438896,1054.02803,3008656476
4,10868,1327,128,1.48547709,0.121986669,1049.29498,3008656476
4,10869,1328,128,1.5962745,0.123252523,1038.51829,3008656476
4,10870,1329,128,0.993732154,0.123480636,1036.59978,3008656476
4,10871,1330,128,1.08499825,0.123533948,1036.15243,3008656476
4,10872,1331,128,1.01567841,0.136601352,937.033185,3008656476
4,10873,1332,128,1.31161785,0.137503189,930.887501,3008656476
4,10874,1333,128,1.04132247,0.122963686,1040.95773,3008656476
4,10875,1334,128,1.34445,0.124127158,1031.2006,3008656476
4,10876,1335,128,1.07509005,0.125144292,1022.81932,3008656476
4,10877,1336,128,1.11456835,0.123878847,1033.26761,3008656476
4,10878,1337,128,1.04773962,0.123696811,1034.7882,3008656476
4,10879,1338,128,1.114712,0.125211959,1022.26657,3008656476
4,10880,1339,128,1.23666942,0.139392445,918.270714,3008656476
4,10881,1340,128,0.872095644,0.140303051,912.310881,3008656476
4,10882,1341,128,1.14603114,0.125208864,1022.29184,3008656476
4,10883,1342,128,1.3362627,0.127472864,1004.13528,3008656476
4,10884,1343,128,1.04498196,0.127761046,1001.87032,3008656476
4,10885,1344,128,1.13793993,0.128203756,998.410686,3008656476
4,10886,1345,128,1.21146142,0.127951039,1000.38265,3008656476
4,10887,1346,128,1.26770926,0.128062316,999.513393,3008656476
4,10888,1347,128,1.06114888,0.142722847,896.843096,3008656476
4,10889,1348,128,1.10035527,0.144887992,883.441051,3008656476
4,10890,1349,128,1.36164713,0.128885251,993.131479,3008656476
4,10891,1350,128,1.17942178,0.127477197,1004.10115,3008656476
4,10892,1351,128,1.0443939,0.127569059,1003.3781,3008656476
4,10893,1352,128,0.889186621,0.128236693,998.154249,3008656476
4,10894,1353,128,0.893227279,0.12828568,997.773095,3008656476
4,10895,1354,128,1.28604662,0.127848739,1001.18312,3008656476
4,10896,1355,128,0.998983681,0.142603963,897.590763,3008656476
4,10897,1356,128,1.06090724,0.141353044,905.53409,3008656476
4,10898,1357,128,1.35132587,0.127447902,1004.33195,3008656476
4,10899,1358,128,0.84718436,0.127750912,1001.94979,3008656476
4,10900,1359,128,0.952801168,0.130846887,978.242608,3008656476
4,10901,1360,128,0.859393358,0.127328177,1005.27631,3008656476
4,10902,1361,128,1.4191308,0.127788757,1001.65306,3008656476
4,10903,1362,128,1.17555726,0.127514405,1003.80816,3008656476
4,10904,1363,128,1.30486023,0.141211633,906.440902,3008656476
4,10905,1364,128,0.993155718,0.140267689,912.540877,3008656476
4,10906,1365,128,1.32241368,0.127597783,1003.15223,3008656476
4,10907,1366,128,1.31817198,0.128006546,999.948862,3008656476
4,10908,1367,128,1.33402562,0.127739595,1002.03856,3008656476
4,10909,1368,128,1.30312026,0.127469659,1004.16053,3008656476
4,10910,1369,128,1.06195366,0.127466274,1004.18719,3008656476
4,10911,1370,128,0.868773758,0.127198309,1006.30269,3008656476
4,10912,1371,128,1.15879285,0.138087106,926.951138,3008656476
4,10913,1372,128,0.938272595,0.138408487,924.798781,3008656476
4,10914,1373,128,1.26849318,0.124681742,1026.61382,3008656476
4,10915,1374,128,1.4666822,0.124504488,1028.07539,3008656476
4,10916,1375,128,1.68230283,0.125187898,1022.46305,3008656476
4,10917,1376,128,1.74252641,0.125219175,1022.20766,3008656476
4,10918,1377,128,1.12527382,0.125240823,1022.03097,3008656476
4,10919,1378,128,1.39801323,0.124297882,1029.78424,3008656476
4,10920,1379,128,1.09730279,0.13585173,942.20368,3008656476
4,10921,1380,128,1.4860177,0.125156549,1022.71915,3008656476
4,10922,1381,128,1.19665647,0.134691648,950.318761,3008656476
4,10923,1382,128,1.21104252,0.125182448,1022.50756,3008656476
4,10924,1383,128,1.36253405,0.124425279,1028.72986,3008656476
4,10925,1384,128,1.04200065,0.124061887,1031.74313,3008656476
4,10926,1385,128,1.46749818,0.1245075,1028.05052,3008656476
4,10927,1386,128,1.09201074,0.125177773,1022.54575,3008656476
4,10928,1387,128,1.19723201,0.123889691,1033.17717,3008656476
4,10929,1388,128,1.47301126,0.138120818,926.724891,3008656476
4,10930,1389,128,1.26168799,0.138295502,925.554325,3008656476
4,10931,1390,128,0.974172056,0.124669267,1026.71655,3008656476
4,10932,1391,128,1.35297441,0.12492287,1024.63224,3008656476
4,10933,1392,128,1.19152462,0.124367932,1029.20422,3008656476
4,10934,1393,128,1.09750152,0.12506314,1023.48302,3008656476
4,10935,1394,128,1.44020128,0.124884776,1024.94479,3008656476
4,10936,1395,128,1.1895014,0.123326774,1037.89304,3008656476
4,10937,1396,128,1.07492375,0.13736153,931.847512,3008656476
4,10938,1397,128,1.1482836,0.137201272,932.935957,3008656476
4,10939,1398,128,1.32129419,0.124088135,1031.52489,3008656476
4,10940,1399,128,1.27769065,0.122483172,1045.04152,3008656476
4,10941,1400,128,1.42406213,0.122762145,1042.6667,3008656476
4,10942,1401,128,1.84367943,0.122736354,1042.88579,3008656476
4,10943,1402,128,1.19374228,0.122358412,1046.10707,3008656476
4,10944,1403,128,1.14740837,0.122567902,1044.31909,3008656476
4,10945,1404,128,1.19118392,0.134514806,951.568112,3008656476
4,10946,1405,128,1.30017185,0.122106344,1048.26658,3008656476
4,10947,1406,128,1.57572293,0.126951085,1008.26236,3008656476
4,10948,1407,128,1.65682042,0.121057121,1057.35209,3008656476
4,10949,1408,128,1.18103659,0.121364622,1054.67308,3008656476
4,10950,1409,128,1.18643439,0.119295026,1072.97013,3008656476
4,10951,1410,128,1.40920269,0.120912824,1058.61393,3008656476
4,10952,1411,128,1.8024323,0.121854767,1050.4308,3008656476
4,10953,1412,128,1.44867754,0.121778081,1051.09227,3008656476
4,10954,1413,128,1.57157612,0.133787487,956.741194,3008656476
4,10955,1414,128,1.75849557,0.136136301,940.234155,3008656476
4,10956,1415,128,1.7411561,0.121817208,1050.75467,3008656476
4,10957,1416,128,1.36505497,0.122757202,1042.70868,3008656476
4,10958,1417,128,1.27676463,0.122326928,1046.37631,3008656476
4,10959,1418,128,1.48016,0.121823931,1050.69668,3008656476
4,10960,1419,128,1.63187766,0.122097655,1048.34118,3008656476
4,10961,1420,128,1.76668763,0.121612888,1052.52003,3008656476
4,10962,1421,128,1.41315222,0.134033152,954.987614,3008656476
4,10963,1422,128,1.86531699,0.122273432,1046.83412,3008656476
4,10964,1423,128,1.47412086,0.126069904,1015.30973,3008656476
4,10965,1424,128,1.6302011,0.120786992,1059.71676,3008656476
4,10966,1425,128,1.92119336,0.120593212,1061.41961,3008656476
4,10967,1426,128,1.51594234,0.121220133,1055.93021,3008656476
4,10968,1427,128,1.45120311,0.120773097,1059.83868,3008656476
4,10969,1428,128,1.67073846,0.120391376,1063.19908,3008656476
4,10970,1429,128,2.1464169,0.120312508,1063.89603,3008656476
4,10971,1430,128,1.93390048,0.136684223,936.465067,3008656476
4,10972,1431,128,1.58802485,0.134320624,952.943756,3008656476
4,10973,1432,128,1.63726151,0.120759314,1059.95965,3008656476
4,10974,1433,128,1.42762876,0.12181406,1050.78182,3008656476
4,10975,1434,128,1.35832715,0.121829076,1050.65231,3008656476
4,10976,1435,128,1.77522254,0.122861861,1041.82046,3008656476
4,10977,1436,128,1.31209278,0.12284862,1041.93275,3008656476
4,10978,1437,128,1.42417753,0.122731791,1042.92457,3008656476
4,10979,1438,128,1.63854647,0.137536756,930.66031,3008656476
4,10980,1439,128,1.80283904,0.12340903,1037.20125,3008656476
4,10981,1440,128,1.29400861,0.127347356,1005.12491,3008656476
4,10982,1441,128,1.63647079,0.125799007,1017.49611,3008656476
4,10983,1442,128,1.46773851,0.125155485,1022.72785,3008656476
4,10984,1443,128,1.18975341,0.126665109,1010.53874,3008656476
4,10985,1444,128,1.92222595,0.127802593,1001.54462,3008656476
4,10986,1445,128,1.5046618,0.127780127,1001.72071,3008656476
4,10987,1446,128,2.09011054,0.13854066,923.916488,3008656476
4,10988,1447,128,1.66432846,0.122363046,1046.06745,3008656476
4,10989,1448,128,1.36075711,0.140990109,907.865104,3008656476
4,10990,1449,128,1.77131367,0.123243371,1038.59541,3008656476
4,10991,1450,128,1.36366236,0.128215526,998.319034,3008656476
4,10992,1451,128,1.34162009,0.12809364,999.268972,3008656476
4,10993,1452,128,1.51696897,0.127556467,1003.47715,3008656476
4,10994,1453,128,1.44894648,0.127502753,1003.89989,3008656476
4,10995,1454,128,1.47561169,0.127913425,1000.67682,3008656476
4,10996,1455,128,1.08644402,0.139782585,915.707776,3008656476
4,10997,1456,128,1.31933331,0.147485587,867.881415,3008656476
4,10998,1457,128,1.43417013,0.127536789,1003.63198,3008656476
4,10999,1458,128,1.81734037,0.127850923,1001.16602,3008656476
4,11000,1459,128,1.69579399,0.127562165,1003.43233,3008656476
4,11001,1460,128,1.57159448,0.127929752,1000.54911,3008656476
4,11002,1461,128,1.1493392,0.128057136,999.553824,3008656476
4,11003,1462,128,0.946346343,0.128045836,999.642034,3008656476
4,11004,1463,128,1.40215468,0.140179212,913.116846,3008656476
4,11005,1464,128,1.28326344,0.141301445,905.864763,3008656476
4,11006,1465,128,1.35116637,0.127801909,1001.54998,3008656476
4,11007,1466,128,1.90219462,0.127549392,1003.53281,3008656476
4,11008,1467,128,1.68059158,0.127669596,1002.58796,3008656476
4,11009,1468,128,1.51212895,0.12728708,1005.60088,3008656476
4,11010,1469,128,1.70739615,0.127680329,1002.50368,3008656476
4,11011,1470,128,1.36547101,0.127304341,1005.46453,3008656476
4,11012,1471,128,1.50084698,0.143261147,893.473232,3008656476
4,11013,1472,128,1.73348939,0.138515235,924.086076,3008656476
4,11014,1473,128,1.64453125,0.124657277,1026.81531,3008656476
4,11015,1474,128,1.6092447,0.12529057,1021.62517,3008656476
4,11016,1475,128,1.54209113,0.125107375,1023.12114,3008656476
4,11017,1476,128,1.47008467,0.124890035,1024.90163,3008656476
4,11018,1477,128,1.58700645,0.124885181,1024.94146,3008656476
4,11019,1478,128,1.61680639,0.123764658,1034.22093,3008656476
4,11020,1479,128,1.37223816,0.139881489,915.060319,3008656476
4,11021,1480,128,1.5834657,0.137110263,933.555207,3008656476
4,11022,1481,128,1.77820468,0.123812933,1033.81769,3008656476
4,11023,1482,128,1.51151001,0.124120395,1031.25679,3008656476
4,11024,1483,128,1.76779425,0.123562037,1035.91688,3008656476
4,11025,1484,128,1.55625093,0.12262142,1043.8633,3008656476
4,11026,1485,128,1.55021393,0.122787982,1042.4473,3008656476
4,11027,1486,128,1.7797792,0.12257773,1044.23536,3008656476
4,11028,1487,128,1.39336908,0.136418681,938.287917,3008656476
4,11029,1488,128,1.52573657,0.130674667,979.531863,3008656476
4,11030,1489,128,1.21709025,0.122589373,1044.13618,3008656476
4,11031,1490,128,1.38648987,0.121881313,1050.20201,3008656476
4,11032,1491,128,1.50424433,0.121158872,1056.46411,3008656476
4,11033,1492,128,2.01222014,0.12056969,1061.62668,3008656476
4,11034,1493,128,1.44575691,0.121054075,1057.3787,3008656476
4,11035,1494,128,1.12722576,0.120145439,1065.37544,3008656476
4,11036,1495,128,1.55793679,0.121447746,1053.95122,3008656476
4,11037,1496,128,1.42782867,0.134027991,955.024387,3008656476
4,11038,1497,128,1.49552619,0.135885585,941.968937,3008656476
4,11039,1498,128,1.3578459,0.120975775,1058.06307,3008656476
4,11040,1499,128,1.28710115,0.120632921,1061.07022,3008656476
4,11041,1500,128,1.51331127,0.12162933,1052.37774,3008656476
4,11042,1501,128,1.97533536,0.120922276,1058.53118,3008656476
4,11043,1502,128,1.32631993,0.12159312,1052.69114,3008656476
4,11044,1503,128,1.41473699,0.121399648,1054.36879,3008656476
4,11045,1504,128,1.52268624,0.134181864,953.929214,3008656476
4,11046,1505,128,1.56776333,0.134215003,953.693679,3008656476
4,11047,1506,128,1.24103642,0.122502679,1044.87511,3008656476
4,11048,1507,128,1.39602327,0.120664744,1060.79038,3008656476
4,11049,1508,128,1.59406066,0.122366272,1046.03988,3008656476
4,11050,1509,128,1.49142671,0.121520692,1053.31856,3008656476
4,11051,1510,128,1.73775029,0.121624397,1052.42043,3008656476
4,11052,1511,128,1.28927267,0.121689138,1051.86052,3008656476
4,11053,1512,128,1.34407938,0.122816457,1042.20561,3008656476
4,11054,1513,128,1.68973112,0.128466037,996.372294,3008656476
4,11055,1514,128,1.9986105,0.134217859,953.673386,3008656476
4,11056,1515,128,1.41011941,0.121489461,1053.58933,3008656476
4,11057,1516,128,1.53115571,0.120702697,1060.45683,3008656476
4,11058,1517,128,1.55940843,0.120745114,1060.0843,3008656476
4,11059,1518,128,1.80873823,0.120775814,1059.81484,3008656476
4,11060,1519,128,1.3238095,0.120247421,1064.47189,3008656476
4,11061,1520,128,1.83247113,0.121228911,1055.85375,3008656476
4,11062,1521,128,1.27500367,0.13482002,949.413893,3008656476
4,11063,1522,128,1.69867992,0.132431228,966.539403,3008656476
4,11064,1523,128,1.84550154,0.12162126,1052.44757,3008656476
4,11065,1524,128,1.96992147,0.120431015,1062.84913,3008656476
4,11066,1525,128,1.49024856,0.121112208,1056.87116,3008656476
4,11067,1526,128,1.24654162,0.121262484,1055.56142,3008656476
4,11068,1527,128,1.39875281,0.12137671,1054.56805,3008656476
4,11069,1528,128,1.53302169,0.122018991,1049.01703,3008656476
4,11070,1529,128,1.82001817,0.121972921,1049.41325,3008656476
4,11071,1530,128,1.93318594,0.136157839,940.085425,3008656476
4,11072,1531,128,1.71631134,0.1380359,927.295001,3008656476
4,11073,1532,128,1.80784059,0.123383406,1037.41665,3008656476
4,11074,1533,128,1.73874772,0.123367382,1037.5514,3008656476
4,11075,1534,128,1.60990953,0.124692404,1026.52604,3008656476
4,11076,1535,128,1.33526623,0.124019178,1032.09844,3008656476
4,11077,1536,128,1.64190698,0.124089756,1031.51142,3008656476
4,11078,1537,128,1.41410053,0.124118137,1031.27555,3008656476
4,11079,1538,128,1.7969861,0.140799714,909.092756,3008656476
4,11080,1539,128,1.64262533,0.138935538,921.290563,3008656476
4,11081,1540,128,1.69636202,0.124628546,1027.05202,3008656476
4,11082,1541,128,1.68819606,0.125468553,1020.17595,3008656476
4,11083,1542,128,1.90856636,0.127714115,1002.23848,3008656476
4,11084,1543,128,1.62743795,0.127680725,1002.50057,3008656476
4,11085,1544,128,1.5375222,0.130238738,982.810506,3008656476
4,11086,1545,128,1.56392395,0.130816753,978.467949,3008656476
4,11087,1546,128,1.54787314,0.140159413,913.245834,3008656476
4,11088,1547,128,1.37964213,0.142418475,898.759799,3008656476
4,11089,1548,128,1.50967824,0.128755686,994.130853,3008656476
4,11090,1549,128,1.69693172,0.129896495,985.399952,3008656476
4,11091,1550,128,1.74628437,0.130761303,978.882873,3008656476
4,11092,1551,128,1.36044061,0.128984959,992.363769,3008656476
4,11093,1552,128,1.49625015,0.130933593,977.594803,3008656476
4,11094,1553,128,2.074821,0.127674082,1002.55273,3008656476
4,11095,1554,128,1.92624736,0.141338129,905.629648,3008656476
4,11096,1555,128,1.52548563,0.141346573,905.575546,3008656476
4,11097,1556,128,1.59762788,0.127909926,1000.7042,3008656476
4,11098,1557,128,1.757321,0.127664299,1002.62956,3008656476
4,11099,1558,128,1.37930632,0.129676927,987.068424,3008656476
4,11100,1559,128,1.30505717,0.130454321,981.186357,3008656476
4,11101,1560,128,1.59602904,0.127415533,1004.58709,3008656476
4,11102,1561,128,1.67273033,0.127794488,1001.60814,3008656476
4,11103,1562,128,2.0665834,0.141820625,902.548554,3008656476
4,11104,1563,128,1.89239454,0.140319973,912.20086,3008656476
4,11105,1564,128,1.33471775,0.127779861,1001.7228,3008656476
4,11106,1565,128,1.56775427,0.127339334,1005.18823,3008656476
4,11107,1566,128,1.42674005,0.127876634,1000.96473,3008656476
4,11108,1567,128,1.10986006,0.12719652,1006.31684,3008656476
4,11109,1568,128,0.927177608,0.129658572,987.208158,3008656476
4,11110,1569,128,1.19690633,0.127563109,1003.4249,3008656476
4,11111,1570,128,1.28466368,0.142663041,897.219063,3008656476
4,11112,1571,128,1.58769917,0.142322989,899.362787,3008656476
4,11113,1572,128,1.07303381,0.127717546,1002.21155,3008656476
4,11114,1573,128,1.3503288,0.128235417,998.164181,3008656476
4,11115,1574,128,1.69487989,0.127885335,1000.89662,3008656476
4,11116,1575,128,1.72474802,0.128285132,997.777357,3008656476
4,11117,1576,128,1.61568964,0.127634113,1002.86669,3008656476
4,11118,1577,128,1.39222181,0.127973167,1000.20968,3008656476
4,11119,1578,128,1.41918314,0.1435416,891.727555,3008656476
4,11120,1579,128,1.60971057,0.140903089,908.42579,3008656476
4,11121,1580,128,1.66277957,0.127202789,1006.26724,3008656476
4,11122,1581,128,1.33842278,0.127508065,1003.85807,3008656476
4,11123,1582,128,1.27089262,0.127622576,1002.95735,3008656476
4,11124,1583,128,1.45680904,0.128059371,999.536379,3008656476
4,11125,1584,128,1.44880939,0.128002168,999.983063,3008656476
4,11126,1585,128,1.67646086,0.127397726,1004.72751,3008656476
4,11127,1586,128,1.51570618,0.140826788,908.917982,3008656476
4,11128,1587,128,1.22421837,0.141691028,903.374065,3008656476
4,11129,1588,128,1.27595103,0.125059346,1023.51407,3008656476
4,11130,1589,128,1.61916184,0.124732099,1026.19936,3008656476
4,11131,1590,128,1.18864954,0.124216607,1030.45803,3008656476
4,11132,1591,128,1.23555064,0.125232671,1022.0975,3008656476
4,11133,1592,128,1.54439354,0.125043956,1023.64004,3008656476
4,11134,1593,128,1.2846992,0.124766584,1025.91572,3008656476
4,11135,1594,128,1.06427205,0.139025821,920.692279,3008656476
4,11136,1595,128,1.10420883,0.136406954,938.368582,3008656476
4,11137,1596,128,1.1871202,0.124111449,1031.33112,3008656476
4,11138,1597,128,0.905008435,0.123041636,1040.29826,3008656476
4,11139,1598,128,1.40427911,0.123127601,1039.57195,3008656476
4,11140,1599,128,0.989475012,0.122961658,1040.9749,3008656476
4,11141,1600,128,1.01832843,0.122593088,1044.10454,3008656476
4,11142,1601,128,1.32123339,0.12368867,1034.8563,3008656476
4,11143,1602,128,1.01526904,0.123631237,1035.33705,3008656476
4,11144,1603,128,1.34069788,0.128065597,999.487786,3008656476
4,11145,1604,128,1.10191607,0.13574323,942.956787,3008656476
4,11146,1605,128,1.11221921,0.121944328,1049.65932,3008656476
4,11147,1606,128,0.886300445,0.121729282,1051.51364,3008656476
4,11148,1607,128,1.42016327,0.122576893,1044.24249,3008656476
4,11149,1608,128,1.1832726,0.121633241,1052.34391,3008656476
4,11150,1609,128,1.53002,0.121721707,1051.57907,3008656476
4,11151,1610,128,1.86491835,0.121427843,1054.12397,3008656476
4,11152,1611,128,1.48053849,0.134017795,955.097045,3008656476
4,11153,1612,128,1.80892158,0.136301745,939.092893,3008656476
4,11154,1613,128,1.36072338,0.121844975,1050.51521,3008656476
4,11155,1614,128,1.48672414,0.121931065,1049.77349,3008656476
4,11156,1615,128,1.57555103,0.12129528,1055.27602,3008656476
4,11157,1616,128,1.2470324,0.121572522,1052.8695,3008656476
4,11158,1617,128,1.7569313,0.121129307,1056.72197,3008656476
4,11159,1618,128,1.14610088,0.121449942,1053.93216,3008656476
4,11160,1619,128,1.90349674,0.120731186,1060.2066,3008656476
4,11161,1620,128,2.04427361,0.125674075,1018.5076,3008656476
4,11162,1621,128,1.66685474,0.138056029,927.159798,3008656476
4,11163,1622,128,1.71027088,0.122075601,1048.53057,3008656476
4,11164,1623,128,1.54809391,0.12194204,1049.67901,3008656476
4,11165,1624,128,1.63421679,0.12290829,1041.4269,3008656476
4,11166,1625,128,1.3326329,0.121911257,1049.94406,3008656476
4,11167,1626,128,1.74936938,0.12080063,1059.59712,3008656476
4,11168,1627,128,1.58819509,0.122340722,1046.25833,3008656476
4,11169,1628,128,1.4937129,0.138669199,923.060066,3008656476
4,11170,1629,128,1.28758681,0.137727953,929.368347,3008656476
4,11171,1630,128,1.55206501,0.122274125,1046.82818,3008656476
4,11172,1631,128,1.44653606,0.121992541,1049.24448,3008656476
4,11173,1632,128,1.56751359,0.121840857,1050.55072,3008656476
4,11174,1633,128,1.45065689,0.121194188,1056.15626,3008656476
4,11175,1634,128,1.56896913,0.121126221,1056.74889,3008656476
4,11176,1635,128,1.41958356,0.121947907,1049.62851,3008656476
4,11177,1636,128,1.50865984,0.136454475,938.04179,3008656476
4,11178,1637,128,1.72112072,0.122422773,1045.5571,3008656476
4,11179,1638,128,1.46853447,0.132538141,965.759736,3008656476
4,11180,1639,128,1.65721369,0.121638685,1052.29681,3008656476
4,11181,1640,128,1.1111306,0.120974902,1058.07071,3008656476
4,11182,1641,128,1.28996193,0.121955859,1049.56007,3008656476
4,11183,1642,128,1.69877636,0.120564539,1061.67204,3008656476
4,11184,1643,128,1.23168147,0.120459641,1062.59656,3008656476
4,11185,1644,128,1.37715089,0.121289083,1055.32993,3008656476
4,11186,1645,128,1.11732686,0.133048744,962.053426,3008656476
4,11187,1646,128,1.49174213,0.134047939,954.882268,3008656476
4,11188,1647,128,1.42237568,0.121561708,1052.96316,3008656476
4,11189,1648,128,1.32841945,0.121589134,1052.72565,3008656476
4,11190,1649,128,1.32047856,0.12287502,1041.70888,3008656476
4,11191,1650,128,1.32577097,0.120531845,1061.96002,3008656476
4,11192,1651,128,1.19272196,0.122650761,1043.61358,3008656476
4,11193,1652,128,1.42087698,0.122541678,1044.54258,3008656476
4,11194,1653,128,1.32214916,0.136918008,934.86607,3008656476
4,11195,1654,128,1.05570376,0.121759195,1051.25531,3008656476
4,11196,1655,128,1.42476344,0.127043378,1007.52988,3008656476
4,11197,1656,128,1.36134195,0.123018474,1040.49413,3008656476
4,11198,1657,128,1.38799036,0.124106574,1031.37163,3008656476
4,11199,1658,128,1.48587036,0.124509431,1028.03458,3008656476
4,11200,1659,128,1.33900261,0.124494864,1028.15486,3008656476
4,11201,1660,128,1.2767154,0.1242189,1030.43901,3008656476
4,11202,1661,128,1.22603071,0.124107686,1031.36239,3008656476
4,11203,1662,128,1.58480763,0.139739361,915.991021,3008656476
4,11204,1663,128,1.38141024,0.138160339,926.4598,3008656476
4,11205,1664,128,1.37439311,0.124528702,1027.87549,3008656476
4,11206,1665,128,1.58684599,0.123505913,1036.38763,3008656476
4,11207,1666,128,1.62740481,0.12417513,1030.80222,3008656476
4,11208,1667,128,1.68760312,0.125758518,1017.8237,3008656476
4,11209,1668,128,1.76871645,0.125445066,1020.36695,3008656476
4,11210,1669,128,1.67430651,0.125891494,1016.7486,3008656476
4,11211,1670,128,1.50326848,0.143497766,891.999949,3008656476
4,11212,1671,128,1.01105559,0.144190257,887.716013,3008656476
4,11213,1672,128,1.7198658,0.131254796,975.20246,3008656476
4,11214,1673,128,1.69225204,0.127097703,1007.09924,3008656476
4,11215,1674,128,1.68981373,0.127601296,1003.12461,3008656476
4,11216,1675,128,1.46920228,0.13016216,983.388721,3008656476
4,11217,1676,128,1.60460281,0.127089874,1007.16128,3008656476
4,11218,1677,128,1.99547303,0.127781594,1001.70921,3008656476
4,11219,1678,128,1.68344784,0.141171955,906.695668,3008656476
4,11220,1679,128,1.7952106,0.138903982,921.49986,3008656476
4,11221,1680,128,1.61879611,0.124426038,1028.72359,3008656476
4,11222,1681,128,1.57612526,0.12454103,1027.77374,3008656476
4,11223,1682,128,1.95890331,0.124869551,1025.06975,3008656476
4,11224,1683,128,1.7300899,0.125122084,1023.00086,3008656476
4,11225,1684,128,1.46411884,0.124051509,1031.82945,3008656476
4,11226,1685,128,1.35397947,0.124769552,1025.89132,3008656476
4,11227,1686,128,1.73316276,0.138071704,927.05454,3008656476
4,11228,1687,128,1.62486935,0.135957453,941.471006,3008656476
4,11229,1688,128,1.31603253,0.124991836,1024.06688,3008656476
4,11230,1689,128,1.22456098,0.124154236,1030.9757,3008656476
4,11231,1690,128,1.38524818,0.123539881,1036.10267,3008656476
4,11232,1691,128,1.55693471,0.123325065,1037.90742,3008656476
4,11233,1692,128,1.42093813,0.123019252,1040.48755,3008656476
4,11234,1693,128,1.36775184,0.123095107,1039.84637,3008656476
4,11235,1694,128,1.53565419,0.137459487,931.183455,3008656476
4,11236,1695,128,1.49415016,0.11375603,1125.21508,3008656476
4,11237,1696,128,1.59369922,0.137240285,932.670753,3008656476
4,11238,1697,128,1.52269268,0.121658583,1052.1247,3008656476
4,11239,1698,128,1.31682229,0.121786879,1051.01634,3008656476
4,11240,1699,128,1.57533836,0.123302781,1038.095,3008656476
4,11241,1700,128,1.46494794,0.122022354,1048.98812,3008656476
4,11242,1701,128,1.60577273,0.120538302,1061.90313,3008656476
4,11243,1702,128,1.04931235,0.120702053,1060.46249,3008656476
4,11244,1703,128,1.24970043,0.133609628,958.014792,3008656476
4,11245,1704,128,1.22179043,0.136223292,939.63373,3008656476
4,11246,1705,128,1.22196412,0.120708625,1060.40476,3008656476
4,11247,1706,128,1.52541518,0.121095481,1057.01715,3008656476
4,11248,1707,128,1.6409694,0.121980763,1049.34579,3008656476
4,11249,1708,128,1.95368183,0.121758906,1051.2578,3008656476
4,11250,1709,128,1.51531732,0.120840855,1059.24441,3008656476
4,11251,1710,128,1.78316617,0.1220915,1048.39403,3008656476
4,11252,1711,128,1.4056083,0.131938331,970.150214,3008656476
4,11253,1712,128,1.42531443,0.117459943,1089.7332,3008656476
4,11254,1713,128,1.55808294,0.136887314,935.075693,3008656476
4,11255,1714,128,1.77397668,0.12166942,1052.03099,3008656476
4,11256,1715,128,1.49935949,0.123148301,1039.39721,3008656476
4,11257,1716,128,1.33350265,0.122268952,1046.87247,3008656476
4,11258,1717,128,1.71644175,0.121782391,1051.05507,3008656476
4,11259,1718,128,1.20166016,0.121541285,1053.14009,3008656476
4,11260,1719,128,1.57497263,0.121062858,1057.30198,3008656476
4,11261,1720,128,1.9767741,0.135487244,944.738384,3008656476
4,11262,1721,128,1.73672009,0.140404485,911.651789,3008656476
4,11263,1722,128,1.48942244,0.109939332,1164.27849,3008656476
4,11264,1723,128,1.92182553,0.121228757,1055.85509,3008656476
4,11265,1724,128,1.5949825,0.122465293,1045.19409,3008656476
4,11266,1725,128,1.20496798,0.1215468,1053.09231,3008656476
4,11267,1726,128,1.75782013,0.122454133,1045.28934,3008656476
4,11268,1727,128,1.46031535,0.121894709,1050.0866,3008656476
4,11269,1728,128,1.58091164,0.135980586,941.310843,3008656476
4,11270,1729,128,1.56590712,0.132691856,964.640965,3008656476
4,11271,1730,128,1.4420892,0.113008298,1132.66019,3008656476
4,11272,1731,128,1.09391212,0.121059869,1057.32809,3008656476
4,11273,1732,128,1.87310851,0.121288192,1055.33769,3008656476
4,11274,1733,128,1.05866838,0.120229474,1064.63079,3008656476
4,11275,1734,128,1.41155195,0.119719343,1069.16724,3008656476
4,11276,1735,128,1.33739889,0.120603724,1061.32709,3008656476
4,11277,1736,128,1.20403647,0.120300803,1063.99955,3008656476
4,11278,1737,128,1.07974803,0.135260641,946.321111,3008656476
4,11279,1738,128,1.15923905,0.136553418,937.36211,3008656476
4,11280,1739,128,1.05738771,0.121314517,1055.10868,3008656476
4,11281,1740,128,0.994726896,0.184728449,692.908974,3008656476
4,11282,1741,128,1.22858071,0.120729179,1060.22422,3008656476
4,11283,1742,128,1.21489251,0.120813909,1059.48066,3008656476
4,11284,1743,128,1.29489625,0.121398507,1054.3787,3008656476
4,11285,1744,128,1.52094007,0.121867774,1050.31868,3008656476
4,11286,1745,128,0.989920616,0.135771752,942.758697,3008656476
4,11287,1746,128,1.62484574,0.133818958,956.516191,3008656476
4,11288,1747,128,1.73212385,0.122785876,1042.46518,3008656476
4,11289,1748,128,1.2037487,0.12238548,1045.8757,3008656476
4,11290,1749,128,1.97117865,0.12398592,1032.37529,3008656476
4,11291,1750,128,1.42430568,0.123950266,1032.67225,3008656476
4,11292,1751,128,1.24617016,0.123450264,1036.85481,3008656476
4,11293,1752,128,1.31518924,0.123681127,1034.91942,3008656476
4,11294,1753,128,1.42312932,0.137041893,934.020957,3008656476
4,11295,1754,128,1.52628672,0.13616336,940.047308,3008656476
4,11296,1755,128,1.84533942,0.1248546,1025.1925,3008656476
4,11297,1756,128,1.26748693,0.123719115,1034.60165,3008656476
4,11298,1757,128,1.34896469,0.124433804,1028.65938,3008656476
4,11299,1758,128,1.31343687,0.126075968,1015.26089,3008656476
4,11300,1759,128,1.39933932,0.126592691,1011.11683,3008656476
4,11301,1760,128,1.49480128,0.127760031,1001.87828,3008656476
4,11302,1761,128,1.15079319,0.140144823,913.340909,3008656476
4,11303,1762,128,2.09180212,0.127564269,1003.41578,3008656476
4,11304,1763,128,1.2975384,0.132353342,967.108182,3008656476
4,11305,1764,128,1.23001862,0.126936384,1008.37913,3008656476
4,11306,1765,128,1.17997909,0.13153338,973.137009,3008656476
4,11307,1766,128,1.68835342,0.127423602,1004.52348,3008656476
4,11308,1767,128,1.60124588,0.130610042,980.016529,3008656476
4,11309,1768,128,1.60828948,0.13160027,972.642381,3008656476
4,11310,1769,128,1.04125714,0.14594959,877.015139,3008656476
4,11311,1770,128,1.2381916,0.12824627,998.07971,3008656476
4,11312,1771,128,1.2745924,0.133975153,955.401036,3008656476
4,11313,1772,128,1.08653283,0.126992366,1007.9346,3008656476
4,11314,1773,128,1.04477525,0.127269178,1005.74233,3008656476
4,11315,1774,128,1.032812,0.127230367,1006.04913,3008656476
4,11316,1775,128,1.13083816,0.126988017,1007.96912,3008656476
4,11317,1776,128,1.22441697,0.127520877,1003.75721,3008656476
4,11318,1777,128,1.36233115,0.127588358,1003.22633,3008656476
4,11319,1778,128,1.04617143,0.133733995,957.123879,3008656476
4,11320,1779,128,1.25225997,0.1409014,908.43668,3008656476
4,11321,1780,128,1.06747937,0.127926575,1000.57396,3008656476
4,11322,1781,128,0.870791614,0.12765931,1002.66874,3008656476
4,11323,1782,128,1.12523139,0.126748596,1009.87312,3008656476
4,11324,1783,128,1.23247647,0.130082036,983.994439,3008656476
4,11325,1784,128,1.37354743,0.129232831,990.460389,3008656476
4,11326,1785,128,0.983132482,0.128697479,994.580477,3008656476
4,11327,1786,128,0.90834403,0.135581447,944.081973,3008656476
4,11328,1787,128,0.925271988,0.141317298,905.763143,3008656476
4,11329,1788,128,0.837901354,0.124491862,1028.17966,3008656476
4,11330,1789,128,1.30574787,0.12485157,1025.21738,3008656476
4,11331,1790,128,0.89034766,0.125226592,1022.14712,3008656476
4,11332,1791,128,1.28547692,0.125311357,1021.4557,3008656476
4,11333,1792,128,1.3274895,0.124483238,1028.25089,3008656476
4,11334,1793,128,1.00517571,0.124302558,1029.7455,3008656476
4,11335,1794,128,1.28622711,0.137479143,931.050319,3008656476
4,11336,1795,128,0.951941669,0.138111907,926.784683,3008656476
4,11337,1796,128,1.45715499,0.123730138,1034.50947,3008656476
4,11338,1797,128,1.50239968,0.12384377,1033.56027,3008656476
4,11339,1798,128,1.47474837,0.123166817,1039.24095,3008656476
4,11340,1799,128,1.21283221,0.125046927,1023.61572,3008656476
4,11341,1800,128,1.1739012,0.1233093,1038.04012,3008656476
4,11342,1801,128,1.24133956,0.12194509,1049.65276,3008656476
4,11343,1802,128,1.17973769,0.135302612,946.027561,3008656476
4,11344,1803,128,1.27176833,0.135027795,947.952975,3008656476
4,11345,1804,128,1.1214385,0.12273108,1042.93061,3008656476
4,11346,1805,128,1.5526489,0.122184877,1047.59282,3008656476
4,11347,1806,128,1.16711617,0.123556549,1035.96289,3008656476
4,11348,1807,128,1.21816337,0.122011128,1049.08464,3008656476
4,11349,1808,128,1.21863699,0.122836199,1042.0381,3008656476
4,11350,1809,128,1.69506443,0.1217562,1051.28117,3008656476
4,11351,1810,128,1.63466215,0.121316204,1055.09401,3008656476
4,11352,1811,128,0.912889719,0.129143997,991.141694,3008656476
4,11353,1812,128,0.944961786,0.140669003,909.937493,3008656476
4,11354,1813,128,0.959900558,0.121252609,1055.64739,3008656476
4,11355,1814,128,1.71709645,0.121783747,1051.04337,3008656476
4,11356,1815,128,1.43975842,0.121764761,1051.20725,3008656476
4,11357,1816,128,1.36054766,0.121841544,1050.5448,3008656476
4,11358,1817,128,1.10691226,0.12148057,1053.66644,3008656476
4,11359,1818,128,1.05170393,0.120756848,1059.98129,3008656476
4,11360,1819,128,0.88321203,0.136185101,939.897236,3008656476
4,11361,1820,128,1.38145077,0.135880556,942.003799,3008656476
4,11362,1821,128,1.64112961,0.120359487,1063.48077,3008656476
4,11363,1822,128,1.69883561,0.121197866,1056.12421,3008656476
4,11364,1823,128,1.39209735,0.122708565,1043.12197,3008656476
4,11365,1824,128,1.26427352,0.121943214,1049.66891,3008656476
4,11366,1825,128,1.25246918,0.12094853,1058.30141,3008656476
4,11367,1826,128,1.70364118,0.12104525,1057.45579,3008656476
4,11368,1827,128,1.34452605,0.121814512,1050.77792,3008656476
4,11369,1828,128,1.30799842,0.12401485,1032.13446,3008656476
4,11370,1829,128,1.27055943,0.136814671,935.57218,3008656476
4,11371,1830,128,1.40462101,0.122791746,1042.41534,3008656476
4,11372,1831,128,1.5872705,0.121525386,1053.27787,3008656476
4,11373,1832,128,1.35806763,0.121151713,1056.52654,3008656476
4,11374,1833,128,1.46233034,0.121586442,1052.74896,3008656476
4,11375,1834,128,1.51340914,0.120452734,1062.65749,3008656476
4,11376,1835,128,1.40643942,0.121537373,1053.17399,3008656476
4,11377,1836,128,1.0526849,0.134833246,949.320763,3008656476
4,11378,1837,128,1.54835522,0.135828721,942.363287,3008656476
4,11379,1838,128,1.52626896,0.121128632,1056.72786,3008656476
4,11380,1839,128,1.46840191,0.120630842,1061.08851,3008656476
4,11381,1840,128,1.77489507,0.120833766,1059.30655,3008656476
4,11382,1841,128,1.60992908,0.12034355,1063.62161,3008656476
4,11383,1842,128,1.35178483,0.120330286,1063.73885,3008656476
4,11384,1843,128,1.19505155,0.120997124,1057.87638,3008656476
4,11385,1844,128,1.46033263,0.121487154,1053.60934,3008656476
4,11386,1845,128,1.42926872,0.128987851,992.341519,3008656476
4,11387,1846,128,1.42957902,0.135735169,943.012787,3008656476
4,11388,1847,128,1.02744222,0.123458446,1036.78609,3008656476
4,11389,1848,128,1.53561258,0.123280946,1038.27886,3008656476
4,11390,1849,128,1.47185707,0.123880275,1033.2557,3008656476
4,11391,1850,128,1.54342651,0.125099542,1023.1852,3008656476
4,11392,1851,128,1.33061218,0.124348478,1029.36523,3008656476
4,11393,1852,128,1.11104453,0.124511149,1028.02039,3008656476
4,11394,1853,128,1.39260817,0.139475501,917.723895,3008656476
4,11395,1854,128,1.26598072,0.139563071,917.148061,3008656476
4,11396,1855,128,1.267663,0.12393277,1032.81804,3008656476
4,11397,1856,128,1.31467092,0.124596689,1027.31462,3008656476
4,11398,1857,128,1.01218927,0.125145087,1022.81283,3008656476
4,11399,1858,128,1.3357358,0.124942607,1024.47038,3008656476
4,11400,1859,128,1.28526962,0.126124177,1014.87283,3008656476
4,11401,1860,128,1.55057657,0.127674354,1002.5506,3008656476
4,11402,1861,128,1.42882597,0.139440623,917.953443,3008656476
4,11403,1862,128,1.28737414,0.139699387,916.253126,3008656476
4,11404,1863,128,1.12514484,0.123989146,1032.34843,3008656476
4,11405,1864,128,1.40503848,0.124385059,1029.0625,3008656476
4,11406,1865,128,1.36227846,0.124485389,1028.23312,3008656476
4,11407,1866,128,1.2139008,0.124936807,1024.51794,3008656476
4,11408,1867,128,1.71611226,0.124056184,1031.79056,3008656476
4,11409,1868,128,1.29204118,0.123955198,1032.63116,3008656476
4,11410,1869,128,1.32258677,0.138071296,927.057279,3008656476
4,11411,1870,128,1.44204569,0.123762924,1034.23542,3008656476
4,11412,1871,128,1.12188184,0.130968851,977.331625,3008656476
4,11413,1872,128,1.64998472,0.122701928,1043.17839,3008656476
4,11414,1873,128,1.67398,0.123278521,1038.29928,3008656476
4,11415,1874,128,1.60521388,0.123222187,1038.77397,3008656476
4,11416,1875,128,1.30426073,0.122142738,1047.95424,3008656476
4,11417,1876,128,1.26511669,0.121902387,1050.02046,3008656476
4,11418,1877,128,1.13075244,0.122133992,1048.02928,3008656476
4,11419,1878,128,1.25154746,0.139580729,917.032035,3008656476
4,11420,1879,128,0.858298421,0.13809596,926.891706,3008656476
4,11421,1880,128,1.30974376,0.121706812,1051.70777,3008656476
4,11422,1881,128,1.16511261,0.122821123,1042.16601,3008656476
4,11423,1882,128,1.46181798,0.121959174,1049.53154,3008656476
4,11424,1883,128,1.13923025,0.122375557,1045.96051,3008656476
4,11425,1884,128,1.51947427,0.122766687,1042.62812,3008656476
4,11426,1885,128,1.20815253,0.121511387,1053.39922,3008656476
4,11427,1886,128,1.40746784,0.133811239,956.571368,3008656476
4,11428,1887,128,1.23226631,0.134239244,953.521461,3008656476
4,11429,1888,128,1.27844155,0.121926835,1049.80991,3008656476
4,11430,1889,128,1.55942667,0.120918624,1058.56315,3008656476
4,11431,1890,128,1.42393148,0.121587995,1052.73551,3008656476
4,11432,1891,128,1.35244954,0.120679188,1060.66342,3008656476
4,11433,1892,128,1.31797278,0.121971059,1049.42927,3008656476
4,11434,1893,128,1.29645181,0.122269834,1046.86492,3008656476
4,11435,1894,128,1.25532722,0.119857352,1067.93616,3008656476
4,11436,1895,128,1.3075949,0.130547303,980.48751,3008656476
4,11437,1896,128,1.35360944,0.138212869,926.107684,3008656476
4,11438,1897,128,1.53266621,0.121751116,1051.32507,3008656476
4,11439,1898,128,1.6152513,0.121657423,1052.13473,3008656476
4,11440,1899,128,1.99188924,0.121042142,1057.48294,3008656476
4,11441,1900,128,1.57083917,0.121976354,1049.38372,3008656476
4,11442,1901,128,1.26892149,0.12216624,1047.75264,3008656476
4,11443,1902,128,1.29010367,0.122055864,1048.70013,3008656476
4,11444,1903,128,1.57858288,0.135648227,943.617199,3008656476
4,11445,1904,128,1.03349137,0.133557067,958.391816,3008656476
4,11446,1905,128,1.11260068,0.121936461,1049.72704,3008656476
4,11447,1906,128,1.12593663,0.121728621,1051.51935,3008656476
4,11448,1907,128,1.24568057,0.121801252,1050.89232,3008656476
4,11449,1908,128,1.23305058,0.120999814,1057.85287,3008656476
4,11450,1909,128,1.04653835,0.121782495,1051.05418,3008656476
4,11451,1910,128,1.2744385,0.121066223,1057.2726,3008656476
4,11452,1911,128,1.05259776,0.121811901,1050.80045,3008656476
4,11453,1912,128,1.26489151,0.127115755,1006.95622,3008656476
4,11454,1913,128,1.25593984,0.136409337,938.352189,3008656476
4,11455,1914,128,1.4139142,0.12088444,1058.8625,3008656476
4,11456,1915,128,1.11887693,0.121167764,1056.38658,3008656476
4,11457,1916,128,1.48467505,0.120102522,1065.75614,3008656476
4,11458,1917,128,1.11449301,0.121005486,1057.80328,3008656476
4,11459,1918,128,1.59736538,0.121324463,1055.02218,3008656476
4,11460,1919,128,0.972138941,0.12017768,1065.08962,3008656476
4,11461,1920,128,1.00922954,0.135012126,948.062991,3008656476
4,11462,1921,128,1.15583706,0.135809271,942.498248,3008656476
4,11463,1922,128,1.45913112,0.120999748,1057.85344,3008656476
4,11464,1923,128,1.26131749,0.12104977,1057.4163,3008656476
4,11465,1924,128,1.26287639,0.120324261,1063.79211,3008656476
4,11466,1925,128,1.03115618,0.120989985,1057.9388,3008656476
4,11467,1926,128,1.31459332,0.121420363,1054.18891,3008656476
4,11468,1927,128,1.43024135,0.121713368,1051.65112,3008656476
4,11469,1928,128,1.37669647,0.122362839,1046.06922,3008656476
4,11470,1929,128,1.68910253,0.132081139,969.101273,3008656476
4,11471,1930,128,1.63379574,0.138567158,923.739809,3008656476
4,11472,1931,128,1.08317912,0.125083767,1023.31424,3008656476
4,11473,1932,128,0.950483561,0.124087525,1031.52996,3008656476
4,11474,1933,128,1.07034183,0.123891446,1033.16253,3008656476
4,11475,1934,128,1.10203326,0.124489423,1028.1998,3008656476
4,11476,1935,128,0.980946243,0.125834716,1017.20737,3008656476
4,11477,1936,128,1.53042495,0.125134436,1022.89988,3008656476
4,11478,1937,128,1.28839147,0.137982507,927.653822,3008656476
4,11479,1938,128,1.37669969,0.140525246,910.868357,3008656476
4,11480,1939,128,1.2654407,0.131556956,972.962616,3008656476
4,11481,1940,128,1.30312884,0.127663128,1002.63876,3008656476
4,11482,1941,128,1.11697829,0.12538351,1020.8679,3008656476
4,11483,1942,128,1.44969726,0.124650684,1026.86962,3008656476
4,11484,1943,128,1.31729198,0.124469453,1028.36477,3008656476
4,11485,1944,128,1.48790479,0.125453145,1020.30124,3008656476
4,11486,1945,128,1.36800349,0.137268349,932.480072,3008656476
4,11487,1946,128,1.02232611,0.136981161,934.435064,3008656476
4,11488,1947,128,1.17978704,0.125769461,1017.73514,3008656476
4,11489,1948,128,1.21523547,0.123829437,1033.6799,3008656476
4,11490,1949,128,1.12227821,0.123736875,1034.45315,3008656476
4,11491,1950,128,1.74813735,0.124009188,1032.18158,3008656476
4,11492,1951,128,1.66264641,0.122794085,1042.39549,3008656476
4,11493,1952,128,1.40047657,0.123370039,1037.52906,3008656476
4,11494,1953,128,1.64520657,0.136802215,935.657365,3008656476
4,11495,1954,128,1.41730595,0.124229297,1030.35277,3008656476
4,11496,1955,128,1.2452842,0.123752416,1034.32324,3008656476
4,11497,1956,128,1.6699239,0.120907632,1058.65939,3008656476
4,11498,1957,128,1.20815253,0.121104191,1056.94113,3008656476
4,11499,1958,128,1.18192184,0.121624433,1052.42012,3008656476
4,11500,1959,128,0.758241713,0.121079992,1057.15237,3008656476
4,11501,1960,128,1.37731826,0.12097511,1058.06889,3008656476
4,11502,1961,128,1.23670304,0.121772974,1051.13635,3008656476
4,11503,1962,128,1.1133796,0.13903339,920.642157,3008656476
4,11504,1963,128,1.20525348,0.138252146,925.84458,3008656476
4,11505,1964,128,1.08574295,0.122543027,1044.53108,3008656476
4,11506,1965,128,1.13249958,0.123367917,1037.5469,3008656476
4,11507,1966,128,1.43782794,0.123293501,1038.17313,3008656476
4,11508,1967,128,1.31152356,0.122985691,1040.77148,3008656476
4,11509,1968,128,1.42559791,0.12352011,1036.26851,3008656476
4,11510,1969,128,1.17437923,0.123001449,1040.63815,3008656476
4,11511,1970,128,1.48768759,0.135950164,941.521483,3008656476
4,11512,1971,128,1.30294251,0.137449714,931.249664,3008656476
4,11513,1972,128,1.47832024,0.122282595,1046.75567,3008656476
4,11514,1973,128,1.36808252,0.121803037,1050.87692,3008656476
4,11515,1974,128,0.648649752,0.122416969,1045.60668,3008656476
4,11516,1975,128,1.15995955,0.122158555,1047.81855,3008656476
4,11517,1976,128,1.31848371,0.122193282,1047.52076,3008656476
4,11518,1977,128,1.13745236,0.122618525,1043.88794,3008656476
4,11519,1978,128,1.25181806,0.121936581,1049.726,3008656476
4,11520,1979,128,1.22113252,0.125402762,1020.71117,3008656476
4,11521,1980,128,1.53011298,0.141823259,902.531791,3008656476
4,11522,1981,128,1.42522669,0.122039384,1048.84174,3008656476
4,11523,1982,128,1.23326552,0.122656272,1043.56669,3008656476
4,11524,1983,128,1.40139079,0.122438894,1045.41944,3008656476
4,11525,1984,128,1.24094176,0.12099362,1057.90702,3008656476
4,11526,1985,128,1.19581914,0.122029357,1048.92792,3008656476
4,11527,1986,128,1.13112402,0.12231568,1046.47254,3008656476
4,11528,1987,128,1.4432826,0.136224905,939.622604,3008656476
4,11529,1988,128,1.55536592,0.13380351,956.626624,3008656476
4,11530,1989,128,1.32354963,0.123382255,1037.42633,3008656476
4,11531,1990,128,1.07010806,0.12284912,1041.92851,3008656476
4,11532,1991,128,0.947572231,0.121881317,1050.20198,3008656476
4,11533,1992,128,1.02048194,0.121631769,1052.35664,3008656476
4,11534,1993,128,1.12667072,0.122648287,1043.63463,3008656476
4,11535,1994,128,1.15763927,0.122552495,1044.45038,3008656476
4,11536,1995,128,1.08879626,0.136617368,936.923335,3008656476
4,11537,1996,128,1.2455554,0.12280345,1042.31599,3008656476
4,11538,1997,128,1.66033137,0.134484615,951.781734,3008656476
4,11539,1998,128,1.49367797,0.12167414,1051.99018,3008656476
4,11540,1999,128,1.30915236,0.122538767,1044.56739,3008656476
4,11541,2000,128,1.31515706,0.121857404,1050.40807,3008656476
4,11542,2001,128,1.07965136,0.122923628,1041.29696,3008656476
4,11543,2002,128,1.58721125,0.122647909,1043.63785,3008656476
4,11544,2003,128,1.47015798,0.122206838,1047.40457,3008656476
4,11545,2004,128,1.02035117,0.136414073,938.319612,3008656476
4,11546,2005,128,1.09628916,0.139361193,918.476638,3008656476
4,11547,2006,128,1.0923574,0.122829916,1042.09141,3008656476
4,11548,2007,128,1.24885786,0.12100545,1057.80359,3008656476
4,11549,2008,128,1.28991652,0.122574485,1044.263,3008656476
4,11550,2009,128,1.12739158,0.122976518,1040.84912,3008656476
4,11551,2010,128,1.12507451,0.121700984,1051.75814,3008656476
4,11552,2011,128,1.44999242,0.12190429,1050.00406,3008656476
4,11553,2012,128,1.6504513,0.136765461,935.908811,3008656476
4,11554,2013,128,1.21595073,0.132539348,965.750941,3008656476
4,11555,2014,128,1.61655378,0.116848165,1095.43868,3008656476
4,11556,2015,128,1.29769206,0.122629473,1043.79475,3008656476
4,11557,2016,128,1.21838057,0.122108062,1048.25183,3008656476
4,11558,2017,128,1.62222779,0.122478848,1045.07841,3008656476
4,11559,2018,128,1.2268064,0.121112956,1056.86463,3008656476
4,11560,2019,128,1.31260931,0.122787709,1042.44962,3008656476
4,11561,2020,128,1.0764966,0.12160287,1052.60674,3008656476
4,11562,2021,128,1.52052569,0.134489727,951.745556,3008656476
4,11563,2022,128,1.42284286,0.136293486,939.149799,3008656476
4,11564,2023,128,1.3017081,0.12186824,1050.31467,3008656476
4,11565,2024,128,1.65901399,0.121117651,1056.82367,3008656476
4,11566,2025,128,1.42402935,0.12130722,1055.17215,3008656476
4,11567,2026,128,0.812071025,0.121932483,1049.76128,3008656476
4,11568,2027,128,1.35105097,0.120973773,1058.08058,3008656476
4,11569,2028,128,1.4868784,0.121536223,1053.18395,3008656476
4,11570,2029,128,1.54788435,0.136244323,939.488686,3008656476
4,11571,2030,128,1.25714493,0.137142109,933.338425,3008656476
4,11572,2031,128,1.30507565,0.122375444,1045.96148,3008656476
4,11573,2032,128,1.33514977,0.121511557,1053.39774,3008656476
4,11574,2033,128,1.1665256,0.121470849,1053.75076,3008656476
4,11575,2034,128,1.26118016,0.121705155,1051.72209,3008656476
4,11576,2035,128,1.12692285,0.121680963,1051.93119,3008656476
4,11577,2036,128,1.16804814,0.122885237,1041.62227,3008656476
4,11578,2037,128,1.1765157,0.122591275,1044.11998,3008656476
4,11579,2038,128,1.31033301,0.128859679,993.328565,3008656476
4,11580,2039,128,1.40469658,0.138001968,927.523005,3008656476
4,11581,2040,128,1.39477718,0.124134839,1031.13679,3008656476
4,11582,2041,128,1.39398038,0.12547962,1020.08597,3008656476
4,11583,2042,128,1.54982412,0.12363808,1035.27975,3008656476
4,11584,2043,128,1.56494701,0.125480099,1020.08208,3008656476
4,11585,2044,128,1.35287023,0.125961714,1016.18179,3008656476
4,11586,2045,128,1.3893646,0.126760709,1009.77662,3008656476
4,11587,2046,128,1.14377093,0.143559751,891.614809,3008656476
4,11588,2047,128,1.38731849,0.143467543,892.187859,3008656476
4,11589,2048,128,1.46292126,0.128337265,997.372042,3008656476
4,11590,2049,128,1.3981899,0.12889258,993.075009,3008656476
4,11591,2050,128,1.55257487,0.129073875,991.680152,3008656476
4,11592,2051,128,1.27839744,0.128358549,997.206661,3008656476
4,11593,2052,128,1.0095495,0.128981039,992.393929,3008656476
4,11594,2053,128,1.35836744,0.128941839,992.695629,3008656476
4,11595,2054,128,1.390414,0.140876735,908.595731,3008656476
4,11596,2055,128,1.17340851,0.142216336,900.03725,3008656476
4,11597,2056,128,1.36168671,0.128012721,999.900627,3008656476
4,11598,2057,128,1.44965732,0.127237624,1005.99175,3008656476
4,11599,2058,128,1.11034894,0.125152236,1022.7544,3008656476
4,11600,2059,128,1.37493896,0.125615512,1018.98243,3008656476
4,11601,2060,128,1.16373527,0.125827509,1017.26563,3008656476
4,11602,2061,128,1.43409538,0.1242361,1030.29635,3008656476
4,11603,2062,128,1.45913339,0.139262222,919.129382,3008656476
4,11604,2063,128,1.20857358,0.138942615,921.243637,3008656476
4,11605,2064,128,1.41080177,0.124998132,1024.0153,3008656476
4,11606,2065,128,1.49767637,0.125238633,1022.04884,3008656476
4,11607,2066,128,1.2738421,0.12423819,1030.27901,3008656476
4,11608,2067,128,1.07935429,0.126292423,1013.52082,3008656476
4,11609,2068,128,1.00836778,0.124729491,1026.22082,3008656476
4,11610,2069,128,1.30830133,0.124422837,1028.75005,3008656476
4,11611,2070,128,0.842277646,0.136786606,935.764135,3008656476
4,11612,2071,128,1.19197476,0.135715628,943.148567,3008656476
4,11613,2072,128,1.03757977,0.124104378,1031.38988,3008656476
4,11614,2073,128,1.2095058,0.123202605,1038.93907,3008656476
4,11615,2074,128,1.0002172,0.124498832,1028.1221,3008656476
4,11616,2075,128,1.43116868,0.123925906,1032.87524,3008656476
4,11617,2076,128,1.31435835,0.123910025,1033.00762,3008656476
4,11618,2077,128,1.27091706,0.12342519,1037.06545,3008656476
4,11619,2078,128,1.0094347,0.136191342,939.854165,3008656476
4,11620,2079,128,1.45527577,0.11619471,1101.5992,3008656476
4,11621,2080,128,1.42404878,0.138577362,923.67179,3008656476
4,11622,2081,128,1.27150607,0.12325208,1038.52203,3008656476
4,11623,2082,128,1.29798746,0.122146739,1047.91991,3008656476
4,11624,2083,128,1.40466046,0.122114516,1048.19643,3008656476
4,11625,2084,128,1.1976546,0.122905109,1041.45386,3008656476
4,11626,2085,128,1.1080848,0.124061186,1031.74896,3008656476
4,11627,2086,128,1.06937647,0.124451461,1028.51344,3008656476
4,11628,2087,128,1.04659724,0.136840721,935.394078,3008656476
4,11629,2088,128,1.11054397,0.138055008,927.166655,3008656476
4,11630,2089,128,0.78677392,0.123004906,1040.6089,3008656476
4,11631,2090,128,1.26578021,0.122540472,1044.55286,3008656476
4,11632,2091,128,1.10542893,0.121541949,1053.13434,3008656476
4,11633,2092,128,1.07957888,0.122317773,1046.45463,3008656476
4,11634,2093,128,1.06057596,0.122373746,1045.97599,3008656476
4,11635,2094,128,1.43895352,0.122814252,1042.22432,3008656476
4,11636,2095,128,0.906175315,0.136409141,938.353537,3008656476
4,11637,2096,128,1.37479794,0.12297233,1040.88456,3008656476
4,11638,2097,128,1.15111351,0.126049266,1015.47596,3008656476
4,11639,2098,128,1.33726633,0.122297512,1046.628,3008656476
4,11640,2099,128,1.14664924,0.122614484,1043.92235,3008656476
4,11641,2100,128,1.28431773,0.123763777,1034.22829,3008656476
4,11642,2101,128,1.41659498,0.122637982,1043.72233,3008656476
4,11643,2102,128,1.4245615,0.122429869,1045.4965,3008656476
4,11644,2103,128,0.799233735,0.123585108,1035.7235,3008656476
4,11645,2104,128,1.18963885,0.137193512,932.988726,3008656476
4,11646,2105,128,1.09830129,0.139399417,918.224787,3008656476
4,11647,2106,128,0.917254567,0.123054876,1040.18633,3008656476
4,11648,2107,128,1.32086706,0.122752452,1042.74903,3008656476
4,11649,2108,128,1.42032218,0.122149197,1047.89882,3008656476
4,11650,2109,128,1.29824674,0.121901247,1050.03028,3008656476
4,11651,2110,128,1.42200625,0.121763505,1051.2181,3008656476
4,11652,2111,128,1.16461134,0.12222474,1047.25115,3008656476
4,11653,2112,128,1.4475491,0.134707213,950.208954,3008656476
4,11654,2113,128,1.21461856,0.138188765,926.269223,3008656476
4,11655,2114,128,0.879626155,0.121838363,1050.57222,3008656476
4,11656,2115,128,1.18026912,0.115040365,1112.65294,3008656476
4,11657,2116,128,1.02636373,0.121938992,1049.70525,3008656476
4,11658,2117,128,1.15761995,0.122509551,1044.8165,3008656476
4,11659,2118,128,1.29461193,0.122740152,1042.85352,3008656476
4,11660,2119,128,1.13539207,0.122724421,1042.9872,3008656476
4,11661,2120,128,0.993161559,0.136966197,934.537154,3008656476
4,11662,2121,128,1.05633032,0.123139481,1039.47165,3008656476
4,11663,2122,128,1.371508,0.136642341,936.752101,3008656476
4,11664,2123,128,1.00366247,0.122480072,1045.06797,3008656476
4,11665,2124,128,0.980011344,0.124070367,1031.67262,3008656476
4,11666,2125,128,0.789174616,0.124578977,1027.46068,3008656476
4,11667,2126,128,0.944641888,0.124172769,1030.82182,3008656476
4,11668,2127,128,1.3444891,0.124745712,1026.08737,3008656476
4,11669,2128,128,1.08481956,0.124368155,1029.20237,3008656476
4,11670,2129,128,1.13512218,0.141204398,906.487346,3008656476
4,11671,2130,128,1.37254548,0.138029335,927.339105,3008656476
4,11672,2131,128,1.10691118,0.124770511,1025.88343,3008656476
4,11673,2132,128,1.245157,0.126312925,1013.35631,3008656476
4,11674,2133,128,1.22199845,0.126620583,1010.8941,3008656476
4,11675,2134,128,1.43825662,0.129007768,992.188315,3008656476
4,11676,2135,128,1.22676504,0.135070168,947.655592,3008656476
4,11677,2136,128,1.14195871,0.136365682,938.652586,3008656476
4,11678,2137,128,1.11305749,0.149443852,856.508972,3008656476
4,11679,2138,128,1.26685202,0.14281172,896.284983,3008656476
4,11680,2139,128,1.21773446,0.124615898,1027.15626,3008656476
4,11681,2140,128,1.28372598,0.125296992,1021.57281,3008656476
4,11682,2141,128,1.04317153,0.125212779,1022.25988,3008656476
4,11683,2142,128,1.05787289,0.124227321,1030.36916,3008656476
4,11684,2143,128,1.19578004,0.126282968,1013.5967,3008656476
4,11685,2144,128,1.20625865,0.123398694,1037.28813,3008656476
4,11686,2145,128,1.46331787,0.138357739,925.137986,3008656476
4,11687,2146,128,1.08899415,0.136805393,935.63563,3008656476
4,11688,2147,128,1.23754776,0.123199932,1038.96161,3008656476
4,11689,2148,128,0.728020132,0.1233082,1038.04938,3008656476
4,11690,2149,128,1.03306627,0.122777793,1042.53381,3008656476
4,11691,2150,128,0.907576561,0.1223995,1045.75591,3008656476
4,11692,2151,128,1.26500249,0.122365326,1046.04796,3008656476
4,11693,2152,128,1.06351721,0.122536879,1044.58348,3008656476
4,11694,2153,128,1.04568148,0.135672699,943.446994,3008656476
4,11695,2154,128,0.997598052,0.133755471,956.970201,3008656476
4,11696,2155,128,1.39935482,0.114717604,1115.78342,3008656476
4,11697,2156,128,1.45126116,0.121443121,1053.99136,3008656476
4,11698,2157,128,1.23410213,0.122918407,1041.34119,3008656476
4,11699,2158,128,0.67189765,0.122676292,1043.39639,3008656476
4,11700,2159,128,0.885156095,0.122496219,1044.93021,3008656476
4,11701,2160,128,1.16456962,0.121908248,1049.96997,3008656476
4,11702,2161,128,1.19667006,0.121915536,1049.90721,3008656476
4,11703,2162,128,0.999655008,0.132863896,963.391891,3008656476
4,11704,2163,128,0.980837345,0.134519415,951.535509,3008656476
4,11705,2164,128,1.00804603,0.12101501,1057.72003,3008656476
4,11706,2165,128,1.28473747,0.121084984,1057.10878,3008656476
4,11707,2166,128,1.13873339,0.122405199,1045.70722,3008656476
4,11708,2167,128,1.1577903,0.122238133,1047.13641,3008656476
4,11709,2168,128,1.44995654,0.120613888,1061.23766,3008656476
4,11710,2169,128,1.16720867,0.121910801,1049.94799,3008656476
4,11711,2170,128,1.03444767,0.133974907,955.40279,3008656476
4,11712,2171,128,1.24577928,0.132221369,968.073474,3008656476
4,11713,2172,128,1.16268229,0.122331506,1046.33716,3008656476
4,11714,2173,128,1.51964986,0.122490578,1044.97833,3008656476
4,11715,2174,128,1.29828024,0.122761487,1042.67228,3008656476
4,11716,2175,128,1.16657829,0.123899185,1033.098,3008656476
4,11717,2176,128,0.643086851,0.12516597,1022.64218,3008656476
4,11718,2177,128,1.25255454,0.125204774,1022.32523,3008656476
4,11719,2178,128,1.04884303,0.134457709,951.972192,3008656476
4,11720,2179,128,1.25574303,0.12381447,1033.80485,3008656476
4,11721,2180,128,1.10003591,0.144377996,886.561689,3008656476
4,11722,2181,128,0.9697119,0.12472112,1026.28969,3008656476
4,11723,2182,128,1.01002765,0.125561623,1019.41976,3008656476
4,11724,2183,128,1.12864804,0.126450232,1012.25595,3008656476
4,11725,2184,128,1.12857926,0.124870375,1025.06299,3008656476
4,11726,2185,128,1.24088025,0.12542102,1020.56258,3008656476
4,11727,2186,128,1.28307521,0.124098993,1031.43464,3008656476
4,11728,2187,128,1.14853132,0.138997274,920.881369,3008656476
4,11729,2188,128,1.00700569,0.139797281,915.611513,3008656476
4,11730,2189,128,1.14580274,0.123538418,1036.11494,3008656476
4,11731,2190,128,1.08731508,0.126191229,1014.33357,3008656476
4,11732,2191,128,1.08024502,0.122535846,1044.59229,3008656476
4,11733,2192,128,0.984275281,0.122184258,1047.59813,3008656476
4,11734,2193,128,0.816941917,0.12210907,1048.24318,3008656476
4,11735,2194,128,1.22712207,0.122931842,1041.22738,3008656476
4,11736,2195,128,0.81027168,0.135618819,943.821816,3008656476
4,11737,2196,128,1.11516726,0.135871346,942.067653,3008656476
4,11738,2197,128,1.49503052,0.121135862,1056.66479,3008656476
4,11739,2198,128,1.37917757,0.121761495,1051.23545,3008656476
4,11740,2199,128,1.21853042,0.122761934,1042.66849,3008656476
4,11741,2200,128,1.34391117,0.121096919,1057.0046,3008656476
4,11742,2201,128,1.38017952,0.122540946,1044.54882,3008656476
4,11743,2202,128,1.09691906,0.122990224,1040.73312,3008656476
4,11744,2203,128,1.45011926,0.134165518,954.045435,3008656476
4,11745,2204,128,1.20765185,0.139356731,918.506046,3008656476
4,11746,2205,128,1.04338968,0.16968237,754.350614,3008656476
4,11747,2206,128,1.18425834,0.122031124,1048.91273,3008656476
4,11748,2207,128,1.16678905,0.122000359,1049.17724,3008656476
4,11749,2208,128,1.25548947,0.12196422,1049.48812,3008656476
4,11750,2209,128,1.57426703,0.121677366,1051.96229,3008656476
4,11751,2210,128,1.09878576,0.121777967,1051.09326,3008656476
4,11752,2211,128,0.95643121,0.129201332,990.701861,3008656476
4,11753,2212,128,1.01897323,0.118863672,1076.86392,3008656476
4,11754,2213,128,1.13951623,0.136218633,939.665868,3008656476
4,11755,2214,128,1.00376141,0.122872999,1041.72602,3008656476
4,11756,2215,128,1.17817342,0.123045764,1040.26336,3008656476
4,11757,2216,128,0.930090606,0.123446101,1036.88978,3008656476
4,11758,2217,128,1.48762202,0.123575303,1035.80567,3008656476
4,11759,2218,128,1.34625399,0.124796123,1025.67289,3008656476
4,11760,2219,128,1.2668128,0.124848123,1025.24569,3008656476
4,11761,2220,128,1.01852059,0.137277141,932.420351,3008656476
4,11762,2221,128,0.781613529,0.138853649,921.833894,3008656476
4,11763,2222,128,1.11191976,0.126398091,1012.67352,3008656476
4,11764,2223,128,1.1039772,0.132496458,966.063561,3008656476
4,11765,2224,128,1.06722498,0.135926951,941.682272,3008656476
4,11766,2225,128,1.02693808,0.136435889,938.169575,3008656476
4,11767,2226,128,1.23604989,0.136122488,940.329566,3008656476
4,11768,2227,128,1.07968295,0.136447266,938.09135,3008656476
4,11769,2228,128,1.16959178,0.140007327,914.237867,3008656476
4,11770,2229,128,1.04711902,0.140604557,910.354563,3008656476
4,11771,2230,128,1.22983539,0.126987183,1007.97574,3008656476
4,11772,2231,128,1.0125165,0.132983012,962.528958,3008656476
4,11773,2232,128,1.40339732,0.136254255,939.420204,3008656476
4,11774,2233,128,1.14397895,0.13583178,942.342065,3008656476
4,11775,2234,128,1.14011872,0.135730547,943.044899,3008656476
4,11776,2235,128,0.894650519,0.149153525,858.176164,3008656476
4,11777,2236,128,1.35348058,0.135795046,942.596978,3008656476
4,11778,2237,128,1.18443656,0.140391597,911.735479,3008656476
4,11779,2238,128,0.951495051,0.136727972,936.165425,3008656476
4,11780,2239,128,1.35280621,0.136459804,938.005158,3008656476
4,11781,2240,128,1.2617389,0.136060953,940.754839,3008656476
4,11782,2241,128,1.18869472,0.136540678,937.449571,3008656476
4,11783,2242,128,1.39190125,0.134394405,952.420601,3008656476
4,11784,2243,128,1.34728444,0.137790436,928.946912,3008656476
4,11785,2244,128,1.19058287,0.142019953,901.281808,3008656476
4,11786,2245,128,1.17894375,0.125292352,1021.61064,3008656476
4,11787,2246,128,1.03359258,0.12492863,1024.585,3008656476
4,11788,2247,128,1.01431823,0.124318468,1029.61372,3008656476
4,11789,2248,128,0.773808658,0.1241776,1030.78172,3008656476
4,11790,2249,128,0.975424945,0.123093957,1039.85608,3008656476
4,11791,2250,128,1.29139733,0.125207643,1022.30181,3008656476
4,11792,2251,128,1.05112767,0.136343978,938.802006,3008656476
4,11793,2252,128,0.984580636,0.122060206,1048.66282,3008656476
4,11794,2253,128,1.10998964,0.14038081,911.805538,3008656476
4,11795,2254,128,1.44173133,0.124421776,1028.75882,3008656476
4,11796,2255,128,1.08678377,0.124128106,1031.19273,3008656476
4,11797,2256,128,1.14001667,0.124232874,1030.3231,3008656476
4,11798,2257,128,1.15122414,0.124394536,1028.9841,3008656476
4,11799,2258,128,1.38575685,0.124273735,1029.98433,3008656476
4,11800,2259,128,1.20334578,0.124001423,1032.24622,3008656476
4,11801,2260,128,1.20519733,0.132813847,963.754931,3008656476
4,11802,2261,128,1.02042103,0.135209183,946.681262,3008656476
4,11803,2262,128,0.875446081,0.122860666,1041.83059,3008656476
4,11804,2263,128,1.12530482,0.123286764,1038.22986,3008656476
4,11805,2264,128,0.920236409,0.121952152,1049.59197,3008656476
4,11806,2265,128,1.10420763,0.122290177,1046.69077,3008656476
4,11807,2266,128,1.20872879,0.121955701,1049.56143,3008656476
4,11808,2267,128,1.04795349,0.121865781,1050.33586,3008656476
4,11809,2268,128,1.0999434,0.136837055,935.419138,3008656476
4,11810,2269,128,0.780423343,0.134735624,950.008589,3008656476
4,11811,2270,128,1.02634954,0.121385549,1054.49126,3008656476
4,11812,2271,128,1.03632534,0.121388924,1054.46194,3008656476
4,11813,2272,128,1.23557019,0.121882448,1050.19223,3008656476
4,11814,2273,128,1.03426707,0.121348274,1054.81517,3008656476
4,11815,2274,128,0.946355522,0.120916499,1058.58176,3008656476
4,11816,2275,128,1.47657073,0.120883749,1058.86855,3008656476
4,11817,2276,128,1.12213099,0.121380202,1054.53771,3008656476
4,11818,2277,128,0.935227334,0.124328237,1029.53282,3008656476
4,11819,2278,128,1.06418109,0.141530961,904.395753,3008656476
4,11820,2279,128,1.05265188,0.121180558,1056.27505,3008656476
4,11821,2280,128,0.999735892,0.121280284,1055.4065,3008656476
4,11822,2281,128,1.09200275,0.122025578,1048.96041,3008656476
4,11823,2282,128,1.32067275,0.122018127,1049.02446,3008656476
4,11824,2283,128,1.03149366,0.122067134,1048.6033,3008656476
4,11825,2284,128,0.916714787,0.122306271,1046.55304,3008656476
4,11826,2285,128,1.02628648,0.137962397,927.789041,3008656476
4,11827,2286,128,1.03747892,0.134527107,951.481102,3008656476
4,11828,2287,128,0.983566999,0.122200269,1047.46087,3008656476
4,11829,2288,128,1.01843488,0.12081047,1059.51082,3008656476
4,11830,2289,128,0.800051153,0.122019811,1049.00998,3008656476
4,11831,2290,128,1.05156267,0.122066692,1048.6071,3008656476
4,11832,2291,128,1.31247902,0.121910981,1049.94644,3008656476
4,11833,2292,128,0.962124228,0.1221446,1047.93826,3008656476
4,11834,2293,128,1.2998389,0.13574332,942.956162,3008656476
4,11835,2294,128,1.00484967,0.122189316,1047.55476,3008656476
4,11836,2295,128,1.37091434,0.138268521,925.734933,3008656476
4,11837,2296,128,1.63661242,0.12186692,1050.32604,3008656476
4,11838,2297,128,1.08986366,0.122107793,1048.25414,3008656476
4,11839,2298,128,1.02391315,0.123295887,1038.15304,3008656476
4,11840,2299,128,1.28987682,0.12196337,1049.49543,3008656476
4,11841,2300,128,1.30447018,0.122401,1045.74309,3008656476
4,11842,2301,128,1.09027255,0.121282695,1055.38552,3008656476
4,11843,2302,128,1.35965657,0.133802755,956.632022,3008656476
4,11844,2303,128,1.15210342,0.13966197,916.4986,3008656476
4,11845,2304,128,1.11450374,0.121048287,1057.42926,3008656476
4,11846,2305,128,1.16695559,0.122135899,1048.01292,3008656476
4,11847,2306,128,1.41536951,0.120803859,1059.5688,3008656476
4,11848,2307,128,1.16578138,0.122510264,1044.81042,3008656476
4,11849,2308,128,1.13547158,0.120686065,1060.60298,3008656476
4,11850,2309,128,1.20742965,0.122023847,1048.97529,3008656476
4,11851,2310,128,1.12296188,0.136403723,938.390809,3008656476
4,11852,2311,128,1.19162369,0.121554747,1053.02346,3008656476
4,11853,2312,128,1.14667749,0.132167159,968.470541,3008656476
4,11854,2313,128,1.62209046,0.120695923,1060.51635,3008656476
4,11855,2314,128,1.56425464,0.121402009,1054.34829,3008656476
4,11856,2315,128,1.33780468,0.121019344,1057.68215,3008656476
4,11857,2316,128,1.43564105,0.120793796,1059.65707,3008656476
4,11858,2317,128,1.37872016,0.119825786,1068.21749,3008656476
4,11859,2318,128,1.63011444,0.120073856,1066.01057,3008656476
4,11860,2319,128,1.36322773,0.136893151,935.035822,3008656476
4,11861,2320,128,1.49656188,0.133660094,957.653075,3008656476
4,11862,2321,128,1.52145898,0.121184839,1056.23774,3008656476
4,11863,2322,128,1.65877974,0.121044321,1057.4639,3008656476
4,11864,2323,128,1.48163521,0.121288589,1055.33423,3008656476
4,11865,2324,128,1.14909971,0.121861447,1050.37322,3008656476
4,11866,2325,128,1.61132348,0.122506646,1044.84127,3008656476
4,11867,2326,128,1.56650627,0.123307773,1038.05297,3008656476
4,11868,2327,128,1.53146338,0.137561865,930.490438,3008656476
4,11869,2328,128,1.33588564,0.123038574,1040.32415,3008656476
4,11870,2329,128,1.3424108,0.126256667,1013.80785,3008656476
4,11871,2330,128,1.20290196,0.125363002,1021.0349,3008656476
4,11872,2331,128,1.41194165,0.125566349,1019.38139,3008656476
4,11873,2332,128,1.08968675,0.128008936,999.930192,3008656476
4,11874,2333,128,1.31930709,0.131217326,975.480936,3008656476
4,11875,2334,128,1.14076197,0.128376872,997.064331,3008656476
4,11876,2335,128,1.35720336,0.141943235,901.768936,3008656476
4,11877,2336,128,1.48815572,0.131872463,970.634787,3008656476
4,11878,2337,128,1.51331723,0.141778975,902.813693,3008656476
4,11879,2338,128,1.21501398,0.127784787,1001.68418,3008656476
4,11880,2339,128,1.32453561,0.128021876,999.829123,3008656476
4,11881,2340,128,1.3848598,0.128149729,998.831609,3008656476
4,11882,2341,128,1.51252568,0.127809445,1001.49093,3008656476
4,11883,2342,128,1.4205538,0.128190413,998.514608,3008656476
4,11884,2343,128,1.35178328,0.139780874,915.718985,3008656476
4,11885,2344,128,1.42446756,0.127851976,1001.15778,3008656476
4,11886,2345,128,1.59841931,0.141800965,902.673688,3008656476
4,11887,2346,128,1.50667167,0.127670814,1002.5784,3008656476
4,11888,2347,128,1.60364258,0.131847012,970.822153,3008656476
4,11889,2348,128,1.4618032,0.127517975,1003.78006,3008656476
4,11890,2349,128,1.31604338,0.127793599,1001.61511,3008656476
4,11891,2350,128,1.43775415,0.127350222,1005.10229,3008656476
4,11892,2351,128,1.3984915,0.141262605,906.11383,3008656476
4,11893,2352,128,1.36293614,0.13182013,971.020132,3008656476
4,11894,2353,128,1.29392433,0.140748359,909.424457,3008656476
4,11895,2354,128,1.5426873,0.127354763,1005.06645,3008656476
4,11896,2355,128,1.29224467,0.12904195,991.925494,3008656476
4,11897,2356,128,1.42621815,0.130017639,984.481806,3008656476
4,11898,2357,128,1.14351189,0.131819349,971.025885,3008656476
4,11899,2358,128,1.27079058,0.12789103,1000.85205,3008656476
4,11900,2359,128,1.39791822,0.141497226,904.611374,3008656476
4,11901,2360,128,1.54758334,0.131359254,974.426971,3008656476
4,11902,2361,128,1.13656414,0.13799115,927.595719,3008656476
4,11903,2362,128,1.05647194,0.124419767,1028.77544,3008656476
4,11904,2363,128,1.22631693,0.124594838,1027.32988,3008656476
4,11905,2364,128,0.871002018,0.125242581,1022.01663,3008656476
4,11906,2365,128,1.02017164,0.123833702,1033.6443,3008656476
4,11907,2366,128,1.00254369,0.124325905,1029.55213,3008656476
4,11908,2367,128,1.04498613,0.124297356,1029.7886,3008656476
4,11909,2368,128,0.950977087,0.132560666,965.595632,3008656476
4,11910,2369,128,1.37285697,0.138298877,925.531738,3008656476
4,11911,2370,128,1.03251994,0.123946702,1032.70194,3008656476
4,11912,2371,128,1.16445339,0.124359543,1029.27364,3008656476
4,11913,2372,128,1.46079111,0.124357822,1029.28789,3008656476
4,11914,2373,128,1.53045535,0.123882484,1033.23727,3008656476
4,11915,2374,128,1.40681338,0.125049205,1023.59707,3008656476
4,11916,2375,128,0.957781076,0.124505488,1028.06713,3008656476
4,11917,2376,128,1.12784386,0.136564461,937.286312,3008656476
4,11918,2377,128,1.34914184,0.136788952,935.748086,3008656476
4,11919,2378,128,1.1559602,0.121681926,1051.92286,3008656476
4,11920,2379,128,0.999210536,0.122640447,1043.70135,3008656476
4,11921,2380,128,1.12453318,0.123721431,1034.58228,3008656476
4,11922,2381,128,1.03926468,0.121783341,1051.04688,3008656476
4,11923,2382,128,1.17845714,0.121574386,1052.85335,3008656476
4,11924,2383,128,1.52429771,0.121680796,1051.93263,3008656476
4,11925,2384,64,0.395376921,0.131005754,488.52816,3008656476
